molecule_chembl_id,molwt,LogP,TPSA,HBD,HBA,RotB
CHEMBL488,232.28299999999996,1.3532,72.19,2,3,2
CHEMBL39661,330.47200000000004,4.238900000000004,50.27,0,3,9
CHEMBL38439,316.445,3.8488000000000033,50.27,0,3,8
CHEMBL41066,288.391,3.1165000000000003,59.06,1,3,7
CHEMBL38510,204.22899999999998,0.7758999999999998,59.06,1,3,1
CHEMBL38550,344.499,4.629000000000005,50.27,0,3,10
CHEMBL39781,246.31,1.8983,50.27,0,3,3
CHEMBL39782,232.28299999999993,1.5082,50.27,0,3,2
CHEMBL39275,274.36400000000003,2.6785000000000014,50.27,0,3,5
CHEMBL289116,218.25599999999994,1.166,59.06,1,3,2
CHEMBL37321,302.418,3.458700000000002,50.27,0,3,7
CHEMBL39513,288.391,3.0686000000000018,50.27,0,3,6
CHEMBL38877,260.337,2.2884,50.27,0,3,4
CHEMBL39152,274.36400000000003,2.7264,59.06,1,3,6
CHEMBL288712,260.337,2.3362999999999996,59.06,1,3,5
CHEMBL41761,319.38300000000004,4.634500000000003,22.75,0,3,4
CHEMBL275594,232.28299999999996,1.5560999999999998,59.06,1,3,3
CHEMBL304903,221.30300000000003,3.525000000000002,12.89,0,1,1
CHEMBL90585,235.28599999999997,3.294100000000002,29.96,0,2,1
CHEMBL112021,321.81100000000004,4.587800000000002,22.75,0,3,4
CHEMBL112074,301.39300000000003,4.495400000000003,22.75,0,3,4
CHEMBL324070,427.5290000000001,5.020920000000004,56.89,0,5,5
CHEMBL431859,412.30600000000004,5.705420000000004,22.75,0,3,4
CHEMBL113637,319.38300000000004,4.634500000000003,22.75,0,3,4
CHEMBL324326,312.37600000000003,3.8060800000000024,46.54,0,4,4
CHEMBL111868,384.25200000000007,4.914100000000003,22.75,0,3,3
CHEMBL111888,398.27900000000005,5.397000000000003,22.75,0,3,4
CHEMBL341591,329.5280000000001,4.288200000000003,42.17,2,2,2
CHEMBL352645,210.28000000000003,2.8531000000000004,28.68,1,1,1
CHEMBL169251,224.26299999999998,2.622200000000001,45.75,1,2,1
CHEMBL415753,224.26299999999998,2.622200000000001,45.75,1,2,1
CHEMBL440930,221.30300000000003,3.525000000000002,12.89,0,1,1
CHEMBL168434,224.26299999999998,2.622200000000001,45.75,1,2,1
CHEMBL168636,235.28599999999997,3.294100000000002,29.96,0,2,1
CHEMBL413344,236.27399999999997,2.6891000000000007,42.85,0,3,1
CHEMBL353068,210.28000000000003,2.8531000000000004,28.68,1,1,1
CHEMBL168444,254.28900000000002,1.9552999999999998,63.08,1,4,2
CHEMBL424556,236.274,2.6891000000000016,42.85,0,3,1
CHEMBL1629804,272.432,4.908400000000005,17.07,0,1,0
CHEMBL1629805,288.43100000000004,3.8808000000000025,37.3,1,2,1
CHEMBL1629806,288.43100000000004,3.8792000000000035,37.3,1,2,0
CHEMBL1630261,288.43100000000004,3.8792000000000035,37.3,1,2,0
CHEMBL1630267,304.43000000000006,2.8516000000000012,57.53,2,3,1
CHEMBL1630273,304.43000000000006,2.8516000000000012,57.53,2,3,1
CHEMBL1630274,304.43000000000006,2.8516000000000012,57.53,2,3,1
CHEMBL1630275,318.4570000000001,3.5057000000000027,46.53,1,3,2
CHEMBL2112738,346.46700000000016,3.4224000000000023,63.6,1,4,2
CHEMBL2112739,330.46800000000013,4.450000000000005,43.370000000000005,0,3,1
CHEMBL3349856,288.43100000000004,3.8792000000000035,37.3,1,2,0
CHEMBL3349864,288.43100000000004,3.8792000000000035,37.3,1,2,0
CHEMBL10137,343.38200000000006,4.490200000000003,48.42,0,4,3
CHEMBL274318,224.259,3.3931000000000022,26.3,0,2,1
CHEMBL10072,313.35600000000005,4.481600000000003,39.19,0,3,2
CHEMBL267508,343.38200000000006,4.490200000000003,48.42,0,4,3
CHEMBL10026,313.35600000000005,4.481600000000003,39.19,0,3,2
CHEMBL9687,254.285,3.4017000000000017,35.53,0,3,2
CHEMBL27879,356.5100000000001,4.4261000000000035,63.4,1,3,10
CHEMBL27591,286.37500000000006,2.475600000000001,63.4,1,3,5
CHEMBL27386,202.21300000000002,0.18289999999999967,72.19,2,3,1
CHEMBL27698,258.32099999999997,1.6954,63.4,1,3,3
CHEMBL26651,272.348,2.0854999999999997,63.4,1,3,5
CHEMBL281947,298.38599999999997,2.475600000000001,63.400000000000006,1,3,3
CHEMBL27546,312.413,2.8657000000000012,63.400000000000006,1,3,3
CHEMBL27767,202.21300000000002,0.18289999999999967,72.19,2,3,1
CHEMBL286506,272.348,1.9414,63.4,1,3,3
CHEMBL28173,314.4290000000001,3.2558000000000007,63.4,1,3,7
CHEMBL28290,336.3910000000001,2.4942,72.63,1,4,4
CHEMBL27467,298.38599999999997,2.618100000000001,63.400000000000006,1,3,2
CHEMBL26543,216.24,0.5729999999999997,72.19,2,3,1
CHEMBL287574,202.21300000000002,0.18289999999999967,72.19,2,3,1
CHEMBL31760,195.225,2.2737799999999995,41.61,0,3,2
CHEMBL29482,284.322,3.2641600000000013,65.4,0,4,3
CHEMBL289766,316.44500000000005,3.896700000000002,59.06,1,3,9
CHEMBL39840,358.526,5.019100000000004,50.27,0,3,11
CHEMBL38472,302.41800000000006,3.5066000000000015,59.06,1,3,8
CHEMBL40125,246.30999999999997,1.9462,59.06,1,3,4
CHEMBL311077,374.5210000000002,4.814200000000005,52.6,0,4,3
CHEMBL83835,308.4120000000001,5.153600000000004,17.07,0,1,1
CHEMBL81255,332.48400000000004,4.243400000000004,46.53,1,3,2
CHEMBL309656,330.46800000000013,4.451600000000004,43.370000000000005,0,3,2
CHEMBL443530,332.4840000000001,4.243400000000004,46.53,1,3,2
CHEMBL113121,324.46400000000006,4.336800000000004,34.14,0,2,1
CHEMBL113082,324.46400000000006,4.336800000000004,34.14,0,2,1
CHEMBL109211,310.437,3.9467000000000034,34.14,0,2,1
CHEMBL113739,310.437,3.9467000000000034,34.14,0,2,1
CHEMBL353571,390.6140000000002,5.431400000000005,34.14,0,4,5
CHEMBL424162,368.5420000000002,4.744100000000005,34.14,0,3,4
CHEMBL164993,360.5190000000002,4.347200000000004,51.21,0,4,2
CHEMBL349704,344.52000000000015,4.740700000000005,34.14,0,3,3
CHEMBL350713,354.5150000000002,4.701600000000004,34.14,0,3,3
CHEMBL349963,406.5910000000001,6.170000000000006,34.14,0,3,4
CHEMBL165218,358.5470000000002,5.130800000000005,34.14,0,3,4
CHEMBL165925,328.4520000000001,4.024100000000003,43.370000000000005,0,3,3
CHEMBL169086,241.31499999999997,3.3556000000000017,29.96,0,3,1
CHEMBL1630266,304.43000000000006,2.8516000000000012,57.53,2,3,1
CHEMBL1630911,288.431,3.8808000000000025,37.3,1,2,1
CHEMBL2105261,310.437,4.090800000000003,34.14,0,2,1
CHEMBL2111917,330.46800000000013,4.450000000000005,43.370000000000005,0,3,1
CHEMBL2112309,310.42800000000005,4.945400000000006,20.23,1,1,1
CHEMBL2311169,272.432,4.908400000000005,17.07,0,1,0
CHEMBL31456,351.207,4.143880000000003,53.97,0,4,2
CHEMBL31224,221.263,2.59018,41.61,0,3,1
CHEMBL287677,223.279,2.680480000000001,41.61,0,3,1
CHEMBL285809,324.38699999999994,3.754660000000002,65.4,0,4,2
CHEMBL31215,223.279,2.680480000000001,41.61,0,3,1
CHEMBL305205,286.459,5.154400000000005,17.07,0,1,0
CHEMBL305630,342.5670000000001,6.714800000000007,17.07,0,1,4
CHEMBL70317,314.5130000000001,5.934600000000007,17.07,0,1,2
CHEMBL74339,302.50200000000007,5.336300000000006,20.23,1,1,1
CHEMBL308537,302.458,4.533300000000004,26.3,0,2,1
CHEMBL310735,286.459,5.154400000000005,17.07,0,1,0
CHEMBL70436,300.48600000000005,5.5445000000000055,17.07,0,1,1
CHEMBL304305,314.5130000000001,5.934600000000007,17.07,0,1,2
CHEMBL70959,288.475,4.9462000000000055,20.23,1,1,0
CHEMBL304770,330.46800000000013,4.450000000000005,43.370000000000005,0,3,1
CHEMBL73993,288.431,3.8792000000000035,37.3,1,2,0
CHEMBL72228,330.46800000000013,4.450000000000005,43.370000000000005,0,3,1
CHEMBL307690,300.48600000000005,5.5445000000000055,17.07,0,1,1
CHEMBL307581,302.458,4.533300000000004,26.3,0,2,1
CHEMBL72415,342.5670000000001,6.714800000000007,17.07,0,1,4
CHEMBL307643,288.431,3.8792000000000035,37.3,1,2,0
CHEMBL69891,316.5290000000001,5.726400000000006,20.23,1,1,2
CHEMBL73367,288.475,4.9462000000000055,20.23,1,1,0
CHEMBL306022,302.50200000000007,5.336300000000006,20.23,1,1,1
CHEMBL73279,274.448,4.700200000000005,20.23,1,1,0
CHEMBL73071,316.5290000000001,5.726400000000006,20.23,1,1,2
CHEMBL439950,274.44800000000004,4.700200000000005,20.23,1,1,0
CHEMBL83422,351.32800000000003,5.281800000000005,17.07,0,1,0
CHEMBL440691,290.447,3.6726000000000023,40.46,2,2,1
CHEMBL82981,312.4530000000001,3.8826000000000036,37.3,1,2,1
CHEMBL81134,351.32800000000003,5.281800000000005,17.07,0,1,0
CHEMBL91992,251.28499999999997,2.9997000000000016,50.19,1,3,1
CHEMBL93666,267.32800000000003,3.078000000000002,39.19,0,3,3
CHEMBL93828,253.30099999999996,2.7750000000000004,50.19,1,3,2
CHEMBL92065,237.302,3.0694000000000017,29.96,0,2,2
CHEMBL92488,251.28499999999997,2.9997000000000016,50.19,1,3,1
CHEMBL313774,251.28499999999997,2.9997000000000016,50.19,1,3,1
CHEMBL419131,265.312,3.3027000000000015,39.19,0,3,2
CHEMBL328217,265.312,3.3027000000000015,39.19,0,3,2
CHEMBL91101,265.312,3.3027000000000015,39.19,0,3,2
CHEMBL91818,253.30099999999996,2.7750000000000004,50.19,1,3,2
CHEMBL90077,253.30099999999996,2.7750000000000004,50.19,1,3,2
CHEMBL90427,267.328,3.078000000000001,39.19,0,3,3
CHEMBL88233,267.328,3.078000000000001,39.19,0,3,3
CHEMBL132530,302.41400000000004,3.973100000000003,54.37,1,3,0
CHEMBL165342,316.46600000000007,4.103000000000003,34.14,0,3,1
CHEMBL351526,370.55800000000016,5.296900000000005,34.14,0,3,5
CHEMBL165106,362.5100000000001,5.037900000000005,34.14,0,3,4
CHEMBL164543,356.5310000000002,5.254400000000005,34.14,0,3,4
CHEMBL350074,346.5360000000001,4.820600000000004,34.14,0,3,3
CHEMBL39403,321.399,4.042300000000003,21.060000000000002,0,3,4
CHEMBL287967,335.838,5.148800000000004,22.75,0,3,4
CHEMBL41429,322.387,3.4373000000000022,33.95,0,4,4
CHEMBL416616,319.38300000000004,4.6345000000000045,22.75,0,3,4
CHEMBL39423,398.27900000000005,5.397000000000004,22.75,0,3,4
CHEMBL285193,380.28900000000004,5.257900000000005,22.75,0,3,4
CHEMBL289945,335.838,5.148800000000004,22.75,0,3,4
CHEMBL288695,337.85400000000004,4.556600000000004,21.060000000000002,0,3,4
CHEMBL288804,355.84400000000005,4.695700000000003,21.060000000000002,0,3,4
CHEMBL287950,400.2950000000001,4.804800000000005,21.060000000000002,0,3,4
CHEMBL291646,311.772,3.5246000000000004,39.94,0,4,3
CHEMBL65549,347.20500000000004,3.5730000000000004,52.83,0,5,3
CHEMBL294360,296.305,2.4052999999999995,52.83,0,5,3
CHEMBL294357,312.76,2.9196,52.83,0,5,3
CHEMBL65328,291.35400000000004,3.179620000000001,39.94,0,4,3
CHEMBL294361,251.32899999999998,3.5336000000000016,22.12,0,2,2
CHEMBL419619,330.22499999999997,4.296100000000004,22.12,0,2,2
CHEMBL65590,237.30200000000005,3.2306000000000017,33.120000000000005,1,2,1
CHEMBL63336,330.22499999999997,4.296100000000004,22.12,0,2,2
CHEMBL66867,265.35599999999994,3.7077000000000018,22.12,0,2,2
CHEMBL63297,295.317,3.010300000000001,39.94,0,4,3
CHEMBL304788,346.217,4.178000000000002,39.94,0,4,3
CHEMBL66673,251.329,3.5336000000000016,22.12,0,2,2
CHEMBL304583,237.302,3.2306000000000017,33.120000000000005,1,2,1
CHEMBL304222,237.30200000000005,3.2306000000000017,33.120000000000005,1,2,1
CHEMBL67842,251.329,3.5336000000000016,22.12,0,2,2
CHEMBL99057,338.3940000000001,4.218300000000003,54.37,1,3,1
CHEMBL317581,380.7020000000001,6.406400000000003,14.16,0,2,6
CHEMBL108646,388.384,1.3410800000000003,127.13,1,8,6
CHEMBL108425,354.211,3.3821800000000017,57.74,0,5,4
CHEMBL108483,449.29,1.96448,127.13,1,8,6
CHEMBL322322,404.839,1.85538,127.13,1,8,6
CHEMBL430879,370.394,1.20198,127.13,1,8,6
CHEMBL325346,370.39400000000006,1.20198,127.13,1,8,6
CHEMBL132072,273.376,3.238000000000002,39.19,0,3,3
CHEMBL133724,287.403,3.799000000000003,39.19,0,3,3
CHEMBL336102,301.42999999999995,4.189100000000003,39.19,0,3,4
CHEMBL134442,341.495,4.798400000000004,39.19,0,3,3
CHEMBL135037,271.35999999999996,3.1361000000000017,39.19,0,3,3
CHEMBL134509,285.38699999999994,3.6971000000000025,39.19,0,3,3
CHEMBL337251,301.43000000000006,3.973100000000003,39.19,0,3,3
CHEMBL131984,273.376,3.238000000000002,39.19,0,3,3
CHEMBL132380,329.484,4.753300000000005,39.19,0,3,5
CHEMBL135070,301.43000000000006,3.973100000000003,39.19,0,3,3
CHEMBL444068,369.54900000000004,5.533500000000005,39.19,0,3,3
CHEMBL134169,299.41399999999993,3.8712000000000035,39.19,0,3,3
CHEMBL132066,287.403,3.799000000000003,39.19,0,3,3
CHEMBL135095,341.495,4.798400000000004,39.19,0,3,3
CHEMBL3084923,313.4409999999999,4.117200000000004,39.19,0,3,3
CHEMBL3084924,285.38700000000006,3.382100000000002,39.19,0,3,3
CHEMBL268918,382.58800000000014,6.450000000000007,34.14,0,2,6
CHEMBL8333,326.48,4.889600000000005,34.14,0,2,2
CHEMBL266532,368.56100000000004,6.059900000000007,34.14,0,2,5
CHEMBL266350,368.56100000000004,6.059900000000007,34.14,0,2,5
CHEMBL440832,354.53400000000005,5.669800000000006,34.14,0,2,4
CHEMBL8313,312.45300000000003,4.499500000000005,34.14,0,2,1
CHEMBL8417,340.507,5.279700000000005,34.14,0,2,3
CHEMBL8315,298.42600000000004,4.1094000000000035,34.14,0,2,0
CHEMBL8254,326.48,4.889600000000005,34.14,0,2,2
CHEMBL268209,382.58800000000014,6.450000000000007,34.14,0,2,6
CHEMBL267668,354.53400000000005,5.669800000000006,34.14,0,2,4
CHEMBL274878,298.42600000000004,4.1094000000000035,34.14,0,2,0
CHEMBL8498,312.45300000000003,4.499500000000005,34.14,0,2,1
CHEMBL8646,340.507,5.279700000000005,34.14,0,2,3
CHEMBL23484,223.275,2.6793000000000013,29.96,0,2,2
CHEMBL23485,225.291,2.744700000000001,33.120000000000005,1,2,2
CHEMBL23394,239.31799999999998,3.134800000000001,33.120000000000005,1,2,2
CHEMBL279940,239.318,3.134800000000001,33.120000000000005,1,2,2
CHEMBL23364,239.318,3.134800000000001,33.120000000000005,1,2,2
CHEMBL23148,253.34499999999997,3.437800000000002,22.12,0,2,3
CHEMBL24014,225.291,2.744700000000001,33.120000000000005,1,2,2
CHEMBL23646,239.31799999999998,3.0477000000000016,22.12,0,2,3
CHEMBL283782,253.301,2.687900000000001,39.19,0,3,3
CHEMBL285155,251.285,2.912600000000001,39.19,0,3,2
CHEMBL442262,251.285,2.912600000000001,39.19,0,3,2
CHEMBL23334,251.285,2.912600000000001,39.19,0,3,2
CHEMBL24233,223.319,3.4292000000000016,12.89,0,1,2
CHEMBL288093,251.285,2.912600000000001,39.19,0,3,2
CHEMBL24115,239.31799999999998,3.0477000000000016,22.12,0,2,3
CHEMBL26279,253.301,2.687900000000001,39.19,0,3,3
CHEMBL285973,221.259,2.904000000000001,29.96,0,2,1
CHEMBL432751,347.502,5.606800000000006,29.96,0,2,1
CHEMBL132563,312.41300000000007,3.2116000000000016,62.82,1,3,0
CHEMBL130546,402.5380000000003,4.733300000000004,51.96,0,4,2
CHEMBL133240,402.5380000000003,4.733300000000004,51.96,0,4,2
CHEMBL422610,428.5760000000003,5.398400000000005,51.96,0,4,3
CHEMBL131414,428.57600000000036,5.398400000000005,51.96,0,4,3
CHEMBL336383,447.53500000000037,4.641500000000004,95.1,0,6,3
CHEMBL129883,447.5350000000003,4.641500000000004,95.1,0,6,3
CHEMBL369603,292.338,2.0955000000000004,63.400000000000006,1,3,3
CHEMBL172263,244.29399999999998,1.3036999999999999,63.4,1,3,2
CHEMBL174407,244.29399999999998,1.3053,63.4,1,3,3
CHEMBL174308,258.32099999999997,1.5513,63.4,1,3,3
CHEMBL368732,216.23999999999998,0.5251,63.4,1,3,1
CHEMBL176539,240.26199999999997,0.5285000000000001,63.4,1,3,2
CHEMBL176452,242.278,1.0813,63.4,1,3,3
CHEMBL368631,272.348,1.9414,63.4,1,3,2
CHEMBL354401,230.267,0.9152000000000001,63.4,1,3,2
CHEMBL174909,258.32099999999997,1.6954,63.4,1,3,4
CHEMBL1078534,284.399,3.863400000000003,34.14,0,2,0
CHEMBL9298,223.279,2.680480000000001,41.61,0,3,1
CHEMBL23150,221.259,2.904000000000001,29.96,0,2,1
CHEMBL23365,253.34499999999997,3.437800000000002,22.12,0,2,3
CHEMBL23097,253.34499999999997,3.437800000000002,22.12,0,2,3
CHEMBL22485,239.27399999999997,2.3849,50.19,1,3,2
CHEMBL284934,237.25799999999998,2.6096000000000004,50.19,1,3,1
CHEMBL24593,209.292,3.0391000000000012,12.89,0,1,2
CHEMBL24279,239.27399999999997,2.3849,50.19,1,3,2
CHEMBL40432,366.9540000000002,5.344600000000005,34.14,0,3,2
CHEMBL442542,364.93800000000016,5.264700000000005,34.14,0,3,2
CHEMBL291279,362.53500000000014,4.752200000000005,43.370000000000005,0,4,3
CHEMBL41033,316.46600000000007,4.265000000000003,34.14,1,3,0
CHEMBL288242,318.4820000000001,4.3449000000000035,34.14,1,3,0
CHEMBL290309,346.4670000000001,4.035600000000003,52.6,0,4,3
CHEMBL41517,350.4990000000001,5.075300000000005,34.14,0,3,2
CHEMBL292899,227.31099999999995,2.7883000000000013,30.71,0,3,3
CHEMBL54803,223.27900000000002,2.6740000000000013,30.71,0,3,3
CHEMBL293122,225.29499999999996,2.6980000000000013,30.71,0,3,3
CHEMBL55083,214.26799999999997,2.8960000000000017,30.96,0,3,2
CHEMBL291700,232.35200000000003,3.4548000000000023,17.82,0,3,3
CHEMBL301106,241.33799999999997,3.1784000000000017,30.71,0,3,4
CHEMBL299066,195.22500000000002,2.4205000000000005,30.71,0,3,1
CHEMBL53290,239.322,3.0881000000000016,30.71,0,3,4
CHEMBL53644,226.323,3.3933000000000018,17.82,0,2,3
CHEMBL301608,199.25700000000003,2.2038,30.71,0,3,1
CHEMBL57513,230.33599999999998,3.3645000000000023,17.82,0,3,2
CHEMBL56059,214.26799999999997,2.8960000000000017,30.96,0,3,2
CHEMBL55144,216.28400000000002,2.9863000000000017,30.96,0,3,3
CHEMBL298720,209.252,2.4796000000000005,30.71,0,3,2
CHEMBL307160,321.292,3.0992000000000015,91.17,0,6,3
CHEMBL442373,301.30500000000006,3.062680000000001,71.82,0,5,2
CHEMBL78322,355.1910000000001,3.9535000000000027,48.03,0,4,2
CHEMBL421149,301.3050000000001,3.062680000000001,71.82,0,5,2
CHEMBL355905,331.422,2.3684700000000003,75.29,1,6,3
CHEMBL158635,332.35900000000004,3.7134000000000027,57.260000000000005,0,5,4
CHEMBL161530,305.13100000000003,2.800300000000001,48.03,0,4,2
CHEMBL350922,276.295,3.1910000000000007,48.03,0,4,2
CHEMBL351167,271.2320000000001,1.9459999999999997,91.17,0,6,3
CHEMBL161230,251.245,1.9094799999999998,71.82,0,5,2
CHEMBL159073,321.2920000000001,3.0992000000000015,91.17,0,6,3
CHEMBL163420,189.26200000000003,2.4543800000000005,41.61,0,3,3
CHEMBL349822,183.21400000000003,1.80308,41.61,0,3,2
CHEMBL162496,197.241,2.1114999999999995,41.61,0,3,2
CHEMBL468419,259.73999999999995,3.1022800000000013,41.61,0,3,1
CHEMBL460382,228.32000000000002,3.3405000000000022,17.82,0,3,3
CHEMBL1203757,248.75700000000006,3.539020000000002,17.82,0,2,1
CHEMBL1203760,306.79299999999995,3.4073000000000024,44.12,0,4,3
CHEMBL1203766,313.6259999999999,3.9931000000000023,17.82,0,2,1
CHEMBL2113524,368.4890000000002,5.370900000000004,34.14,0,3,2
CHEMBL2113619,357.5190000000002,4.671880000000004,57.93,0,4,2
CHEMBL9165,334.8060000000001,4.600200000000004,34.89,0,3,2
CHEMBL9179,297.357,4.493400000000003,29.96,0,2,2
CHEMBL288190,300.398,3.893200000000003,54.37,1,3,0
CHEMBL39248,332.50900000000007,4.778100000000004,34.14,0,3,1
CHEMBL39434,378.6030000000002,5.468800000000005,34.14,0,4,3
CHEMBL53068,211.26799999999997,2.3079,30.71,0,3,2
CHEMBL300109,213.28399999999996,2.3982,30.71,0,3,2
CHEMBL55558,230.33599999999998,3.3645000000000023,17.82,0,3,2
CHEMBL52509,199.25699999999995,2.2038,30.71,0,3,1
CHEMBL305483,272.34799999999996,2.1334,72.19,2,3,2
CHEMBL309113,272.388,3.697300000000003,34.14,0,2,0
CHEMBL70901,286.37499999999994,2.5235000000000003,72.19,2,3,2
CHEMBL330452,218.25599999999994,1.166,59.06,1,3,2
CHEMBL88412,302.41800000000006,3.5066000000000015,59.06,1,3,8
CHEMBL97542,240.25799999999998,3.098700000000002,46.53,1,3,1
CHEMBL95109,306.365,4.004900000000003,36.28,0,4,3
CHEMBL95919,292.338,3.701900000000002,47.28,1,4,2
CHEMBL317935,336.4350000000002,3.413800000000002,41.57000000000001,1,3,5
CHEMBL113647,271.36,3.3412000000000024,39.19,0,3,3
CHEMBL431843,299.41399999999993,4.076300000000003,39.19,0,3,3
CHEMBL113242,271.36,3.3412000000000024,39.19,0,3,3
CHEMBL114447,270.376,2.914200000000001,41.99,1,2,3
CHEMBL110524,285.38699999999994,3.902200000000003,39.19,0,3,3
CHEMBL109347,270.376,2.914200000000001,41.99,1,2,3
CHEMBL325461,285.38699999999994,3.902200000000003,39.19,0,3,3
CHEMBL112509,285.38699999999994,3.902200000000003,39.19,0,3,3
CHEMBL112292,285.38699999999994,3.902200000000003,39.19,0,3,3
CHEMBL112908,299.41399999999993,4.076300000000003,39.19,0,3,3
CHEMBL124118,232.28299999999996,1.412,59.06,1,3,2
CHEMBL333185,274.36400000000003,2.5823,59.06,1,3,5
CHEMBL124230,232.28299999999996,1.412,59.06,1,3,2
CHEMBL331522,330.47200000000004,4.142700000000002,59.06,1,3,9
CHEMBL123494,344.4990000000001,4.5328000000000035,59.06,1,3,10
CHEMBL338746,414.634,6.483300000000007,59.06,1,3,15
CHEMBL357775,204.22899999999998,0.7411,63.4,1,3,1
CHEMBL149238,204.22899999999998,0.573,72.19,2,3,1
CHEMBL148903,190.202,0.39889999999999964,72.19,2,3,1
CHEMBL151212,218.25599999999997,0.9630999999999998,72.19,2,3,2
CHEMBL151691,218.256,0.9152000000000001,63.4,1,3,1
CHEMBL157101,531.4399999999999,4.205800000000003,69.06,0,7,7
CHEMBL157925,227.223,1.4327999999999999,60.92,0,5,2
CHEMBL158984,226.235,2.0378,48.03,0,4,2
CHEMBL421829,355.19100000000003,3.953500000000002,48.03,0,4,2
CHEMBL348913,228.29500000000002,2.301100000000001,38.050000000000004,1,3,2
CHEMBL162834,237.30599999999998,3.0705800000000014,41.61,0,3,1
CHEMBL1096024,268.316,1.9947,64.35,2,4,3
CHEMBL1203762,245.71299999999997,2.71218,41.61,0,3,1
CHEMBL1394757,232.28299999999996,1.3532,72.19,2,3,2
CHEMBL2051951,232.28299999999996,1.3532,72.19,2,3,2
CHEMBL2111801,330.47200000000004,4.142700000000002,59.06,1,3,9
CHEMBL274826,286.415,4.087400000000003,34.14,0,2,0
CHEMBL24946,342.5230000000001,5.503700000000006,34.14,0,2,3
CHEMBL25695,328.4960000000001,5.113600000000005,34.14,0,2,2
CHEMBL24410,312.45300000000003,4.499500000000005,34.14,0,2,1
CHEMBL24897,376.54000000000025,5.556200000000006,34.14,0,2,2
CHEMBL24580,362.5130000000002,5.481100000000005,34.14,0,2,1
CHEMBL281871,362.5130000000002,5.481100000000005,34.14,0,2,1
CHEMBL25588,300.442,4.333400000000004,34.14,0,2,0
CHEMBL24021,314.46900000000005,4.723500000000005,34.14,0,2,1
CHEMBL25700,310.437,3.9467000000000034,34.14,0,2,0
CHEMBL25059,314.46900000000005,4.723500000000005,34.14,0,2,1
CHEMBL24037,342.5230000000001,5.503700000000006,34.14,0,2,3
CHEMBL282673,328.4960000000001,5.113600000000005,34.14,0,2,2
CHEMBL71612,270.37199999999996,3.473300000000002,34.14,0,2,0
CHEMBL302530,300.3980000000001,2.8358000000000008,54.37,1,3,1
CHEMBL71169,300.398,3.2664000000000017,51.21,0,3,1
CHEMBL71117,272.43199999999996,4.476200000000005,20.23,1,1,0
CHEMBL71152,270.41599999999994,4.684400000000004,17.07,0,1,0
CHEMBL71736,286.415,4.087400000000003,34.14,0,2,1
CHEMBL262723,284.399,3.863400000000003,34.14,0,2,0
CHEMBL302249,288.43100000000004,3.8792000000000026,37.3,1,2,0
CHEMBL302741,302.41400000000004,3.059800000000002,54.37,1,3,1
CHEMBL308829,290.44699999999995,3.6726000000000023,40.46,2,2,1
CHEMBL311400,286.41499999999996,3.655200000000003,37.3,1,2,0
CHEMBL71363,351.328,5.281800000000005,17.07,0,1,0
CHEMBL313485,288.391,3.1165000000000003,59.06,1,3,7
CHEMBL91363,316.44500000000005,3.896700000000002,59.06,1,3,9
CHEMBL89102,260.337,2.3362999999999996,59.06,1,3,5
CHEMBL314351,260.337,2.2884,50.27,0,3,4
CHEMBL88421,344.499,4.629000000000005,50.27,0,3,10
CHEMBL89046,204.22899999999998,0.7758999999999998,59.06,1,3,1
CHEMBL312960,288.391,3.0686000000000018,50.27,0,3,6
CHEMBL441404,274.36400000000003,2.7264,59.06,1,3,6
CHEMBL314991,232.28299999999993,1.5082,50.27,0,3,2
CHEMBL314125,316.445,3.8488000000000033,50.27,0,3,8
CHEMBL321729,233.31099999999998,2.7460000000000013,39.19,0,3,3
CHEMBL103040,229.27899999999994,2.4811000000000005,39.19,0,3,3
CHEMBL102536,273.37600000000003,3.382100000000002,39.19,0,3,3
CHEMBL323546,213.236,2.2297000000000002,39.19,0,3,3
CHEMBL104047,271.35999999999996,3.1361000000000017,39.19,0,3,3
CHEMBL102981,233.311,3.0610000000000017,39.19,0,3,3
CHEMBL104126,221.29999999999998,2.6019000000000005,39.19,0,3,5
CHEMBL102884,275.39200000000005,3.7722000000000033,39.19,0,3,3
CHEMBL103685,247.33799999999997,3.235100000000002,39.19,0,3,3
CHEMBL102409,219.2839999999999,2.500000000000001,39.19,0,3,3
CHEMBL105298,275.392,3.6281000000000025,39.19,0,3,4
CHEMBL104566,219.284,2.3559,39.19,0,3,3
CHEMBL105044,233.31099999999992,2.8901000000000012,39.19,0,3,3
CHEMBL336387,394.5800000000003,6.207400000000006,34.14,0,3,2
CHEMBL334391,378.5120000000003,5.494100000000005,43.370000000000005,0,3,2
CHEMBL24387,328.4960000000001,4.969500000000005,34.14,0,2,1
CHEMBL25473,328.4960000000001,4.969500000000005,34.14,0,2,1
CHEMBL25523,376.54000000000025,5.556200000000006,34.14,0,2,2
CHEMBL284238,300.442,4.333400000000004,34.14,0,2,0
CHEMBL25735,274.364,2.5235000000000003,72.19,2,3,5
CHEMBL29863,260.33699999999993,2.1334,72.19,2,3,4
CHEMBL29864,246.30999999999997,1.7432999999999998,72.19,2,3,3
CHEMBL287647,274.364,2.3794000000000004,72.19,2,3,4
CHEMBL29338,302.418,3.303700000000001,72.19,2,3,7
CHEMBL29339,288.39099999999996,2.9136000000000006,72.19,2,3,6
CHEMBL29521,274.364,2.3794000000000004,72.19,2,3,4
CHEMBL29230,274.364,2.3794000000000004,72.19,2,3,4
CHEMBL282573,246.30999999999997,1.5992,72.19,2,3,2
CHEMBL29138,218.25599999999997,0.9631000000000001,72.19,2,3,1
CHEMBL28668,260.33699999999993,1.9892999999999998,72.19,2,3,3
CHEMBL28669,260.33699999999993,1.9892999999999998,72.19,2,3,3
CHEMBL302305,298.38200000000006,3.0424000000000015,51.21,0,3,1
CHEMBL70367,286.41499999999996,4.087400000000003,34.14,0,2,0
CHEMBL71082,272.388,3.697300000000003,34.14,0,2,0
CHEMBL421491,304.43,2.8516000000000017,57.53,2,3,1
CHEMBL68674,274.44800000000004,4.700200000000005,20.23,1,1,0
CHEMBL90856,358.526,5.019100000000004,50.27,0,3,11
CHEMBL88918,330.47200000000004,4.238900000000004,50.27,0,3,9
CHEMBL316262,302.418,3.458700000000002,50.27,0,3,7
CHEMBL328546,274.36400000000003,2.6785000000000014,50.27,0,3,5
CHEMBL327239,246.31,1.8983,50.27,0,3,3
CHEMBL88842,246.30999999999997,1.9462,59.06,1,3,4
CHEMBL444844,232.28299999999996,1.5560999999999998,59.06,1,3,3
CHEMBL319160,531.4399999999999,4.205800000000003,69.06,0,7,7
CHEMBL328863,531.4399999999999,4.205800000000003,69.06,0,7,7
CHEMBL319026,273.376,3.238000000000002,39.19,0,3,3
CHEMBL323585,207.273,2.2134,39.19,0,3,5
CHEMBL101743,247.33799999999997,3.1361000000000017,39.19,0,3,4
CHEMBL105289,205.25699999999992,2.1098999999999997,39.19,0,3,3
CHEMBL335408,486.67700000000036,7.264900000000007,43.370000000000005,0,4,4
CHEMBL177692,230.698,3.5499000000000027,28.68,1,1,1
CHEMBL175688,230.698,3.5499000000000027,28.68,1,1,1
CHEMBL359817,214.24300000000002,3.0356000000000014,28.68,1,1,1
CHEMBL179247,214.24300000000002,3.0356000000000014,28.68,1,1,1
CHEMBL367483,235.29,3.1582800000000013,52.47,1,2,1
CHEMBL177921,221.263,2.76818,52.47,1,2,1
CHEMBL175091,221.263,2.76818,52.47,1,2,1
CHEMBL175144,244.72499999999997,3.940000000000002,28.68,1,1,1
CHEMBL362187,210.28,3.286600000000001,28.68,1,1,1
CHEMBL367719,210.28,3.286600000000001,28.68,1,1,1
CHEMBL177468,196.253,2.8965000000000005,28.68,1,1,1
CHEMBL178036,196.253,2.8965000000000005,28.68,1,1,1
CHEMBL177413,235.28999999999996,3.1582800000000004,52.47,1,2,1
CHEMBL177274,235.28999999999996,3.1582800000000004,52.47,1,2,1
CHEMBL3245349,394.5800000000003,5.858200000000005,34.14,0,3,2
CHEMBL131921,284.267,2.8798000000000012,79.9,2,5,2
CHEMBL177293,275.14899999999994,3.6590000000000025,28.68,1,1,1
CHEMBL174579,275.14899999999994,3.6590000000000025,28.68,1,1,1
CHEMBL179144,225.26600000000002,3.707500000000003,12.89,0,1,1
CHEMBL176118,286.17199999999997,4.330900000000003,12.89,0,1,1
CHEMBL176609,237.302,3.5770000000000017,22.12,0,2,2
CHEMBL175791,237.302,3.5770000000000017,22.12,0,2,2
CHEMBL175962,207.27599999999998,3.5684000000000022,12.89,0,1,1
CHEMBL179149,207.27599999999998,3.5684000000000022,12.89,0,1,1
CHEMBL360026,221.303,3.9585000000000026,12.89,0,1,1
CHEMBL424960,225.26600000000002,3.707500000000003,12.89,0,1,1
CHEMBL366669,281.3550000000001,3.9757000000000025,31.35,0,3,3
CHEMBL425323,251.32899999999998,3.967100000000003,22.12,0,2,3
CHEMBL175979,251.32899999999998,3.967100000000003,22.12,0,2,2
CHEMBL176886,251.32899999999998,3.967100000000003,22.12,0,2,3
CHEMBL175550,221.303,3.876820000000003,12.89,0,1,1
CHEMBL366570,221.303,3.876820000000003,12.89,0,1,1
CHEMBL176101,237.302,3.5770000000000017,22.12,0,2,2
CHEMBL362441,251.32899999999998,3.967100000000003,22.12,0,2,2
CHEMBL175554,241.721,4.2218000000000035,12.89,0,1,1
CHEMBL175799,241.721,4.2218000000000035,12.89,0,1,1
CHEMBL368305,221.30300000000003,3.876820000000003,12.89,0,1,1
CHEMBL176009,221.30300000000003,3.876820000000003,12.89,0,1,1
CHEMBL176098,251.32899999999998,3.967100000000003,22.12,0,2,2
CHEMBL366772,237.302,3.5770000000000017,22.12,0,2,2
CHEMBL366490,225.26600000000002,3.707500000000003,12.89,0,1,1
CHEMBL176076,225.26600000000002,3.707500000000003,12.89,0,1,1
CHEMBL179222,286.17199999999997,4.330900000000003,12.89,0,1,1
CHEMBL359942,237.302,3.5770000000000017,22.12,0,2,2
CHEMBL175609,237.302,3.5770000000000017,22.12,0,2,2
CHEMBL176287,241.721,4.2218000000000035,12.89,0,1,1
CHEMBL369623,241.721,4.2218000000000035,12.89,0,1,1
CHEMBL185165,307.353,3.3999000000000015,49.17,0,5,3
CHEMBL184952,307.353,3.3999000000000015,49.17,0,5,3
CHEMBL187185,293.326,3.0969000000000007,60.17,1,5,2
CHEMBL364326,361.4220000000001,4.8529000000000035,63.33,1,5,4
CHEMBL185950,377.4210000000001,4.558500000000002,83.56,2,6,4
CHEMBL184749,361.4220000000001,4.852900000000003,63.33,1,5,4
CHEMBL187068,391.44800000000015,4.861500000000004,72.56,1,6,5
CHEMBL185819,375.4490000000001,5.1559000000000035,52.33,0,5,5
CHEMBL188664,451.5470000000002,6.726300000000005,52.33,0,5,7
CHEMBL185809,375.4490000000001,5.1559000000000035,52.33,0,5,5
CHEMBL184051,389.4760000000001,5.464320000000004,52.33,0,5,5
CHEMBL361653,405.4750000000002,5.164500000000004,61.56000000000001,0,6,6
CHEMBL186079,481.57300000000026,6.734900000000006,61.56000000000001,0,6,8
CHEMBL189472,348.35800000000006,3.6629000000000023,66.49000000000001,0,6,4
CHEMBL363493,394.4300000000001,5.224700000000004,57.260000000000005,0,5,5
CHEMBL189274,424.45600000000013,5.233300000000004,66.49000000000001,0,6,6
CHEMBL190099,319.32000000000005,3.0493000000000006,70.15,0,6,3
CHEMBL192306,318.33200000000005,3.654300000000002,57.260000000000005,0,5,3
CHEMBL194928,255.32000000000002,4.650900000000004,12.89,0,1,1
CHEMBL370317,257.336,4.670500000000004,12.89,0,1,3
CHEMBL383806,225.26600000000002,3.707500000000003,12.89,0,1,1
CHEMBL383807,241.721,4.2218000000000035,12.89,0,1,1
CHEMBL192077,221.303,3.876820000000002,12.89,0,1,1
CHEMBL192155,243.331,3.6385000000000023,22.12,0,3,2
CHEMBL381194,257.336,4.670500000000004,12.89,0,1,3
CHEMBL194440,286.17199999999997,4.330900000000003,12.89,0,1,1
CHEMBL193496,251.32899999999998,3.967100000000003,22.12,0,2,2
CHEMBL195688,221.30299999999997,4.129400000000002,12.89,0,1,1
CHEMBL365120,221.303,3.9585000000000026,12.89,0,1,1
CHEMBL193997,225.26600000000002,3.707500000000003,12.89,0,1,1
CHEMBL364956,226.25400000000002,3.102500000000002,25.78,0,2,1
CHEMBL193858,281.3550000000001,3.9757000000000025,31.35,0,3,3
CHEMBL371742,221.303,3.876820000000002,12.89,0,1,1
CHEMBL193652,241.721,4.2218000000000035,12.89,0,1,1
CHEMBL383145,255.32000000000002,4.650900000000004,12.89,0,1,1
CHEMBL370530,275.326,4.860700000000004,12.89,0,1,1
CHEMBL363849,275.326,4.860700000000004,12.89,0,1,1
CHEMBL364080,207.27599999999998,3.5684000000000022,12.89,0,1,1
CHEMBL363621,207.27599999999998,3.5684000000000022,12.89,0,1,1
CHEMBL195354,243.331,3.6385000000000023,22.12,0,3,2
CHEMBL195248,226.25400000000002,3.102500000000002,25.78,0,2,1
CHEMBL193606,221.303,3.9585000000000026,12.89,0,1,1
CHEMBL373074,221.30299999999997,4.129400000000002,12.89,0,1,1
CHEMBL193555,283.374,5.157800000000004,12.89,0,1,2
CHEMBL365314,237.302,3.5770000000000017,22.12,0,2,2
CHEMBL370281,237.302,3.5770000000000017,22.12,0,2,2
CHEMBL362968,235.28600000000003,3.910400000000002,22.12,0,2,2
CHEMBL196328,314.182,4.672900000000002,22.12,0,2,2
CHEMBL193343,249.31300000000002,4.300500000000002,22.12,0,2,3
CHEMBL365735,205.26,3.9018000000000024,12.89,0,1,1
CHEMBL197576,269.731,4.563800000000002,22.12,0,2,2
CHEMBL438802,263.296,3.6884000000000023,39.19,0,3,2
CHEMBL381014,304.17600000000004,5.217200000000004,22.12,0,2,2
CHEMBL195996,194.237,3.025500000000001,17.82,0,2,1
CHEMBL194472,224.263,3.0341000000000014,27.05,0,3,2
CHEMBL194641,272.43199999999996,4.764300000000004,17.07,0,1,0
CHEMBL197451,318.41300000000007,3.699600000000003,63.6,1,4,0
CHEMBL199334,350.33400000000006,3.578800000000002,96.22,0,7,5
CHEMBL197650,330.34700000000004,3.5422800000000016,76.87,0,6,4
CHEMBL1399,293.374,2.9287600000000014,78.28999999999999,0,5,4
CHEMBL202065,373.334,4.689400000000003,53.08,0,5,4
CHEMBL371663,333.39099999999996,4.233000000000003,53.08,0,5,5
CHEMBL446706,325.75500000000005,4.021000000000003,64.08,1,5,3
CHEMBL202226,316.32,3.239280000000001,87.86999999999999,1,6,3
CHEMBL202231,336.307,3.275800000000002,107.22,1,7,4
CHEMBL201831,319.36400000000003,3.979020000000002,53.08,0,5,4
CHEMBL1629802,288.43100000000004,3.975500000000004,29.6,0,2,0
CHEMBL1630280,304.43,3.1381000000000014,54.37,1,3,0
CHEMBL7162,314.3630000000002,2.6778000000000004,98.54,1,5,5
CHEMBL56367,308.315,2.7586000000000013,98.54,1,5,5
CHEMBL372999,349.36100000000005,4.259700000000002,55.49,1,4,4
CHEMBL382500,334.375,4.284200000000003,49.42,0,5,5
CHEMBL382902,339.78200000000004,4.3240000000000025,53.08,0,5,4
CHEMBL198291,323.32700000000006,3.809700000000002,53.08,0,5,4
CHEMBL202612,365.8160000000001,4.774000000000004,55.49,1,4,4
CHEMBL379019,335.363,3.6792000000000016,62.31,0,6,5
CHEMBL202020,361.39700000000016,4.129200000000003,64.72,1,5,5
CHEMBL202473,314.363,2.3120000000000003,89.75,0,5,5
CHEMBL202474,302.35200000000003,2.5337000000000005,98.53999999999999,1,5,7
CHEMBL202469,358.4600000000001,4.095700000000003,98.53999999999999,1,5,12
CHEMBL202470,372.48700000000014,4.120000000000004,89.75,0,5,12
CHEMBL202471,316.3790000000001,2.9254000000000007,98.53999999999999,1,5,9
CHEMBL202030,316.379,2.5580000000000007,89.75,0,5,7
CHEMBL202452,330.40600000000006,2.9497000000000018,89.75,0,5,9
CHEMBL204183,328.39,2.7021000000000006,89.75,0,5,5
CHEMBL204184,274.29800000000006,1.7551,98.53999999999999,1,5,6
CHEMBL382482,288.32500000000005,1.7794,89.75,0,5,6
CHEMBL274387,274.29800000000006,1.7534999999999998,98.53999999999999,1,5,5
CHEMBL203869,288.32500000000005,1.7777999999999998,89.75,0,5,5
CHEMBL204501,328.3900000000002,2.9254000000000016,98.54,1,5,6
CHEMBL204502,342.41700000000003,2.9497000000000018,89.75,0,5,6
CHEMBL437497,300.3360000000002,2.2877,98.54,1,5,5
CHEMBL204483,307.78400000000005,4.6555000000000035,33.61,1,2,3
CHEMBL203981,291.329,4.141200000000003,33.61,1,2,3
CHEMBL204039,307.78400000000005,4.6555000000000035,33.61,1,2,3
CHEMBL382679,321.81100000000004,4.665900000000004,22.75,0,3,3
CHEMBL205177,298.349,3.8737800000000018,57.4,1,3,3
CHEMBL205881,207.276,3.5684000000000022,12.89,0,1,1
CHEMBL206351,237.302,3.5770000000000017,22.12,0,2,2
CHEMBL206283,221.30299999999997,3.9585000000000026,12.89,0,1,1
CHEMBL205503,235.32999999999996,4.348600000000003,12.89,0,1,2
CHEMBL206550,221.303,3.8144000000000027,12.89,0,1,1
CHEMBL206070,221.303,4.129400000000002,12.89,0,1,1
CHEMBL213587,302.333,3.7048000000000023,48.03,0,4,3
CHEMBL213588,347.33000000000004,3.613000000000002,91.17,0,6,4
CHEMBL377766,381.22900000000004,4.467300000000003,48.03,0,4,3
CHEMBL209731,327.343,3.576480000000001,71.82,0,5,3
CHEMBL212473,332.359,3.713400000000002,57.26,0,5,4
CHEMBL212168,377.3560000000001,3.6216000000000026,100.4,0,7,5
CHEMBL209047,411.25500000000005,4.475900000000003,57.260000000000005,0,5,4
CHEMBL377626,357.3690000000001,3.5850800000000023,81.05,0,6,4
CHEMBL376473,308.33000000000004,1.1123999999999996,96.22,3,6,1
CHEMBL374535,386.4290000000001,3.722800000000003,89.75,0,5,6
CHEMBL223368,412.46700000000016,4.236600000000005,89.75,0,5,7
CHEMBL222260,350.3960000000001,2.878020000000002,89.75,0,5,6
CHEMBL376649,354.35900000000004,2.7087000000000003,89.75,0,5,6
CHEMBL222250,336.3690000000001,2.5696000000000003,89.75,0,5,6
CHEMBL376303,381.3660000000001,2.4778000000000002,132.89,0,7,7
CHEMBL13784,203.20100000000002,1.8396,60.96,0,4,3
CHEMBL26065,237.25799999999998,2.6096000000000013,50.19,1,3,1
CHEMBL163922,183.21400000000003,1.80308,41.61,0,3,2
CHEMBL211207,237.1,2.6939,17.82,0,2,2
CHEMBL375292,248.28900000000004,2.5996200000000007,43.6,0,4,1
CHEMBL387518,262.272,1.9327999999999999,60.67,0,5,2
CHEMBL225447,232.286,3.5012000000000025,17.82,0,2,1
CHEMBL223874,308.38400000000007,4.703700000000004,17.82,0,2,2
CHEMBL376371,309.372,4.098700000000003,30.71,0,3,2
CHEMBL387892,256.26099999999997,2.0463999999999998,57.260000000000005,0,5,3
CHEMBL427247,226.235,2.0378,48.03,0,4,2
CHEMBL225472,256.261,2.0463999999999998,57.260000000000005,0,5,3
CHEMBL388604,257.249,1.4413999999999998,70.15,0,6,3
CHEMBL225178,256.261,2.0685,57.260000000000005,0,5,4
CHEMBL375497,286.28700000000003,2.0770999999999997,66.49000000000001,0,6,5
CHEMBL437731,318.33200000000005,3.8301000000000025,57.260000000000005,0,5,4
CHEMBL390569,254.33299999999997,3.380700000000002,37.91,1,2,3
CHEMBL375046,256.26099999999997,2.0463999999999998,57.260000000000005,0,5,3
CHEMBL224228,226.23500000000004,2.0378,48.03,0,4,2
CHEMBL224649,226.235,2.0378,48.03,0,4,2
CHEMBL223929,227.223,1.4327999999999999,60.92,0,5,2
CHEMBL390152,256.261,2.0685,57.260000000000005,0,5,4
CHEMBL223983,256.26099999999997,2.0463999999999998,57.26,0,5,3
CHEMBL224786,302.33299999999997,3.7048000000000023,48.03,0,4,3
CHEMBL224787,332.3590000000001,3.713400000000002,57.260000000000005,0,5,4
CHEMBL225499,332.35900000000004,3.6168000000000022,57.260000000000005,0,5,5
CHEMBL224600,242.303,3.407090000000001,30.96,0,4,2
CHEMBL376786,381.2290000000001,4.389700000000002,48.03,0,4,3
CHEMBL225079,327.343,3.4988800000000015,71.82,0,5,3
CHEMBL225128,211.26800000000003,2.5381800000000005,41.61,0,3,2
CHEMBL225053,237.30599999999995,3.0723800000000017,41.61,0,3,2
CHEMBL1444,285.31,2.65916,78.29,0,5,3
CHEMBL224789,285.31,2.65916,78.29,0,5,3
CHEMBL224790,286.298,2.0541599999999995,91.18,0,6,3
CHEMBL223452,296.33299999999997,3.4001600000000014,73.36,0,4,3
CHEMBL223554,295.34499999999997,4.005160000000003,60.47,0,3,3
CHEMBL223555,264.33199999999994,3.373280000000001,54.5,0,4,2
CHEMBL388187,299.33700000000005,2.83326,78.29,0,5,3
CHEMBL224462,313.36400000000003,3.2233600000000013,78.29,0,5,4
CHEMBL225550,303.3,2.740360000000001,78.29,0,5,3
CHEMBL388515,303.3,2.740360000000001,78.29,0,5,3
CHEMBL225360,304.288,2.1353599999999995,91.18,0,6,3
CHEMBL225378,302.312,3.345360000000001,65.4,0,4,3
CHEMBL388959,235.28599999999997,3.294100000000002,29.96,0,2,1
CHEMBL376039,289.37800000000004,4.172900000000003,29.96,0,2,1
CHEMBL224665,347.3300000000001,3.535400000000002,91.16999999999999,0,6,4
CHEMBL223176,262.312,3.1624000000000008,34.89,0,3,4
CHEMBL522917,381.2290000000001,4.389700000000002,48.03,0,4,3
CHEMBL525379,347.3300000000001,3.535400000000002,91.16999999999999,0,6,4
CHEMBL451201,327.343,3.4988800000000015,71.82,0,5,3
CHEMBL389433,308.77200000000005,4.050500000000003,46.5,1,3,3
CHEMBL224060,324.77500000000003,2.8509,61.42,0,6,3
CHEMBL223717,251.32899999999998,3.5336000000000016,22.12,0,2,2
CHEMBL225497,330.22499999999997,4.296100000000004,22.12,0,2,2
CHEMBL223607,227.223,1.4327999999999999,60.92,0,5,2
CHEMBL375043,233.27400000000003,2.9562800000000014,41.61,0,3,2
CHEMBL224391,251.289,3.166120000000001,54.75,0,4,2
CHEMBL374934,183.214,1.80308,41.61,0,3,2
CHEMBL229945,412.48200000000026,4.867200000000005,63.220000000000006,0,6,9
CHEMBL425670,382.4560000000002,4.893100000000005,53.99,0,5,7
CHEMBL389925,338.40300000000013,4.511200000000003,66.76,2,4,6
CHEMBL229789,338.40300000000013,4.616000000000004,55.760000000000005,1,4,4
CHEMBL229790,382.45600000000013,4.893100000000005,53.99000000000001,0,5,7
CHEMBL388374,338.40300000000013,4.616000000000003,55.76,1,4,4
CHEMBL229635,352.4300000000001,4.919000000000004,44.760000000000005,0,4,5
CHEMBL229906,322.4040000000001,4.910400000000004,35.53,0,3,4
CHEMBL229908,284.311,3.410300000000002,44.760000000000005,0,4,3
CHEMBL228985,338.4030000000001,4.746700000000004,44.760000000000005,0,4,5
CHEMBL229094,370.44500000000016,4.224500000000004,75.99000000000001,2,5,8
CHEMBL390496,496.29,1.80658,127.13,1,8,6
CHEMBL226736,400.4200000000002,1.21058,136.35999999999999,1,9,7
CHEMBL226737,395.40400000000005,1.0736600000000003,150.91999999999996,1,9,6
CHEMBL390717,434.8650000000002,1.86398,136.35999999999999,1,9,7
CHEMBL388291,291.314,2.3252800000000002,77.97000000000001,1,6,4
CHEMBL226738,309.30400000000003,2.4643800000000002,77.97000000000001,1,6,4
CHEMBL226789,325.759,2.9786800000000015,77.97000000000001,1,6,4
CHEMBL388506,370.21000000000004,3.087780000000002,77.97000000000001,1,6,4
CHEMBL226790,417.21000000000004,2.9298800000000016,77.97000000000001,1,6,4
CHEMBL226791,321.3400000000001,2.333880000000001,87.2,1,7,5
CHEMBL226841,316.324,2.19696,101.76000000000002,1,7,4
CHEMBL226842,359.311,3.3440800000000017,77.97000000000001,1,6,4
CHEMBL388507,355.7850000000001,2.9872800000000024,87.2,1,7,5
CHEMBL226843,360.204,3.632080000000002,77.97000000000001,1,6,4
CHEMBL226891,363.274,2.881680000000001,77.97000000000001,1,6,4
CHEMBL226892,388.38400000000007,1.34108,127.13,1,8,6
CHEMBL390077,404.8390000000001,1.85538,127.13,1,8,6
CHEMBL226893,449.29000000000013,1.9644799999999993,127.13,1,8,6
CHEMBL226945,400.4200000000002,1.2105799999999998,136.35999999999999,1,9,7
CHEMBL390078,291.314,2.3252799999999993,77.97000000000001,1,6,4
CHEMBL390079,309.30400000000003,2.4643800000000002,77.97000000000001,1,6,4
CHEMBL226946,325.759,2.9786800000000015,77.97000000000001,1,6,4
CHEMBL226947,370.21000000000004,3.0877800000000013,77.97000000000001,1,6,4
CHEMBL388093,321.3400000000001,2.33388,87.2,1,7,5
CHEMBL226999,359.311,3.3440800000000017,77.97000000000001,1,6,4
CHEMBL244795,262.312,3.1624000000000008,34.89,0,3,4
CHEMBL519436,324.77500000000003,2.8509,61.42,0,6,3
CHEMBL558103,324.37600000000003,4.313000000000004,66.76,2,4,3
CHEMBL1162951,322.4040000000001,4.9104000000000045,35.53,0,3,4
CHEMBL2096872,251.32899999999998,3.5336000000000016,22.12,0,2,2
CHEMBL2096873,330.22499999999997,4.296100000000004,22.12,0,2,2
CHEMBL283196,272.303,4.613200000000003,30.21,0,2,1
CHEMBL206300,223.27499999999998,3.1869000000000014,22.12,0,2,2
CHEMBL387386,336.3690000000001,2.853720000000001,98.53999999999999,1,5,6
CHEMBL223369,352.3680000000001,2.5539000000000005,107.76999999999998,1,6,7
CHEMBL223421,364.42300000000006,3.668700000000002,98.53999999999999,1,5,7
CHEMBL373427,340.33200000000005,2.684400000000001,98.54,1,5,6
CHEMBL220774,356.78700000000003,3.1987000000000014,98.54,1,5,6
CHEMBL220829,401.23800000000006,3.307800000000001,98.54,1,5,6
CHEMBL426541,398.4400000000001,4.212300000000003,98.54,1,5,7
CHEMBL374651,336.3690000000001,2.5878000000000005,98.54,1,5,7
CHEMBL220885,372.4020000000001,3.698500000000002,98.54,1,5,6
CHEMBL220886,350.3960000000001,3.162140000000001,98.53999999999999,1,5,6
CHEMBL224037,366.3950000000001,2.5782000000000007,98.97999999999999,0,6,7
CHEMBL220792,370.8140000000001,3.2230000000000016,89.75,0,5,6
CHEMBL220793,415.26500000000004,3.3321000000000023,89.75,0,5,6
CHEMBL373377,412.4670000000001,4.236600000000005,89.75,0,5,7
CHEMBL436515,350.3960000000001,2.6121000000000008,89.75,0,5,7
CHEMBL222189,386.4290000000001,3.722800000000002,89.75,0,5,6
CHEMBL223108,322.34200000000004,2.5453,98.54,1,5,6
CHEMBL223109,367.3390000000001,2.4535,141.68,1,7,7
CHEMBL223161,372.4020000000001,3.698500000000002,98.54,1,5,6
CHEMBL223162,398.4400000000001,4.212300000000003,98.54,1,5,7
CHEMBL397728,262.312,3.1624000000000008,34.89,0,3,4
CHEMBL243960,338.4100000000001,4.829400000000004,34.89,0,3,5
CHEMBL243961,338.4100000000001,4.829400000000004,34.89,0,3,5
CHEMBL388930,307.3090000000001,3.0706000000000016,78.03,0,5,5
CHEMBL243755,307.30899999999997,3.0706000000000007,78.02999999999999,0,5,5
CHEMBL243756,383.4070000000001,4.737600000000004,78.02999999999999,0,5,6
CHEMBL242454,341.2080000000001,3.9249000000000027,34.89,0,3,4
CHEMBL252642,256.257,2.8043000000000013,66.76,2,4,1
CHEMBL404225,274.319,4.546300000000003,26.3,0,2,1
CHEMBL256665,290.31800000000004,4.251900000000003,46.53,1,3,1
CHEMBL439241,290.31800000000004,4.251900000000003,46.53,1,3,1
CHEMBL258257,299.32900000000006,4.417980000000003,50.09,0,3,1
CHEMBL255108,299.32900000000006,4.417980000000003,50.09,0,3,1
CHEMBL402970,270.284,3.1073000000000013,55.76,1,4,2
CHEMBL255110,256.257,2.8043000000000013,66.76,2,4,1
CHEMBL256407,270.284,3.1073000000000013,55.76,1,4,2
CHEMBL404981,286.287,3.132200000000002,81.47,1,4,5
CHEMBL271794,486.59300000000025,5.5807000000000055,75.71000000000001,1,4,8
CHEMBL409271,435.50500000000017,3.7853800000000026,99.5,1,5,7
CHEMBL270283,460.55500000000023,5.066900000000005,75.71000000000001,1,4,7
CHEMBL270915,489.93700000000024,4.475300000000004,118.85,1,6,8
CHEMBL270917,416.54300000000006,4.180200000000004,75.71000000000001,1,4,7
CHEMBL271129,479.3850000000002,5.220500000000005,75.71000000000001,1,4,7
CHEMBL443066,410.4950000000001,3.913700000000003,75.71000000000001,1,4,7
CHEMBL272456,348.42400000000004,2.6198000000000006,75.71000000000001,1,4,6
CHEMBL272398,306.38700000000006,2.2436,72.63,1,4,5
CHEMBL272464,398.44000000000017,4.283020000000003,98.54,1,5,7
CHEMBL405881,429.41000000000014,3.8828000000000022,141.68,1,7,8
CHEMBL28,270.24,2.576800000000001,90.9,3,5,1
CHEMBL9352,272.25600000000003,2.5099000000000014,86.99000000000001,3,5,1
CHEMBL169,456.7110000000003,7.089500000000009,57.53,2,2,1
CHEMBL195571,221.25900000000001,3.607400000000002,33.120000000000005,1,2,1
CHEMBL438549,240.306,2.861700000000001,37.91,1,2,2
CHEMBL464007,422.47700000000015,5.2998000000000065,111.13000000000002,4,6,5
CHEMBL458187,422.47700000000015,5.517600000000007,111.13,4,6,6
CHEMBL463638,532.5450000000002,4.864700000000007,153.75,5,9,10
CHEMBL514745,502.51900000000023,4.856100000000006,144.52,5,8,9
CHEMBL458188,310.34900000000005,4.725300000000005,73.83,3,4,3
CHEMBL457678,356.37400000000014,2.878700000000001,96.22000000000001,3,6,2
CHEMBL457679,354.35800000000006,3.7911000000000032,111.13000000000002,4,6,3
CHEMBL457680,340.37500000000006,4.018600000000004,86.99000000000001,3,5,3
CHEMBL458395,288.25500000000005,2.215500000000001,107.22000000000001,4,6,1
CHEMBL457686,340.3750000000001,4.018600000000002,86.99000000000001,3,5,3
CHEMBL465879,258.317,3.2817000000000016,49.69,2,3,5
CHEMBL465880,340.37500000000006,3.9138000000000033,97.99000000000001,4,5,5
CHEMBL465881,310.34900000000005,4.725300000000005,73.83,3,4,3
CHEMBL454705,562.5740000000002,7.099200000000009,132.75,5,8,2
CHEMBL459502,379.3120000000001,5.7321000000000035,27.05,0,4,6
CHEMBL459503,338.3190000000001,2.6838000000000006,74.97,1,7,3
CHEMBL513615,312.30000000000007,3.0942000000000025,56.510000000000005,1,5,3
CHEMBL492762,233.22299999999998,1.2757999999999998,49.69,0,5,1
CHEMBL492763,217.224,1.57562,40.46,0,4,0
CHEMBL506858,203.24099999999999,1.8555199999999998,31.23,0,3,1
CHEMBL503538,219.23999999999998,1.8537199999999998,51.32000000000001,1,3,2
CHEMBL453233,233.26699999999997,1.86412,40.46,0,4,2
CHEMBL493173,233.267,1.8641199999999998,40.46,0,4,2
CHEMBL493174,219.23999999999998,1.8537199999999998,51.32,1,3,2
CHEMBL490867,233.26699999999997,1.8641199999999998,40.46,0,4,2
CHEMBL454226,249.26599999999996,1.86232,60.55000000000001,1,4,3
CHEMBL492382,263.29299999999995,1.87272,49.69,0,5,3
CHEMBL493181,249.26599999999996,1.8623199999999998,60.55,1,4,3
CHEMBL493182,279.292,1.8709199999999997,69.78,1,5,4
CHEMBL455593,293.319,1.8813199999999999,58.92,0,6,4
CHEMBL448463,254.33299999999997,3.2863000000000016,33.95,0,3,3
CHEMBL522733,324.33599999999996,2.963700000000001,65.74000000000001,1,6,4
CHEMBL496777,360.3730000000001,3.655100000000002,82.96000000000001,0,6,6
CHEMBL495565,337.8140000000001,3.8215200000000014,48.53,0,5,4
CHEMBL495563,255.277,2.5950000000000006,53.080000000000005,0,5,4
CHEMBL495566,309.372,4.872600000000004,38.67,0,3,3
CHEMBL495567,335.79400000000004,5.188600000000003,47.04,1,4,3
CHEMBL523231,281.31100000000004,3.2454000000000014,62.58,2,4,3
CHEMBL495777,310.3090000000001,3.4480000000000017,85.49000000000001,1,5,4
CHEMBL523232,345.3620000000001,3.6442000000000014,86.74,0,6,5
CHEMBL509750,347.80500000000006,5.1647000000000025,61.800000000000004,2,3,3
CHEMBL497614,373.2430000000001,4.656500000000003,59.4,1,5,5
CHEMBL495574,265.272,3.128800000000002,68.92,0,4,3
CHEMBL496375,391.4480000000001,4.861500000000003,72.56,1,6,5
CHEMBL3084324,361.39700000000016,4.129200000000003,64.72,1,5,5
CHEMBL8659,282.4679999999999,6.1085000000000065,37.3,1,1,15
CHEMBL164,318.237,1.6935999999999998,151.59,6,8,1
CHEMBL323197,410.46600000000024,5.089000000000003,100.13,3,6,5
CHEMBL367149,328.4960000000001,6.548900000000006,37.3,1,1,14
CHEMBL389924,324.37600000000003,4.313000000000004,66.76,2,4,3
CHEMBL253570,318.237,1.6936000000000002,151.59,6,8,1
CHEMBL260553,396.4390000000002,4.786000000000005,111.13000000000001,4,6,4
CHEMBL451532,580.5390000000003,-1.1652000000000007,225.05999999999997,8,14,6
CHEMBL454580,464.5580000000003,6.294700000000007,111.13000000000001,4,6,6
CHEMBL462879,428.4810000000003,4.283800000000004,120.36,4,7,6
CHEMBL494713,355.437,5.509800000000005,31.35,0,3,5
CHEMBL449065,263.293,1.87272,49.69,0,5,3
CHEMBL478023,373.28700000000003,4.8266000000000036,33.95,0,4,7
CHEMBL478024,360.505,4.817300000000004,33.95,0,4,7
CHEMBL517816,326.469,3.975500000000003,33.95,0,5,5
CHEMBL476979,379.91600000000005,5.603400000000004,21.060000000000002,0,4,6
CHEMBL476143,303.81800000000004,3.9364000000000017,21.060000000000002,0,4,5
CHEMBL517347,372.7080000000001,5.2432000000000025,21.060000000000002,0,4,5
CHEMBL475943,319.43300000000005,4.436200000000004,21.060000000000002,0,4,5
CHEMBL514514,388.3230000000001,5.743000000000003,21.060000000000002,0,4,5
CHEMBL475944,378.92800000000005,6.2915000000000045,17.82,0,3,6
CHEMBL518586,302.83000000000004,4.624500000000003,17.82,0,3,5
CHEMBL478647,369.51200000000006,5.672200000000006,21.060000000000002,0,3,5
CHEMBL478648,382.2940000000001,5.681500000000004,21.060000000000002,0,3,5
CHEMBL516275,395.55,6.186000000000007,21.060000000000002,0,3,6
CHEMBL490794,339.44200000000006,4.888500000000003,21.060000000000002,0,3,6
CHEMBL490795,353.46900000000005,5.196920000000005,21.060000000000002,0,3,6
CHEMBL521591,373.887,5.5419000000000045,21.060000000000002,0,3,6
CHEMBL489986,357.432,5.027600000000005,21.060000000000002,0,3,6
CHEMBL490187,353.4690000000001,5.196920000000005,21.060000000000002,0,3,6
CHEMBL491013,373.88700000000006,5.5419000000000045,21.060000000000002,0,3,6
CHEMBL491213,357.4320000000001,5.027600000000005,21.060000000000002,0,3,6
CHEMBL491214,369.468,4.8971000000000044,30.29,0,4,7
CHEMBL491215,369.4680000000001,4.897100000000004,30.29,0,4,7
CHEMBL490194,408.3320000000001,6.195300000000005,21.060000000000002,0,3,6
CHEMBL491824,375.4220000000001,5.166700000000004,21.060000000000002,0,3,6
CHEMBL491825,388.342,5.825800000000005,21.060000000000002,0,3,5
CHEMBL523973,325.481,4.580500000000004,21.060000000000002,0,4,5
CHEMBL491023,394.562,6.874100000000007,17.82,0,2,6
CHEMBL491222,338.45400000000006,5.576600000000005,17.82,0,2,6
CHEMBL489187,352.48100000000005,5.885020000000006,17.82,0,2,6
CHEMBL489188,372.899,6.230000000000006,17.82,0,2,6
CHEMBL489189,356.444,5.715700000000005,17.82,0,2,6
CHEMBL522089,352.48100000000005,5.885020000000006,17.82,0,2,6
CHEMBL523813,356.4440000000001,5.715700000000006,17.82,0,2,6
CHEMBL521600,368.48,5.585200000000006,27.05,0,3,7
CHEMBL490584,368.4800000000001,5.585200000000006,27.05,0,3,7
CHEMBL489359,407.34400000000005,6.883400000000005,17.82,0,2,6
CHEMBL489360,374.4340000000001,5.854800000000005,17.82,0,2,6
CHEMBL491010,354.457,4.6730000000000045,33.95,0,4,7
CHEMBL8739,278.4359999999999,5.660500000000005,37.3,1,1,13
CHEMBL267476,280.4519999999999,5.884500000000005,37.3,1,1,14
CHEMBL15594,304.47400000000005,6.216700000000006,37.3,1,1,14
CHEMBL286738,309.34300000000013,1.6441999999999999,99.60000000000001,1,5,2
CHEMBL76904,186.17,1.52836,88.04,2,4,1
CHEMBL100749,324.77500000000003,2.8509,61.42,0,6,3
CHEMBL377770,176.19400000000002,2.0705,17.82,0,2,2
CHEMBL441367,192.64900000000003,2.5847999999999995,17.82,0,2,2
CHEMBL212741,172.23100000000002,2.23982,17.82,0,2,2
CHEMBL460026,302.458,5.9927000000000055,37.3,1,1,13
CHEMBL479942,425.4480000000001,0.08040000000000025,169.49,2,9,7
CHEMBL479737,425.4480000000001,0.08039999999999986,169.49,2,9,7
CHEMBL479928,583.2400000000001,1.6054,169.49,2,9,7
CHEMBL479366,355.37899999999996,1.3697799999999998,123.88999999999999,1,7,5
CHEMBL479551,389.824,2.0231799999999995,123.88999999999999,1,7,5
CHEMBL518761,434.275,2.1322799999999997,123.88999999999999,1,7,5
CHEMBL479559,434.275,2.1322799999999997,123.88999999999999,1,7,5
CHEMBL480321,434.275,2.1322799999999997,123.88999999999999,1,7,5
CHEMBL455832,267.288,2.327,71.17,2,5,3
CHEMBL480514,267.288,2.326999999999999,71.17,2,5,3
CHEMBL480451,425.08000000000004,3.852000000000001,71.17,2,5,3
CHEMBL480515,327.34000000000003,2.3442000000000003,89.63000000000001,2,7,5
CHEMBL480516,327.34000000000003,2.3442000000000003,89.63000000000001,2,7,5
CHEMBL519937,276.299,2.49308,74.72999999999999,1,5,3
CHEMBL479385,310.74399999999997,3.146480000000002,74.72999999999999,1,5,3
CHEMBL481091,355.195,3.255580000000002,74.72999999999999,1,5,3
CHEMBL453736,355.195,3.255580000000002,74.72999999999999,1,5,3
CHEMBL500976,355.195,3.255580000000002,74.72999999999999,1,5,3
CHEMBL481092,259.73999999999995,3.1022800000000013,41.61,0,3,1
CHEMBL480718,259.73999999999995,3.1022800000000013,41.61,0,3,1
CHEMBL469260,298.349,3.8737800000000018,57.4,1,3,3
CHEMBL512994,299.337,3.2687800000000005,70.28999999999999,1,4,3
CHEMBL468410,298.349,3.8737800000000018,57.4,1,3,3
CHEMBL513168,299.337,3.2687800000000005,70.28999999999999,1,4,3
CHEMBL496634,330.5120000000001,6.772900000000006,37.3,1,1,15
CHEMBL586557,566.5590000000003,3.149020000000001,165.89000000000001,3,11,3
CHEMBL576579,566.5590000000004,3.1490200000000015,165.89000000000001,3,11,3
CHEMBL583076,286.41499999999996,3.9433000000000034,34.14,0,2,0
CHEMBL574960,302.41400000000004,3.669800000000003,43.370000000000005,0,3,0
CHEMBL583989,316.422,4.599200000000004,43.370000000000005,0,4,5
CHEMBL582837,346.4230000000001,2.5364000000000004,72.83,1,5,3
CHEMBL572637,392.8020000000002,4.993400000000003,101.08,1,6,3
CHEMBL583310,332.35200000000003,3.5124200000000023,82.81,0,6,6
CHEMBL598199,355.3790000000001,1.4473799999999999,123.88999999999999,1,7,5
CHEMBL596779,383.43300000000005,2.0502800000000003,101.11000000000001,0,7,6
CHEMBL592131,389.82400000000007,2.10078,123.88999999999999,1,7,5
CHEMBL599238,417.87800000000004,2.703680000000001,101.11000000000001,0,7,6
CHEMBL599239,389.8240000000001,2.1007800000000003,123.88999999999999,1,7,5
CHEMBL598212,389.82400000000007,2.1007800000000003,123.88999999999999,1,7,5
CHEMBL604716,431.9050000000002,3.030280000000001,123.88999999999999,1,7,6
CHEMBL91,416.1350000000001,6.454800000000002,27.05,0,3,6
CHEMBL104,344.845,5.376700000000004,17.82,0,2,4
CHEMBL117,254.24099999999999,2.8712000000000013,70.67,2,4,1
CHEMBL294878,254.24099999999999,2.871200000000001,70.67,2,4,1
CHEMBL214932,204.24800000000005,2.655000000000001,17.82,0,2,4
CHEMBL516643,347.3300000000001,3.535400000000002,91.16999999999999,0,6,4
CHEMBL592376,355.3790000000001,1.4473799999999997,123.88999999999999,1,7,5
CHEMBL599442,389.82400000000007,2.1007799999999994,123.88999999999999,1,7,5
CHEMBL598627,355.3790000000001,1.44738,123.88999999999999,1,7,5
CHEMBL598628,389.82400000000007,2.1007800000000003,123.88999999999999,1,7,5
CHEMBL598629,330.369,1.5756999999999999,100.1,1,6,5
CHEMBL598009,364.8140000000001,2.2291,100.1,1,6,5
CHEMBL609618,355.3790000000001,1.4473799999999999,123.88999999999999,1,7,5
CHEMBL598211,389.82400000000007,2.10078,123.88999999999999,1,7,5
CHEMBL597403,397.46000000000015,2.3768800000000008,123.88999999999999,1,7,6
CHEMBL592852,260.3,2.8650800000000007,54.5,0,4,3
CHEMBL597606,276.299,2.5706800000000003,74.73,1,5,3
CHEMBL597808,310.744,3.2240800000000016,74.73,1,5,3
CHEMBL599864,310.744,3.2240800000000016,74.73,1,5,3
CHEMBL589247,276.299,2.5706800000000003,74.72999999999999,1,5,3
CHEMBL609332,310.74399999999997,3.2240800000000016,74.72999999999999,1,5,3
CHEMBL599455,260.3,2.8650800000000007,54.5,0,4,3
CHEMBL599456,278.29,3.0041800000000016,54.5,0,4,3
CHEMBL609333,285.31,2.7367600000000003,78.29,0,5,3
CHEMBL601840,276.29900000000004,2.5706800000000003,74.73,1,5,3
CHEMBL598846,310.744,3.2240800000000016,74.73,1,5,3
CHEMBL598847,235.29,2.9934000000000003,30.71,0,3,3
CHEMBL608153,260.3,2.8650800000000007,54.5,0,4,3
CHEMBL607855,276.29900000000004,2.5706800000000003,74.73,1,5,3
CHEMBL598020,310.744,3.2240800000000016,74.73,1,5,3
CHEMBL589738,260.3,2.8650800000000007,54.5,0,4,3
CHEMBL598223,310.744,3.2240800000000016,74.73,1,5,3
CHEMBL598224,302.38100000000003,3.7945800000000025,54.5,0,4,4
CHEMBL605418,318.38000000000005,3.500180000000002,74.73,1,5,4
CHEMBL597416,352.82500000000005,4.153580000000003,74.73,1,5,4
CHEMBL589974,294.745,3.518480000000002,54.5,0,4,3
CHEMBL1097041,321.4050000000001,3.4342000000000024,39.82,0,5,3
CHEMBL1097042,288.302,4.318800000000003,50.44,1,3,1
CHEMBL1097043,333.4100000000001,4.9429200000000035,22.75,0,3,4
CHEMBL1095413,370.33000000000004,4.6510000000000025,44.12,0,4,3
CHEMBL1094426,291.32900000000006,4.014400000000003,22.75,0,3,3
CHEMBL1094427,527.6450000000002,8.393300000000002,52.33,0,5,8
CHEMBL1094428,380.28900000000004,5.257900000000004,22.75,0,3,4
CHEMBL1098737,334.8060000000001,4.600200000000004,34.89,0,3,2
CHEMBL1098424,226.25400000000002,3.223700000000001,17.82,0,2,2
CHEMBL1098425,217.228,2.034,60.96,0,4,4
CHEMBL1098426,354.4020000000001,4.264600000000003,86.99000000000001,3,5,4
CHEMBL1096744,439.5360000000002,6.4923000000000055,48.42,0,5,6
CHEMBL1098382,356.37400000000014,3.188600000000002,63.22000000000001,0,6,6
CHEMBL1097371,250.33799999999997,2.291300000000001,46.53,1,3,0
CHEMBL50,302.23800000000006,1.988,131.36,5,7,1
CHEMBL52,302.37,3.5664000000000033,80.92,4,4,5
CHEMBL276915,238.242,3.1656000000000013,50.44,1,3,1
CHEMBL275638,222.243,3.4600000000000017,30.21,0,2,1
CHEMBL300814,254.24099999999999,2.8712000000000018,70.67,2,4,1
CHEMBL441260,244.28999999999994,2.3397000000000006,43.370000000000005,0,3,0
CHEMBL87477,285.343,3.4650000000000016,53.71000000000001,1,4,5
CHEMBL86928,287.35900000000004,3.0798000000000014,53.71000000000001,1,4,6
CHEMBL324290,255.31699999999998,3.4564000000000012,44.480000000000004,1,3,4
CHEMBL162549,231.21099999999998,1.6741999999999997,78.03,0,5,4
CHEMBL162431,201.22900000000004,1.3482,60.910000000000004,1,4,3
CHEMBL369471,330.336,2.083400000000001,107.22000000000001,4,6,4
CHEMBL1096439,326.34800000000007,3.1800000000000015,53.99000000000001,0,5,5
CHEMBL1097980,308.76800000000003,4.920400000000003,30.96,0,3,3
CHEMBL1097763,300.266,2.147919999999999,111.9,3,5,4
CHEMBL1097764,246.30599999999995,2.3719,38.83,0,3,0
CHEMBL1099308,218.29599999999994,2.850500000000001,26.3,0,2,0
CHEMBL1094331,386.40000000000015,3.1972000000000023,72.45,0,7,7
CHEMBL1094149,341.36300000000006,2.454520000000001,83.91,1,5,5
CHEMBL1094154,282.339,2.9666000000000015,46.53,1,3,4
CHEMBL1083663,321.29200000000003,3.0992000000000015,91.17,0,6,3
CHEMBL1083664,321.29200000000003,3.0992000000000015,91.17,0,6,3
CHEMBL1083665,337.36000000000007,3.567700000000002,78.03,0,6,3
CHEMBL1083970,322.2800000000001,2.4942,104.06,0,7,3
CHEMBL1083971,276.295,3.1910000000000016,48.03,0,4,2
CHEMBL1083353,292.363,3.659500000000002,34.89,0,4,2
CHEMBL1083354,276.295,3.1910000000000016,48.03,0,4,2
CHEMBL1083652,276.295,3.1910000000000007,48.03,0,4,2
CHEMBL1083653,295.298,3.6319000000000017,70.19,0,5,5
CHEMBL1085936,311.36600000000004,3.990800000000003,60.96,0,5,5
CHEMBL1082760,250.301,3.723700000000002,27.05,0,3,4
CHEMBL1172396,212.29600000000002,2.6362000000000005,52.04,2,2,3
CHEMBL1172400,311.33700000000005,3.2898000000000014,78.62,1,5,4
CHEMBL1172402,227.263,2.8504000000000005,66.48,3,3,2
CHEMBL1171628,210.28,3.0214000000000008,52.04,2,2,2
CHEMBL1171091,225.295,2.6036,78.06,3,3,2
CHEMBL1171680,257.33299999999997,3.071200000000001,44.480000000000004,1,3,5
CHEMBL1171818,257.33299999999997,3.071200000000001,44.480000000000004,1,3,5
CHEMBL1173641,255.31699999999998,3.4564000000000012,44.480000000000004,1,3,4
CHEMBL1173699,255.317,3.4564000000000012,44.480000000000004,1,3,4
CHEMBL1173700,255.31699999999998,3.4564000000000012,44.480000000000004,1,3,4
CHEMBL1172937,255.31699999999998,3.4564000000000012,44.480000000000004,1,3,4
CHEMBL1173065,285.343,3.4650000000000016,53.71000000000001,1,4,5
CHEMBL1173067,285.343,3.4650000000000016,53.71000000000001,1,4,5
CHEMBL1173129,239.27399999999997,3.167900000000002,44.480000000000004,1,3,2
CHEMBL1173130,239.27399999999997,3.1679000000000013,44.480000000000004,1,3,2
CHEMBL1173131,270.24399999999997,3.6734000000000027,86.28,0,4,4
CHEMBL1170662,255.31699999999998,3.4564000000000012,44.480000000000004,1,3,4
CHEMBL1170663,285.343,3.4650000000000016,53.71000000000001,1,4,5
CHEMBL1173573,225.291,3.447800000000001,35.25,1,2,3
CHEMBL366773,286.17199999999997,4.330900000000003,12.89,0,1,1
CHEMBL1170678,365.3890000000001,4.049300000000003,79.42,0,6,7
CHEMBL1170893,335.4070000000001,3.723300000000002,62.3,1,5,6
CHEMBL1172882,261.324,4.045000000000003,33.120000000000005,1,2,3
CHEMBL1171987,260.34,3.9216000000000024,38.91,1,2,3
CHEMBL1173326,300.40500000000003,5.172500000000005,38.91,1,2,3
CHEMBL1173327,275.3550000000001,3.503800000000001,64.92999999999999,2,3,3
CHEMBL1171991,315.42,4.754700000000003,64.92999999999999,2,3,3
CHEMBL1172842,351.44900000000007,6.449100000000006,33.120000000000005,1,2,3
CHEMBL1173259,301.389,5.295900000000005,33.120000000000005,1,2,3
CHEMBL1173260,279.314,4.184100000000003,33.120000000000005,1,2,3
CHEMBL1173335,319.379,5.435000000000004,33.120000000000005,1,2,3
CHEMBL1172779,277.32300000000004,3.7506000000000026,53.35000000000001,2,3,3
CHEMBL1172847,317.38800000000003,5.0015000000000045,53.35000000000001,2,3,3
CHEMBL1215664,277.32300000000004,3.5359000000000016,53.35,2,3,3
CHEMBL1215665,260.34000000000003,3.9216000000000024,38.91,1,2,3
CHEMBL1629800,272.43199999999996,4.764300000000004,17.07,0,1,0
CHEMBL1629801,274.448,4.556100000000004,20.23,1,1,0
CHEMBL1629803,290.44700000000006,3.767300000000003,32.76,1,2,0
CHEMBL1630260,358.5220000000002,5.579400000000006,43.370000000000005,0,3,3
CHEMBL1630262,386.57600000000025,6.3596000000000075,43.370000000000005,0,3,5
CHEMBL1630263,392.53900000000027,6.093100000000006,43.370000000000005,0,3,2
CHEMBL1630264,330.46800000000013,4.799200000000004,43.370000000000005,0,3,1
CHEMBL1630265,346.46700000000016,3.771600000000003,63.60000000000001,1,4,2
CHEMBL1630268,288.43100000000004,3.8792000000000035,37.3,1,2,0
CHEMBL1630269,330.46800000000013,4.450000000000005,43.370000000000005,0,3,1
CHEMBL1630270,330.46800000000013,4.450000000000005,43.370000000000005,0,3,1
CHEMBL1630271,346.46700000000016,3.4224000000000023,63.6,1,4,2
CHEMBL1630272,288.43100000000004,3.8792000000000035,37.3,1,2,0
CHEMBL1630276,286.459,5.154400000000005,17.07,0,1,0
CHEMBL1630277,300.48600000000005,5.5445000000000055,17.07,0,1,1
CHEMBL1630278,314.5130000000001,5.934600000000007,17.07,0,1,2
CHEMBL1630279,288.43100000000004,4.167300000000004,34.14,0,2,0
CHEMBL1630909,318.41300000000007,3.699600000000003,63.6,1,4,0
CHEMBL1630910,272.43199999999996,4.908400000000004,17.07,0,1,0
CHEMBL1672974,446.49200000000025,2.8689799999999996,127.13,1,8,7
CHEMBL1672975,525.3880000000003,3.6314800000000016,127.13,1,8,7
CHEMBL1672976,446.4920000000001,2.8689800000000014,127.13,1,8,7
CHEMBL1672977,464.4820000000001,3.0080800000000014,127.13,1,8,7
CHEMBL1672978,480.93700000000007,3.522380000000002,127.13,1,8,7
CHEMBL1672979,525.3880000000001,3.6314800000000016,127.13,1,8,7
CHEMBL1672980,476.51800000000014,2.877580000000001,136.35999999999999,1,9,8
CHEMBL1672981,464.4820000000001,3.0080800000000014,127.13,1,8,7
CHEMBL1672982,471.5020000000001,2.740660000000001,150.92,1,9,7
CHEMBL1688890,366.80400000000003,4.270200000000003,57.260000000000005,0,5,5
CHEMBL1688891,350.34900000000005,3.7559000000000022,57.260000000000005,0,5,5
CHEMBL1688892,400.35600000000005,4.635600000000004,57.260000000000005,0,5,5
CHEMBL1688893,346.38600000000014,3.925220000000003,57.260000000000005,0,5,5
CHEMBL1688894,416.3550000000001,4.515400000000003,66.49000000000001,0,6,6
CHEMBL1688895,377.3560000000001,3.525000000000002,100.4,0,7,6
CHEMBL518414,478.45000000000016,0.13229999999999975,186.37,7,11,8
CHEMBL1389987,244.29800000000003,1.4066199999999998,59.81,1,4,5
CHEMBL1485809,352.39000000000004,3.1963000000000017,62.580000000000005,0,6,8
CHEMBL1521315,288.3070000000001,1.9198199999999999,90.06,1,5,6
CHEMBL1688896,350.34900000000005,3.7559000000000022,57.260000000000005,0,5,5
CHEMBL1688897,366.80400000000003,4.270200000000003,57.260000000000005,0,5,5
CHEMBL1688898,362.3850000000001,3.6254000000000026,66.49000000000001,0,6,6
CHEMBL1688899,416.3550000000001,4.515400000000003,66.49000000000001,0,6,6
CHEMBL1688900,368.33900000000006,3.895000000000003,57.260000000000005,0,5,5
CHEMBL1688901,368.33900000000006,3.895000000000003,57.260000000000005,0,5,5
CHEMBL1688902,336.32200000000006,3.9692000000000025,57.260000000000005,0,5,4
CHEMBL1688903,352.7770000000001,4.483500000000003,57.260000000000005,0,5,4
CHEMBL1688904,348.3580000000001,3.838700000000002,66.49000000000001,0,6,5
CHEMBL1688905,332.3590000000001,4.138520000000002,57.260000000000005,0,5,4
CHEMBL1688906,352.7770000000001,4.483500000000003,57.260000000000005,0,5,4
CHEMBL1688907,343.3420000000001,3.701780000000002,81.05,0,6,4
CHEMBL1688908,360.3690000000001,4.032700000000003,74.33000000000001,0,6,5
CHEMBL1688909,361.40100000000007,3.8961000000000023,60.5,0,6,5
CHEMBL1688910,354.31200000000007,4.1083000000000025,57.260000000000005,0,5,4
CHEMBL1688911,354.31200000000007,4.1083000000000025,57.260000000000005,0,5,4
CHEMBL1688912,317.34800000000007,3.7814000000000023,60.06,1,5,4
CHEMBL1688913,242.234,1.7433999999999998,68.26,1,5,2
CHEMBL1688914,332.35900000000015,3.6358000000000015,57.260000000000005,0,5,4
CHEMBL1688915,394.4300000000002,5.419500000000005,57.260000000000005,0,5,5
CHEMBL1688916,430.4100000000002,5.697700000000004,57.260000000000005,0,5,5
CHEMBL1688917,428.87500000000017,6.072900000000003,57.260000000000005,0,5,5
CHEMBL1688918,419.44000000000005,5.291180000000004,81.05,0,6,5
CHEMBL1688919,394.43000000000006,5.419500000000005,57.26,0,5,5
CHEMBL1689257,594.5660000000004,-1.1084000000000005,225.05999999999997,8,14,11
CHEMBL1689258,610.5650000000005,-1.4028000000000012,245.28999999999996,9,15,11
CHEMBL1689259,610.5650000000003,-1.4028000000000005,245.28999999999996,9,15,11
CHEMBL1783176,326.3990000000001,5.149500000000004,27.05,0,3,2
CHEMBL1783177,342.39800000000014,4.855100000000003,47.28,1,4,2
CHEMBL1783178,351.4090000000001,5.021180000000004,50.84,0,4,2
CHEMBL1784788,344.201,4.465900000000002,47.78,0,4,4
CHEMBL1784789,323.37400000000014,1.022899999999999,82.45,1,6,6
CHEMBL1784790,327.3400000000002,1.3131000000000002,90.38,1,7,5
CHEMBL1784791,375.4250000000002,1.3789999999999991,75.05,0,7,7
CHEMBL1784792,356.3820000000001,1.3133000000000001,86.55000000000001,0,7,3
CHEMBL1784793,378.4320000000002,2.5396,78.27000000000001,1,6,7
CHEMBL1784794,311.38900000000007,2.621220000000001,75.6,2,4,5
CHEMBL1784796,531.5220000000003,0.7850199999999997,217.22,6,11,13
CHEMBL1784797,390.4910000000001,3.2154000000000016,85.59,1,6,7
CHEMBL1784798,311.31600000000003,3.4532000000000016,56.150000000000006,1,4,5
CHEMBL1784800,354.385,2.9651000000000014,69.03999999999999,1,5,6
CHEMBL1784801,391.53700000000015,3.2901000000000025,64.43,0,5,5
CHEMBL1784803,404.8980000000002,3.7370200000000025,63.33000000000001,0,7,6
CHEMBL1784804,509.60600000000017,2.2231199999999998,128.02999999999997,1,8,6
CHEMBL1784805,349.412,1.1753999999999993,81.50000000000001,0,6,5
CHEMBL1784806,359.451,2.803600000000001,73.22,1,5,8
CHEMBL14192,158.204,1.9313999999999998,17.82,0,2,2
CHEMBL336638,234.302,3.5208000000000013,17.82,0,2,3
CHEMBL1303900,307.41900000000004,2.1769600000000002,63.99,1,4,6
CHEMBL1351273,364.254,2.567100000000001,73.22,1,5,7
CHEMBL1538978,362.45500000000004,1.6552,84.30000000000001,1,5,9
CHEMBL1784807,309.391,1.5687199999999994,73.22,1,5,7
CHEMBL1784808,351.4720000000001,2.5578000000000003,73.22,1,5,7
CHEMBL1784809,313.354,1.3993999999999995,73.22,1,5,7
CHEMBL1784810,340.358,3.5833000000000013,69.03999999999999,1,5,5
CHEMBL1784811,303.337,1.4923000000000002,47.36,0,4,4
CHEMBL1784812,329.356,1.0818999999999996,65.82,0,6,4
CHEMBL1784813,364.427,1.3611999999999997,102.32,2,6,6
CHEMBL1824742,327.391,3.6116600000000023,78.29,0,5,5
CHEMBL1824743,369.4720000000001,4.781960000000005,78.29,0,5,8
CHEMBL1824744,383.4990000000001,5.172060000000005,78.29,0,5,9
CHEMBL1824745,425.5800000000001,6.342360000000007,78.29,0,5,12
CHEMBL1824746,367.4560000000002,4.706860000000003,78.29,0,5,4
CHEMBL1824747,361.408,4.326160000000003,78.29,0,5,4
CHEMBL1824748,391.434,4.238160000000003,87.52,0,6,6
CHEMBL1824749,425.879,4.891560000000004,87.52,0,6,6
CHEMBL1824750,416.44400000000013,4.109840000000003,111.31,0,7,6
CHEMBL1824751,436.4310000000001,4.146360000000003,130.66,0,8,7
CHEMBL1824752,405.4610000000001,4.546580000000004,87.52,0,6,6
CHEMBL1824753,421.46000000000015,4.246760000000004,96.75,0,7,7
CHEMBL1824754,467.5320000000001,5.905160000000005,87.52,0,6,7
CHEMBL1824755,235.29,2.9158,30.71,0,3,3
CHEMBL1824756,277.37100000000004,3.8683000000000023,30.71,0,3,5
CHEMBL1824757,319.45200000000006,5.038600000000005,30.71,0,3,8
CHEMBL1824758,333.47900000000004,5.428700000000005,30.71,0,3,9
CHEMBL1824759,375.56000000000006,6.599000000000007,30.71,0,3,12
CHEMBL1824760,317.436,4.963500000000003,30.71,0,3,4
CHEMBL1824761,311.38800000000003,4.582800000000003,30.71,0,3,4
CHEMBL1824762,341.41400000000004,4.494800000000003,39.94,0,4,6
CHEMBL1824763,375.8590000000001,5.1482000000000046,39.94,0,4,6
CHEMBL1824764,366.42400000000004,4.366480000000004,63.73,0,5,6
CHEMBL1824765,386.41100000000006,4.403000000000004,83.08,0,6,7
CHEMBL1824766,355.44100000000003,4.803220000000004,39.94,0,4,6
CHEMBL1824767,371.44000000000005,4.503400000000004,49.17,0,5,7
CHEMBL1824768,417.51200000000006,6.161800000000006,39.94,0,4,7
CHEMBL1824769,184.20200000000003,1.1980799999999998,54.5,0,4,2
CHEMBL1825017,184.20200000000003,1.1980799999999998,54.5,0,4,2
CHEMBL1825018,159.192,1.3263999999999998,30.71,0,3,2
CHEMBL1825019,159.192,1.3263999999999998,30.71,0,3,2
CHEMBL1825020,184.202,1.1980799999999998,54.5,0,4,2
CHEMBL1825021,159.192,1.3263999999999998,30.71,0,3,2
CHEMBL1825022,285.31,2.65916,78.29,0,5,3
CHEMBL1825023,235.29,2.9158,30.71,0,3,3
CHEMBL1825024,235.29,2.9158,30.71,0,3,3
CHEMBL1825025,226.28300000000002,2.1505799999999997,54.5,0,4,4
CHEMBL1825026,268.364,3.3208800000000016,54.5,0,4,7
CHEMBL165,228.247,2.9738000000000016,60.69,3,3,2
CHEMBL272339,265.31600000000003,2.905400000000001,39.94,0,4,5
CHEMBL1454842,240.29100000000003,2.6621000000000006,51.56,0,5,2
CHEMBL1601919,238.31500000000003,3.8721000000000014,25.78,0,3,2
CHEMBL1728910,221.219,2.617260000000001,69.69999999999999,0,4,2
CHEMBL1825027,282.39099999999996,3.710980000000002,54.5,0,4,8
CHEMBL1825028,324.47200000000004,4.881280000000005,54.5,0,4,11
CHEMBL1825029,266.34799999999996,3.2457800000000017,54.5,0,4,3
CHEMBL1825030,260.3,2.8650800000000007,54.5,0,4,3
CHEMBL1825031,290.326,2.7770800000000007,63.730000000000004,0,5,5
CHEMBL1825032,324.771,3.430480000000002,63.730000000000004,0,5,5
CHEMBL1825033,315.336,2.6487600000000002,87.52,0,6,5
CHEMBL1825034,335.323,2.6852800000000006,106.87,0,7,6
CHEMBL1825035,304.353,3.0855000000000015,63.730000000000004,0,5,5
CHEMBL1825036,320.35200000000003,2.785680000000001,72.96000000000001,0,6,6
CHEMBL1825037,366.42400000000004,4.444080000000004,63.730000000000004,0,5,6
CHEMBL1825038,201.27300000000002,2.2789,30.71,0,3,4
CHEMBL1825039,243.354,3.449200000000002,30.71,0,3,7
CHEMBL1825040,257.381,3.8393000000000024,30.71,0,3,8
CHEMBL1825041,299.462,5.009600000000004,30.71,0,3,11
CHEMBL1825042,241.33799999999994,3.374100000000002,30.71,0,3,3
CHEMBL1825043,235.29000000000005,2.993400000000001,30.71,0,3,3
CHEMBL1825044,299.761,3.5588000000000015,39.94,0,4,5
CHEMBL1825045,290.326,2.7770800000000007,63.73,0,5,5
CHEMBL1825046,310.313,2.813600000000001,83.08,0,6,6
CHEMBL1825047,279.343,3.213820000000002,39.94,0,4,5
CHEMBL1825048,295.34200000000004,2.9140000000000015,49.17,0,5,6
CHEMBL1825049,341.41400000000004,4.5724000000000045,39.94,0,4,6
CHEMBL1915151,314.34100000000007,2.390200000000001,71.63,1,4,3
CHEMBL1915152,286.37500000000006,2.723600000000001,45.330000000000005,1,3,3
CHEMBL1915156,384.45700000000016,2.764920000000001,79.47,1,4,3
CHEMBL1915159,308.3590000000001,1.0272,79.47,1,4,2
CHEMBL1915161,284.3590000000001,2.4776000000000007,45.330000000000005,1,3,3
CHEMBL1915167,315.37300000000005,2.1856,74.43,2,3,2
CHEMBL1915176,272.34799999999996,2.6352,56.33,2,2,3
CHEMBL1915401,336.391,2.9734000000000016,65.56,2,4,3
CHEMBL1915403,322.36400000000003,2.8850000000000016,76.56,3,3,3
CHEMBL1939366,240.29100000000003,2.6621000000000006,51.56,0,5,2
CHEMBL1939552,268.345,3.0365,77.82,2,5,2
CHEMBL1956171,196.209,2.7455800000000004,45.91,0,3,2
CHEMBL1956175,301.349,4.357680000000002,57.94,1,4,5
CHEMBL1956179,289.294,3.9328800000000026,68.03,0,5,4
CHEMBL1956180,322.751,5.191280000000003,55.14,0,4,4
CHEMBL1955869,219.247,2.8971800000000005,41.61,0,3,1
CHEMBL1956183,228.68200000000002,3.6789000000000014,17.82,0,2,1
CHEMBL1956186,242.709,3.987320000000002,17.82,0,2,1
CHEMBL1956188,311.344,4.689480000000003,50.84,0,4,3
CHEMBL1957208,318.199,4.029600000000002,38.67,0,4,2
CHEMBL1957209,269.329,3.2757000000000014,47.900000000000006,0,5,3
CHEMBL1957210,256.30500000000006,4.011200000000001,25.78,0,3,2
CHEMBL1077603,288.43100000000004,3.8792000000000035,37.3,1,2,0
CHEMBL1165711,254.285,3.054100000000001,35.53,0,3,2
CHEMBL1957211,272.76000000000005,4.525500000000003,25.78,0,3,2
CHEMBL1957212,317.211,4.6346000000000025,25.78,0,3,2
CHEMBL1957213,268.341,3.880700000000002,35.010000000000005,0,4,3
CHEMBL1957214,239.30300000000003,3.267100000000003,38.67,0,4,2
CHEMBL1957215,254.31400000000005,3.577700000000002,46.010000000000005,1,4,2
CHEMBL1957216,273.74800000000005,3.9205000000000023,38.67,0,4,2
CHEMBL1957217,269.32900000000006,3.2757000000000023,47.900000000000006,0,5,3
CHEMBL1957218,253.33,3.575520000000002,38.67,0,4,2
CHEMBL1957219,318.199,4.029600000000002,38.67,0,4,2
CHEMBL1957220,318.199,4.029600000000002,38.67,0,4,2
CHEMBL1957221,269.329,3.275700000000003,47.900000000000006,0,5,3
CHEMBL1957222,283.356,3.6658000000000035,47.900000000000006,0,5,4
CHEMBL1957223,269.329,3.275700000000003,47.900000000000006,0,5,3
CHEMBL2011171,224.259,3.0455000000000014,26.3,0,2,1
CHEMBL2011172,238.286,3.3539200000000013,26.3,0,2,1
CHEMBL2011173,238.28600000000003,3.3539200000000013,26.3,0,2,1
CHEMBL2011174,238.286,3.3539200000000013,26.3,0,2,1
CHEMBL2011175,238.28600000000003,3.3539200000000022,26.3,0,2,1
CHEMBL2011176,274.31899999999996,4.198700000000002,26.3,0,2,1
CHEMBL2011177,316.356,4.837800000000004,35.53,0,3,3
CHEMBL2011180,254.285,3.054100000000001,35.53,0,3,2
CHEMBL2011181,254.28499999999997,3.054100000000001,35.53,0,3,2
CHEMBL2011182,254.285,3.054100000000002,35.53,0,3,2
CHEMBL2011183,254.285,3.054100000000001,35.53,0,3,2
CHEMBL2011184,284.311,3.0627000000000013,44.760000000000005,0,4,3
CHEMBL2011185,230.28799999999998,3.107000000000002,26.3,0,3,1
CHEMBL2011186,225.24699999999999,2.4405,39.19,0,3,1
CHEMBL2011187,242.249,3.1846000000000014,26.3,0,2,1
CHEMBL2011188,258.704,3.698900000000002,26.3,0,2,1
CHEMBL2011189,303.155,3.8080000000000016,26.3,0,2,1
CHEMBL2011190,280.3670000000001,4.343000000000004,26.3,0,2,1
CHEMBL2011191,240.258,2.3639,46.53,1,3,1
CHEMBL2011192,240.25799999999998,2.751100000000001,46.53,1,3,1
CHEMBL2058266,288.43100000000004,4.119600000000004,29.6,0,2,0
CHEMBL2058267,272.432,4.764300000000004,17.07,0,1,0
CHEMBL2058268,288.43100000000004,3.975500000000004,29.6,0,2,0
CHEMBL2163639,293.37000000000006,2.7178000000000013,38.13,0,3,3
CHEMBL2163641,265.316,2.2374,38.13,0,3,2
CHEMBL2163646,359.429,3.364700000000002,47.36,0,4,4
CHEMBL2165317,282.34299999999996,3.056300000000001,42.43,0,3,3
CHEMBL2165318,308.38100000000003,3.9547000000000025,51.22,1,3,3
CHEMBL2165319,322.40800000000013,3.9790000000000036,42.43000000000001,0,3,3
CHEMBL2165320,330.387,4.212300000000003,51.22,1,3,4
CHEMBL2165321,344.41400000000004,4.236600000000004,42.43000000000001,0,3,4
CHEMBL2165322,303.15900000000005,3.395800000000002,41.99,1,2,1
CHEMBL2165323,300.36100000000005,4.300300000000003,41.99,1,2,2
CHEMBL2165324,301.34900000000005,3.6953000000000022,54.88,1,3,2
CHEMBL2165325,306.39000000000004,4.361800000000002,41.99,1,3,2
CHEMBL446083,238.29000000000002,2.6576000000000004,33.2,0,2,1
CHEMBL1200374,296.41,4.029500000000003,34.14,0,2,0
CHEMBL2165313,240.26200000000003,2.3388999999999998,62.22,2,3,1
CHEMBL2165314,254.289,2.6418999999999997,51.22,1,3,2
CHEMBL2165315,268.316,2.666200000000001,42.43,0,3,2
CHEMBL2165316,268.3159999999999,3.032,51.22,1,3,3
CHEMBL2179107,314.425,3.4883000000000024,43.370000000000005,0,3,1
CHEMBL2179108,328.45200000000006,3.8784000000000027,43.370000000000005,0,3,2
CHEMBL2179109,352.47400000000005,3.881800000000003,43.370000000000005,0,3,2
CHEMBL2179110,366.50100000000003,4.271900000000004,43.370000000000005,0,3,2
CHEMBL2179111,380.52800000000013,4.662000000000004,43.370000000000005,0,3,3
CHEMBL2179112,394.5550000000002,5.052100000000006,43.370000000000005,0,3,4
CHEMBL2179113,436.63600000000025,6.2224000000000075,43.370000000000005,0,3,7
CHEMBL2179114,368.47300000000024,2.8542000000000014,63.6,1,4,2
CHEMBL2235950,374.44000000000017,4.183200000000003,53.35,0,5,7
CHEMBL2235951,374.44000000000017,4.183200000000003,53.35,0,5,7
CHEMBL2235952,344.41400000000004,4.174600000000003,44.120000000000005,0,4,6
CHEMBL2235953,344.41400000000004,4.174600000000003,44.120000000000005,0,4,6
CHEMBL2282047,498.66700000000026,6.446500000000007,61.190000000000005,0,5,6
CHEMBL2282050,498.66700000000026,6.446500000000007,61.190000000000005,0,5,6
CHEMBL2282053,502.69900000000024,6.030100000000006,67.51,2,5,6
CHEMBL2311553,264.32800000000003,2.5077000000000007,33.2,0,2,2
CHEMBL2312949,276.339,2.9784000000000015,33.2,0,2,2
CHEMBL2312950,278.355,3.0687000000000015,33.2,0,2,2
CHEMBL2312951,306.4090000000001,3.704800000000003,33.2,0,2,3
CHEMBL2312952,346.47400000000016,4.629100000000004,33.2,0,2,3
CHEMBL2312953,356.4250000000002,3.201100000000002,53.43,1,3,3
CHEMBL2312954,340.42600000000016,4.097100000000003,33.2,0,2,3
CHEMBL2312955,370.4520000000002,4.105700000000003,42.43,0,3,4
CHEMBL2312956,370.4520000000002,4.105700000000003,42.43,0,3,4
CHEMBL2312957,370.4520000000002,4.105700000000003,42.43,0,3,4
CHEMBL2312958,358.41600000000017,4.236200000000004,33.2,0,2,3
CHEMBL2312959,358.41600000000017,4.236200000000004,33.2,0,2,3
CHEMBL2312960,374.87100000000015,4.750500000000003,33.2,0,2,3
CHEMBL2312961,374.87100000000015,4.750500000000004,33.2,0,2,3
CHEMBL2312962,354.4530000000002,4.405520000000003,33.2,0,2,3
CHEMBL2312963,476.4200000000002,6.134700000000003,33.2,0,2,3
CHEMBL2312965,264.32800000000003,2.5077000000000007,33.2,0,2,2
CHEMBL2312968,340.42600000000016,4.097100000000003,33.2,0,2,3
CHEMBL2312969,370.4520000000002,4.105700000000003,42.43,0,3,4
CHEMBL2312971,374.87100000000015,4.750500000000003,33.2,0,2,3
CHEMBL2312972,358.41600000000017,4.236200000000004,33.2,0,2,3
CHEMBL2333330,320.34800000000007,3.5897000000000023,57.260000000000005,0,5,4
CHEMBL2333331,334.37500000000006,3.978200000000003,57.260000000000005,0,5,4
CHEMBL2333332,362.4290000000001,4.615900000000004,57.260000000000005,0,5,6
CHEMBL2333333,348.4020000000001,4.368300000000004,57.260000000000005,0,5,5
CHEMBL2333334,346.386,3.9798000000000027,57.26,0,5,5
CHEMBL2333335,360.413,4.512400000000003,57.26,0,5,4
CHEMBL2333336,292.294,2.8966000000000003,68.25999999999999,1,5,2
CHEMBL2333337,291.31000000000006,2.773200000000001,74.05000000000001,1,5,2
CHEMBL149791,316.4,5.466900000000006,40.46,2,2,4
CHEMBL1093458,373.49600000000004,5.359500000000005,41.49,2,3,8
CHEMBL2137046,387.523,5.701700000000005,32.7,1,3,8
CHEMBL2333326,310.74,3.844400000000003,48.03,0,4,2
CHEMBL2333327,402.1910000000001,3.795600000000003,48.03,0,4,2
CHEMBL2333328,352.3930000000001,4.858000000000004,48.03,0,4,3
CHEMBL2333329,306.3210000000001,3.199600000000002,57.260000000000005,0,5,3
CHEMBL2336847,303.36500000000007,3.8839000000000032,31.98,0,4,4
CHEMBL2336848,321.3550000000001,4.023000000000003,31.98,0,4,4
CHEMBL2336849,371.362,4.902700000000004,31.98,0,4,4
CHEMBL2336850,328.37500000000006,3.755580000000003,55.769999999999996,0,5,4
CHEMBL2336851,317.39200000000005,4.192320000000003,31.98,0,4,4
CHEMBL2336852,333.3910000000001,3.8925000000000027,41.21,0,5,5
CHEMBL2336853,337.81000000000006,4.537300000000004,31.98,0,4,4
CHEMBL2336854,321.8110000000001,4.837120000000003,22.75,0,3,3
CHEMBL2336855,342.2290000000001,5.182100000000002,22.75,0,3,3
CHEMBL2336856,291.32900000000006,4.014400000000003,22.75,0,3,3
CHEMBL2336857,287.3660000000001,4.183720000000003,22.75,0,3,3
CHEMBL2336858,303.36500000000007,3.8839000000000024,31.98,0,4,4
CHEMBL2336859,341.336,4.8941000000000034,22.75,0,3,3
CHEMBL2336860,273.33900000000006,3.875300000000003,22.75,0,3,3
CHEMBL2336861,287.3660000000001,4.183720000000003,22.75,0,3,3
CHEMBL2336862,301.3930000000001,4.492140000000004,22.75,0,3,3
CHEMBL2336863,317.39200000000005,4.192320000000003,31.98,0,4,4
CHEMBL2336864,305.35600000000005,4.322820000000003,22.75,0,3,3
CHEMBL2336865,312.3760000000001,4.055400000000003,46.54,0,4,3
CHEMBL2386284,359.469,5.098800000000003,55.480000000000004,2,3,7
CHEMBL2386285,359.469,5.098800000000003,55.480000000000004,2,3,7
CHEMBL2386286,373.452,4.6254000000000035,72.55000000000001,2,3,7
CHEMBL2430196,232.264,2.474,57.760000000000005,2,5,1
CHEMBL2430197,262.28999999999996,2.488020000000001,77.99000000000001,3,6,1
CHEMBL2431524,320.4290000000001,2.253,74.6,2,4,0
CHEMBL2431525,304.43000000000006,3.764900000000003,57.53,2,3,0
CHEMBL2431526,306.446,2.9299000000000017,57.53,2,3,0
CHEMBL2431527,320.42900000000003,2.735700000000002,77.76,3,4,0
CHEMBL2442754,212.252,2.51682,48.91,2,2,1
CHEMBL2442756,324.3870000000001,4.627900000000002,46.5,1,3,3
CHEMBL2442757,354.41300000000007,4.636500000000003,55.730000000000004,1,4,4
CHEMBL2442758,352.4410000000001,5.1212000000000035,35.64,0,4,4
CHEMBL2442759,262.31600000000003,3.2693200000000013,46.5,1,3,2
CHEMBL2442760,352.4410000000001,5.121200000000004,35.64,0,4,4
CHEMBL2442762,353.4290000000001,4.516200000000003,48.53,0,5,4
CHEMBL2442764,226.235,2.7227200000000007,65.97999999999999,2,2,1
CHEMBL2442765,316.36000000000007,4.574600000000002,55.120000000000005,1,3,3
CHEMBL2442766,288.306,2.0486,51.019999999999996,0,4,2
CHEMBL2442772,274.32300000000004,3.8754000000000017,48.910000000000004,2,2,2
CHEMBL2440145,304.34900000000005,3.884000000000002,58.14,2,3,3
CHEMBL3099734,286.33400000000006,3.7524000000000024,34.89,0,3,2
CHEMBL3099735,286.33400000000006,3.7524000000000024,34.89,0,3,2
CHEMBL3350384,359.469,5.098800000000003,55.480000000000004,2,3,7
CHEMBL934,226.279,2.637100000000001,42.85,0,3,3
CHEMBL399910,256.257,2.804300000000002,66.76,2,4,1
CHEMBL451168,272.25600000000003,2.509900000000001,86.99000000000001,3,5,1
CHEMBL3099683,255.29599999999996,3.2096800000000014,41.61,0,3,1
CHEMBL3099686,301.73299999999995,2.2709799999999998,67.91,0,5,2
CHEMBL3099695,227.242,2.42948,41.61,0,3,1
CHEMBL3105517,242.249,3.1846000000000014,26.3,0,2,1
CHEMBL3105519,242.24899999999997,3.1846000000000014,26.3,0,2,1
CHEMBL3105520,242.24899999999997,3.1846000000000014,26.3,0,2,1
CHEMBL3105521,242.24899999999997,3.1846000000000014,26.3,0,2,1
CHEMBL3105522,260.2389999999999,3.3237000000000023,26.3,0,2,1
CHEMBL3105524,366.41600000000005,5.991000000000003,35.53,0,3,3
CHEMBL3105526,255.273,2.4491000000000005,48.42,0,4,2
CHEMBL3105527,243.237,2.5796,39.19,0,3,1
CHEMBL3105528,243.237,2.5796,39.19,0,3,1
CHEMBL3134107,538.5520000000002,5.881900000000007,133.52,4,8,7
CHEMBL3134108,538.5520000000002,5.881900000000007,133.52,4,8,7
CHEMBL3134109,300.31,2.770500000000001,75.99000000000001,2,5,3
CHEMBL3134110,328.36400000000003,3.3819200000000023,64.99000000000001,1,5,4
CHEMBL3134111,314.38100000000003,3.877840000000003,47.92,1,4,3
CHEMBL3134112,314.337,3.4246000000000025,64.99000000000001,1,5,4
CHEMBL3134113,314.337,3.078920000000001,75.99000000000001,2,5,3
CHEMBL3134114,328.364,3.7330200000000024,64.99000000000001,1,5,4
CHEMBL3134115,284.31100000000004,3.415720000000001,55.76,1,4,2
CHEMBL3219070,275.31100000000004,2.9261000000000017,50.68,1,3,2
CHEMBL3219600,254.289,2.6308000000000007,54.980000000000004,1,3,2
CHEMBL3221175,272.25600000000003,3.0395400000000015,75.99,2,5,0
CHEMBL3315157,332.39600000000013,2.4081000000000006,90.9,3,5,1
CHEMBL3359952,362.3850000000001,3.6254000000000017,66.49000000000001,0,6,6
CHEMBL3359953,377.3560000000001,3.525000000000002,100.4,0,7,6
CHEMBL3359954,390.4390000000001,4.405600000000003,66.49000000000001,0,6,8
CHEMBL3359955,390.4390000000001,4.4040000000000035,66.49000000000001,0,6,7
CHEMBL3359956,346.386,3.6593000000000027,57.260000000000005,0,5,6
CHEMBL3359957,392.4110000000002,3.634000000000002,75.72000000000001,0,7,7
CHEMBL3359958,422.43700000000024,3.6426000000000025,84.95000000000002,0,8,8
CHEMBL3359959,292.33799999999997,3.3450000000000015,44.120000000000005,0,4,6
CHEMBL3359960,292.33799999999997,3.3450000000000015,44.120000000000005,0,4,6
CHEMBL3359961,376.334,4.243600000000003,53.35000000000001,0,5,7
CHEMBL3359962,337.33500000000004,3.2532000000000023,87.26,0,6,7
CHEMBL3359963,317.348,3.216680000000001,67.91,0,5,6
CHEMBL3359964,376.33399999999995,4.243600000000003,53.35000000000001,0,5,7
CHEMBL3359965,293.32599999999996,2.740000000000001,57.010000000000005,0,5,6
CHEMBL3407536,312.40900000000005,3.242300000000002,46.67,0,3,0
CHEMBL3407537,312.409,3.240700000000002,46.67,0,3,0
CHEMBL3407538,298.42600000000004,3.8213000000000026,37.3,1,2,0
CHEMBL3407539,312.40900000000005,3.001900000000002,54.37,1,3,1
CHEMBL3421765,306.32099999999997,4.235800000000002,65.26,0,4,5
CHEMBL3421766,320.34799999999996,4.278300000000002,65.26,0,4,6
CHEMBL3421767,334.375,4.668400000000003,65.26,0,4,7
CHEMBL3421768,306.32099999999997,4.235800000000002,65.26,0,4,5
CHEMBL2430497,502.55200000000025,3.4737000000000027,116.32000000000001,1,8,9
CHEMBL2430498,502.55200000000025,3.473700000000002,116.32000000000001,1,8,9
CHEMBL2430499,464.54700000000014,3.472500000000002,95.34,1,7,9
CHEMBL2430501,539.5700000000002,3.2927000000000017,147.71,1,10,12
CHEMBL2430505,404.4950000000001,3.455300000000002,76.88,1,5,7
CHEMBL2430506,434.5210000000002,3.367300000000002,86.11,1,6,9
CHEMBL2430507,484.58100000000024,4.520500000000004,86.11,1,6,9
CHEMBL2430508,484.58100000000024,4.520500000000003,86.11,1,6,9
CHEMBL2430509,448.5480000000001,3.6757200000000028,86.11,1,6,9
CHEMBL2430510,462.5310000000002,3.179800000000002,103.18,1,7,10
CHEMBL2430511,479.5180000000002,3.275500000000002,129.25,1,8,10
CHEMBL2430512,448.5480000000002,3.675720000000002,86.11,1,6,9
CHEMBL3264672,488.56900000000024,3.7959000000000023,94.39,0,7,7
CHEMBL3264675,514.5630000000003,3.6997000000000027,107.53,0,8,6
CHEMBL3264679,520.6110000000002,3.9189200000000026,95.78,0,8,8
CHEMBL3264684,551.5810000000001,3.5187000000000026,138.92000000000002,0,10,9
CHEMBL3421764,276.339,3.9098000000000024,48.14,1,3,4
CHEMBL3421769,320.34799999999996,4.278300000000002,65.26,0,4,6
CHEMBL3421770,334.375,4.668400000000003,65.26,0,4,7
CHEMBL3421778,343.348,5.388900000000004,22.12,0,2,5
CHEMBL3421779,300.36099999999993,4.241780000000002,45.91,0,3,5
CHEMBL3421780,300.36099999999993,4.241780000000002,45.91,0,3,5
CHEMBL3421785,334.375,4.202100000000002,65.26,0,4,7
CHEMBL3421786,334.375,4.202100000000003,65.26,0,4,7
CHEMBL3422028,375.468,4.804400000000004,75.71000000000001,3,4,7
CHEMBL3422029,377.459,5.237900000000003,55.480000000000004,2,3,7
CHEMBL3422030,311.425,4.351600000000002,55.480000000000004,2,3,7
CHEMBL3422031,343.46999999999997,5.393200000000004,35.25,1,2,7
CHEMBL3422032,358.485,4.975400000000003,61.269999999999996,2,3,7
CHEMBL3422033,374.48400000000004,4.681000000000004,81.5,3,4,7
CHEMBL3422034,331.415,4.318600000000003,55.480000000000004,2,3,6
CHEMBL3422035,345.442,4.708700000000003,55.480000000000004,2,3,6
CHEMBL3422036,393.91400000000004,5.317700000000005,55.480000000000004,2,3,8
CHEMBL3422037,373.49600000000004,5.4889000000000046,55.480000000000004,2,3,8
CHEMBL3422038,373.49600000000004,5.344800000000004,55.480000000000004,2,3,7
CHEMBL3422039,407.5130000000001,5.737100000000005,55.480000000000004,2,3,7
CHEMBL3422040,370.45200000000006,4.602480000000003,79.27,2,4,7
CHEMBL3422041,411.50500000000005,4.585500000000004,73.3,2,5,8
CHEMBL3422042,412.49300000000005,3.980500000000003,86.19000000000001,2,6,8
CHEMBL3422043,412.49300000000005,3.980500000000003,86.19000000000001,2,6,8
CHEMBL3422044,412.49300000000005,3.980500000000003,86.19000000000001,2,6,8
CHEMBL3422045,357.453,4.635000000000004,55.480000000000004,2,3,5
CHEMBL3422046,360.453,5.132400000000005,49.69,2,3,7
CHEMBL3422047,374.436,5.224700000000004,66.76,2,3,7
CHEMBL3422050,373.496,5.4889000000000046,55.480000000000004,2,3,8
CHEMBL3422051,357.49699999999996,5.652600000000005,46.25,2,2,7
CHEMBL3422052,373.496,5.3582000000000045,66.48,3,3,7
CHEMBL3582472,289.26000000000005,3.850500000000002,30.71,0,3,2
CHEMBL3582477,329.3500000000001,3.9388000000000023,50.940000000000005,1,4,3
CHEMBL3582478,311.36000000000007,3.7997000000000023,50.940000000000005,1,4,3
CHEMBL2003274,375.51200000000006,5.175900000000005,47.03,0,3,1
CHEMBL3264681,548.6210000000001,3.813100000000003,112.85,0,9,9
CHEMBL3264682,564.6200000000002,3.3971000000000027,122.08,0,10,9
CHEMBL3264685,564.6200000000001,3.431600000000002,122.08,0,10,10
CHEMBL3589964,514.5630000000003,3.6997000000000027,107.53,0,8,6
CHEMBL3589965,574.615,3.7169000000000025,125.99,0,10,8
CHEMBL3589966,574.615,3.7169000000000025,125.99,0,10,8
CHEMBL3622054,337.408,2.9173800000000005,77.97000000000001,1,7,6
CHEMBL3622055,371.853,3.570780000000002,77.97000000000001,1,7,6
CHEMBL3622056,416.4880000000001,1.7940800000000001,127.13,1,9,8
CHEMBL3622057,450.93300000000016,2.4474800000000005,127.13,1,9,8
CHEMBL3622058,430.5150000000001,2.1841800000000005,127.13,1,9,9
CHEMBL3622059,458.56900000000013,2.964380000000001,127.13,1,9,11
CHEMBL3622060,383.43300000000005,1.98908,112.11000000000001,1,8,7
CHEMBL3622061,424.4860000000001,1.8068799999999998,127.13,1,8,6
CHEMBL3622062,420.4540000000001,2.35518,127.13,1,8,6
CHEMBL3622063,454.8990000000001,3.008580000000001,127.13,1,8,6
CHEMBL3622064,499.3500000000002,3.117680000000001,127.13,1,8,6
CHEMBL3622065,423.45800000000014,1.6566800000000002,132.06,1,9,7
CHEMBL3622066,437.48500000000024,1.7361799999999996,132.06,1,9,7
CHEMBL3622067,424.4420000000001,1.9906799999999998,140.27,1,9,7
CHEMBL3622069,334.44800000000004,4.278780000000003,54.5,0,5,5
CHEMBL3622070,429.52700000000016,2.8610800000000003,123.88999999999999,1,8,7
CHEMBL3622071,463.9720000000002,3.5144800000000016,123.88999999999999,1,8,7
CHEMBL3622072,508.4230000000002,3.6235800000000014,123.88999999999999,1,8,7
CHEMBL3622073,441.5380000000003,3.005180000000002,123.88999999999999,1,8,7
CHEMBL3622075,427.51100000000025,2.6150800000000007,123.88999999999999,1,8,7
CHEMBL3622076,413.4590000000001,2.50218,133.12,1,8,7
CHEMBL3622077,423.49800000000016,2.880280000000001,123.88999999999999,1,7,7
CHEMBL3622363,385.40900000000005,0.7797999999999993,130.81,1,9,5
CHEMBL3623208,313.44100000000003,4.227180000000004,57.93,0,3,2
CHEMBL3623209,318.45700000000005,3.851700000000003,46.53,1,3,0
CHEMBL3621226,311.425,4.003180000000003,57.93,0,3,2
CHEMBL3623213,352.478,4.135100000000003,51.96,0,4,1
CHEMBL3623214,350.46200000000005,3.911100000000003,51.96,0,4,1
CHEMBL3623215,328.456,3.3682000000000025,65.98,2,3,0
CHEMBL3623216,329.44000000000005,3.5145800000000023,81.32,2,4,0
CHEMBL3623217,421.6060000000003,5.748880000000008,61.09,1,4,2
CHEMBL3623218,304.40500000000003,4.035400000000004,34.14,0,2,0
CHEMBL3623219,314.46900000000005,4.723500000000005,34.14,0,2,1
CHEMBL3623222,300.3980000000001,3.076200000000002,43.370000000000005,0,3,0
CHEMBL3623223,324.46400000000006,4.665600000000005,34.14,0,2,2
CHEMBL3623225,301.39300000000003,4.495400000000004,22.75,0,3,4
CHEMBL3623226,293.30100000000004,3.8011000000000026,43.85,0,4,3
CHEMBL3623227,294.329,4.135400000000003,27.05,0,3,2
CHEMBL3623228,344.3190000000001,2.579100000000001,83.45000000000002,1,7,3
CHEMBL3623229,258.32099999999997,2.4293200000000006,55.120000000000005,1,3,5
CHEMBL3623230,257.336,4.842800000000003,4.93,0,1,2
CHEMBL3623231,462.32900000000006,2.716780000000001,123.88999999999999,1,7,7
CHEMBL3623232,387.396,1.94608,114.24,1,7,6
CHEMBL484584,378.5120000000003,5.494100000000006,43.370000000000005,0,3,2
CHEMBL2331704,334.423,3.617820000000002,52.830000000000005,0,5,3
CHEMBL3622434,324.38700000000017,4.094900000000002,43.6,0,4,2
CHEMBL3623212,532.7250000000004,6.038700000000007,76.74000000000001,2,6,7
CHEMBL3623220,390.48300000000023,4.464700000000003,79.28999999999999,2,4,2
CHEMBL3623221,390.48300000000023,4.464700000000003,79.28999999999999,2,4,2
CHEMBL3747562,388.88000000000005,3.2046800000000015,87.78,1,5,5
CHEMBL3752414,300.442,4.333400000000004,34.14,0,2,0
CHEMBL3753169,314.46900000000005,4.723500000000005,34.14,0,2,0
CHEMBL3753307,298.42600000000004,4.253500000000003,34.14,0,2,0
CHEMBL3754183,298.42600000000004,4.253500000000003,34.14,0,2,0
CHEMBL3753352,377.32200000000023,4.6269000000000045,34.14,0,2,0
CHEMBL3753611,402.57800000000026,6.256500000000006,34.14,0,2,4
CHEMBL3754516,330.4240000000001,3.238900000000002,60.440000000000005,0,4,2
CHEMBL3752351,344.45100000000014,3.6290000000000022,60.440000000000005,0,4,1
CHEMBL3752280,286.415,4.087400000000003,34.14,0,2,0
CHEMBL3754241,394.58000000000027,6.207400000000005,34.14,0,3,2
CHEMBL3754489,486.67700000000036,7.264900000000007,43.370000000000005,0,4,4
CHEMBL3752892,350.4990000000001,5.075300000000005,34.14,0,3,2
CHEMBL3754724,366.9540000000002,5.344600000000005,34.14,0,3,2
CHEMBL3754538,457.5920000000004,4.197100000000003,103.53,1,5,3
CHEMBL3753645,423.34700000000026,4.004000000000003,60.440000000000005,0,4,2
CHEMBL3751946,357.45000000000016,3.756300000000003,77.28,0,4,3
CHEMBL3753463,326.4360000000001,3.6785000000000023,51.21,0,3,2
CHEMBL3752191,521.6540000000005,4.593000000000004,98.76999999999998,1,7,4
CHEMBL3753778,427.5890000000003,3.9403000000000037,79.87,2,6,5
CHEMBL3752381,511.66300000000035,5.081900000000005,92.01000000000002,0,8,7
CHEMBL3753182,368.3950000000001,4.198900000000004,51.21,0,3,1
CHEMBL3752510,344.52000000000015,4.740700000000005,34.14,0,3,3
CHEMBL3753104,362.5100000000001,5.037900000000005,34.14,0,3,4
CHEMBL3752689,528.6930000000003,6.455100000000007,70.42000000000002,0,6,7
CHEMBL3752285,416.51700000000017,5.285600000000006,52.60000000000001,0,4,1
CHEMBL3753842,385.4640000000001,3.9178000000000033,109.2,0,5,2
CHEMBL3754157,405.5630000000003,5.903400000000005,46.5,0,4,0
CHEMBL3751913,404.55400000000026,4.525100000000005,55.120000000000005,1,4,2
CHEMBL3751984,314.42900000000003,3.0034000000000023,65.98,2,3,0
CHEMBL3751861,317.42900000000003,3.119000000000002,66.49000000000001,2,4,0
CHEMBL3752050,313.3970000000001,3.4765000000000024,60.17,0,4,0
CHEMBL3752637,315.413,3.268300000000002,63.33,1,4,0
CHEMBL3752166,400.56600000000014,5.563100000000006,32.67,0,3,1
CHEMBL3752216,430.5920000000002,5.571700000000005,41.9,0,4,2
CHEMBL3754253,462.6370000000001,7.137900000000007,32.67,0,3,2
CHEMBL3754378,492.66300000000024,7.146500000000008,41.9,0,4,3
CHEMBL3753403,300.442,4.333400000000004,34.14,0,2,0
CHEMBL3794430,237.258,2.7788000000000013,43.1,0,3,2
CHEMBL3793091,255.248,2.9179000000000013,43.1,0,3,2
CHEMBL3793530,256.26099999999997,2.1155,68.12,1,4,3
CHEMBL3793576,244.225,2.2460000000000004,58.89,1,3,2
CHEMBL3800417,288.43100000000004,4.119600000000004,29.6,0,2,0
CHEMBL3799363,284.399,4.007500000000003,34.14,0,2,0
CHEMBL489,387.523,5.701700000000005,32.7,1,3,8
CHEMBL3799189,320.38500000000005,3.066800000000002,86.99,3,5,7
CHEMBL3798461,286.459,4.844200000000005,17.07,0,1,0
CHEMBL3805021,363.439,1.7706,81.50000000000001,0,6,5
CHEMBL3805310,337.42,2.431520000000001,55.2,0,4,4
CHEMBL3805173,353.41900000000004,2.1317000000000004,64.43,0,5,5
CHEMBL3806301,476.9420000000003,4.337900000000004,107.56999999999998,0,7,7
CHEMBL3805481,357.838,2.7765000000000013,55.2,0,4,4
CHEMBL3805211,363.439,1.7551999999999999,73.66000000000001,0,6,4
CHEMBL3806151,363.468,1.9887,80.98,0,7,4
CHEMBL3805851,363.4680000000001,1.9887,80.98,0,7,4
CHEMBL3804849,365.41100000000006,1.3877999999999995,112.72999999999999,2,6,5
CHEMBL3805678,365.4550000000001,2.0012,73.66000000000001,0,6,6
CHEMBL3806282,364.85800000000006,2.509080000000001,78.99,0,5,4
CHEMBL3806159,341.38300000000004,2.2622,55.2,0,4,4
CHEMBL3806046,330.413,1.85568,78.99,0,5,4
CHEMBL3805839,359.373,2.401300000000001,55.2,0,4,4
CHEMBL3805814,414.32500000000005,2.7551000000000014,64.43,0,5,5
CHEMBL3805149,365.4550000000001,2.0012,73.66000000000001,0,6,6
CHEMBL3805048,323.393,2.1231,55.2,0,4,4
CHEMBL3806185,337.42,2.431520000000001,55.2,0,4,4
CHEMBL3804993,380.42600000000016,1.9008,107.56999999999998,0,7,6
CHEMBL3805657,383.49500000000006,1.3874999999999993,89.33999999999999,0,6,5
CHEMBL3805008,418.397,2.9110000000000014,98.33999999999999,0,6,5
CHEMBL3805388,377.5100000000001,2.917860000000001,64.43,0,5,5
CHEMBL3806075,363.48300000000006,2.609440000000001,64.43,0,5,5
CHEMBL3805820,363.4830000000001,2.609440000000001,64.43,0,5,5
CHEMBL3805539,407.51100000000014,3.4445000000000023,64.43,0,5,6
CHEMBL3805733,389.52100000000013,3.3054000000000023,64.43,0,5,6
CHEMBL3818728,326.4800000000001,4.889600000000005,34.14,0,2,2
CHEMBL3818338,312.49700000000007,5.710600000000006,17.07,0,1,2
CHEMBL3819549,326.4800000000001,4.457400000000004,37.3,1,2,2
CHEMBL3819184,352.478,4.135100000000003,51.96,0,4,1
CHEMBL3818725,350.46200000000005,3.911100000000003,51.96,0,4,1
CHEMBL3818442,327.468,3.973200000000003,53.09,2,2,0
CHEMBL3818279,288.32500000000005,4.831600000000003,17.82,0,2,2
CHEMBL3818343,448.302,2.3266800000000005,123.88999999999999,1,7,6
CHEMBL3818720,376.83900000000017,5.712800000000003,39.44,0,3,4
CHEMBL3827037,386.35600000000017,2.798800000000001,89.52000000000001,0,8,4
CHEMBL3905734,359.4290000000001,5.128300000000003,95.18,2,4,5
CHEMBL3916057,315.4200000000001,4.412200000000001,78.06,3,3,3
CHEMBL3925065,404.4220000000001,4.143500000000003,115.69000000000003,2,5,7
CHEMBL3942918,373.452,4.6254000000000035,72.55000000000001,2,3,7
CHEMBL3944017,329.44700000000006,4.802300000000002,78.06,3,3,4
CHEMBL3948254,331.415,5.049100000000004,66.48,3,3,4
CHEMBL3961033,402.4540000000001,4.053200000000002,124.28,3,5,7
CHEMBL3961452,416.4810000000001,4.443300000000002,124.28,3,5,8
CHEMBL3977491,317.38800000000003,4.659000000000003,66.48,3,3,3
CHEMBL3983734,567.4950000000001,3.6189000000000027,86.13000000000002,0,8,8
CHEMBL3984531,345.4020000000001,4.738200000000003,95.18,2,4,4
CHEMBL106,306.276,0.7357999999999993,81.64999999999999,1,7,5
CHEMBL1397,700.7910000000002,4.573200000000004,115.69999999999999,1,12,12
CHEMBL3891718,633.5580000000001,3.7817000000000025,103.95000000000002,0,10,9
CHEMBL3893614,271.27000000000004,3.5519000000000016,30.19,0,3,2
CHEMBL3894912,595.5490000000001,4.3975000000000035,86.13000000000002,0,8,9
CHEMBL3913908,581.5220000000002,4.009000000000003,86.13000000000002,0,8,9
CHEMBL3914106,462.48700000000025,3.500720000000001,131.26,2,8,7
CHEMBL3919759,299.32400000000007,4.114300000000003,30.19,0,3,3
CHEMBL3922888,593.5330000000001,4.151500000000003,86.13000000000002,0,8,9
CHEMBL3923127,365.33000000000004,4.182600000000002,50.42,1,4,3
CHEMBL3924170,478.4860000000002,3.2009000000000016,140.49,2,9,8
CHEMBL3924257,285.2970000000001,3.8603200000000024,30.19,0,3,2
CHEMBL3926174,508.5120000000003,3.209500000000002,149.72,2,10,9
CHEMBL3931836,637.5860000000001,4.168100000000004,95.36000000000001,0,9,9
CHEMBL3938615,621.4650000000001,4.508900000000003,86.13000000000002,0,8,8
CHEMBL3941042,447.47200000000015,3.7973000000000017,118.37,2,7,7
CHEMBL3948337,303.3400000000001,4.5660000000000025,30.19,0,3,2
CHEMBL3951973,305.7150000000001,4.205300000000002,30.19,0,3,2
CHEMBL3952032,592.5050000000001,3.512680000000003,109.92000000000002,0,9,9
CHEMBL3959541,512.5470000000001,4.588000000000004,123.30000000000001,2,8,8
CHEMBL3960724,635.595,5.1097000000000055,86.13000000000002,0,9,9
CHEMBL3964421,611.5480000000002,3.635500000000003,95.36000000000001,0,9,11
CHEMBL3968178,603.4750000000001,4.211700000000003,86.13000000000002,0,8,9
CHEMBL3980889,645.5870000000001,2.9912000000000027,120.27000000000001,0,10,10
CHEMBL4060208,506.6340000000001,5.960600000000003,100.19,3,8,7
CHEMBL4067000,321.302,3.6667000000000023,50.940000000000005,1,4,2
CHEMBL4068601,551.6530000000001,6.447300000000004,113.08,3,8,7
CHEMBL4070331,432.52000000000027,5.258800000000005,66.9,0,6,7
CHEMBL4071689,375.272,4.209100000000001,50.940000000000005,1,4,2
CHEMBL4077259,465.5600000000001,3.875070000000002,137.17,5,7,6
CHEMBL4078790,372.44600000000014,3.9394000000000027,72.64,0,7,6
CHEMBL4080256,321.302,3.4987200000000014,50.94,1,4,2
CHEMBL4080420,285.322,3.0954200000000016,50.94,1,4,2
CHEMBL4080965,223.23100000000002,2.8550000000000004,43.1,0,3,1
CHEMBL4087613,284.315,3.294200000000002,59.480000000000004,0,5,4
CHEMBL4098297,321.302,3.4987200000000014,50.94,1,4,2
CHEMBL4098604,500.60500000000013,5.899100000000003,100.19,3,7,7
CHEMBL4098990,223.23100000000002,2.8550000000000004,43.1,0,3,1
CHEMBL4103066,314.4100000000001,4.071120000000003,46.34,0,5,4
CHEMBL4126284,451.5670000000002,4.529800000000003,53.510000000000005,0,4,6
CHEMBL4128368,491.51000000000016,5.029700000000004,53.510000000000005,0,4,5
CHEMBL4129721,401.4850000000002,4.726600000000004,36.440000000000005,0,3,4
CHEMBL4159524,869.866,8.817200000000003,167.05999999999997,4,6,14
CHEMBL4163983,769.852,7.0578000000000065,167.05999999999997,4,6,14
CHEMBL4165064,748.9270000000001,6.8886000000000065,142.38,4,6,15
CHEMBL4167430,782.775,8.049880000000007,147.70999999999998,4,5,13
CHEMBL4167841,749.8650000000001,7.021280000000006,147.70999999999998,4,5,13
CHEMBL4170393,716.9290000000001,7.488240000000007,123.91999999999999,4,4,13
CHEMBL4172955,778.869,6.6878000000000055,210.19999999999996,4,8,15
CHEMBL4174637,891.6639999999999,8.304600000000006,167.05999999999997,4,6,14
CHEMBL129795,256.257,2.699500000000001,77.76,3,4,3
CHEMBL469266,238.246,3.743100000000001,58.93,1,2,2
CHEMBL4159101,775.7550000000001,8.317300000000005,123.91999999999999,4,4,13
CHEMBL4159159,338.798,4.136700000000003,55.730000000000004,1,4,4
CHEMBL4159184,914.6640000000001,9.415199999999999,123.91999999999999,4,4,13
CHEMBL4159550,789.9360000000001,5.994900000000005,171.48,5,7,14
CHEMBL4160335,321.355,4.227400000000003,42.84,1,3,4
CHEMBL4160591,903.7650000000003,9.671499999999998,123.91999999999999,4,4,13
CHEMBL4161492,326.762,4.2672000000000025,46.5,1,3,3
CHEMBL4161789,335.3380000000001,3.9475000000000033,52.07000000000001,1,4,3
CHEMBL4161859,764.9260000000002,6.594200000000006,162.60999999999999,5,7,15
CHEMBL4162163,732.9280000000001,7.193840000000008,144.14999999999998,5,5,13
CHEMBL4162549,338.79800000000006,4.136700000000003,55.73,1,4,4
CHEMBL4162572,794.8680000000002,6.393400000000005,230.42999999999998,5,9,15
CHEMBL4162907,845.874,9.749399999999998,123.91999999999999,4,4,13
CHEMBL4162931,336.3260000000001,3.342500000000002,64.96000000000001,1,5,3
CHEMBL4163649,825.7620000000001,9.197000000000001,123.91999999999999,4,4,13
CHEMBL4163704,321.355,4.227400000000002,42.84,1,3,4
CHEMBL4164126,342.229,5.386500000000003,33.61,1,2,3
CHEMBL4165988,326.762,4.267200000000002,46.5,1,3,3
CHEMBL4166016,773.7640000000001,7.883800000000007,144.14999999999998,5,5,13
CHEMBL4166364,794.8680000000002,6.393400000000005,230.42999999999998,5,9,15
CHEMBL4166769,798.774,7.284500000000006,153.01999999999998,5,5,12
CHEMBL4167098,842.8590000000004,9.0481,123.91999999999999,4,4,13
CHEMBL4167569,325.77400000000006,4.872200000000002,33.61,1,2,3
CHEMBL4168266,819.878,5.794100000000005,239.29999999999998,5,9,14
CHEMBL4169419,343.217,4.781500000000003,46.5,1,3,3
CHEMBL4169756,864.6570000000002,8.535500000000003,123.91999999999999,4,4,13
CHEMBL4169784,773.7640000000001,7.883800000000007,144.14999999999998,5,5,13
CHEMBL4169808,322.343,3.6224000000000016,55.730000000000004,1,4,4
CHEMBL4170175,874.9159999999999,10.305999999999996,128.85,4,5,14
CHEMBL4170504,840.8680000000004,8.614600000000003,144.14999999999998,5,5,13
CHEMBL4170868,352.78100000000006,3.8568000000000024,64.96000000000001,1,5,3
CHEMBL4170941,337.81000000000006,4.741700000000003,42.84,1,3,4
CHEMBL4171198,836.6610000000001,8.9407,123.91999999999999,4,4,13
CHEMBL4171996,325.774,4.872200000000003,33.61,1,2,3
CHEMBL4172433,351.79300000000006,4.461800000000003,52.07000000000001,1,4,3
CHEMBL4172837,794.868,6.393400000000005,230.42999999999998,5,9,15
CHEMBL4173231,322.3430000000001,3.6224000000000016,55.73,1,4,4
CHEMBL4173619,824.9780000000002,6.611400000000006,181.07,5,9,17
CHEMBL4173941,764.9260000000002,6.594200000000006,162.60999999999999,5,7,15
CHEMBL4174326,892.8660000000003,9.927799999999998,123.91999999999999,4,4,13
CHEMBL4174373,337.81,4.741700000000003,42.84,1,3,4
CHEMBL4174670,819.878,5.794100000000005,239.29999999999998,5,9,14
CHEMBL4175438,309.319,4.3579000000000025,33.61,1,2,3
CHEMBL4175698,849.8790000000001,8.780680000000002,147.70999999999998,4,5,13
CHEMBL4176600,310.307,3.752900000000002,46.5,1,3,3
CHEMBL4176982,794.8680000000002,6.393400000000005,230.42999999999998,5,9,15
CHEMBL4209034,194.237,3.2299000000000007,28.68,1,1,1
CHEMBL4210489,217.27099999999996,3.816200000000001,15.79,1,0,1
CHEMBL118266,239.30300000000003,3.267100000000003,38.67,0,4,2
CHEMBL509962,218.25900000000001,3.7065800000000015,39.58,1,1,1
CHEMBL1371590,300.38300000000004,2.6889000000000003,61.96,2,2,5
CHEMBL1424243,227.69400000000002,4.488300000000002,15.79,1,0,1
CHEMBL2299369,475.47,5.966600000000003,48.12,4,2,6
CHEMBL4126996,463.5780000000002,4.6723000000000035,53.510000000000005,0,4,6
CHEMBL4204862,272.14500000000004,4.597400000000003,15.79,1,0,1
CHEMBL4207850,219.247,3.1015800000000002,52.47,1,2,1
CHEMBL4212655,252.273,4.051520000000003,58.93,1,2,2
CHEMBL4216885,252.27299999999997,3.7535000000000025,48.06999999999999,0,3,2
CHEMBL4224728,269.329,3.2757000000000023,47.900000000000006,0,5,3
CHEMBL4224875,229.264,2.860100000000001,51.81,0,5,2
CHEMBL4224993,269.329,3.2757000000000023,47.900000000000006,0,5,3
CHEMBL4225257,273.748,3.9205000000000023,38.67,0,4,2
CHEMBL4225521,240.29100000000003,2.6621000000000006,51.56,0,5,2
CHEMBL4225998,295.392,4.481800000000002,38.67,0,5,2
CHEMBL4227126,255.30200000000002,2.9727000000000023,58.900000000000006,1,5,2
CHEMBL4227385,255.302,2.9727000000000023,58.900000000000006,1,5,2
CHEMBL4227458,240.29100000000003,2.6621000000000006,51.56,0,5,2
CHEMBL4227725,245.33200000000002,3.3286000000000016,38.67,0,5,2
CHEMBL4227979,255.30200000000002,2.9727000000000023,58.900000000000006,1,5,2
CHEMBL4228031,293.355,3.1538000000000004,56.49,0,6,2
CHEMBL4228236,269.329,3.2811200000000023,58.900000000000006,1,5,2
CHEMBL4228244,296.38000000000005,3.876800000000001,51.56,0,6,2
CHEMBL4228303,240.29100000000003,2.6621000000000006,51.56,0,5,2
CHEMBL4228495,289.747,3.626100000000002,58.900000000000006,1,5,2
CHEMBL4228753,269.329,3.2757000000000023,47.900000000000006,0,5,3
CHEMBL4228819,279.324,4.013300000000001,51.81,0,5,2
CHEMBL4229012,273.748,3.9205000000000014,38.67,0,4,2
CHEMBL4229074,285.32800000000003,2.981300000000002,68.13,1,6,3
CHEMBL4229272,273.748,3.9205000000000023,38.67,0,4,2
CHEMBL4288256,603.066,6.164700000000006,67.67000000000002,0,6,8
CHEMBL4289930,545.467,4.343600000000003,69.06,0,7,7
CHEMBL4436270,528.7400000000002,5.110960000000005,92.34,2,4,8
CHEMBL4439561,506.5180000000002,2.460000000000001,178.61999999999998,2,8,10
CHEMBL4439573,340.2550000000001,4.125200000000001,43.6,0,4,2
CHEMBL4444996,466.5440000000001,2.38696,139.92,2,6,8
CHEMBL4449929,444.57800000000015,3.2604400000000027,92.34,2,4,8
CHEMBL4460718,485.4140000000001,3.950400000000003,92.34,2,4,8
CHEMBL4462178,516.6440000000002,4.950000000000005,92.34,2,4,8
CHEMBL4464506,314.41,2.830000000000001,61.96,2,2,6
CHEMBL4516755,286.35600000000005,3.277120000000001,61.96,2,2,3
CHEMBL4531367,476.57600000000014,2.660800000000001,110.8,2,6,10
CHEMBL4536389,452.50400000000013,2.921800000000001,92.34,2,4,8
CHEMBL4537791,286.35600000000005,3.109800000000001,61.96,2,2,4
CHEMBL4555477,506.5180000000002,2.46,178.61999999999998,2,8,10
CHEMBL4556427,552.5180000000001,4.681200000000003,92.34,2,4,8
CHEMBL4564431,283.762,4.575720000000002,40.18,2,2,3
CHEMBL4567479,500.5980000000002,3.0488000000000017,126.47999999999999,2,6,10
CHEMBL4590541,574.3160000000001,4.168600000000003,92.34,2,4,8
CHEMBL487113,300.442,4.333400000000004,34.14,0,2,0
CHEMBL1991089,321.33200000000005,2.8907000000000016,72.47,1,5,4
CHEMBL1997442,266.29999999999995,2.199,65.21000000000001,1,4,3
CHEMBL2299368,496.5740000000002,4.476200000000002,134.4,4,6,8
CHEMBL3751881,286.459,5.154400000000005,17.07,0,1,0
CHEMBL3754471,300.442,4.333400000000004,34.14,0,2,0
CHEMBL4437198,341.44000000000005,4.253920000000002,82.96000000000001,3,7,6
CHEMBL4446561,457.3600000000001,4.595000000000002,92.34,2,4,6
CHEMBL4448018,446.55400000000014,1.8079999999999996,144.38,4,6,8
CHEMBL4451962,286.459,5.154400000000005,17.07,0,1,0
CHEMBL4453737,312.778,2.0444,82.19,3,4,5
CHEMBL4454575,342.4790000000001,4.775300000000004,54.37,1,3,2
CHEMBL4460869,302.45799999999997,4.221500000000003,29.6,0,2,0
CHEMBL4465348,388.384,1.3410800000000003,127.13,1,8,6
CHEMBL4468497,342.4790000000001,4.775300000000004,54.370000000000005,1,3,2
CHEMBL4474808,291.326,0.9733999999999996,82.61,3,5,2
CHEMBL4514474,442.19500000000005,4.437500000000002,77.09,0,6,5
CHEMBL4514728,326.4800000000001,4.889600000000004,34.14,0,2,2
CHEMBL4515880,302.41400000000004,3.058200000000001,54.37,1,3,0
CHEMBL4520027,302.41400000000004,3.058200000000001,54.37,1,3,0
CHEMBL4520056,312.49700000000007,5.710600000000006,17.07,0,1,2
CHEMBL4520995,374.19800000000004,3.418700000000002,77.09,0,6,5
CHEMBL4526798,442.195,4.437500000000002,77.09,0,6,5
CHEMBL4527809,466.54400000000015,2.386960000000001,139.92,2,6,8
CHEMBL4536893,374.19800000000004,3.418700000000002,77.09,0,6,5
CHEMBL4540847,292.338,3.701900000000002,47.28,1,4,2
CHEMBL4543747,448.5220000000002,3.3054000000000014,110.8,2,6,8
CHEMBL4546916,396.41,4.194880000000004,100.88,0,7,6
CHEMBL4547558,284.073,1.8239999999999998,85.88000000000001,1,6,3
CHEMBL4556775,439.3970000000001,5.342000000000004,77.09,0,6,6
CHEMBL4560281,439.39700000000005,5.342000000000004,77.09,0,6,6
CHEMBL4563511,416.39700000000005,4.231400000000004,120.23000000000002,0,8,7
CHEMBL4564168,399.208,3.2903800000000016,100.88,0,7,5
CHEMBL4564333,286.45899999999995,5.010300000000005,17.07,0,1,0
CHEMBL4568316,386.4040000000001,1.4618,139.12,6,8,8
CHEMBL4568674,399.208,3.2903800000000025,100.88,0,7,5
CHEMBL4570681,506.5180000000002,2.460000000000001,178.61999999999998,2,8,10
CHEMBL4574913,408.64300000000003,4.0721000000000025,77.09,0,6,5
CHEMBL4575939,419.195,3.326900000000002,120.23000000000002,0,8,6
CHEMBL4575994,324.464,4.665600000000004,34.14,0,2,2
CHEMBL4583456,306.365,4.004900000000003,36.28,0,4,3
CHEMBL4592407,371.4000000000001,4.323200000000003,77.09,0,6,6
CHEMBL4632445,358.39700000000005,3.9832000000000036,57.260000000000005,0,5,4
CHEMBL4634777,358.3970000000001,3.9832000000000027,57.26,0,5,4
CHEMBL4639677,358.39700000000005,3.9832000000000036,57.260000000000005,0,5,4
CHEMBL4747849,343.38200000000006,4.676180000000004,84.48,3,4,4
CHEMBL4763409,327.38300000000004,4.970580000000004,64.25,2,3,4
CHEMBL4777271,368.43600000000015,4.953600000000003,58.28,2,4,5
CHEMBL4780337,384.4350000000001,4.659200000000004,78.51,3,5,5
CHEMBL4797578,369.42400000000015,4.348600000000003,71.17,2,5,5
CHEMBL16782,252.269,3.468600000000002,39.44,0,3,2
CHEMBL69011,195.26500000000001,3.4392000000000023,26.02,1,1,2
CHEMBL185,130.078,-0.7977000000000001,65.72,2,2,0
CHEMBL4743255,361.37200000000007,4.815280000000005,84.48,3,4,4
CHEMBL4745681,384.4390000000001,3.9308000000000014,97.19000000000001,3,6,5
CHEMBL4749692,385.4230000000001,4.0542000000000025,91.4,3,6,5
CHEMBL4750835,384.4390000000001,3.9308000000000014,97.19000000000001,3,6,5
CHEMBL4752568,403.4130000000001,4.1933000000000025,91.4,3,6,5
CHEMBL4753594,402.4250000000001,4.798300000000004,78.51,3,5,5
CHEMBL4753984,385.4230000000001,4.0542000000000025,91.4,3,6,5
CHEMBL4755831,383.45100000000014,4.535800000000004,84.30000000000001,3,5,5
CHEMBL4760286,342.3980000000001,4.552780000000003,90.27,3,4,4
CHEMBL4761359,383.45100000000014,4.535800000000004,84.30000000000001,3,5,5
CHEMBL4764457,403.4130000000001,4.1933000000000025,91.4,3,6,5
CHEMBL4778401,384.4350000000001,4.659200000000005,78.51,3,5,5
CHEMBL4847316,362.41400000000004,4.774480000000003,94.67999999999999,1,5,5
CHEMBL4852023,286.459,5.545800000000005,20.23,1,1,1
CHEMBL4858552,321.38000000000005,3.5508000000000024,56.15,1,4,6
CHEMBL4859743,336.47200000000004,4.125700000000004,47.92,1,4,1
CHEMBL4863718,272.476,6.141500000000006,0.0,0,0,1
CHEMBL4866633,304.474,4.672700000000004,29.46,1,2,0
CHEMBL4868867,527.6060000000002,6.391000000000006,109.24000000000001,1,7,9
CHEMBL4870604,397.45600000000013,4.9200000000000035,89.35000000000001,1,6,7
CHEMBL4874326,371.82400000000007,4.232800000000003,65.38,1,5,7
CHEMBL4874928,286.459,5.464600000000005,17.07,0,1,1
CHEMBL4875917,302.4580000000001,5.036700000000004,40.46,2,2,1
CHEMBL5069811,317.38800000000003,4.557300000000005,53.35000000000001,2,3,4
CHEMBL5072101,320.392,4.206400000000003,58.28,2,4,5
CHEMBL5074047,334.41900000000004,4.665600000000005,69.14,3,3,6
CHEMBL5075144,306.36499999999995,4.190000000000003,69.14,3,3,4
CHEMBL5080066,331.415,4.947400000000005,53.35000000000001,2,3,5
CHEMBL5081446,320.39200000000005,4.275500000000004,69.14,3,3,5
CHEMBL5082245,317.388,4.861900000000005,53.35,2,3,4
CHEMBL5082681,292.33799999999997,3.799900000000002,69.14,3,3,3
CHEMBL5087363,306.365,3.8163000000000027,58.28,2,4,4
CHEMBL5092560,345.44200000000006,5.337500000000006,53.35000000000001,2,3,6
CHEMBL5092843,331.415,4.947400000000005,53.35000000000001,2,3,5
CHEMBL5173597,361.37600000000003,4.203200000000003,53.08,0,5,5
CHEMBL5174567,377.8310000000001,4.717500000000003,53.08,0,5,5
CHEMBL5175025,325.755,4.021000000000003,64.08000000000001,1,5,3
CHEMBL5175340,309.30000000000007,3.506700000000002,64.08,1,5,3
CHEMBL5177269,375.403,4.593300000000004,53.08,0,5,5
CHEMBL5178202,325.75500000000005,4.0210000000000035,64.08000000000001,1,5,3
CHEMBL5184004,353.8090000000001,4.714100000000003,53.08,0,5,5
CHEMBL5186519,339.78200000000004,4.324000000000003,53.08,0,5,4
CHEMBL5195433,340.36400000000003,2.4939,93.82000000000002,0,8,3
CHEMBL5197552,363.80400000000003,4.327400000000003,53.08,0,5,5
CHEMBL5203413,368.3960000000001,3.935780000000002,76.87,0,6,5
CHEMBL5204674,391.85800000000006,5.107600000000004,53.08,0,5,5
CHEMBL5205534,391.85800000000006,5.107600000000004,53.08,0,5,5
CHEMBL296411,270.328,3.882800000000003,27.69,0,3,5
CHEMBL3132924,270.328,3.882800000000003,27.69,0,3,5
CHEMBL3754720,320.86000000000007,4.304700000000004,34.14,0,2,0
CHEMBL3753620,365.3110000000002,4.460800000000004,34.14,0,2,0
CHEMBL3752976,302.41400000000004,3.058200000000002,54.37,1,3,0
CHEMBL3751945,316.4410000000001,3.7123000000000026,43.370000000000005,0,3,1
CHEMBL3754174,330.4680000000001,4.102400000000004,43.370000000000005,0,3,2
CHEMBL3752500,332.50900000000007,4.778100000000004,34.14,0,3,1
CHEMBL3754054,386.53500000000025,5.642400000000006,34.14,0,2,3
CHEMBL3754505,374.5240000000003,5.4763000000000055,34.14,0,2,2
CHEMBL3753089,388.5510000000003,5.866400000000006,34.14,0,2,3
CHEMBL3752591,374.5240000000003,5.332200000000006,34.14,0,2,2
CHEMBL3754259,388.5510000000003,5.722300000000006,34.14,0,2,3
CHEMBL3753447,402.57800000000026,6.112400000000006,34.14,0,2,4
CHEMBL3752221,433.5480000000003,5.630500000000006,77.28,0,4,4
CHEMBL3754055,403.56600000000026,5.304500000000004,60.160000000000004,1,3,3
CHEMBL3753373,447.5750000000003,6.020600000000006,77.28,0,4,5
CHEMBL5176279,369.44600000000014,3.8565000000000023,72.81,1,7,7
CHEMBL5177928,299.355,2.4013,63.05,1,5,3
CHEMBL5179009,382.42300000000006,4.325880000000003,76.87,0,6,5
CHEMBL5265837,433.5480000000003,5.774600000000006,77.28,0,4,4
CHEMBL5266491,300.398,3.893200000000003,54.37,1,3,0
CHEMBL5267848,362.53500000000014,4.752200000000005,43.370000000000005,0,4,3
CHEMBL5268471,314.42500000000007,3.512400000000002,51.21,0,3,1
CHEMBL5268776,364.93800000000016,5.264700000000005,34.14,0,3,2
CHEMBL5269293,419.52100000000024,5.384500000000005,77.28,0,4,3
CHEMBL5270023,387.4100000000001,4.6532000000000036,55.49,1,4,5
CHEMBL5270074,386.53200000000015,4.799300000000005,60.440000000000005,0,4,4
CHEMBL5270517,328.45200000000006,3.9025000000000034,51.21,0,3,1
CHEMBL5271052,410.2670000000001,4.883100000000003,55.49,1,4,4
CHEMBL5271543,316.46600000000007,4.265000000000003,34.14,1,3,0
CHEMBL5271636,305.79,3.2613200000000013,39.82,0,5,2
CHEMBL5272700,403.86500000000007,5.167500000000005,55.49,1,4,5
CHEMBL5273888,372.5050000000001,4.409200000000004,60.440000000000005,0,4,3
CHEMBL5273960,346.4670000000001,4.035600000000003,52.6,0,4,3
CHEMBL5274290,344.45100000000014,3.629000000000003,60.440000000000005,0,4,1
CHEMBL5274335,401.43700000000007,5.043300000000004,55.49,1,4,5
CHEMBL5276820,403.56600000000026,5.448600000000005,60.160000000000004,1,3,3
CHEMBL5277776,462.3430000000001,5.666700000000005,55.49,1,4,5
CHEMBL5277901,318.4820000000001,4.3449000000000035,34.14,1,3,0
CHEMBL5278036,400.26100000000014,5.427400000000003,55.49,1,4,4
CHEMBL5278342,358.4780000000001,4.0191000000000034,60.440000000000005,0,4,2
CHEMBL5279139,330.4680000000001,3.6959000000000026,54.37,1,3,1
CHEMBL5280326,417.8920000000001,5.557600000000005,55.49,1,4,5
CHEMBL5281972,312.35400000000004,2.7126,76.75,0,7,3
CHEMBL5283375,376.5870000000002,5.388900000000005,34.14,0,4,3
CHEMBL5283822,448.3160000000001,5.276600000000005,55.49,1,4,5
CHEMBL5286895,316.44100000000003,3.3058000000000023,54.37,1,3,1
CHEMBL5287750,318.372,4.847200000000004,49.69,2,3,5
CHEMBL5290960,389.53900000000027,5.058500000000004,60.160000000000004,1,3,2
CHEMBL1230438,288.43100000000004,4.167300000000004,34.14,0,2,0
CHEMBL2057976,274.448,4.988300000000005,17.07,0,1,0
CHEMBL3752998,400.55900000000025,5.189400000000005,60.440000000000005,0,4,5
CHEMBL3752038,392.53900000000027,5.2827000000000055,43.370000000000005,0,3,3
CHEMBL3752208,358.4810000000002,5.166800000000005,34.14,0,2,1
CHEMBL3754204,372.50800000000027,5.252300000000005,34.14,0,2,2
CHEMBL5266984,390.52300000000025,5.058700000000004,43.370000000000005,0,3,3
CHEMBL5267234,390.52300000000025,5.058700000000004,43.370000000000005,0,3,3
CHEMBL5267936,378.55600000000004,5.652600000000006,37.3,1,2,1
CHEMBL5268117,342.43500000000006,3.405000000000002,60.440000000000005,0,4,1
CHEMBL5268139,378.5120000000003,5.144900000000005,43.370000000000005,0,3,2
CHEMBL5268850,328.4520000000001,4.227600000000004,43.370000000000005,0,3,2
CHEMBL5269004,344.4950000000001,4.492500000000004,43.370000000000005,0,3,3
CHEMBL5269555,286.37100000000004,2.8763000000000014,51.21,0,3,0
CHEMBL5269898,316.44100000000003,3.7123000000000026,43.370000000000005,0,3,1
CHEMBL5270578,312.40900000000005,3.613500000000003,43.370000000000005,0,3,1
CHEMBL5270764,330.46800000000013,4.102400000000004,43.370000000000005,0,3,2
CHEMBL5270927,376.49600000000027,4.920900000000005,43.370000000000005,0,3,2
CHEMBL5271509,272.388,3.697300000000003,34.14,0,2,0
CHEMBL5271678,330.46800000000013,4.102400000000004,43.370000000000005,0,3,2
CHEMBL5272287,428.6130000000003,5.969600000000007,60.440000000000005,0,4,7
CHEMBL5275053,316.44100000000003,3.7123000000000026,43.370000000000005,0,3,1
CHEMBL5275063,386.53200000000015,4.799300000000005,60.440000000000005,0,4,4
CHEMBL5275417,400.55900000000025,5.189400000000005,60.440000000000005,0,4,5
CHEMBL5275933,408.5820000000002,5.661200000000005,46.53,1,3,2
CHEMBL5276194,356.50600000000003,4.658600000000004,43.370000000000005,0,3,4
CHEMBL5277162,328.45200000000006,3.8784000000000027,43.370000000000005,0,3,2
CHEMBL5277980,428.6130000000003,5.969600000000007,60.440000000000005,0,4,7
CHEMBL5278107,326.43600000000004,4.003600000000003,43.370000000000005,0,3,2
CHEMBL5279329,314.42500000000007,3.837500000000003,43.370000000000005,0,3,1
CHEMBL5279458,344.4950000000001,4.492500000000004,43.370000000000005,0,3,3
CHEMBL5280059,392.53900000000027,5.2827000000000055,43.370000000000005,0,3,3
CHEMBL5281249,378.5120000000003,5.144900000000005,43.370000000000005,0,3,2
CHEMBL5282019,344.45100000000014,3.629000000000003,60.440000000000005,0,4,1
CHEMBL5283868,356.50600000000003,4.658600000000004,43.370000000000005,0,3,4
CHEMBL5284524,342.43500000000006,3.405000000000002,60.440000000000005,0,4,1
CHEMBL5284663,372.5050000000001,4.409200000000004,60.440000000000005,0,4,3
CHEMBL5285644,474.5630000000002,6.765800000000007,43.370000000000005,0,3,2
CHEMBL5286289,375.5120000000003,4.839300000000004,60.160000000000004,1,3,1
CHEMBL5286772,398.5430000000002,4.965400000000005,60.440000000000005,0,4,5
CHEMBL5287473,414.5860000000003,5.579500000000007,60.440000000000005,0,4,6
CHEMBL5288485,358.4780000000001,4.0191000000000034,60.440000000000005,0,4,2
CHEMBL5289279,376.49600000000027,4.920900000000005,43.370000000000005,0,3,2
CHEMBL5289646,314.425,3.4883000000000024,43.370000000000005,0,3,1
CHEMBL5290133,414.5860000000003,5.579500000000007,60.440000000000005,0,4,6
CHEMBL5290320,358.5220000000001,4.882600000000005,43.370000000000005,0,3,4
CHEMBL5290446,398.5430000000002,4.965400000000005,60.440000000000005,0,4,5
CHEMBL5290784,302.41400000000004,3.346300000000002,51.21,0,3,0
CHEMBL5290788,300.398,3.2664000000000017,51.21,0,3,0
CHEMBL5291406,358.5220000000001,4.882600000000005,43.370000000000005,0,3,4
CHEMBL5265808,530.6310000000003,6.688700000000008,58.970000000000006,0,4,2
CHEMBL5266995,496.6950000000003,7.450400000000008,41.9,0,4,3
CHEMBL5267423,390.571,5.524800000000006,41.46,1,3,1
CHEMBL5267929,390.48300000000023,4.464700000000003,79.28999999999999,2,4,2
CHEMBL5268211,328.4960000000001,5.113600000000005,34.14,0,2,2
CHEMBL5268721,340.5070000000001,5.423800000000005,34.14,0,2,3
CHEMBL5269083,574.6840000000003,7.087400000000009,68.2,0,5,4
CHEMBL5269756,532.6470000000004,6.780600000000008,51.13,0,5,3
CHEMBL5269979,368.5610000000002,6.204000000000007,34.14,0,2,5
CHEMBL5270376,428.5760000000002,5.479800000000006,49.74,0,3,1
CHEMBL5270644,594.7180000000004,8.355400000000007,51.13,0,5,4
CHEMBL5270920,564.6920000000001,8.346800000000007,41.9,0,4,3
CHEMBL5272328,342.52300000000014,5.503700000000006,34.14,0,2,3
CHEMBL5272564,432.6080000000002,5.783700000000007,49.74,0,3,1
CHEMBL5273646,544.6580000000004,7.078800000000008,58.970000000000006,0,4,3
CHEMBL5274501,370.5770000000002,6.283900000000007,34.14,0,2,5
CHEMBL5274777,468.6850000000001,7.233600000000008,35.830000000000005,1,3,2
CHEMBL5276017,406.61400000000015,5.6588000000000065,35.83,1,3,1
CHEMBL5276018,416.65300000000013,7.244200000000007,15.6,0,2,1
CHEMBL5276442,404.5980000000001,5.867000000000006,32.67,0,3,1
CHEMBL5276919,560.6570000000004,6.697300000000007,68.2,0,5,3
CHEMBL5279864,363.295,4.236800000000004,34.14,0,2,0
CHEMBL5280054,382.58800000000025,6.594100000000008,34.14,0,2,6
CHEMBL5281207,422.6130000000002,5.325200000000006,53.849999999999994,2,4,2
CHEMBL5281632,390.48300000000023,4.464700000000003,79.28999999999999,2,4,2
CHEMBL5281823,502.62100000000027,6.772000000000007,41.9,0,4,2
CHEMBL5281951,498.7110000000003,7.242200000000008,45.06,1,4,3
CHEMBL5282873,451.6550000000004,5.393000000000006,47.36000000000001,0,5,3
CHEMBL5283138,390.48300000000023,4.464700000000003,79.28999999999999,2,4,2
CHEMBL5283268,392.58700000000005,5.3166000000000055,44.620000000000005,2,3,1
CHEMBL5283707,458.60200000000026,5.488400000000005,58.97,0,4,2
CHEMBL5283978,420.59700000000026,5.533400000000006,50.69,1,4,2
CHEMBL5285831,356.5500000000002,5.893800000000007,34.14,0,2,4
CHEMBL5285990,326.48,5.033700000000005,34.14,0,2,2
CHEMBL5286151,386.5390000000001,5.220900000000006,41.46,1,3,1
CHEMBL5286458,365.4290000000002,4.319000000000003,69.4,0,5,2
CHEMBL5286506,446.6790000000002,7.252800000000008,24.83,0,3,2
CHEMBL5286569,416.56500000000017,5.229500000000005,50.69,1,4,2
CHEMBL5287070,478.72400000000016,8.819000000000003,15.6,0,2,2
CHEMBL5287331,462.6340000000003,5.792300000000006,58.97,0,4,2
CHEMBL5288187,312.45300000000003,4.643600000000005,34.14,0,2,1
CHEMBL5288360,508.7500000000002,8.827600000000004,24.83,0,3,3
CHEMBL5288725,466.6690000000001,7.441800000000008,32.67,0,3,2
CHEMBL5289056,390.48300000000023,4.464700000000003,79.28999999999999,2,4,2
CHEMBL5289229,365.311,4.460800000000004,34.14,0,2,0
CHEMBL5289535,354.53400000000016,5.8139000000000065,34.14,0,2,4
CHEMBL5289628,436.64000000000027,5.667400000000006,45.06,1,4,2
CHEMBL5290731,354.494,3.9269000000000034,55.12,1,4,1
CHEMBL5291483,434.62400000000025,5.875600000000006,41.9,0,4,2
CHEMBL5291490,504.5890000000003,6.774400000000006,52.6,0,4,3
CHEMBL3245348,374.59000000000015,5.599200000000006,34.14,0,3,4
CHEMBL3245350,408.6070000000003,5.999300000000006,34.14,0,3,3
CHEMBL3245353,422.6340000000003,6.0418000000000065,34.14,0,3,4
CHEMBL3245356,438.63300000000027,6.0079000000000065,43.370000000000005,0,4,4
CHEMBL3245357,409.5950000000003,5.440400000000005,60.160000000000004,1,4,2
CHEMBL3753272,314.42500000000007,3.837500000000003,43.370000000000005,0,3,1
CHEMBL3752650,356.5500000000001,5.893800000000006,34.14,0,2,4
CHEMBL3754285,370.5770000000001,6.283900000000007,34.14,0,2,5
CHEMBL3754366,398.63100000000026,7.064100000000008,34.14,0,2,7
CHEMBL3752625,356.5500000000001,5.893800000000006,34.14,0,2,4
CHEMBL3754063,370.5770000000001,6.283900000000007,34.14,0,2,5
CHEMBL3751897,398.63100000000026,7.064100000000008,34.14,0,2,7
CHEMBL3753810,312.45300000000003,4.499500000000005,34.14,0,2,1
CHEMBL3752065,354.53400000000005,5.669800000000006,34.14,0,2,4
CHEMBL3754220,300.442,4.333400000000004,34.14,0,2,0
CHEMBL3752661,314.46900000000005,4.723500000000005,34.14,0,2,1
CHEMBL3752102,342.5230000000001,5.503700000000006,34.14,0,2,3
CHEMBL3753920,312.45300000000003,4.499500000000005,34.14,0,2,1
CHEMBL3754260,360.49700000000024,5.390800000000005,34.14,0,2,1
CHEMBL5266867,356.50600000000014,5.007800000000005,43.370000000000005,0,3,4
CHEMBL5266927,340.507,5.279700000000005,34.14,0,2,3
CHEMBL5266933,326.48,4.889600000000005,34.14,0,2,2
CHEMBL5268195,390.56700000000023,5.946300000000006,34.14,0,2,3
CHEMBL5269029,404.5940000000003,6.254720000000007,34.14,0,2,3
CHEMBL5269206,354.53400000000005,5.669800000000006,34.14,0,2,4
CHEMBL5269208,404.5940000000003,6.336400000000007,34.14,0,2,4
CHEMBL5270259,402.57800000000026,6.174820000000007,34.14,0,2,3
CHEMBL5273309,416.60500000000036,6.6466000000000065,34.14,0,2,5
CHEMBL5273362,368.56100000000004,6.059900000000007,34.14,0,2,5
CHEMBL5273618,298.42600000000004,4.1094000000000035,34.14,0,2,0
CHEMBL5277286,374.5240000000002,5.4763000000000055,34.14,0,2,2
CHEMBL5278102,362.5130000000002,5.481100000000005,34.14,0,2,1
CHEMBL5279060,310.437,3.9467000000000034,34.14,0,2,0
CHEMBL5279752,376.54000000000025,5.556200000000006,34.14,0,2,2
CHEMBL5279883,340.507,5.279700000000005,34.14,0,2,3
CHEMBL5281599,328.45200000000006,4.227600000000004,43.370000000000005,0,3,2
CHEMBL5282309,312.45300000000003,4.499500000000005,34.14,0,2,1
CHEMBL5283920,298.42600000000004,4.1094000000000035,34.14,0,2,0
CHEMBL5284015,328.4960000000001,4.969500000000005,34.14,0,2,1
CHEMBL5284198,388.5510000000003,5.866400000000006,34.14,0,2,3
CHEMBL5284912,382.58800000000014,6.450000000000007,34.14,0,2,6
CHEMBL5285274,456.54800000000034,6.8852000000000055,34.14,0,2,3
CHEMBL5285647,368.56100000000004,6.059900000000007,34.14,0,2,5
CHEMBL5285813,458.56400000000036,6.965100000000006,34.14,0,2,3
CHEMBL5288828,326.48,4.889600000000005,34.14,0,2,2
CHEMBL5288881,328.4960000000001,5.113600000000005,34.14,0,2,2
CHEMBL5289206,382.58800000000014,6.450000000000007,34.14,0,2,6
CHEMBL5289932,363.2950000000002,4.586000000000004,34.14,0,2,0
CHEMBL5291212,418.6210000000003,6.726500000000008,34.14,0,2,5
CHEMBL5291270,376.54000000000025,5.556200000000006,34.14,0,2,2
CHEMBL2311178,282.383,3.639400000000003,34.14,0,2,0
CHEMBL3349549,390.5670000000003,5.946300000000006,34.14,0,2,3
CHEMBL3349550,376.5400000000003,5.556200000000006,34.14,0,2,2
CHEMBL3349657,404.5940000000003,6.336400000000007,34.14,0,2,4
CHEMBL3752994,298.426,4.253500000000004,34.14,0,2,0
CHEMBL3752648,312.45300000000003,4.643600000000004,34.14,0,2,1
CHEMBL3752405,326.4800000000001,5.033700000000005,34.14,0,2,2
CHEMBL3752506,340.5070000000001,5.423800000000005,34.14,0,2,3
CHEMBL3754701,354.5340000000001,5.813900000000006,34.14,0,2,4
CHEMBL3752480,368.56100000000015,6.204000000000007,34.14,0,2,5
CHEMBL3754186,382.5880000000002,6.594100000000007,34.14,0,2,6
CHEMBL3754473,284.399,3.863400000000003,34.14,0,2,0
CHEMBL3752165,296.41,4.029500000000003,34.14,0,2,0
CHEMBL3754546,310.437,4.4196000000000035,34.14,0,2,1
CHEMBL3753803,324.464,4.809700000000005,34.14,0,2,2
CHEMBL3752011,338.49100000000004,5.199800000000005,34.14,0,2,3
CHEMBL3752619,352.51800000000003,5.589900000000005,34.14,0,2,4
CHEMBL3752315,366.5450000000001,5.980000000000007,34.14,0,2,5
CHEMBL3752341,380.5720000000001,6.370100000000007,34.14,0,2,6
CHEMBL3752252,390.56700000000023,5.946300000000006,34.14,0,2,3
CHEMBL3752440,418.62100000000027,6.726500000000008,34.14,0,2,5
CHEMBL3754168,374.5240000000003,5.4763000000000055,34.14,0,2,2
CHEMBL3752788,388.5510000000003,5.866400000000007,34.14,0,2,3
CHEMBL3752155,386.53500000000025,5.642400000000006,34.14,0,2,3
CHEMBL3752668,342.5230000000001,5.503700000000006,34.14,0,2,3
CHEMBL3752347,376.54000000000025,5.556200000000006,34.14,0,2,2
CHEMBL5267688,360.49700000000024,5.390800000000006,34.14,0,2,1
CHEMBL5268166,390.56700000000023,5.946300000000006,34.14,0,2,3
CHEMBL5268215,430.63200000000023,7.036700000000007,34.14,0,2,6
CHEMBL5269252,418.62100000000027,6.726500000000008,34.14,0,2,5
CHEMBL5269707,372.50800000000027,5.252300000000005,34.14,0,2,2
CHEMBL5271771,414.5890000000002,6.422600000000006,34.14,0,2,5
CHEMBL5275215,328.4960000000001,4.969500000000005,34.14,0,2,1
CHEMBL5277446,314.46900000000005,4.723500000000005,34.14,0,2,1
CHEMBL5277945,400.56200000000024,6.032500000000006,34.14,0,2,4
CHEMBL5279628,362.5130000000002,5.481100000000005,34.14,0,2,1
CHEMBL5281163,432.64800000000025,7.116600000000007,34.14,0,2,6
CHEMBL5282027,433.5480000000003,5.630500000000006,77.28,0,4,4
CHEMBL5282619,374.5240000000003,5.332200000000006,34.14,0,2,2
CHEMBL5284734,417.59300000000025,5.694600000000006,60.160000000000004,1,3,4
CHEMBL5284738,404.5940000000002,6.336400000000007,34.14,0,2,4
CHEMBL5284759,328.4960000000001,5.113600000000005,34.14,0,2,2
CHEMBL5285898,358.4810000000002,5.166800000000005,34.14,0,2,1
CHEMBL5287546,432.64800000000025,7.116600000000007,34.14,0,2,6
CHEMBL5287766,404.5940000000002,6.336400000000007,34.14,0,2,4
CHEMBL5288515,416.60500000000025,6.6466000000000065,34.14,0,2,5
CHEMBL5290344,388.5510000000003,5.722300000000006,34.14,0,2,3
CHEMBL5290564,402.57800000000026,6.256500000000007,34.14,0,2,4
CHEMBL5290646,360.49700000000024,5.257100000000005,34.14,0,2,1
CHEMBL5291085,428.6160000000002,6.812700000000007,34.14,0,2,6
CHEMBL484579,304.4050000000001,4.037000000000003,34.14,0,2,1
CHEMBL3753695,300.3980000000001,3.749100000000003,54.37,1,3,0
CHEMBL3753063,304.40500000000003,4.384600000000003,34.14,0,2,0
CHEMBL3752818,304.40500000000003,4.035400000000004,34.14,0,2,0
CHEMBL3752871,304.40500000000003,4.035400000000004,34.14,0,2,0
CHEMBL3753997,322.3950000000001,4.332600000000004,34.14,0,2,1
CHEMBL3754719,300.442,4.4775000000000045,34.14,0,2,1
CHEMBL3754222,328.4520000000001,3.9025000000000034,51.21,0,3,0
CHEMBL3752192,344.45100000000014,3.7882000000000033,71.44,1,4,0
CHEMBL5266109,334.8870000000001,4.696400000000004,34.14,0,2,2
CHEMBL5266626,288.43100000000004,3.8792000000000035,37.3,1,2,0
CHEMBL5266818,316.48500000000007,4.515300000000004,37.3,1,2,1
CHEMBL5266953,344.5390000000001,5.295500000000005,37.3,1,2,3
CHEMBL5267873,311.42500000000007,3.981180000000003,57.93,0,3,1
CHEMBL5268383,290.37800000000004,3.994500000000003,34.14,0,2,0
CHEMBL5268515,338.3940000000001,4.218300000000003,54.37,1,3,1
CHEMBL5268836,314.3810000000001,2.9281000000000015,71.44,1,4,0
CHEMBL5270141,342.523,5.071500000000006,37.3,1,2,3
CHEMBL5271912,314.425,3.837500000000003,43.370000000000005,0,3,1
CHEMBL5271963,336.4220000000001,4.722700000000004,34.14,0,2,2
CHEMBL5273116,322.3950000000001,3.983400000000003,34.14,0,2,0
CHEMBL5273506,338.3940000000001,3.3034000000000017,54.37,1,3,1
CHEMBL5273549,322.4200000000001,3.2302000000000026,54.37,1,3,0
CHEMBL5274299,316.3970000000001,2.2371999999999996,71.44,1,4,0
CHEMBL5274998,297.398,3.5910800000000025,57.93,0,3,0
CHEMBL5275714,365.3110000000002,4.460800000000004,34.14,0,2,0
CHEMBL5275780,430.6320000000003,6.892600000000007,34.14,0,2,6
CHEMBL5275846,318.4320000000001,4.427100000000004,34.14,0,2,2
CHEMBL5277564,358.4340000000001,2.8080000000000007,77.51,0,5,1
CHEMBL5277644,402.57800000000026,6.112400000000006,34.14,0,2,4
CHEMBL5278956,358.4780000000001,3.8766000000000034,60.440000000000005,0,4,1
CHEMBL5280814,344.45100000000014,3.9782000000000037,60.440000000000005,0,4,1
CHEMBL5280921,314.46900000000005,4.291300000000004,37.3,1,2,1
CHEMBL5281414,342.4350000000001,3.7542000000000026,60.440000000000005,0,4,1
CHEMBL5281469,430.6320000000003,6.892600000000007,34.14,0,2,6
CHEMBL5281692,298.42600000000004,4.253500000000003,34.14,0,2,1
CHEMBL5282258,324.41100000000006,4.124400000000004,37.3,1,2,1
CHEMBL5282687,360.49700000000024,5.257100000000005,34.14,0,2,1
CHEMBL5282986,316.4410000000001,4.061500000000003,43.370000000000005,0,3,1
CHEMBL5283443,312.45300000000003,4.643600000000005,34.14,0,2,2
CHEMBL5284111,314.46900000000005,4.867600000000005,34.14,0,2,2
CHEMBL5284938,388.5510000000003,5.722300000000006,34.14,0,2,3
CHEMBL5285403,302.45799999999997,4.125200000000004,37.3,1,2,0
CHEMBL5285796,296.41,3.700700000000003,34.14,0,2,0
CHEMBL5286866,300.442,3.901200000000003,37.3,1,2,0
CHEMBL5287563,416.6050000000003,6.502500000000007,34.14,0,2,5
CHEMBL5288833,320.86000000000007,4.306300000000004,34.14,0,2,1
CHEMBL5289592,416.6050000000003,6.502500000000007,34.14,0,2,5
CHEMBL5290751,402.57800000000026,6.112400000000006,34.14,0,2,4
CHEMBL5291192,374.5240000000003,5.332200000000006,34.14,0,2,2
CHEMBL3752288,392.56400000000025,5.983400000000005,34.14,0,3,2
CHEMBL3753109,392.5640000000003,5.983400000000005,34.14,0,3,2
CHEMBL3752174,390.5480000000003,5.759400000000004,34.14,0,3,2
CHEMBL3754184,393.36500000000024,5.096900000000005,34.14,0,2,0
CHEMBL3754296,393.36500000000024,5.096900000000005,34.14,0,2,0
CHEMBL3752973,298.426,4.253500000000003,34.14,0,2,1
CHEMBL3753667,298.42600000000004,4.253500000000003,34.14,0,2,1
CHEMBL3752460,296.41,4.029500000000003,34.14,0,2,1
CHEMBL3754696,316.39700000000005,3.1521000000000017,71.44,1,4,0
CHEMBL5266594,312.41300000000007,3.2116000000000016,62.82,1,3,0
CHEMBL5266698,300.3980000000001,3.074600000000002,46.67,0,3,0
CHEMBL5267610,428.5760000000003,5.398400000000006,51.96,0,4,3
CHEMBL5267859,453.6040000000003,4.057320000000003,71.28999999999999,0,4,2
CHEMBL5268519,343.42700000000013,3.347000000000002,103.13,1,4,1
CHEMBL5268650,361.2790000000001,4.014400000000003,34.14,0,2,1
CHEMBL5270108,325.4120000000001,4.501400000000004,82.9,0,3,1
CHEMBL5270168,343.4270000000002,3.347000000000002,103.13,1,4,1
CHEMBL5270933,318.84400000000005,4.082300000000003,34.14,0,2,1
CHEMBL5271092,316.8280000000001,3.8583000000000034,34.14,0,2,1
CHEMBL5271680,334.406,4.188500000000004,34.14,0,2,0
CHEMBL5271699,330.4240000000001,3.2405000000000017,60.440000000000005,0,4,1
CHEMBL5271891,318.8440000000001,4.082300000000003,34.14,0,2,1
CHEMBL5272891,344.4510000000001,3.630600000000003,60.440000000000005,0,4,2
CHEMBL5273177,410.29500000000013,4.278500000000004,34.14,0,2,1
CHEMBL5273350,299.41400000000004,2.6476000000000006,56.080000000000005,1,3,0
CHEMBL5274587,314.42500000000007,3.656500000000003,51.21,0,3,1
CHEMBL5274708,316.39700000000005,2.4776000000000007,63.74,0,4,1
CHEMBL5274832,316.39700000000005,2.4776000000000007,63.74,0,4,1
CHEMBL5274890,402.5380000000003,4.733300000000004,51.96,0,4,2
CHEMBL5275153,300.3980000000001,3.074600000000002,46.67,0,3,0
CHEMBL5275448,408.2790000000001,4.054500000000003,34.14,0,2,1
CHEMBL5276930,377.32200000000023,4.6269000000000045,34.14,0,2,0
CHEMBL5276932,447.5350000000003,4.641500000000004,95.1,0,6,3
CHEMBL5278613,288.43100000000004,4.167300000000004,34.14,0,2,0
CHEMBL5279731,428.57600000000036,5.398400000000006,51.96,0,4,3
CHEMBL5280069,363.2950000000001,4.238400000000003,34.14,0,2,1
CHEMBL5282922,365.3110000000001,4.462400000000004,34.14,0,2,1
CHEMBL5283967,302.41400000000004,3.298600000000002,46.67,0,3,0
CHEMBL5284085,412.3110000000001,4.502500000000004,34.14,0,2,1
CHEMBL5284841,402.53800000000024,4.733300000000004,51.96,0,4,2
CHEMBL5285807,447.53500000000037,4.641500000000004,95.1,0,6,3
CHEMBL5285921,363.29500000000013,4.238400000000003,34.14,0,2,1
CHEMBL5286286,346.46700000000016,3.4224000000000023,63.6,1,4,2
CHEMBL5286833,410.2950000000001,4.278500000000004,34.14,0,2,1
CHEMBL5287129,385.4640000000001,3.9178000000000033,109.2,0,5,2
CHEMBL5287894,453.6040000000003,4.057320000000003,71.28999999999999,0,4,2
CHEMBL5288430,341.4510000000001,2.906500000000001,54.22,0,3,0
CHEMBL5289192,358.4340000000002,2.8080000000000007,77.51,0,5,1
CHEMBL5291168,385.46400000000006,3.9178000000000033,109.2,0,5,2
CHEMBL5291323,302.41400000000004,3.298600000000002,46.67,0,3,0
CHEMBL3349655,390.5670000000003,5.946300000000006,34.14,0,2,3
CHEMBL3349656,376.5400000000003,5.556200000000006,34.14,0,2,2
CHEMBL3349658,378.5560000000002,5.348000000000006,37.3,1,2,2
CHEMBL3349659,392.58300000000025,5.738100000000006,37.3,1,2,3
CHEMBL3754711,286.459,5.154400000000005,17.07,0,1,0
CHEMBL3754729,330.46800000000013,4.450000000000004,43.370000000000005,0,3,1
CHEMBL3752063,302.458,4.533300000000004,26.3,0,2,1
CHEMBL3753084,300.48600000000005,5.5445000000000055,17.07,0,1,1
CHEMBL3754779,330.46800000000013,4.450000000000004,43.370000000000005,0,3,1
CHEMBL3753281,302.458,4.533300000000004,26.3,0,2,1
CHEMBL3753191,302.41400000000004,3.059800000000002,54.37,1,3,1
CHEMBL3752366,270.41599999999994,4.684400000000005,17.07,0,1,0
CHEMBL3754061,334.406,4.188500000000004,34.14,0,2,0
CHEMBL4517318,302.4140000000001,3.059800000000002,54.37,1,3,1
CHEMBL5266298,300.3980000000001,3.2664000000000017,51.21,0,3,0
CHEMBL5266502,316.5290000000001,5.726400000000006,20.23,1,1,2
CHEMBL5266519,284.399,3.863400000000003,34.14,0,2,0
CHEMBL5269737,288.431,3.879200000000003,37.3,1,2,0
CHEMBL5269817,288.43100000000004,3.8792000000000026,37.3,1,2,0
CHEMBL5271187,314.5130000000001,5.934600000000007,17.07,0,1,2
CHEMBL5273164,300.3980000000001,2.8358000000000008,54.37,1,3,1
CHEMBL5274863,290.44699999999995,3.6726000000000023,40.46,2,2,1
CHEMBL5275593,288.475,4.9462000000000055,20.23,1,1,0
CHEMBL5275668,298.38200000000006,3.0424000000000015,51.21,0,3,1
CHEMBL5275758,302.414,3.0582000000000016,54.370000000000005,1,3,0
CHEMBL5277888,409.3640000000001,4.825000000000005,43.370000000000005,0,3,2
CHEMBL5280552,351.32800000000003,5.281800000000005,17.07,0,1,0
CHEMBL5281055,272.432,4.476200000000004,20.23,1,1,0
CHEMBL5281465,274.44800000000004,4.700200000000005,20.23,1,1,0
CHEMBL5281516,300.48600000000005,5.5445000000000055,17.07,0,1,1
CHEMBL5281772,286.45899999999995,4.556100000000004,20.23,1,1,0
CHEMBL5283480,342.5670000000001,6.714800000000007,17.07,0,1,4
CHEMBL5283697,316.39700000000005,2.2388000000000003,71.44,1,4,1
CHEMBL5285526,288.475,4.9462000000000055,20.23,1,1,0
CHEMBL5286964,302.50200000000007,5.336300000000006,20.23,1,1,1
CHEMBL5287003,423.34700000000026,4.004000000000003,60.440000000000005,0,4,2
CHEMBL5287052,316.5290000000001,5.726400000000006,20.23,1,1,2
CHEMBL5287841,272.388,3.697300000000003,34.14,0,2,0
CHEMBL5288188,300.398,3.2664000000000017,51.21,0,3,1
CHEMBL5288289,286.415,4.087400000000003,34.14,0,2,1
CHEMBL5288418,304.43,2.8516000000000017,57.53,2,3,1
CHEMBL5289394,284.44300000000004,4.764300000000004,17.07,0,1,0
CHEMBL5289821,302.41400000000004,3.058200000000001,54.37,1,3,0
CHEMBL5290103,286.415,3.6552000000000024,37.3,1,2,0
CHEMBL5290211,314.5130000000001,5.934600000000007,17.07,0,1,2
CHEMBL5290511,302.50200000000007,5.336300000000006,20.23,1,1,1
CHEMBL5290853,356.5940000000001,7.104900000000008,17.07,0,1,5
CHEMBL5291132,344.45100000000014,3.629000000000003,60.440000000000005,0,4,1
CHEMBL5291258,270.37199999999996,3.473300000000002,34.14,0,2,0
CHEMBL5291408,423.34700000000015,4.004000000000003,60.440000000000005,0,4,2
CHEMBL299613,302.41400000000004,3.6178000000000026,49.69,2,3,1
CHEMBL189051,349.26800000000014,4.579900000000003,37.3,1,2,0
CHEMBL425194,300.398,3.826000000000003,46.53,1,3,1
CHEMBL1405,270.37199999999996,3.817400000000002,37.3,1,2,0
CHEMBL1079595,304.8170000000001,4.470800000000003,37.3,1,2,0
CHEMBL1627334,290.378,3.7483000000000026,40.46,2,2,0
CHEMBL1627337,290.378,3.7483000000000026,40.46,2,2,0
CHEMBL1627841,300.398,3.4217000000000017,57.53,2,3,1
CHEMBL1628064,351.2840000000001,4.371700000000004,40.46,2,2,0
CHEMBL1835539,288.362,3.956500000000003,37.3,1,2,0
CHEMBL1835542,315.3690000000001,3.7256000000000027,80.44,1,4,1
CHEMBL1835547,298.38200000000006,3.629900000000002,54.37,1,3,1
CHEMBL3752805,330.46800000000013,4.451600000000004,43.370000000000005,0,3,2
CHEMBL3753398,308.4120000000001,5.153600000000004,17.07,0,1,1
CHEMBL3752674,351.32800000000003,5.281800000000005,17.07,0,1,0
CHEMBL3754485,351.32800000000003,5.281800000000005,17.07,0,1,0
CHEMBL3754457,286.415,4.170200000000004,40.46,2,2,0
CHEMBL3753034,286.415,4.170200000000004,40.46,2,2,0
CHEMBL3752447,284.399,4.3784000000000045,37.3,1,2,0
CHEMBL3754482,284.399,4.3784000000000045,37.3,1,2,0
CHEMBL411316,304.42999999999995,2.850000000000001,57.53,2,3,0
CHEMBL1908014,302.414,3.058200000000001,54.370000000000005,1,3,0
CHEMBL3754425,286.415,4.087400000000003,34.14,0,2,0
CHEMBL3752149,286.415,4.087400000000003,34.14,0,2,0
CHEMBL3754455,360.4970000000002,5.601200000000005,37.3,1,2,2
CHEMBL3753971,390.5670000000001,6.173200000000007,40.46,2,2,4
CHEMBL3753258,388.55100000000016,6.3814000000000055,37.3,1,2,4
CHEMBL3754305,288.362,3.956500000000003,37.3,1,2,0
CHEMBL3753425,284.399,4.125820000000003,37.3,1,2,0
CHEMBL5184565,285.387,3.399600000000002,63.32,2,3,0
CHEMBL5265802,290.44699999999995,3.6710000000000025,40.46,2,2,0
CHEMBL5265959,300.398,3.9624000000000033,46.53,1,3,1
CHEMBL5268507,374.5210000000002,4.814200000000005,52.6,0,4,3
CHEMBL5268672,300.3980000000001,3.2664000000000017,51.21,0,3,1
CHEMBL5268832,306.446,2.929900000000002,57.53,2,3,0
CHEMBL5268890,326.47999999999996,5.548700000000006,37.3,1,2,3
CHEMBL5270986,314.425,4.3525000000000045,46.53,1,3,2
CHEMBL5271283,326.47999999999996,5.548700000000006,37.3,1,2,3
CHEMBL5271503,328.496,5.340500000000008,40.46,2,2,3
CHEMBL5271982,290.447,3.6726000000000023,40.46,2,2,1
CHEMBL5273384,342.479,5.132700000000006,46.53,1,3,4
CHEMBL5273492,344.414,3.954600000000003,44.120000000000005,0,4,6
CHEMBL5274867,320.42900000000003,1.8223999999999996,77.76,3,4,1
CHEMBL5275068,304.43,2.8516000000000017,57.53,2,3,1
CHEMBL5275798,288.431,3.879200000000003,37.3,1,2,0
CHEMBL5276910,328.496,5.340500000000008,40.46,2,2,3
CHEMBL5277659,306.44599999999997,2.643400000000001,60.69,3,3,1
CHEMBL5278253,314.38100000000003,2.4454000000000002,68.28,0,4,1
CHEMBL5278365,332.4840000000001,4.243400000000004,46.53,1,3,2
CHEMBL5278675,302.41400000000004,3.059800000000002,54.37,1,3,1
CHEMBL5278979,314.425,4.3525000000000045,46.53,1,3,2
CHEMBL5280449,348.48600000000016,5.198600000000005,40.46,2,2,1
CHEMBL5280521,300.3980000000001,3.2664000000000017,51.21,0,3,1
CHEMBL5281289,556.644,4.7637000000000045,95.78,0,8,8
CHEMBL5281733,288.43100000000004,3.8792000000000026,37.3,1,2,0
CHEMBL5282717,300.398,3.4217000000000026,57.53,2,3,1
CHEMBL5282836,302.41400000000004,3.059800000000002,54.37,1,3,1
CHEMBL5283592,318.41300000000007,2.0306,74.6,2,4,1
CHEMBL5284435,302.414,3.0582000000000016,54.37,1,3,1
CHEMBL5284594,346.4700000000002,5.406800000000004,37.3,1,2,1
CHEMBL5284742,346.4700000000002,5.406800000000004,37.3,1,2,1
CHEMBL5285355,300.398,3.9624000000000033,46.53,1,3,1
CHEMBL5285390,348.48600000000016,5.198600000000005,40.46,2,2,1
CHEMBL5287480,304.43,2.8516000000000017,57.53,2,3,1
CHEMBL5288111,332.48400000000004,4.243400000000004,46.53,1,3,2
CHEMBL5288513,312.45300000000003,3.8826000000000036,37.3,1,2,1
CHEMBL5288626,342.479,5.132700000000006,46.53,1,3,4
CHEMBL5288646,300.3980000000001,3.2664000000000026,51.21,0,3,1
CHEMBL5290876,304.43,2.8516000000000017,57.53,2,3,1
CHEMBL5290922,302.41400000000004,3.7542000000000026,49.69,2,3,1
CHEMBL5266533,278.311,2.8680000000000003,55.12,1,4,4
CHEMBL5271071,316.36,3.174400000000002,44.120000000000005,0,4,6
CHEMBL5271144,316.36,3.174400000000002,44.120000000000005,0,4,6
CHEMBL5273068,338.41,4.829400000000004,34.89,0,3,5
CHEMBL5274084,348.44599999999997,4.731400000000003,44.120000000000005,0,4,9
CHEMBL5274139,348.44599999999997,4.731400000000004,44.120000000000005,0,4,9
CHEMBL5275747,278.311,2.8680000000000003,55.12,1,4,4
CHEMBL5277126,320.392,3.9512000000000027,44.120000000000005,0,4,7
CHEMBL5278229,292.338,3.171000000000002,44.120000000000005,0,4,5
CHEMBL5283276,344.414,3.954600000000003,44.120000000000005,0,4,6
CHEMBL5284760,320.392,3.9512000000000027,44.120000000000005,0,4,7
CHEMBL5285636,292.338,3.171000000000002,44.120000000000005,0,4,5
CHEMBL5394007,581.6160000000001,5.641900000000007,84.66000000000001,1,6,7
CHEMBL5400203,568.5730000000001,5.670800000000005,90.65,1,7,6
CHEMBL5400803,536.6090000000003,5.590400000000005,90.65000000000002,1,7,6
CHEMBL5401146,504.53900000000016,4.576300000000004,90.65000000000002,1,7,6
CHEMBL5402392,554.5460000000002,5.456000000000004,90.65000000000002,1,7,6
CHEMBL5403786,565.4450000000003,5.199700000000004,90.65000000000002,1,7,6
CHEMBL5404029,328.45600000000013,3.645900000000002,63.4,1,3,8
CHEMBL5404063,568.5770000000002,4.822100000000004,97.55000000000001,1,7,7
CHEMBL5404699,530.6020000000002,4.660600000000005,99.88000000000001,1,8,7
CHEMBL5405944,555.5340000000002,4.8510000000000035,103.54000000000002,1,8,6
CHEMBL5407335,499.59200000000016,4.494600000000005,84.66000000000001,1,6,6
CHEMBL5408038,521.9820000000002,4.485600000000004,103.54000000000002,1,8,6
CHEMBL5410004,565.4450000000003,5.199700000000005,90.65000000000002,1,7,6
CHEMBL5411799,536.6090000000003,5.590400000000005,90.65000000000002,1,7,6
CHEMBL5412790,565.4450000000003,5.199700000000004,90.65000000000002,1,7,6
CHEMBL5413340,567.5890000000003,5.427100000000006,84.66,1,6,7
CHEMBL5414572,543.6450000000002,4.893300000000005,93.89,1,7,8
CHEMBL5417452,500.57600000000014,4.745620000000005,90.65000000000002,1,7,6
CHEMBL5418690,486.54900000000015,4.437200000000004,90.65000000000002,1,7,6
CHEMBL5420394,516.5750000000002,4.445800000000004,99.88,1,8,7
CHEMBL5421409,566.4330000000003,4.594700000000003,103.54000000000002,1,8,6
CHEMBL5422087,232.283,1.5212999999999999,63.4,1,3,3
CHEMBL5422315,504.53900000000016,4.576300000000004,90.65000000000002,1,7,6
CHEMBL5423258,530.6060000000002,3.8982000000000028,106.78,1,8,7
CHEMBL5423781,514.6070000000002,4.2797000000000045,97.55000000000001,1,7,7
CHEMBL5426175,554.5460000000002,5.456000000000004,90.65000000000002,1,7,6
CHEMBL5426251,529.6180000000002,4.503200000000005,93.89,1,7,7
CHEMBL5426628,306.36500000000007,2.4856000000000007,63.400000000000006,1,3,3
CHEMBL5426947,501.56400000000014,4.140620000000003,103.54000000000002,1,8,6
CHEMBL5427513,517.5630000000002,3.8408000000000024,112.77,1,9,7
CHEMBL5428681,544.6330000000003,4.288300000000005,106.78,1,8,8
CHEMBL5430284,358.5260000000002,5.019100000000004,50.27,0,3,11
CHEMBL5430301,204.229,0.944,50.27,0,3,1
CHEMBL5430760,302.41800000000006,3.674700000000003,50.27,0,3,8
CHEMBL5433442,554.5460000000002,5.456000000000004,90.65000000000002,1,7,6
CHEMBL5433532,597.6150000000004,5.435700000000006,93.89,1,7,8
CHEMBL5435743,513.6190000000001,4.884700000000006,84.66000000000001,1,6,7
CHEMBL5436925,565.4450000000003,5.199700000000004,90.65000000000002,1,7,6
CHEMBL116794,197.241,2.4127,33.61,1,2,2
CHEMBL115899,225.29500000000002,2.9060000000000015,22.75,0,3,3
CHEMBL488050,321.81100000000004,4.587800000000002,22.75,0,3,4
CHEMBL452018,305.35600000000005,4.073500000000003,22.75,0,3,4
CHEMBL1997104,414.7340000000001,5.911300000000003,22.75,0,3,4
CHEMBL5393912,322.79900000000004,3.982800000000002,35.64,0,4,4
CHEMBL5393946,306.34400000000005,3.4685000000000015,35.64,0,4,4
CHEMBL5394067,394.31600000000003,5.452300000000005,22.75,0,3,5
CHEMBL5394223,246.30999999999995,1.7433,72.19,2,3,4
CHEMBL5394424,337.81000000000006,4.078700000000003,42.980000000000004,1,4,4
CHEMBL5394706,287.36600000000004,3.934400000000003,22.75,0,3,4
CHEMBL5395094,366.26200000000006,4.696900000000002,22.75,0,3,4
CHEMBL5395351,274.36400000000003,2.6916,63.4,1,3,6
CHEMBL5396371,246.30999999999997,1.9114,63.4,1,3,4
CHEMBL5396706,260.381,2.996900000000001,55.12,2,2,6
CHEMBL5397228,288.391,2.9136000000000006,72.19,2,3,7
CHEMBL5400021,322.79900000000004,4.051900000000002,46.5,1,3,4
CHEMBL5400511,322.79900000000004,3.982800000000002,35.64,0,4,4
CHEMBL5400514,328.37500000000006,3.2969800000000014,66.77000000000001,1,5,4
CHEMBL5400890,260.33700000000005,2.3015,63.4,1,3,5
CHEMBL5401017,333.41,4.828900000000004,22.75,0,3,5
CHEMBL5402030,306.34400000000005,3.4685000000000024,35.64,0,4,4
CHEMBL5402711,306.34400000000005,3.537600000000001,46.5,1,3,4
CHEMBL5407480,349.86500000000007,5.343200000000004,22.75,0,3,5
CHEMBL5408745,526.265,7.1825000000000045,35.64,0,4,6
CHEMBL5409215,414.32200000000006,4.999200000000004,21.060000000000002,0,3,5
CHEMBL5409533,306.34400000000005,3.4685000000000024,35.64,0,4,4
CHEMBL5410174,412.30600000000004,5.591400000000005,22.75,0,3,5
CHEMBL5410534,321.355,3.564400000000002,42.980000000000004,1,4,4
CHEMBL5413476,463.2060000000001,6.7591000000000045,22.75,0,3,5
CHEMBL5414198,415.7220000000001,5.306300000000003,35.64,0,4,4
CHEMBL5416025,336.414,3.631700000000002,33.95,0,4,5
CHEMBL5417624,313.36400000000003,3.201080000000002,59.43,0,5,4
CHEMBL5425388,351.88100000000003,4.751000000000004,21.060000000000002,0,3,5
CHEMBL5425433,288.35400000000004,3.3294000000000015,35.64,0,4,4
CHEMBL5425696,288.391,3.0817000000000005,63.4,1,3,7
CHEMBL5426878,493.3550000000001,6.153900000000005,35.64,0,4,6
CHEMBL5427189,288.35400000000004,3.398500000000001,46.5,1,3,4
CHEMBL5430016,351.4310000000001,3.4315200000000017,56.89,0,5,4
CHEMBL5431722,260.337,2.1334,72.19,2,3,5
CHEMBL5432257,288.35400000000004,3.3294000000000015,35.64,0,4,4
CHEMBL5432856,335.426,4.2367000000000035,21.060000000000002,0,3,5
CHEMBL5432998,288.35400000000004,3.3294000000000015,35.64,0,4,4
CHEMBL5434047,321.355,3.564400000000002,42.980000000000004,1,4,4
CHEMBL5434222,366.26200000000006,4.696900000000002,22.75,0,3,4
CHEMBL5436290,369.87100000000004,4.890100000000004,21.060000000000002,0,3,5
CHEMBL5438840,349.865,5.343200000000005,22.75,0,3,5
CHEMBL5439256,412.3060000000001,5.591400000000004,22.75,0,3,5
CHEMBL5439659,381.27700000000004,4.652900000000004,35.64,0,4,4
CHEMBL5440090,232.283,1.3532,72.19,2,3,3
CHEMBL351271,208.264,3.084600000000001,17.82,0,2,2
CHEMBL5395602,358.42000000000013,4.700580000000003,46.54,0,4,5
CHEMBL5396048,258.27099999999996,3.6712200000000017,17.82,0,2,2
CHEMBL5398511,223.275,2.9943000000000017,29.96,0,2,1
CHEMBL5399600,256.28000000000003,3.232300000000002,27.05,0,3,3
CHEMBL5400347,251.32899999999998,3.459500000000002,29.96,0,2,3
CHEMBL5400406,313.36400000000003,3.4631800000000013,70.28999999999999,1,4,4
CHEMBL5401549,301.42999999999995,4.189100000000003,39.19,0,3,4
CHEMBL5403912,305.35600000000005,4.335600000000002,33.61,1,2,4
CHEMBL5405156,240.28099999999998,3.5321200000000026,17.82,0,2,2
CHEMBL5405284,223.275,2.994300000000001,29.96,0,2,1
CHEMBL5406205,275.392,3.6281000000000025,39.19,0,3,4
CHEMBL5406968,287.403,3.799000000000003,39.19,0,3,3
CHEMBL5407805,426.3330000000001,6.1524000000000045,22.75,0,3,5
CHEMBL5408823,312.37600000000003,4.068180000000002,57.4,1,3,4
CHEMBL5409914,426.3330000000001,5.981500000000004,22.75,0,3,6
CHEMBL5410695,312.37600000000003,4.068180000000003,57.4,1,3,4
CHEMBL5411570,313.36400000000003,3.4631800000000013,70.28999999999999,1,4,4
CHEMBL5412410,237.25799999999998,2.6096000000000004,50.19,1,3,1
CHEMBL5413419,238.29000000000002,3.0932000000000013,27.05,0,3,3
CHEMBL5415900,301.43000000000006,3.973100000000003,39.19,0,3,3
CHEMBL5416003,380.28900000000004,4.969400000000005,22.75,0,3,4
CHEMBL5416052,275.39200000000005,3.7722000000000033,39.19,0,3,3
CHEMBL5416291,443.7760000000001,5.809120000000004,35.64,0,4,5
CHEMBL5416993,442.7880000000001,6.414120000000005,22.75,0,3,5
CHEMBL5417020,329.484,4.753300000000005,39.19,0,3,5
CHEMBL5417558,233.31099999999998,2.7460000000000013,39.19,0,3,3
CHEMBL5421275,273.37600000000003,3.382100000000002,39.19,0,3,3
CHEMBL5421289,287.403,3.6281000000000025,39.19,0,3,3
CHEMBL5425135,273.376,3.238000000000002,39.19,0,3,3
CHEMBL5425567,347.43700000000007,5.137320000000003,22.75,0,3,5
CHEMBL5425929,321.81100000000004,4.849900000000003,33.61,1,2,4
CHEMBL5426314,244.244,3.362800000000002,17.82,0,2,2
CHEMBL5428001,367.8550000000001,5.482300000000003,22.75,0,3,5
CHEMBL5428148,347.4370000000001,5.137320000000004,22.75,0,3,5
CHEMBL5428947,231.29499999999993,2.3559,39.19,0,3,3
CHEMBL5430600,291.3940000000001,3.9482000000000026,29.96,0,2,2
CHEMBL5430729,341.495,4.798400000000004,39.19,0,3,3
CHEMBL5430986,233.311,2.7460000000000013,39.19,0,3,3
CHEMBL5431946,409.3310000000001,5.155720000000005,35.64,0,4,5
CHEMBL5432961,442.7880000000001,6.414120000000004,22.75,0,3,5
CHEMBL5432971,351.4000000000001,4.9680000000000035,22.75,0,3,5
CHEMBL5434685,276.286,3.2810000000000024,27.05,0,3,3
CHEMBL5436084,443.7760000000001,5.809120000000004,35.64,0,4,5
CHEMBL5437093,408.3430000000001,5.7607200000000045,22.75,0,3,5
CHEMBL5438005,247.33799999999997,3.1361000000000017,39.19,0,3,4
CHEMBL5438740,427.32100000000014,5.294820000000004,35.64,0,4,5
CHEMBL5439806,288.297,3.679820000000002,27.05,0,3,3
CHEMBL5440376,270.307,3.540720000000003,27.05,0,3,3
CHEMBL5440983,321.81100000000004,4.849900000000003,33.61,1,2,4
CHEMBL276473,224.25900000000001,3.2883000000000013,37.3,1,2,3
CHEMBL32571,272.25600000000003,2.5099000000000014,86.99000000000001,3,5,1
CHEMBL151,286.23900000000003,2.2824000000000004,111.13000000000001,4,6,1
CHEMBL45068,274.272,2.324500000000001,97.99000000000001,4,5,4
CHEMBL307893,288.25500000000005,2.215500000000001,107.22000000000001,4,6,1
CHEMBL75267,254.24099999999999,2.871200000000001,70.67,2,4,1
CHEMBL88169,302.28200000000004,2.518500000000001,96.22000000000001,3,6,2
CHEMBL317221,270.284,3.0025000000000013,66.76,2,4,4
CHEMBL133081,304.298,2.3331000000000013,107.22000000000001,4,6,5
CHEMBL491692,242.274,2.9133000000000018,57.53,2,3,4
CHEMBL492818,290.271,2.0301000000000005,118.22000000000001,5,6,4
CHEMBL556429,354.4020000000001,4.321600000000004,75.99000000000001,2,5,4
CHEMBL1191848,203.24500000000003,1.1989,64.07,2,4,3
CHEMBL1642686,195.26500000000001,3.4392000000000023,26.02,1,1,2
CHEMBL3401429,286.2830000000001,2.8129000000000017,75.99000000000001,2,5,2
CHEMBL4206988,285.29900000000004,3.7824000000000035,61.60000000000001,0,4,5
CHEMBL4451577,364.4850000000002,5.880500000000008,49.69,2,3,4
CHEMBL4465694,364.485,5.991200000000007,60.69,3,3,6
CHEMBL4515706,394.51100000000014,5.999800000000007,69.92,3,4,7
CHEMBL4517895,394.5110000000002,5.889100000000006,58.92,2,4,5
CHEMBL4517937,394.51100000000014,5.154300000000006,58.92,2,4,5
CHEMBL4553272,378.5120000000001,6.294200000000007,49.69,2,3,7
CHEMBL5394126,227.223,1.4328,60.92,0,5,2
CHEMBL5397043,369.54900000000004,5.533500000000005,39.19,0,3,3
CHEMBL5398185,284.31100000000004,3.410300000000002,44.760000000000005,0,4,3
CHEMBL5401526,341.495,4.798400000000004,39.19,0,3,3
CHEMBL5403749,209.252,2.4796000000000005,30.71,0,3,2
CHEMBL5405593,314.3370000000001,3.4189000000000025,53.99,0,5,4
CHEMBL5407494,301.43000000000006,3.973100000000003,39.19,0,3,3
CHEMBL5409753,394.5110000000002,5.889100000000006,58.92,2,4,5
CHEMBL5412704,287.403,3.799000000000003,39.19,0,3,3
CHEMBL5413924,378.5120000000001,6.294200000000007,49.69,2,3,7
CHEMBL5414372,256.26099999999997,2.0463999999999998,57.260000000000005,0,5,3
CHEMBL5417396,344.36300000000017,3.427500000000002,63.220000000000006,0,6,5
CHEMBL5417830,334.20000000000005,2.9864000000000015,172.56,0,8,5
CHEMBL5418780,410.51000000000016,4.859900000000007,79.15,3,5,5
CHEMBL5418934,314.3370000000001,3.4189000000000016,53.99,0,5,4
CHEMBL5419796,394.51100000000014,5.154300000000006,58.92,2,4,6
CHEMBL5420745,286.2830000000001,2.812900000000001,75.99000000000001,2,5,2
CHEMBL5421164,257.249,1.4414,70.15,0,6,3
CHEMBL5423576,287.359,3.0798000000000005,53.71,1,4,6
CHEMBL5425965,316.48500000000007,5.847900000000007,40.46,2,2,8
CHEMBL5426214,300.31000000000006,3.115900000000001,64.99000000000001,1,5,3
CHEMBL5427782,380.48400000000015,4.851300000000006,69.92,3,4,5
CHEMBL5428361,394.51100000000014,5.999800000000007,69.92,3,4,7
CHEMBL5429699,394.51100000000014,6.179900000000007,69.92,3,4,7
CHEMBL5429907,410.51000000000016,4.859900000000007,79.15,3,5,6
CHEMBL5433734,273.376,3.238000000000002,39.19,0,3,3
CHEMBL5434837,300.31000000000006,3.1159000000000017,64.99000000000001,1,5,3
CHEMBL5435609,285.29900000000004,3.7824000000000026,61.60000000000001,0,4,5
CHEMBL30047,343.25700000000006,5.5278000000000045,25.78,0,2,4
CHEMBL30043,316.73800000000006,4.5305000000000035,25.78,0,2,3
CHEMBL29997,405.3280000000001,6.3605000000000045,25.78,0,2,5
CHEMBL26207,314.81600000000014,3.802100000000002,46.010000000000005,1,3,3
CHEMBL282079,302.8050000000002,3.946200000000002,46.010000000000005,1,3,3
CHEMBL26208,349.648,5.314100000000003,25.78,0,2,3
CHEMBL29952,316.73800000000006,4.530500000000002,25.78,0,2,3
CHEMBL283085,290.36600000000004,3.3776400000000013,46.010000000000005,1,3,3
CHEMBL28753,298.29200000000003,3.0390000000000015,46.010000000000005,1,3,3
CHEMBL286965,314.747,3.553300000000001,46.010000000000005,1,3,3
CHEMBL28637,364.754,4.4330000000000025,46.010000000000005,1,3,3
CHEMBL29400,331.202,4.0676000000000005,46.010000000000005,1,3,3
CHEMBL27797,326.44000000000017,4.0816000000000034,55.24,1,4,4
CHEMBL283671,333.19300000000004,5.044800000000004,25.78,0,2,3
CHEMBL29904,331.20200000000006,4.067600000000002,46.010000000000005,1,3,3
CHEMBL28696,298.292,3.0390000000000015,46.010000000000005,1,3,3
CHEMBL29669,315.20300000000003,4.963600000000003,25.78,0,2,3
CHEMBL29523,334.4190000000001,3.6946600000000025,55.24,1,4,4
CHEMBL30081,244.26899999999998,2.2616000000000005,46.010000000000005,1,3,3
CHEMBL282525,260.72400000000005,2.7759,46.010000000000005,1,3,3
CHEMBL28465,305.17500000000007,2.8850000000000007,46.010000000000005,1,3,3
CHEMBL540958,290.3660000000001,3.3776400000000013,46.010000000000005,1,3,3
CHEMBL287393,331.202,4.067600000000002,46.010000000000005,1,3,3
CHEMBL28800,307.309,2.6690000000000005,89.15,1,5,4
CHEMBL284636,330.30899999999997,3.779600000000003,46.010000000000005,1,3,3
CHEMBL28971,331.202,4.0676000000000005,46.010000000000005,1,3,3
CHEMBL282325,314.747,3.553300000000003,46.010000000000005,1,3,3
CHEMBL29901,329.2300000000001,5.137700000000004,25.78,0,2,3
CHEMBL135606,324.296,3.337200000000001,104.10000000000001,0,6,5
CHEMBL133145,303.192,4.827600000000003,17.82,0,2,3
CHEMBL335215,303.192,4.827600000000003,17.82,0,2,3
CHEMBL137373,270.282,3.799000000000003,17.82,0,2,3
CHEMBL137002,264.32800000000003,3.5294000000000016,27.05,0,3,4
CHEMBL2430098,198.22500000000002,2.677600000000001,30.96,0,3,2
CHEMBL5395333,232.67000000000002,3.3310000000000013,30.96,0,3,2
CHEMBL5397257,294.28900000000004,3.1961000000000013,56.74,0,5,3
CHEMBL5403643,356.017,4.202600000000002,30.96,0,3,2
CHEMBL5406056,335.7900000000001,4.765400000000002,46.260000000000005,1,3,3
CHEMBL5411393,331.3710000000001,4.120600000000003,55.49,1,4,4
CHEMBL5411965,267.115,3.9844000000000026,30.96,0,3,2
CHEMBL5413902,289.338,3.9704200000000025,43.85,0,4,3
CHEMBL5419730,344.201,4.9688000000000025,43.85,0,4,3
CHEMBL5421179,345.1890000000001,4.363800000000002,56.74,0,5,3
CHEMBL5421772,309.75600000000003,4.315400000000003,43.85,0,4,3
CHEMBL5422369,300.321,3.5336800000000013,67.64,0,5,3
CHEMBL5423274,319.33500000000004,4.251100000000002,46.260000000000005,1,3,3
CHEMBL5424344,310.744,3.7104000000000026,56.74,0,5,3
CHEMBL5426057,361.22800000000007,4.076200000000002,55.24,1,4,4
CHEMBL5432300,285.29900000000004,3.7824000000000035,61.60000000000001,0,4,5
CHEMBL5434747,277.121,3.440100000000001,30.96,0,3,2
CHEMBL135921,319.19100000000003,4.000700000000002,48.91,2,2,3
CHEMBL135540,319.19100000000003,4.000700000000002,48.910000000000004,2,2,3
CHEMBL133082,344.24100000000004,5.326700000000004,22.12,0,2,4
CHEMBL133026,328.2420000000001,5.742700000000005,12.89,0,1,3
CHEMBL133079,332.20500000000004,5.649800000000004,12.89,0,1,3
CHEMBL334958,348.66,5.919100000000004,12.89,0,1,3
CHEMBL343072,268.747,4.1742000000000035,17.82,0,2,3
CHEMBL135381,262.356,4.137640000000003,17.82,0,2,3
CHEMBL135595,336.744,5.193000000000004,17.82,0,2,3
CHEMBL135115,330.21400000000006,4.672600000000003,33.120000000000005,1,2,3
CHEMBL135063,298.773,4.182800000000004,27.05,0,3,4
CHEMBL335050,278.355,3.8378200000000025,27.05,0,3,4
CHEMBL135494,294.354,3.538000000000002,36.28,0,4,5
CHEMBL436369,392.09400000000005,5.045800000000003,17.82,0,2,3
CHEMBL133198,380.278,5.425100000000004,30.71,0,3,4
CHEMBL135563,304.18,4.222600000000003,30.71,0,3,3
CHEMBL341386,304.18,4.222600000000003,30.71,0,3,3
CHEMBL422093,321.25100000000003,3.988000000000003,15.27,1,2,3
CHEMBL334999,319.19100000000003,4.000700000000002,48.91,2,2,3
CHEMBL132929,304.18,4.222600000000003,30.71,0,3,3
CHEMBL138538,309.79600000000005,4.327620000000003,33.120000000000005,1,2,3
CHEMBL135340,305.168,3.617600000000002,43.6,0,4,3
CHEMBL135172,370.243,4.148200000000003,59.39,1,4,4
CHEMBL415725,314.21500000000003,5.5686000000000035,12.89,0,1,3
CHEMBL135709,348.20400000000006,4.811700000000002,33.120000000000005,1,2,3
CHEMBL135396,330.21400000000006,4.672600000000003,33.120000000000005,1,2,3
CHEMBL135633,331.20200000000006,4.067600000000002,46.010000000000005,1,3,3
CHEMBL135378,370.24300000000005,4.148200000000003,59.39,1,4,4
CHEMBL336616,331.20200000000006,4.067600000000002,46.010000000000005,1,3,3
CHEMBL335836,330.21400000000006,4.672600000000003,33.120000000000005,1,2,3
CHEMBL137049,380.278,5.425100000000004,30.71,0,3,4
CHEMBL137589,319.19100000000003,4.000700000000002,48.910000000000004,2,2,3
CHEMBL137396,380.278,5.425100000000004,30.71,0,3,4
CHEMBL137001,369.255,4.753200000000003,46.5,1,3,4
CHEMBL137604,369.255,4.753200000000003,46.5,1,3,4
CHEMBL336708,369.255,4.753200000000003,46.5,1,3,4
CHEMBL344904,369.25500000000005,4.753200000000003,46.5,1,3,4
CHEMBL337750,363.766,5.038000000000002,33.120000000000005,1,2,3
CHEMBL343273,325.7950000000001,4.027800000000003,42.35,1,3,4
CHEMBL1195457,314.21500000000003,5.5686000000000035,12.89,0,1,3
CHEMBL3622074,475.9830000000003,3.6585800000000015,123.88999999999999,1,8,7
CHEMBL5397670,463.31700000000006,2.00698,127.13,1,8,7
CHEMBL5398859,386.307,5.486600000000004,30.71,0,4,4
CHEMBL5406393,384.42100000000005,1.24448,127.13,1,8,7
CHEMBL5410574,336.24300000000005,4.734100000000002,33.120000000000005,1,3,3
CHEMBL5410623,336.24300000000005,4.7341000000000015,33.120000000000005,1,3,3
CHEMBL5418345,418.86600000000004,1.8978800000000002,127.13,1,8,7
CHEMBL5427411,386.307,5.486600000000003,30.71,0,4,4
CHEMBL5431850,398.4480000000001,1.63458,127.13,1,8,8
CHEMBL5432233,402.41100000000006,1.3835800000000003,127.13,1,8,7
CHEMBL5394799,477.52800000000025,0.32248000000000066,164.51,1,10,9
CHEMBL5395753,369.406,1.5641800000000001,123.88999999999999,1,7,6
CHEMBL5396464,323.331,2.5068800000000007,77.97000000000001,1,6,5
CHEMBL5397197,416.4380000000001,1.7736800000000001,127.13,1,8,8
CHEMBL5397563,341.374,3.478480000000002,77.97000000000001,1,6,4
CHEMBL5398138,444.5420000000001,2.574280000000001,127.13,1,9,10
CHEMBL5398997,375.8190000000001,4.131880000000003,77.97000000000001,1,6,4
CHEMBL5399449,337.358,2.896980000000001,77.97000000000001,1,6,6
CHEMBL5400488,335.367,2.5941800000000006,87.2,1,7,7
CHEMBL5401315,337.408,2.9173800000000005,77.97000000000001,1,7,6
CHEMBL5402090,305.34100000000007,2.3677799999999998,77.97000000000001,1,6,5
CHEMBL5402457,398.26400000000007,3.520380000000002,77.97000000000001,1,6,6
CHEMBL5402619,351.435,3.0584800000000003,77.97000000000001,1,7,7
CHEMBL5404073,345.406,2.930180000000001,77.97000000000001,1,6,4
CHEMBL5407526,353.81300000000005,3.4112800000000023,77.97000000000001,1,6,6
CHEMBL5408436,420.2700000000001,4.240980000000003,77.97000000000001,1,6,4
CHEMBL5408847,424.4420000000001,1.99068,140.27,1,9,7
CHEMBL5409338,528.7040000000002,4.914880000000004,127.13,1,9,16
CHEMBL5410011,364.63000000000005,4.037300000000003,50.94,1,4,3
CHEMBL5410657,323.38100000000003,2.874880000000001,77.97000000000001,1,7,5
CHEMBL5411472,349.394,2.984280000000001,87.2,1,7,8
CHEMBL5412353,323.38100000000003,2.87488,77.97000000000001,1,7,5
CHEMBL5412416,339.78600000000006,3.021180000000001,77.97000000000001,1,6,5
CHEMBL5412425,345.362,3.1139800000000015,91.11000000000001,1,7,5
CHEMBL5413153,457.7370000000001,3.1084000000000014,100.1,1,6,6
CHEMBL5413770,319.36800000000005,2.757880000000001,77.97000000000001,1,6,6
CHEMBL5415771,432.8930000000001,2.28798,127.13,1,8,8
CHEMBL5416513,383.43300000000005,1.9542799999999998,123.88999999999999,1,7,7
CHEMBL5417041,365.46200000000005,3.697580000000002,77.97000000000001,1,7,8
CHEMBL5417335,384.237,3.1302800000000017,77.97000000000001,1,6,5
CHEMBL5419258,330.35100000000006,2.8065800000000003,93.75999999999999,2,6,4
CHEMBL5421435,430.5150000000001,1.93518,127.13,1,9,9
CHEMBL5422332,378.84100000000007,2.3459000000000003,100.1,1,6,6
CHEMBL5423400,414.4470000000001,1.47088,136.36,1,9,9
CHEMBL5423824,477.3440000000001,2.3970800000000008,127.13,1,8,8
CHEMBL5424049,400.4200000000001,1.0807799999999999,136.36,1,9,8
CHEMBL5424630,358.40500000000014,2.8594800000000014,82.9,1,7,5
CHEMBL5425142,402.46100000000007,1.7515799999999997,127.13,1,9,7
CHEMBL5425230,428.4740000000001,1.8609799999999999,136.36,1,9,10
CHEMBL5427905,398.44800000000015,1.4457799999999998,115.35000000000001,1,8,7
CHEMBL5428080,402.4610000000001,1.7515799999999997,127.13,1,9,7
CHEMBL5429338,443.71000000000004,2.9140000000000015,100.1,1,6,5
CHEMBL5430347,462.32900000000006,2.7351800000000015,101.11000000000001,0,7,6
CHEMBL5434606,344.37800000000004,2.77998,82.89999999999999,1,7,5
CHEMBL5435238,416.4880000000001,1.7940799999999997,127.13,1,9,8
CHEMBL5437662,332.32300000000004,2.46648,104.0,1,8,4
CHEMBL5439970,379.48900000000003,4.087680000000003,77.97000000000001,1,7,9
CHEMBL5440356,321.34000000000003,2.2040799999999994,87.2,1,7,6
CHEMBL5440379,449.624,6.038180000000007,77.97000000000001,1,7,14
CHEMBL5440424,351.43500000000006,3.307480000000001,77.97000000000001,1,7,7
CHEMBL350072,212.29600000000005,3.1172200000000014,17.82,0,2,1
CHEMBL423613,270.33199999999994,2.985500000000002,44.12,0,4,3
CHEMBL162585,209.252,2.29038,41.61,0,3,1
CHEMBL350338,277.16499999999996,3.5713000000000017,17.82,0,2,1
CHEMBL5394232,234.302,3.299800000000002,24.72,0,2,3
CHEMBL5395326,406.374,1.48018,127.13,1,8,6
CHEMBL5395683,262.356,4.080000000000003,24.72,0,2,5
CHEMBL5395694,420.401,2.1395800000000005,127.13,1,8,7
CHEMBL5396276,290.41,4.860200000000004,24.72,0,2,7
CHEMBL5398199,266.30400000000003,2.4536,54.18,1,5,4
CHEMBL5398403,302.284,2.7318000000000007,54.18,1,5,4
CHEMBL5400554,345.384,1.3302999999999998,103.34,1,7,6
CHEMBL5400682,381.36400000000003,1.6084999999999998,103.34,1,7,6
CHEMBL5401648,340.333,3.029980000000001,71.98,1,5,5
CHEMBL5401807,248.329,3.6899000000000024,24.72,0,2,4
CHEMBL5401946,327.294,2.6034800000000002,77.97000000000001,1,6,4
CHEMBL5402193,404.839,1.85538,127.13,1,8,6
CHEMBL5402384,360.204,3.632080000000002,77.97000000000001,1,6,4
CHEMBL5402413,439.28400000000005,2.5087800000000007,127.13,1,8,6
CHEMBL5404624,420.40100000000007,1.52268,127.13,1,8,7
CHEMBL5404820,327.294,2.6034800000000002,77.97000000000001,1,6,4
CHEMBL5405854,172.231,2.1005000000000003,24.72,0,2,3
CHEMBL5406470,262.356,3.884300000000003,24.72,0,2,5
CHEMBL5406734,369.22200000000004,3.4499800000000027,74.72999999999999,1,5,4
CHEMBL5411834,406.374,1.4801800000000003,127.13,1,8,6
CHEMBL5412669,370.21000000000004,3.0877800000000013,77.97000000000001,1,6,4
CHEMBL5413431,449.29,1.96448,127.13,1,8,6
CHEMBL5413472,299.761,3.4692000000000016,50.94,1,4,4
CHEMBL5413848,340.333,3.867880000000003,65.08000000000001,1,5,5
CHEMBL5414163,304.437,5.250300000000005,24.72,0,2,8
CHEMBL5419141,200.28500000000003,2.880700000000002,24.72,0,2,5
CHEMBL5421450,306.329,1.9030999999999996,81.64999999999999,1,7,3
CHEMBL5421626,290.326,2.68748,74.72999999999999,1,5,4
CHEMBL5421908,406.37400000000014,1.75128,127.13,1,8,6
CHEMBL5421931,214.312,3.270800000000002,24.72,0,2,6
CHEMBL5425028,308.31600000000003,3.0693800000000016,65.08000000000001,1,5,4
CHEMBL5425529,345.305,3.1591000000000014,66.65,1,6,4
CHEMBL5426228,158.20399999999998,1.7104000000000001,24.72,0,2,2
CHEMBL5427371,276.38300000000004,4.2744000000000035,24.72,0,2,6
CHEMBL5429844,378.65700000000004,4.231700000000003,50.94,1,4,4
CHEMBL5431500,276.38300000000004,4.2744000000000035,24.72,0,2,6
CHEMBL5431758,325.759,2.9786800000000015,77.97000000000001,1,6,4
CHEMBL5433928,262.356,3.884300000000003,24.72,0,2,5
CHEMBL5434794,425.37300000000005,1.6518,121.80000000000001,1,9,6
CHEMBL5435398,327.29400000000004,2.874580000000001,77.97,1,6,4
CHEMBL5436006,309.30400000000003,2.4643800000000002,77.97000000000001,1,6,4
CHEMBL5436996,304.353,3.077580000000001,74.72999999999999,1,5,5
CHEMBL5438093,383.249,3.840080000000003,74.72999999999999,1,5,5
CHEMBL5438581,276.38300000000004,4.470100000000004,24.72,0,2,6
CHEMBL5438618,186.258,2.4906000000000006,24.72,0,2,4
CHEMBL415952,262.35600000000005,4.105300000000003,17.82,0,2,5
CHEMBL5394566,280.346,4.117800000000003,28.68,1,1,5
CHEMBL5395012,298.336,4.452600000000004,28.68,1,1,5
CHEMBL5396408,294.37300000000005,4.703600000000003,28.68,1,1,6
CHEMBL5397541,294.373,4.703600000000003,28.68,1,1,6
CHEMBL5397559,306.41300000000007,3.728900000000001,80.72,3,3,6
CHEMBL5398069,290.4100000000001,4.791240000000004,28.68,1,1,5
CHEMBL5398810,290.4100000000001,4.791240000000004,28.68,1,1,5
CHEMBL5401445,301.39300000000003,4.436180000000003,52.47,1,2,6
CHEMBL5401856,290.41,4.791240000000004,28.68,1,1,5
CHEMBL5401971,412.377,6.6021000000000045,28.68,1,1,6
CHEMBL5402637,312.363,4.842700000000004,28.68,1,1,6
CHEMBL5403263,322.427,5.402120000000005,28.68,1,1,7
CHEMBL5404343,322.4080000000001,4.191600000000003,47.14,1,3,7
CHEMBL5404404,290.41,4.872920000000003,28.68,1,1,6
CHEMBL5408838,294.37300000000005,4.507900000000004,28.68,1,1,6
CHEMBL5411125,326.403,4.307860000000003,76.25999999999999,1,3,6
CHEMBL5412224,280.34600000000006,4.244400000000003,17.82,0,2,5
CHEMBL5413133,290.41,4.664500000000004,24.72,0,2,7
CHEMBL5414100,299.324,3.778500000000003,30.71,0,3,5
CHEMBL5417163,348.343,5.332300000000004,28.68,1,1,5
CHEMBL5417761,298.336,4.383500000000003,17.82,0,2,5
CHEMBL5417855,312.37600000000003,3.917760000000002,76.25999999999999,1,3,5
CHEMBL5418765,319.383,4.575280000000004,52.47,1,2,6
CHEMBL5419940,276.38300000000004,4.495400000000004,17.82,0,2,6
CHEMBL5419948,299.324,3.778500000000003,30.71,0,3,5
CHEMBL5421565,305.356,4.116080000000003,41.61,0,3,5
CHEMBL5421595,312.36300000000006,4.842700000000003,28.68,1,1,6
CHEMBL5423113,304.43700000000007,5.181340000000004,28.68,1,1,6
CHEMBL5423378,366.37700000000007,4.380900000000003,114.96000000000001,1,5,8
CHEMBL5423512,322.427,5.402120000000005,28.68,1,1,7
CHEMBL5423518,312.36300000000006,4.647000000000003,28.68,1,1,6
CHEMBL5423840,280.34600000000006,4.313500000000003,28.68,1,1,5
CHEMBL5424130,304.43700000000007,5.181340000000004,28.68,1,1,6
CHEMBL5425445,290.41,4.872920000000004,28.68,1,1,6
CHEMBL5425656,305.356,4.185180000000003,52.47,1,2,5
CHEMBL5425854,304.437,5.1269000000000045,28.68,1,1,7
CHEMBL5427725,290.41,4.664500000000004,24.72,0,2,7
CHEMBL5429779,276.38300000000004,4.482820000000003,28.68,1,1,5
CHEMBL5432857,317.39200000000005,4.054680000000003,61.699999999999996,1,3,6
CHEMBL5432975,298.33600000000007,4.452600000000003,28.68,1,1,5
CHEMBL5433174,287.36600000000004,4.046080000000003,52.47,1,2,5
CHEMBL5434818,308.40000000000003,5.093700000000005,28.68,1,1,7
CHEMBL5436300,319.383,4.379580000000003,52.47,1,2,6
CHEMBL5436915,398.35,6.212000000000004,28.68,1,1,5
CHEMBL5437945,298.336,4.452600000000003,28.68,1,1,5
CHEMBL5439274,322.427,5.4021200000000045,28.68,1,1,7
CHEMBL5439843,280.34600000000006,4.313500000000003,28.68,1,1,5
CHEMBL5440707,355.363,5.064880000000003,52.47,1,2,5
CHEMBL5440818,294.37300000000005,4.703600000000004,28.68,1,1,6
CHEMBL112532,216.284,3.0512000000000015,27.05,0,3,5
CHEMBL433737,217.268,3.520500000000002,35.260000000000005,0,3,5
CHEMBL150681,217.268,3.520500000000002,35.260000000000005,0,3,5
CHEMBL151207,230.31099999999998,3.3596200000000023,27.05,0,3,5
CHEMBL151037,230.311,3.266000000000002,27.05,0,3,5
CHEMBL151038,231.295,3.8289200000000028,35.260000000000005,0,3,5
CHEMBL422858,231.295,3.8289200000000028,35.260000000000005,0,3,5
CHEMBL150999,216.28400000000002,3.255600000000001,37.91,1,2,5
CHEMBL150653,227.30700000000002,3.927500000000003,22.12,0,2,5
CHEMBL356594,230.311,3.564020000000002,37.91,1,2,5
CHEMBL358214,230.31099999999998,3.3596200000000023,27.05,0,3,5
CHEMBL348263,208.261,2.6949000000000005,53.849999999999994,2,3,6
CHEMBL150146,228.29500000000002,3.3225000000000016,35.010000000000005,0,3,5
CHEMBL151646,227.30700000000002,3.927500000000003,22.12,0,2,5
CHEMBL151449,217.26799999999997,3.520500000000002,35.260000000000005,0,3,5
CHEMBL150799,217.26799999999997,3.520500000000002,35.260000000000005,0,3,5
CHEMBL149750,216.28400000000002,3.255600000000001,37.91,1,2,5
CHEMBL150278,218.26000000000002,2.0455999999999994,63.690000000000005,1,4,5
CHEMBL359116,215.29600000000002,3.8606000000000025,25.02,1,1,5
CHEMBL5394486,260.29999999999995,2.8650800000000007,54.5,0,4,3
CHEMBL5394720,231.295,3.8289200000000028,35.260000000000005,0,3,5
CHEMBL5395040,303.34000000000003,3.8047800000000027,48.51,0,3,4
CHEMBL5397796,306.344,3.5110800000000015,54.5,0,4,5
CHEMBL5411950,319.383,4.506180000000003,41.61,0,3,6
CHEMBL5419123,324.387,3.9274600000000026,72.3,0,4,5
CHEMBL5423575,217.272,2.4462,39.94,0,4,5
CHEMBL5426889,230.311,3.266000000000002,27.05,0,3,5
CHEMBL5427944,317.367,4.194880000000004,48.51,0,3,5
CHEMBL5430737,304.32800000000003,3.4207800000000015,54.5,0,4,4
CHEMBL5431734,317.367,4.415880000000004,41.61,0,3,5
CHEMBL5433553,320.371,3.901180000000002,54.5,0,4,6
CHEMBL5438879,260.29999999999995,2.8650800000000007,54.5,0,4,3
CHEMBL5439983,318.355,3.8108800000000027,54.5,0,4,5
CHEMBL5542291,1096.264,8.388120000000006,205.51999999999995,4,13,18
CHEMBL5549760,1244.4219999999996,7.674320000000011,242.43999999999997,4,17,28
CHEMBL5555317,1200.3689999999997,7.657720000000011,233.20999999999995,4,16,25
CHEMBL5556708,1152.3719999999998,9.948519999999995,205.51999999999995,4,13,22
CHEMBL5557715,385.4630000000001,5.167200000000005,55.400000000000006,1,3,5
CHEMBL5558656,1110.291,8.778220000000003,205.51999999999995,4,13,19
CHEMBL5559176,357.40900000000005,4.688700000000003,66.4,2,2,4
CHEMBL5560949,419.9080000000001,5.820600000000005,55.400000000000006,1,3,5
CHEMBL5561121,385.4630000000001,5.167200000000005,55.400000000000006,1,3,5
CHEMBL5561326,464.3590000000001,5.929700000000005,55.400000000000006,1,3,5
CHEMBL5561738,1112.2629999999997,7.624520000000009,214.74999999999997,4,14,19
CHEMBL5562607,1138.3449999999998,9.55842,205.51999999999995,4,13,21
CHEMBL5564454,415.48900000000015,5.175800000000005,64.63000000000001,1,4,6
CHEMBL5565514,1156.3159999999998,7.641120000000011,223.98,4,15,22
CHEMBL5567374,1124.3179999999998,9.168320000000001,205.51999999999995,4,13,20
CHEMBL5567780,415.4890000000001,5.175800000000005,64.63000000000001,1,4,6
CHEMBL5568037,357.409,4.6887000000000025,66.4,2,2,4
CHEMBL83,371.524,5.9961000000000055,12.47,0,2,8
CHEMBL433065,383.4030000000001,4.632400000000003,72.47,1,4,4
CHEMBL58435,200.237,2.4914000000000005,34.14,0,2,1
CHEMBL60918,406.4340000000002,3.312700000000002,86.74000000000001,0,6,7
CHEMBL57796,188.18200000000002,1.4393,43.370000000000005,0,3,1
CHEMBL58747,303.14400000000006,4.190500000000003,34.14,0,2,1
CHEMBL301254,292.29,2.670300000000001,60.440000000000005,0,4,2
CHEMBL61245,260.202,-2.657899999999999,91.34,0,5,1
CHEMBL57157,361.44100000000014,3.9025000000000025,54.45,0,3,6
CHEMBL292444,410.4690000000001,5.063400000000005,60.440000000000005,0,4,6
CHEMBL298849,437.4510000000002,4.370600000000003,85.6,1,5,6
CHEMBL58292,263.296,2.9293000000000013,37.38,0,3,2
CHEMBL292386,248.281,3.078100000000001,34.14,0,2,2
CHEMBL60707,273.29100000000005,3.365000000000002,49.93,1,2,1
CHEMBL59240,284.3140000000001,4.036900000000003,34.14,0,2,1
CHEMBL57841,437.4510000000002,4.372200000000003,85.6,1,5,6
CHEMBL5555812,570.7330000000002,8.648500000000004,60.330000000000005,1,5,13
CHEMBL5555946,621.5750000000002,8.932500000000001,71.33,2,4,12
CHEMBL5557518,572.7050000000004,8.178600000000007,80.56,2,5,13
CHEMBL5557971,542.6790000000002,7.868300000000008,60.330000000000005,1,5,11
CHEMBL5558884,391.85400000000004,5.342100000000003,66.4,2,2,4
CHEMBL5559396,387.4350000000001,4.697300000000003,75.63,2,3,5
CHEMBL5559711,542.6790000000002,8.170000000000005,71.33,2,4,12
CHEMBL5559750,600.7590000000001,8.657100000000003,69.56,1,6,14
CHEMBL5559841,1563.39,5.947400000000009,202.86,2,14,18
CHEMBL5559883,558.6780000000003,7.788500000000007,80.56,2,5,12
CHEMBL5559919,514.6250000000002,7.3898000000000055,71.33,2,4,10
CHEMBL5560380,586.7320000000002,8.267000000000007,69.56,1,6,13
CHEMBL5560527,387.4350000000001,4.697300000000003,75.63,2,3,5
CHEMBL5561070,1815.1819999999998,7.15660000000001,202.86,2,14,18
CHEMBL5561217,607.5480000000001,8.542400000000002,71.33,2,4,11
CHEMBL5561832,584.7600000000001,9.038600000000002,60.330000000000005,1,5,14
CHEMBL5562392,635.6020000000001,9.020900000000001,60.330000000000005,1,5,12
CHEMBL5562416,528.6520000000002,7.478200000000007,60.330000000000005,1,5,10
CHEMBL5562423,500.5980000000002,6.999700000000005,71.33,2,4,9
CHEMBL5564449,436.305,5.451200000000003,66.4,2,2,4
CHEMBL5564606,649.6290000000001,9.411,60.330000000000005,1,5,13
CHEMBL5564688,528.6520000000002,7.779900000000006,71.33,2,4,11
CHEMBL5564713,1599.3700000000003,6.225600000000007,202.86,2,14,18
CHEMBL5566581,556.7060000000001,8.258400000000005,60.330000000000005,1,5,12
CHEMBL5567762,1591.4439999999997,6.564240000000012,202.85999999999996,2,14,18
CHEMBL5568308,1721.182,7.472400000000011,202.86,2,14,18
CHEMBL5568351,1632.28,7.25420000000001,202.86,2,14,18
CHEMBL5770399,390.39900000000006,2.9825,112.58,4,6,5
CHEMBL5808901,374.40000000000003,3.2769000000000004,92.35,3,5,5
CHEMBL5875159,411.805,2.898600000000001,125.21000000000001,4,5,4
CHEMBL5887888,408.8450000000001,3.9303000000000017,92.35,3,5,5
CHEMBL5916153,389.41100000000006,3.5875000000000012,99.69,4,5,5
CHEMBL5946526,350.3960000000001,1.46042,121.71,2,6,6
CHEMBL6167931,431.53300000000013,3.770900000000003,66.65,0,5,4
CHEMBL428184,885.8090000000001,-3.262900000000002,413.4199999999999,12,13,27
CHEMBL8284,867.8190000000001,-3.560100000000004,413.4199999999999,12,13,27
CHEMBL444092,995.1889999999999,0.8280700000000023,340.64,11,11,15
CHEMBL430266,1009.1850000000001,4.688980000000007,286.98999999999995,8,16,26
CHEMBL280487,805.0149999999999,5.213600000000004,182.82999999999998,5,12,10
CHEMBL39626,744.388,9.368440000000001,59.67,1,4,6
CHEMBL416598,726.3730000000002,9.158599999999996,46.53,1,3,6
CHEMBL290496,711.269,10.236899999999988,46.53,1,3,6
CHEMBL290295,668.2900000000001,8.145640000000006,59.67,1,4,4
CHEMBL299374,324.33500000000004,5.145800000000003,47.28,0,3,1
CHEMBL52347,158.15599999999998,1.4652,34.14,0,2,0
CHEMBL51447,234.254,2.883700000000001,34.14,0,2,1
CHEMBL53966,371.3920000000001,3.887900000000003,72.47,1,4,5
CHEMBL300664,302.30400000000003,4.538700000000003,34.14,0,2,1
CHEMBL291310,383.4030000000001,4.632400000000003,72.47,1,4,4
CHEMBL60925,250.253,2.5893000000000006,54.37,1,3,1
CHEMBL292843,336.343,2.8256000000000014,69.67,0,5,5
CHEMBL59402,250.253,2.5893000000000006,54.37,1,3,1
CHEMBL57880,321.332,3.4521000000000015,72.47,1,4,3
CHEMBL58795,264.28,2.8923000000000014,43.370000000000005,0,3,2
CHEMBL57391,320.388,4.452700000000004,43.370000000000005,0,3,6
CHEMBL58840,320.38800000000015,4.418200000000004,43.370000000000005,0,3,6
CHEMBL58287,310.3520000000001,4.5507000000000035,34.14,0,2,2
CHEMBL58288,226.275,3.0256000000000016,34.14,0,2,1
CHEMBL60824,173.171,0.7516,60.160000000000004,1,3,0
CHEMBL58032,445.47100000000034,3.7249000000000025,91.66999999999999,0,7,7
CHEMBL56948,493.5590000000002,5.629300000000006,74.6,0,6,6
CHEMBL57920,242.31799999999998,3.8058000000000023,34.14,0,2,5
CHEMBL58996,264.28,2.8923000000000014,43.370000000000005,0,3,2
CHEMBL301909,334.37100000000015,3.5972000000000026,60.440000000000005,0,4,5
CHEMBL58737,240.302,3.415700000000002,34.14,0,2,1
CHEMBL60763,359.38100000000014,3.401500000000002,65.37,0,5,4
CHEMBL57036,336.3430000000001,2.8256000000000014,69.67,0,5,5
CHEMBL58762,270.234,3.161900000000002,34.14,0,2,1
CHEMBL61359,232.235,1.1919,63.6,1,4,4
CHEMBL58354,454.52200000000016,5.217100000000006,69.67,0,5,6
CHEMBL58848,320.3440000000001,2.989300000000002,60.440000000000005,0,4,4
CHEMBL61186,373.40800000000013,4.009400000000003,65.37,0,5,5
CHEMBL61044,412.44100000000014,4.046800000000003,69.67,0,5,6
CHEMBL59239,279.25100000000003,2.791900000000001,77.28,0,4,2
CHEMBL59241,362.4690000000001,5.184300000000005,54.370000000000005,1,3,1
CHEMBL301436,398.4140000000001,3.9600000000000026,80.67,1,4,6
CHEMBL435374,317.30000000000007,3.063200000000001,87.22999999999999,2,3,2
CHEMBL300119,317.30000000000007,3.063200000000001,87.22999999999999,2,3,2
CHEMBL89067,361.492,3.7748000000000026,73.86000000000001,1,5,6
CHEMBL509059,1023.2120000000001,5.0774800000000075,286.98999999999995,8,16,26
CHEMBL505512,766.9660000000003,4.785300000000002,192.18999999999997,3,13,20
CHEMBL4524071,824.977,1.1825700000000103,282.44,9,9,13
CHEMBL6518,643.6590000000004,7.083020000000007,129.7,1,9,16
CHEMBL203751,607.5410000000003,5.380720000000005,129.70000000000002,1,9,10
CHEMBL6845,339.351,2.2070999999999996,90.12,1,6,6
CHEMBL265665,643.6590000000004,7.083020000000007,129.7,1,9,16
CHEMBL7314,507.37000000000023,4.8472000000000035,103.67,1,7,11
CHEMBL267143,493.3430000000002,5.060500000000004,103.67,1,7,10
CHEMBL7046,471.4390000000002,5.286720000000003,98.95,1,7,8
CHEMBL7152,591.5860000000002,7.323200000000007,103.26,1,7,11
CHEMBL50878,345.329,4.124000000000001,63.24,1,3,2
CHEMBL51039,314.34,4.408200000000003,43.370000000000005,0,3,2
CHEMBL60857,258.16,3.0668000000000015,57.53,2,1,2
CHEMBL292556,448.66900000000015,6.776300000000008,63.60000000000001,1,3,9
CHEMBL86905,174.15499999999997,1.6054999999999997,47.28,0,3,1
CHEMBL87601,222.62699999999998,2.5673200000000005,47.28,0,3,1
CHEMBL83293,331.94700000000006,3.1305000000000005,47.28,0,3,1
CHEMBL85493,243.045,2.9123,47.28,0,3,1
CHEMBL314229,216.23599999999996,2.728900000000001,47.28,0,3,2
CHEMBL87536,326.35100000000006,4.939500000000004,47.28,0,3,3
CHEMBL87802,250.253,3.2725000000000017,47.28,0,3,2
CHEMBL86966,224.21499999999997,2.758700000000001,47.28,0,3,1
CHEMBL87189,224.21499999999997,2.758700000000001,47.28,0,3,1
CHEMBL87768,192.14499999999995,1.7446000000000002,47.28,0,3,1
CHEMBL314564,219.15199999999996,1.5137,90.41999999999999,0,5,2
CHEMBL85756,253.05099999999996,2.3680000000000003,47.28,0,3,1
CHEMBL84898,208.59999999999997,2.2589000000000006,47.28,0,3,1
CHEMBL95668,332.266,-5.343999999999998,114.4,0,6,2
CHEMBL330395,301.345,1.458,100.54,2,4,3
CHEMBL100267,246.218,2.2447999999999997,83.83,2,3,3
CHEMBL99971,232.191,1.9418,94.83,3,3,2
CHEMBL99972,246.218,2.0014000000000003,83.83,2,3,4
CHEMBL98930,260.24499999999995,2.3332000000000006,72.83000000000001,1,4,3
CHEMBL95978,418.35800000000023,0.4499000000000005,193.31999999999996,5,6,10
CHEMBL320848,282.198,2.5942,83.83,2,3,4
CHEMBL119459,405.177,3.4558000000000018,150.05999999999997,5,3,4
CHEMBL419592,405.177,3.455800000000001,150.05999999999997,5,3,4
CHEMBL119693,405.177,3.4558000000000018,150.05999999999997,5,3,4
CHEMBL119071,250.03500000000003,2.3620200000000002,34.14,0,2,1
CHEMBL118312,393.90200000000004,2.4206000000000003,68.28,0,4,2
CHEMBL118857,280.01700000000005,1.2365,63.60000000000001,1,3,0
CHEMBL325174,236.008,2.0536,34.14,0,2,1
CHEMBL118998,281.005,1.9618,77.28,0,4,2
CHEMBL119986,336.12500000000006,3.109700000000002,44.760000000000005,0,4,2
CHEMBL332161,280.017,1.7518,71.44,1,3,2
CHEMBL116656,424.1430000000002,1.9536999999999998,105.20000000000002,0,8,3
CHEMBL118788,331.98600000000005,1.5754999999999995,93.06,2,4,0
CHEMBL119805,280.017,1.7518,71.44,1,3,2
CHEMBL118424,281.005,1.9617999999999998,77.28,0,4,2
CHEMBL120421,225.973,0.7767,62.82,1,3,1
CHEMBL1160962,352.16600000000005,3.131400000000002,115.06,4,2,4
CHEMBL1160963,258.16,3.0668000000000006,57.53,2,1,2
CHEMBL24095,392.5230000000001,7.531700000000006,20.23,1,2,4
CHEMBL24201,330.427,6.225000000000006,33.370000000000005,1,2,5
CHEMBL24213,526.6570000000002,8.9565,46.53,1,3,8
CHEMBL440485,428.61300000000006,6.289600000000006,74.6,2,2,8
CHEMBL61058,340.485,3.996500000000003,63.60000000000001,1,3,4
CHEMBL62224,406.588,5.606000000000005,63.60000000000001,1,3,6
CHEMBL61909,440.5800000000004,5.994000000000006,91.67,2,3,8
CHEMBL61121,372.571,5.553500000000005,63.60000000000001,1,3,7
CHEMBL303581,438.63000000000017,6.369300000000007,76.74,1,4,9
CHEMBL64626,356.528,4.9394000000000045,63.60000000000001,1,3,6
CHEMBL64690,420.61500000000007,5.996100000000006,63.60000000000001,1,3,7
CHEMBL60072,539.7830000000001,4.804600000000002,134.62,2,5,9
CHEMBL59794,358.54400000000004,5.019300000000004,63.60000000000001,1,3,5
CHEMBL60297,452.6570000000002,6.615300000000007,76.74000000000001,1,4,9
CHEMBL66062,283.236,-0.44239999999999974,147.15,4,5,7
CHEMBL431555,301.226,-0.14519999999999983,147.15,4,5,7
CHEMBL73380,170.211,3.0592000000000015,20.23,1,1,1
CHEMBL96952,351.4180000000001,0.29699999999999993,122.96999999999998,2,9,4
CHEMBL316683,401.4780000000001,1.4501999999999995,122.96999999999998,2,9,4
CHEMBL95818,261.29299999999995,-1.6155999999999988,131.76,3,9,2
CHEMBL420456,427.51600000000013,1.9639999999999997,122.96999999999998,2,9,5
CHEMBL99657,260.30499999999995,-0.034900000000000375,119.72999999999999,2,8,2
CHEMBL99776,262.27699999999993,-1.1885999999999999,128.95999999999998,2,9,2
CHEMBL95255,248.294,-0.17899999999999927,119.73,2,8,4
CHEMBL98053,280.292,-2.234199999999998,160.19,4,10,6
CHEMBL99271,275.32000000000005,-1.2733999999999988,122.97,2,9,2
CHEMBL146008,400.49900000000014,6.136300000000006,46.53,1,3,7
CHEMBL342960,310.374,4.121300000000003,43.370000000000005,0,3,4
CHEMBL343636,198.26500000000001,3.676040000000002,20.23,1,1,1
CHEMBL344564,264.368,5.3662000000000045,13.14,0,1,5
CHEMBL344565,158.2,2.8538200000000016,20.23,1,1,0
CHEMBL145496,318.372,4.792420000000003,46.53,1,2,5
CHEMBL341624,188.26999999999998,4.083820000000003,13.14,0,1,3
CHEMBL145657,136.19399999999996,2.39372,9.23,0,1,2
CHEMBL144243,450.5590000000001,7.289500000000006,46.53,1,3,7
CHEMBL434128,388.4880000000001,6.261100000000005,46.53,1,3,6
CHEMBL145393,307.14300000000003,3.579500000000002,46.53,1,2,4
CHEMBL146011,348.39800000000014,4.801020000000005,55.760000000000005,1,3,6
CHEMBL150420,308.22,3.3134000000000015,57.53,2,1,2
CHEMBL151848,284.19800000000004,3.5806000000000022,57.53,2,1,3
CHEMBL151248,232.12199999999999,1.8949000000000005,57.53,2,1,2
CHEMBL151300,310.23600000000005,4.084000000000002,57.53,2,1,4
CHEMBL149279,308.22,3.3134000000000023,57.53,2,1,2
CHEMBL150349,401.3270000000001,2.6849,103.7,3,3,4
CHEMBL150350,403.3430000000001,3.4555000000000025,103.7,3,3,6
CHEMBL151494,481.4350000000001,2.8096000000000005,129.05,2,5,7
CHEMBL150295,310.23600000000005,4.084000000000003,57.53,2,1,4
CHEMBL150915,232.122,1.8949000000000003,57.53,2,1,2
CHEMBL150202,314.22399999999993,3.5892000000000026,66.76,2,2,4
CHEMBL357094,479.41900000000015,2.0389999999999997,129.05,2,5,5
CHEMBL25995,408.5220000000001,7.2373000000000065,40.46,2,3,4
CHEMBL25243,557.4840000000002,8.356600000000006,59.67,1,3,10
CHEMBL282708,604.4840000000002,8.198700000000006,59.67,1,3,10
CHEMBL26554,538.6430000000003,8.822400000000004,59.67,1,3,9
CHEMBL279936,414.50100000000015,6.496600000000006,59.67,1,3,9
CHEMBL24712,644.3150000000002,8.7409,20.23,1,2,4
CHEMBL24032,424.5210000000001,6.942900000000006,60.69,3,4,4
CHEMBL24003,608.3510000000002,8.8145,46.53,1,3,7
CHEMBL286007,342.43800000000005,6.815000000000007,33.370000000000005,1,2,5
CHEMBL25178,528.5380000000002,6.158000000000006,120.11,1,7,7
CHEMBL284763,553.6580000000004,8.475600000000004,71.7,2,4,11
CHEMBL23989,409.32300000000004,6.987500000000005,33.370000000000005,1,2,5
CHEMBL25821,346.42600000000004,5.715900000000006,53.60000000000001,2,3,5
CHEMBL281687,543.5410000000003,8.077520000000009,72.56,1,4,8
CHEMBL284471,662.8070000000001,10.640699999999994,64.99000000000001,1,5,11
CHEMBL278092,635.5790000000001,9.727599999999999,55.760000000000005,1,4,9
CHEMBL25368,592.6940000000003,7.997600000000006,100.9,2,6,8
CHEMBL24331,644.745,9.186699999999998,114.04,2,6,9
CHEMBL280388,553.172,8.233420000000004,46.260000000000005,1,3,3
CHEMBL25395,616.7350000000001,8.982300000000002,74.22000000000001,1,6,11
CHEMBL284765,570.7100000000003,9.355200000000002,55.760000000000005,1,4,10
CHEMBL276983,560.6270000000003,7.823500000000007,93.81,1,5,8
CHEMBL48449,196.20199999999997,0.6436,52.60000000000001,0,4,0
CHEMBL48010,228.24399999999994,0.8178000000000001,72.83000000000001,1,4,4
CHEMBL47665,200.18999999999997,0.037599999999999856,72.83000000000001,1,4,2
CHEMBL48076,214.21699999999996,0.4276999999999997,72.83000000000001,1,4,3
CHEMBL431992,746.77,2.663800000000003,260.75,7,9,19
CHEMBL316175,836.8950000000001,4.322600000000003,249.74999999999997,6,10,21
CHEMBL312993,722.7420000000001,3.678600000000001,214.21999999999997,6,7,17
CHEMBL313894,792.886,4.624400000000003,212.44999999999996,5,9,20
CHEMBL318919,401.4780000000001,1.4501999999999995,122.96999999999998,2,9,4
CHEMBL323712,438.4760000000002,4.9603000000000055,131.36,5,7,5
CHEMBL113833,370.3570000000001,3.4967000000000033,131.36,5,7,3
CHEMBL115452,340.37500000000006,3.913800000000004,97.99000000000001,4,5,5
CHEMBL420310,326.392,4.378400000000005,69.92,3,4,3
CHEMBL344437,570.4140000000003,4.522000000000004,273.5199999999999,8,8,11
CHEMBL337604,550.3340000000002,5.298600000000005,133.52,4,4,10
CHEMBL140954,550.3340000000002,5.298600000000005,133.52,4,4,10
CHEMBL140524,550.3340000000002,5.298600000000005,133.52,4,4,10
CHEMBL193134,510.58900000000017,8.562300000000004,59.67,1,3,8
CHEMBL1086226,682.4080000000002,9.957299999999993,59.67,1,3,9
CHEMBL1086228,569.6130000000003,8.340500000000006,102.81,1,5,10
CHEMBL1082297,646.8080000000003,10.576399999999994,55.760000000000005,1,4,11
CHEMBL1086499,506.6670000000002,8.652600000000005,46.53,1,3,10
CHEMBL1084830,448.51800000000014,7.209500000000007,59.67,1,3,7
CHEMBL1161221,388.1460000000001,3.293800000000002,115.06,4,2,4
CHEMBL1161222,470.29200000000003,4.706000000000004,115.06,4,2,9
CHEMBL3350941,490.6240000000002,7.7476000000000065,46.53,1,3,9
CHEMBL3350943,525.6040000000003,7.827300000000007,72.56,1,4,9
CHEMBL3350944,538.6430000000003,8.740720000000003,59.67,1,3,9
CHEMBL280992,510.58900000000017,8.634800000000002,59.67,1,3,8
CHEMBL282306,376.45500000000004,7.0632000000000055,33.370000000000005,1,2,4
CHEMBL282855,506.27400000000017,6.714920000000005,72.56,1,4,5
CHEMBL285307,750.4860000000002,9.522599999999994,100.9,2,6,8
CHEMBL281301,571.4670000000002,7.9968000000000075,76.74,1,4,10
CHEMBL24501,390.4380000000001,6.703400000000006,50.44,1,3,4
CHEMBL24557,438.5310000000001,6.056200000000006,65.97,0,6,9
CHEMBL280969,530.2560000000001,7.754700000000007,53.60000000000001,2,3,6
CHEMBL25881,543.5410000000003,8.077520000000009,72.56,1,4,8
CHEMBL282113,453.41600000000017,6.466220000000005,72.56,1,4,6
CHEMBL24267,550.315,9.0567,20.23,1,2,4
CHEMBL24098,491.5430000000001,6.8665000000000065,99.77,3,4,8
CHEMBL283635,529.4550000000002,8.052000000000005,46.53,1,3,7
CHEMBL26103,662.8070000000001,10.640699999999994,64.99000000000001,1,5,11
CHEMBL280198,567.6850000000003,8.8657,71.7,2,4,12
CHEMBL25322,799.5370000000001,9.701399999999998,112.92999999999999,3,5,12
CHEMBL25189,676.4450000000003,10.684999999999992,59.67,1,3,12
CHEMBL25558,524.6160000000003,8.432300000000005,59.67,1,3,9
CHEMBL279242,490.5990000000002,8.184100000000006,59.67,1,3,10
CHEMBL282372,502.6100000000003,8.478600000000004,59.67,1,3,8
CHEMBL26399,648.3910000000003,9.904799999999996,59.67,1,3,10
CHEMBL278096,425.32200000000006,6.478400000000006,53.60000000000001,2,3,5
CHEMBL25486,781.5220000000003,9.869399999999994,83.91000000000001,1,5,10
CHEMBL24566,570.6880000000002,7.461240000000007,100.9,2,6,8
CHEMBL24524,604.6800000000003,8.145940000000008,114.04,2,6,8
CHEMBL25008,611.2080000000002,7.991220000000006,72.56,1,4,6
CHEMBL278094,635.6060000000002,7.077500000000007,174.25,2,9,9
CHEMBL441959,576.6260000000003,7.529100000000007,114.04,2,6,8
CHEMBL23998,576.6260000000003,7.529100000000008,114.04,2,6,8
CHEMBL287278,560.6270000000003,7.823500000000007,93.81,1,5,8
CHEMBL312922,854.8850000000001,4.374800000000003,249.74999999999997,6,10,21
CHEMBL312923,730.7710000000001,2.827500000000004,251.51999999999998,7,8,18
CHEMBL88015,820.8960000000001,4.4863000000000035,240.51999999999998,6,9,20
CHEMBL314412,702.7610000000001,2.834900000000002,234.45,7,8,17
CHEMBL187610,619.5800000000003,9.663299999999996,46.53,1,3,9
CHEMBL370307,600.7360000000002,8.918000000000003,64.99000000000001,1,5,11
CHEMBL190535,600.7360000000002,8.918000000000003,64.99000000000001,1,5,11
CHEMBL1082448,620.3370000000002,9.124600000000003,59.67,1,3,8
CHEMBL1086229,552.6700000000003,9.049140000000005,59.67,1,3,9
CHEMBL1086230,592.735,10.089899999999995,59.67,1,3,10
CHEMBL1083714,698.4760000000002,10.42579999999999,46.53,1,3,9
CHEMBL1082298,651.2270000000002,11.221199999999985,46.53,1,3,10
CHEMBL1082299,712.5030000000002,10.815899999999989,46.53,1,3,10
CHEMBL1083269,538.5990000000003,8.072500000000007,76.74,1,4,9
CHEMBL1083271,558.6740000000003,9.0399,46.53,1,3,9
CHEMBL1083272,570.7100000000003,8.909400000000003,55.760000000000005,1,4,10
CHEMBL3350939,572.6820000000002,8.312000000000005,86.99000000000001,3,5,9
CHEMBL3350942,524.6160000000003,8.432300000000005,59.67,1,3,9
CHEMBL3350945,541.6720000000003,8.295800000000005,59.42,1,4,9
CHEMBL3350948,607.6620000000004,7.875900000000008,97.05000000000001,1,5,10
CHEMBL284363,539.5870000000003,8.013700000000005,99.77,3,4,7
CHEMBL416743,505.3720000000001,5.945100000000005,83.04,0,7,8
CHEMBL285308,671.5900000000003,8.7601,100.9,2,6,8
CHEMBL26100,491.3890000000001,6.304900000000005,65.97,0,6,8
CHEMBL24606,471.4190000000001,8.294200000000004,20.23,1,2,4
CHEMBL285125,477.44600000000014,6.025820000000006,78.86,0,7,6
CHEMBL24005,430.50000000000017,5.987500000000007,79.9,2,4,9
CHEMBL280647,372.46400000000006,6.2297000000000065,53.60000000000001,2,3,6
CHEMBL24140,489.52700000000016,6.642500000000005,99.77,3,4,7
CHEMBL24141,356.46500000000003,6.738800000000007,33.370000000000005,1,2,6
CHEMBL24096,467.35900000000015,6.745300000000006,59.67,1,3,8
CHEMBL24068,400.47400000000016,6.572800000000006,59.67,1,3,8
CHEMBL284664,358.50600000000003,7.283500000000006,20.23,1,2,5
CHEMBL24680,456.32300000000004,6.8296000000000054,33.370000000000005,1,2,5
CHEMBL24900,486.50100000000015,5.938300000000005,114.04,2,6,6
CHEMBL26216,701.3330000000002,9.60252,72.56,1,4,8
CHEMBL25594,813.5640000000003,9.789799999999994,101.93,2,6,12
CHEMBL24481,658.728,8.8269,131.11,2,7,9
CHEMBL24607,665.605,9.736199999999998,64.99000000000001,1,5,10
CHEMBL25628,635.5790000000001,9.727599999999999,55.760000000000005,1,4,9
CHEMBL538903,621.6230000000003,7.437300000000008,157.18,2,8,9
CHEMBL25584,557.5090000000001,8.8322,46.53,1,3,9
CHEMBL429385,586.7090000000002,8.973700000000004,64.99000000000001,1,5,10
CHEMBL24843,556.6830000000002,8.965100000000003,55.760000000000005,1,4,9
CHEMBL57013,520.4980000000004,3.299690000000002,187.17,4,12,6
CHEMBL314664,838.8860000000001,4.495000000000003,240.51999999999998,6,9,20
CHEMBL87399,836.8950000000001,4.077600000000004,249.74999999999997,6,10,21
CHEMBL83179,748.761,2.8362000000000025,251.51999999999998,7,8,18
CHEMBL315997,866.921,4.087800000000005,258.97999999999996,6,11,23
CHEMBL433141,730.7710000000001,2.7550000000000034,251.51999999999998,7,8,18
CHEMBL87203,718.804,3.0546000000000024,212.44999999999996,5,9,21
CHEMBL313291,848.8370000000001,5.388000000000004,223.45,6,8,19
CHEMBL315765,704.777,3.012100000000001,212.44999999999996,5,9,20
CHEMBL326425,794.315,9.680499999999993,83.91000000000001,1,5,7
CHEMBL324473,352.274,2.9799999999999995,153.83,4,5,6
CHEMBL336095,452.1020000000001,4.091100000000003,82.78,2,5,3
CHEMBL366281,603.5120000000003,9.194799999999999,59.67,1,3,9
CHEMBL188928,524.6160000000003,8.432300000000005,59.67,1,3,9
CHEMBL365490,524.6160000000003,8.432300000000005,59.67,1,3,9
CHEMBL1084870,648.3910000000003,9.760699999999998,59.67,1,3,9
CHEMBL1084871,540.6840000000003,8.9008,46.53,1,3,9
CHEMBL1085961,538.6430000000004,8.822400000000002,59.67,1,3,10
CHEMBL1086227,630.7400000000004,10.107899999999997,68.9,1,4,11
CHEMBL1085070,492.64000000000016,8.782600000000002,46.53,1,3,9
CHEMBL1083270,540.6150000000002,7.9232000000000085,79.9,2,4,9
CHEMBL1160953,284.19800000000004,3.5806000000000022,57.53,2,1,3
CHEMBL3350938,612.7470000000003,9.408100000000003,64.99000000000001,1,5,9
CHEMBL3350940,518.6780000000002,8.364440000000005,46.53,1,3,9
CHEMBL3350946,547.7010000000002,8.357300000000004,59.42,1,5,9
CHEMBL3350947,542.6060000000003,8.571400000000002,59.67,1,3,9
CHEMBL8758,495.25600000000003,5.885300000000005,74.60000000000001,2,2,7
CHEMBL9046,688.5630000000001,6.348400000000007,147.43,3,6,14
CHEMBL267981,672.6390000000001,5.575500000000005,144.27,2,7,13
CHEMBL263348,715.6640000000002,4.996800000000005,173.36999999999998,3,8,14
CHEMBL428651,450.805,5.7762000000000056,74.60000000000001,2,2,7
CHEMBL267022,416.36,5.122800000000005,74.60000000000001,2,2,7
CHEMBL8660,550.4940000000001,6.217900000000007,111.9,3,3,10
CHEMBL9087,532.5230000000001,7.380500000000008,74.60000000000001,2,2,10
CHEMBL266056,636.4710000000002,6.746700000000009,132.13000000000002,4,3,11
CHEMBL8725,648.4350000000001,4.828600000000005,167.66,4,6,12
CHEMBL9047,492.4580000000001,6.789800000000007,74.60000000000001,2,2,8
CHEMBL9070,558.3100000000002,3.169800000000003,178.66,5,5,10
CHEMBL276376,668.5130000000001,7.055700000000009,133.52,4,4,14
CHEMBL8767,628.4450000000002,4.815400000000006,167.66,4,6,12
CHEMBL267954,724.5330000000002,6.399000000000009,167.66,4,6,14
CHEMBL9470,288.29900000000004,2.1204000000000005,94.83000000000001,3,5,3
CHEMBL61148,200.193,2.1071,54.37,1,2,2
CHEMBL291493,264.208,2.0536,83.83,2,3,4
CHEMBL57978,142.10999999999999,0.39760000000000006,70.67,2,3,2
CHEMBL58910,152.149,0.8046,57.53,2,2,2
CHEMBL59596,222.19000000000003,3.0162000000000013,37.3,1,1,2
CHEMBL58565,182.17499999999998,0.8131999999999999,66.76,2,3,3
CHEMBL948,186.21,2.4669000000000008,37.3,1,1,2
CHEMBL435179,202.209,1.9578,57.53,2,2,2
CHEMBL292411,152.149,0.8046,57.53,2,2,2
CHEMBL56976,180.159,0.9624999999999999,63.60000000000001,1,3,3
CHEMBL57285,189.17000000000002,1.4352,70.16,2,2,2
CHEMBL294445,156.16199999999998,1.0154,54.37,1,3,2
CHEMBL300586,194.14199999999997,0.6521000000000001,91.67,2,3,3
CHEMBL60864,195.12999999999997,0.8621,97.50999999999999,1,4,3
CHEMBL58860,208.16899999999998,0.7404999999999999,80.67,1,4,3
CHEMBL301643,210.18499999999997,0.9710999999999999,72.83000000000001,1,4,4
CHEMBL950,150.13299999999998,0.9539000000000001,54.37,1,2,2
CHEMBL59106,240.08299999999994,1.6494000000000002,54.37,1,2,2
CHEMBL109290,563.1080000000002,8.867799999999997,20.23,1,2,1
CHEMBL324232,695.2010000000001,9.76839999999999,59.67,1,3,6
CHEMBL108721,621.1440000000001,8.625599999999999,46.53,1,3,4
CHEMBL322061,657.114,8.6762,66.76,2,3,4
CHEMBL340653,322.752,0.22779999999999978,84.42,1,7,4
CHEMBL177880,388.37500000000006,4.391400000000003,115.06,4,4,4
CHEMBL176350,309.213,-0.9167000000000003,128.22,1,7,4
CHEMBL175241,300.266,2.0138,111.90000000000002,3,4,3
CHEMBL425511,364.26400000000007,-5.9327999999999985,154.86,2,8,2
CHEMBL174821,496.4300000000002,-2.905979999999998,168.58,1,10,5
CHEMBL368082,722.5280000000002,-10.548000000000004,293.97999999999996,2,16,6
CHEMBL175336,342.26000000000005,-2.2186999999999997,131.8,2,7,1
CHEMBL1640,960.8220000000001,-6.6843600000000025,370.74,4,20,9
CHEMBL1200712,960.8220000000001,-6.6843600000000025,370.74,4,20,9
CHEMBL1366408,492.3890000000002,-1.1940800000000005,242.50999999999996,9,12,3
CHEMBL3144822,424.4380000000001,3.9949200000000014,137.10999999999999,3,7,4
CHEMBL267245,563.4970000000001,5.388000000000007,114.54000000000002,2,6,9
CHEMBL267048,685.454,6.392500000000006,145.76999999999998,4,5,10
CHEMBL277442,845.7530000000002,-3.005199999999994,396.3499999999999,12,12,25
CHEMBL443007,464.56800000000015,8.450300000000006,48.910000000000004,2,2,5
CHEMBL420925,397.4340000000001,4.283100000000002,94.22,4,3,5
CHEMBL309082,429.8120000000002,3.737200000000003,92.65,0,8,5
CHEMBL304307,476.7940000000002,5.1769000000000025,91.91999999999999,2,5,5
CHEMBL71709,439.24300000000005,3.233900000000002,107.73,1,8,5
CHEMBL302323,471.4320000000002,3.013300000000001,174.44,2,10,5
CHEMBL72757,388.858,5.836700000000004,58.95,2,3,4
CHEMBL1057,332.31100000000004,3.6658000000000017,75.99000000000001,2,5,0
CHEMBL105999,488.5030000000001,6.472200000000004,59.06,1,4,7
CHEMBL106479,454.5230000000001,6.167900000000004,59.06,1,4,6
CHEMBL110922,466.5500000000001,6.502420000000005,59.06,1,4,7
CHEMBL108128,486.9680000000001,6.847400000000005,59.06,1,4,7
CHEMBL319845,426.89700000000005,5.462720000000003,59.06,1,4,5
CHEMBL109118,474.6510000000002,7.150620000000007,59.06,1,4,8
CHEMBL321599,484.6460000000002,7.4816000000000065,59.06,1,4,7
CHEMBL325564,495.0690000000002,7.495600000000007,59.06,1,4,8
CHEMBL325309,432.99800000000016,6.137020000000005,59.06,1,4,7
CHEMBL320586,463.5400000000001,5.797900000000004,102.2,1,6,7
CHEMBL106194,443.55300000000005,5.761380000000004,82.85,1,5,6
CHEMBL108689,415.4960000000001,4.693300000000003,102.2,1,6,7
CHEMBL108690,494.64100000000013,7.5567000000000055,59.06,1,4,7
CHEMBL110762,476.5790000000001,5.676300000000004,85.36,1,6,7
CHEMBL421227,453.41600000000005,6.482000000000005,59.06,1,4,7
CHEMBL432801,454.95100000000014,6.106800000000004,59.06,1,4,7
CHEMBL110566,452.9880000000001,6.543100000000004,59.06,1,4,6
CHEMBL105872,468.6030000000001,7.042900000000006,59.06,1,4,6
CHEMBL324669,496.60400000000016,7.120400000000006,59.06,1,4,8
CHEMBL110432,468.68800000000016,7.873200000000007,59.06,1,4,13
CHEMBL110838,486.54000000000013,6.9085000000000045,59.06,1,4,6
CHEMBL109646,280.22700000000003,-0.5617000000000001,57.2,0,3,2
CHEMBL109531,306.26500000000004,-0.047900000000000276,57.2,0,3,3
CHEMBL170404,809.783,-3.072899999999996,387.1199999999999,12,12,24
CHEMBL354707,867.819,-3.3151000000000037,413.4199999999999,12,13,27
CHEMBL170958,897.8449999999999,-3.5499000000000045,422.6499999999999,12,14,29
CHEMBL353246,851.8199999999999,-3.1514000000000015,404.1899999999999,12,12,26
CHEMBL168475,869.8100000000001,-3.1427000000000014,404.1899999999999,12,12,26
CHEMBL172401,851.82,-3.2239000000000013,404.1899999999999,12,12,26
CHEMBL436058,809.783,-3.072899999999996,387.1199999999999,12,12,24
CHEMBL171184,793.784,-2.7784999999999984,366.8899999999999,11,11,24
CHEMBL169826,823.81,-3.1439999999999966,387.1199999999999,12,12,25
CHEMBL435710,843.791,-2.300299999999994,366.8899999999999,11,11,25
CHEMBL369427,807.8109999999999,-2.849599999999999,366.8899999999999,11,11,25
CHEMBL174312,823.81,-3.013300000000002,376.1199999999999,11,12,26
CHEMBL1160372,355.44000000000005,3.786200000000002,57.61,1,4,4
CHEMBL1160380,367.4510000000001,4.346800000000003,57.61,1,4,4
CHEMBL1160381,441.2700000000002,5.7577000000000025,83.11,1,4,4
CHEMBL1160384,482.51700000000017,6.159000000000006,103.34,2,6,5
CHEMBL418703,641.415,3.6274000000000024,200.23000000000002,5,8,10
CHEMBL273474,700.5219999999998,6.662500000000007,158.65999999999997,4,6,10
CHEMBL8662,706.5509999999999,6.724000000000006,158.65999999999997,4,7,10
CHEMBL266753,826.7740000000001,8.639100000000003,167.89,4,7,14
CHEMBL9252,674.6659999999999,6.201700000000008,148.39999999999998,3,6,10
CHEMBL268903,707.51,5.900900000000008,172.07,4,7,11
CHEMBL267488,728.3699999999999,6.8768000000000065,145.76999999999998,4,5,10
CHEMBL276647,649.4739999999999,6.114300000000007,145.76999999999998,4,5,10
CHEMBL276648,649.598,6.926900000000007,142.7,3,7,9
CHEMBL267759,595.5860000000001,7.554300000000008,88.24,2,4,9
CHEMBL9374,625.6120000000001,7.466300000000008,97.47,2,5,11
CHEMBL416145,545.5260000000002,6.748100000000007,88.24,2,4,9
CHEMBL268526,740.6400000000001,7.213920000000009,158.66000000000003,4,6,10
CHEMBL269166,675.5649999999999,6.3573000000000075,145.76999999999998,4,5,10
CHEMBL9321,547.5420000000001,6.667500000000007,88.24,2,4,10
CHEMBL274435,675.512,6.975100000000007,145.76999999999998,4,5,11
CHEMBL9339,598.3840000000001,6.649800000000006,88.24,2,4,8
CHEMBL9473,732.5889999999999,7.237800000000007,158.65999999999997,4,7,11
CHEMBL9363,429.3630000000001,4.490400000000004,88.24,2,4,6
CHEMBL322160,625.5870000000001,3.4082000000000026,162.33999999999997,4,7,10
CHEMBL101427,630.0060000000003,4.746600000000005,153.10999999999999,4,6,7
CHEMBL323571,726.7760000000003,8.953800000000001,173.14,3,7,22
CHEMBL327972,610.6160000000003,6.2647000000000075,149.86999999999998,4,5,14
CHEMBL322377,649.9960000000003,4.934900000000005,153.10999999999999,4,6,7
CHEMBL320852,379.27700000000004,1.7562,120.77000000000001,3,4,4
CHEMBL103709,622.9260000000004,3.7757000000000014,170.09999999999997,5,6,6
CHEMBL103942,441.3480000000001,3.185500000000002,120.77000000000001,3,4,5
CHEMBL102015,455.3750000000001,3.3266000000000027,120.77000000000001,3,4,6
CHEMBL323976,318.12300000000005,-4.257599999999999,72.42,0,4,3
CHEMBL324684,308.172,-6.607799999999998,89.49000000000001,0,5,4
CHEMBL110361,244.17200000000003,-1.3145000000000002,40.129999999999995,0,2,2
CHEMBL324226,268.202,-0.8739000000000001,52.77,0,3,2
CHEMBL109381,344.16100000000006,-3.7437999999999976,72.42,0,4,4
CHEMBL109530,294.24,-0.3600999999999994,52.77,0,3,3
CHEMBL109978,334.2100000000001,-6.0939999999999985,89.49000000000001,0,5,5
CHEMBL114030,270.21000000000004,-0.8007000000000002,40.129999999999995,0,2,3
CHEMBL129681,434.4000000000001,3.3792000000000018,127.2,2,6,10
CHEMBL338073,612.5430000000003,4.225500000000003,190.79999999999998,3,9,15
CHEMBL341233,434.40000000000015,3.3792000000000018,127.2,2,6,10
CHEMBL129918,166.132,0.6595,74.6,2,3,2
CHEMBL128936,434.40000000000015,3.3792000000000018,127.2,2,6,10
CHEMBL366342,751.877,5.078500000000003,191.19,4,8,22
CHEMBL366343,787.932,4.491600000000002,208.26,4,9,23
CHEMBL363977,792.886,5.1178000000000035,212.45,5,9,20
CHEMBL415772,801.9369999999999,6.2317000000000045,191.19,4,8,22
CHEMBL187343,756.8969999999999,4.053720000000003,194.43,4,9,22
CHEMBL363338,827.878,6.307800000000005,200.42,4,9,21
CHEMBL189467,753.849,4.524700000000001,200.42,4,9,22
CHEMBL366339,753.849,4.524700000000002,200.42,4,9,22
CHEMBL361084,791.898,5.715000000000003,200.42,4,9,21
CHEMBL24451,314.38399999999996,6.034800000000005,33.370000000000005,1,2,3
CHEMBL26111,286.33,5.472400000000004,33.370000000000005,1,2,2
CHEMBL277402,395.38000000000005,6.708420000000006,46.260000000000005,1,3,3
CHEMBL280863,395.38000000000005,6.708420000000006,46.260000000000005,1,3,3
CHEMBL280138,370.44800000000004,6.379000000000006,50.44,1,3,6
CHEMBL280667,455.35100000000006,7.825700000000006,33.370000000000005,1,2,4
CHEMBL24204,596.3990000000002,8.326220000000005,72.56,1,4,7
CHEMBL24099,356.4650000000001,7.1180000000000065,22.37,0,2,6
CHEMBL276985,453.41600000000017,6.466220000000005,72.56,1,4,6
CHEMBL282480,534.2470000000001,8.588200000000002,33.370000000000005,1,2,4
CHEMBL282074,513.3870000000002,7.604000000000005,59.67,1,3,7
CHEMBL25720,434.49100000000016,6.841500000000005,59.67,1,3,7
CHEMBL25079,344.41,5.865200000000005,50.44,1,3,5
CHEMBL364349,719.7919999999999,2.6625000000000023,224.47999999999996,6,9,20
CHEMBL365660,775.899,5.878700000000005,191.19,4,8,20
CHEMBL363232,811.879,6.428000000000005,191.19,4,8,20
CHEMBL187599,648.3910000000003,9.904799999999996,59.67,1,3,10
CHEMBL361083,651.2270000000002,11.221199999999985,46.53,1,3,10
CHEMBL435100,507.38800000000015,5.795800000000005,86.2,1,7,8
CHEMBL191477,538.6430000000003,8.520700000000005,48.67,0,4,9
CHEMBL187946,524.6200000000002,7.493300000000007,64.35,1,4,9
CHEMBL372492,330.427,6.225000000000006,33.370000000000005,1,2,5
CHEMBL190476,525.6080000000003,6.888300000000006,77.24000000000001,1,5,9
CHEMBL190893,542.6060000000003,8.571400000000002,59.67,1,3,9
CHEMBL370470,682.4080000000002,9.957299999999993,59.67,1,3,9
CHEMBL370026,566.6970000000003,9.384800000000004,59.67,1,3,11
CHEMBL191219,288.32800000000003,1.5345999999999997,66.48,1,3,2
CHEMBL190801,212.23,-0.13240000000000002,66.48,1,3,1
CHEMBL190970,226.257,0.17602000000000012,66.48,1,3,1
CHEMBL190833,242.25599999999997,-0.12379999999999985,75.71000000000001,1,4,2
CHEMBL193233,318.35400000000004,1.5431999999999995,75.71000000000001,1,4,3
CHEMBL193691,484.5340000000002,-0.25289999999999846,164.53,4,6,9
CHEMBL382311,486.55000000000024,-0.16259999999999797,164.53,4,6,9
CHEMBL196526,483.40800000000013,1.1735999999999995,158.82000000000002,5,4,10
CHEMBL373105,486.55000000000024,-0.16259999999999797,164.53,4,6,9
CHEMBL199159,540.4370000000002,3.939100000000004,155.11999999999998,2,6,10
CHEMBL199124,512.4270000000001,4.212900000000004,138.05,2,5,9
CHEMBL199263,467.4300000000001,4.304700000000003,94.91,2,3,8
CHEMBL372973,541.4650000000001,3.768100000000004,141.44,3,5,11
CHEMBL362917,559.4550000000002,3.907200000000004,141.44,3,5,11
CHEMBL370304,575.9100000000001,4.421500000000004,141.44,3,5,11
CHEMBL197884,620.3610000000001,4.530600000000004,141.44,3,5,11
CHEMBL198496,577.4450000000002,4.046300000000003,141.44,3,5,11
CHEMBL383777,609.4620000000002,4.786900000000005,141.44,3,5,11
CHEMBL197910,625.4610000000002,4.666700000000004,150.67,3,6,12
CHEMBL196694,555.4920000000002,4.076520000000005,141.44,3,5,11
CHEMBL370225,569.5190000000001,4.384940000000006,141.44,3,5,11
CHEMBL198977,527.4380000000002,3.708500000000003,152.44,4,5,9
CHEMBL196850,577.4450000000003,4.046300000000004,141.44,3,5,11
CHEMBL197932,583.5020000000003,3.9707000000000034,158.51,3,6,12
CHEMBL369943,551.5330000000002,4.823200000000004,120.69,2,6,9
CHEMBL371929,704.4640000000003,5.0491000000000055,167.21999999999997,3,8,12
CHEMBL198939,655.5940000000005,4.295200000000005,176.45,3,9,13
CHEMBL198940,727.495,3.7809000000000035,178.81999999999996,3,7,13
CHEMBL383163,678.6250000000006,3.027000000000002,188.04999999999998,3,8,14
CHEMBL372592,691.4399999999999,3.9890000000000034,161.75,3,6,13
CHEMBL199133,562.5060000000003,4.037800000000003,127.61000000000001,3,5,13
CHEMBL370658,411.37000000000006,3.7219000000000024,95.34,3,5,7
CHEMBL424840,531.4770000000001,4.980300000000004,123.85,3,6,8
CHEMBL197827,589.5130000000003,4.7381000000000055,150.14999999999998,3,7,11
CHEMBL198220,660.5880000000004,5.020400000000007,170.53999999999996,4,6,13
CHEMBL197720,648.5990000000002,3.0184000000000015,178.81999999999996,3,7,13
CHEMBL198012,612.5440000000001,3.2265000000000024,161.75,3,6,13
CHEMBL197929,547.4940000000001,3.8296000000000037,141.44,3,6,11
CHEMBL196268,634.5720000000001,3.1396000000000015,187.60999999999999,4,7,13
CHEMBL198882,625.5680000000003,4.286600000000004,167.21999999999997,3,8,12
CHEMBL197681,611.541,4.291000000000004,167.21999999999997,3,8,11
CHEMBL197590,536.4460000000003,1.7039999999999997,170.53999999999996,4,6,12
CHEMBL371083,576.5110000000003,2.580400000000002,161.74999999999997,3,6,11
CHEMBL372159,523.5890000000002,5.167680000000004,120.89999999999999,2,6,11
CHEMBL200475,613.7140000000003,7.082880000000007,120.9,2,6,13
CHEMBL201662,403.3900000000001,4.149400000000003,98.86,1,6,7
CHEMBL200117,569.7420000000002,9.384400000000003,89.63000000000001,1,5,19
CHEMBL199479,493.5150000000002,5.760700000000005,98.86,1,6,9
CHEMBL201161,561.1820000000002,5.674400000000003,98.86,1,6,7
CHEMBL202573,441.36100000000005,5.159600000000004,89.63,1,5,6
CHEMBL371322,403.39000000000016,4.149400000000003,98.86,1,6,7
CHEMBL370140,561.6380000000004,5.409200000000005,85.11,0,7,9
CHEMBL202219,409.3940000000002,3.7359000000000018,126.93000000000002,2,6,7
CHEMBL201909,398.24500000000006,5.9928000000000035,52.330000000000005,0,4,4
CHEMBL371026,493.64400000000023,8.183700000000009,89.63000000000001,1,5,18
CHEMBL202197,402.40600000000006,3.5995000000000017,115.65000000000002,2,6,7
CHEMBL370584,417.41700000000014,4.3438000000000025,98.86,1,6,8
CHEMBL382338,694.7330000000003,7.4809000000000125,205.20999999999998,8,11,8
CHEMBL378806,580.5890000000003,6.755500000000009,171.82,7,9,5
CHEMBL204813,708.7160000000002,6.250200000000013,214.43999999999997,8,12,6
CHEMBL377937,626.6140000000001,5.754400000000009,205.20999999999998,8,11,5
CHEMBL383033,436.49000000000024,1.872799999999999,160.04000000000002,4,6,5
CHEMBL380878,474.5390000000003,2.4415999999999993,163.95,4,6,6
CHEMBL427021,406.46400000000017,1.3763999999999994,150.81,4,5,4
CHEMBL203882,448.5450000000003,2.0854999999999992,150.81,4,5,7
CHEMBL379696,450.5170000000003,1.5317000000000003,160.04000000000002,4,6,7
CHEMBL205565,435.5060000000002,1.4458000000000002,162.84,5,5,5
CHEMBL202640,402.42900000000026,-0.07259999999999922,188.10999999999999,5,6,6
CHEMBL382601,472.52300000000025,2.5221999999999993,163.95,4,6,5
CHEMBL206276,462.57200000000034,2.4755999999999987,150.81,4,5,8
CHEMBL382885,402.47300000000024,1.4710999999999994,160.04000000000002,4,6,3
CHEMBL381809,436.49000000000024,1.1416000000000006,160.04000000000002,4,6,6
CHEMBL381918,434.51800000000026,1.6953999999999996,150.81,4,5,6
CHEMBL426373,368.51400000000007,4.766600000000004,83.83000000000001,2,5,16
CHEMBL168,456.7110000000003,7.233600000000009,57.53,2,2,1
CHEMBL152325,302.4580000000001,5.206200000000004,37.3,1,1,2
CHEMBL205879,461.5400000000002,2.879500000000001,125.04000000000002,3,5,5
CHEMBL381701,578.5910000000005,1.9236999999999997,161.98,4,6,8
CHEMBL202687,475.56700000000023,2.9220000000000006,125.04000000000002,3,5,6
CHEMBL382834,386.4260000000002,1.7360999999999995,122.24,2,6,3
CHEMBL382583,493.49400000000037,0.4718000000000003,171.57,4,8,7
CHEMBL206489,485.48400000000026,2.552200000000001,115.81,3,4,6
CHEMBL205411,431.5140000000003,1.8418199999999998,115.81,3,4,6
CHEMBL206245,428.50700000000023,2.7623000000000015,122.24,2,6,5
CHEMBL206462,410.4520000000002,2.627220000000001,134.86,2,7,3
CHEMBL438069,447.5130000000003,1.542,125.04,3,5,7
CHEMBL204214,433.4860000000003,1.2389999999999999,136.04,4,5,6
CHEMBL205997,461.4960000000003,1.2315999999999998,153.10999999999999,4,5,7
CHEMBL206655,429.4760000000001,1.365,161.89999999999998,5,5,9
CHEMBL206656,455.51400000000024,1.6335,153.10999999999999,4,5,7
CHEMBL206350,485.48400000000026,2.552200000000001,115.81,3,4,6
CHEMBL206159,451.93200000000024,2.1868,115.81,3,4,6
CHEMBL204336,373.43100000000015,1.0830999999999995,133.83,4,5,6
CHEMBL204337,512.5660000000004,0.7481000000000011,182.20999999999998,5,6,8
CHEMBL203517,385.44200000000023,1.3090999999999995,125.04,3,5,3
CHEMBL383509,326.3920000000001,4.750500000000004,34.14,0,3,3
CHEMBL205381,308.4020000000001,4.611400000000004,34.14,0,3,3
CHEMBL206693,469.4440000000004,6.987800000000006,34.14,0,3,3
CHEMBL203296,387.2980000000002,5.373900000000004,34.14,0,3,3
CHEMBL206827,408.53800000000035,6.364400000000006,34.14,0,3,3
CHEMBL380145,358.4810000000002,5.523800000000005,34.14,0,2,2
CHEMBL205954,365.45400000000006,4.5698000000000025,63.24,1,4,4
CHEMBL381551,373.49600000000027,5.545100000000005,46.17,1,3,3
CHEMBL208488,447.6000000000003,6.183700000000005,63.24,1,4,4
CHEMBL204454,336.3470000000001,3.839400000000003,89.31,1,5,4
CHEMBL204456,305.377,4.239620000000002,46.17,1,3,3
CHEMBL205625,390.5480000000003,6.225300000000006,34.14,0,3,3
CHEMBL205730,351.35800000000006,3.7062000000000026,70.26,0,6,4
CHEMBL202917,323.34800000000007,4.315700000000003,53.19,0,5,4
CHEMBL377439,353.3740000000001,4.324300000000004,62.42,0,6,5
CHEMBL208485,293.322,4.307100000000003,43.96,0,4,3
CHEMBL208486,323.348,4.315700000000003,53.19,0,5,4
CHEMBL381707,456.71100000000035,6.9319000000000095,46.53,1,3,1
CHEMBL207657,472.7100000000004,6.206000000000008,77.76,3,3,2
CHEMBL377760,472.7100000000003,6.204400000000009,77.76,3,3,1
CHEMBL208639,498.74800000000045,7.804400000000009,63.60000000000001,1,3,2
CHEMBL207494,470.73800000000034,7.32200000000001,46.53,1,3,1
CHEMBL380467,456.71100000000035,7.089500000000009,57.53,2,2,1
CHEMBL377236,398.4180000000001,4.389800000000003,84.18,2,4,2
CHEMBL208873,470.6940000000004,6.412600000000007,74.60000000000001,2,3,1
CHEMBL378653,470.6940000000004,6.412600000000007,74.60000000000001,2,3,1
CHEMBL489140,302.4580000000001,5.040100000000004,37.3,1,1,1
CHEMBL1081157,454.6950000000004,7.441800000000009,54.37,1,2,1
CHEMBL2373418,404.5910000000002,5.689400000000006,63.60000000000001,1,3,5
CHEMBL210970,456.71100000000035,7.233600000000009,57.53,2,2,1
CHEMBL212319,611.4750000000001,1.2666,140.15999999999997,2,6,7
CHEMBL211352,571.6160000000002,0.6841999999999999,163.95,2,7,7
CHEMBL381584,568.5590000000001,0.7823,140.15999999999997,2,6,7
CHEMBL207489,578.5940000000002,3.7348000000000017,138.08999999999997,3,6,7
CHEMBL437119,546.5770000000001,2.9942,138.08999999999997,3,6,7
CHEMBL208984,579.4870000000002,4.022800000000003,138.08999999999997,3,6,7
CHEMBL264347,546.5770000000001,2.9942,138.08999999999997,3,6,7
CHEMBL212147,545.0420000000001,3.3694000000000015,138.08999999999997,3,6,7
CHEMBL210159,545.0420000000001,3.3694000000000015,138.08999999999997,3,6,7
CHEMBL212260,535.6070000000002,2.5876800000000006,161.87999999999997,3,7,7
CHEMBL378992,579.4870000000002,4.022800000000003,138.08999999999997,3,6,7
CHEMBL209197,546.5770000000001,2.9942,138.08999999999997,3,6,7
CHEMBL209180,589.4930000000002,3.4785000000000013,138.08999999999997,3,6,7
CHEMBL209107,589.4930000000002,3.4785000000000013,138.08999999999997,3,6,7
CHEMBL383437,535.6070000000002,2.5876800000000006,161.87999999999997,3,7,7
CHEMBL207645,579.4870000000002,4.022800000000003,138.08999999999997,3,6,7
CHEMBL207492,546.5770000000001,2.9942,138.08999999999997,3,6,7
CHEMBL377441,581.0510000000003,1.4659199999999997,140.15999999999997,2,6,7
CHEMBL377774,589.4930000000002,3.4785000000000013,138.08999999999997,3,6,7
CHEMBL436933,578.5940000000002,3.7348000000000017,138.08999999999997,3,6,7
CHEMBL377613,579.4870000000002,4.022800000000003,138.08999999999997,3,6,7
CHEMBL210324,546.5770000000001,2.9942,138.08999999999997,3,6,7
CHEMBL208982,600.7220000000001,4.6914200000000035,138.08999999999997,3,6,8
CHEMBL210965,579.4870000000002,4.022800000000003,138.08999999999997,3,6,7
CHEMBL378614,693.499,2.593820000000002,140.15999999999997,2,6,7
CHEMBL208985,524.6240000000003,3.024420000000001,138.09,3,6,7
CHEMBL206950,579.4870000000002,4.022800000000003,138.08999999999997,3,6,7
CHEMBL208114,550.5690000000001,0.6432000000000002,140.15999999999997,2,6,7
CHEMBL377141,653.0110000000002,2.3154000000000003,140.15999999999997,2,6,7
CHEMBL377989,546.6060000000002,0.8125200000000001,140.15999999999997,2,6,7
CHEMBL209304,578.5940000000002,3.7348000000000026,138.08999999999997,3,6,7
CHEMBL424880,528.5870000000001,2.8551,138.08999999999997,3,6,7
CHEMBL380164,528.5870000000001,2.8551,138.08999999999997,3,6,7
CHEMBL211990,545.0420000000001,3.3694000000000015,138.08999999999997,3,6,7
CHEMBL377476,524.6240000000003,3.024420000000001,138.09,3,6,7
CHEMBL211076,524.6240000000003,3.024420000000001,138.09,3,6,7
CHEMBL377735,540.6230000000002,2.7246000000000006,147.31999999999996,3,7,8
CHEMBL378746,604.6850000000003,4.522100000000004,138.08999999999997,3,6,8
CHEMBL264833,611.7050000000002,4.254680000000002,161.88,3,7,8
CHEMBL378747,621.1400000000003,5.036400000000004,138.08999999999997,3,6,8
CHEMBL438957,644.7310000000001,4.169600000000003,164.39,3,8,9
CHEMBL377978,600.7220000000002,4.6914200000000035,138.08999999999997,3,6,8
CHEMBL211033,586.6950000000002,4.383000000000003,138.08999999999997,3,6,8
CHEMBL211171,540.6230000000003,2.7246000000000006,147.31999999999996,3,7,8
CHEMBL377816,654.6920000000002,5.401800000000005,138.08999999999997,3,6,8
CHEMBL376950,616.7210000000001,4.391600000000003,147.32,3,7,9
CHEMBL377138,602.6940000000003,4.088600000000002,158.32,4,7,8
CHEMBL211061,642.803,5.680500000000005,138.08999999999997,3,6,8
CHEMBL208604,567.0240000000001,1.1575000000000002,140.15999999999997,2,6,7
CHEMBL323654,446.0470000000001,3.610000000000001,115.06,4,4,4
CHEMBL121772,214.22,2.757400000000001,57.53,2,2,2
CHEMBL184041,559.5250000000003,8.792380000000005,46.53,1,3,6
CHEMBL211655,559.6480000000003,2.6010999999999997,150.11999999999998,4,6,9
CHEMBL377905,412.47100000000006,1.8735999999999997,121.02000000000001,3,5,5
CHEMBL210836,532.5790000000002,0.5041,140.15999999999997,2,6,7
CHEMBL210837,528.5870000000001,2.8551,138.08999999999997,3,6,7
CHEMBL379000,407.4440000000002,2.0189,119.00000000000001,2,6,8
CHEMBL378423,420.4400000000002,0.8914000000000004,180.3,3,9,9
CHEMBL385251,452.52900000000017,2.9611,154.0,3,7,10
CHEMBL213452,497.52600000000024,2.007099999999999,192.32999999999998,4,9,10
CHEMBL221760,624.5100000000003,4.799600000000005,232.23999999999995,7,13,5
CHEMBL376340,350.3260000000001,4.662400000000004,100.88,2,6,3
CHEMBL224735,350.3260000000001,4.662400000000003,100.88000000000001,2,6,3
CHEMBL388814,262.264,4.206200000000002,43.35,0,3,1
CHEMBL223067,292.29,4.214800000000002,52.58,0,4,2
CHEMBL224039,350.326,4.6624000000000025,100.88,2,6,3
CHEMBL227379,427.47700000000026,3.8469000000000024,122.91,3,5,5
CHEMBL389502,412.46600000000024,4.351300000000004,108.51999999999998,1,5,5
CHEMBL387536,293.116,3.519900000000001,57.53,2,2,2
CHEMBL229466,214.22,2.757400000000001,57.53,2,2,2
CHEMBL229467,228.247,2.681200000000002,57.53,2,2,3
CHEMBL229469,228.247,2.681200000000002,57.53,2,2,3
CHEMBL389855,307.14300000000003,3.443700000000001,57.53,2,2,3
CHEMBL229470,307.14300000000003,3.443700000000002,57.53,2,2,3
CHEMBL229471,304.345,4.348200000000003,57.53,2,2,4
CHEMBL390508,304.345,4.348200000000004,57.53,2,2,4
CHEMBL390509,290.31800000000004,4.424400000000003,57.53,2,2,3
CHEMBL229519,318.372,4.272000000000004,57.53,2,2,5
CHEMBL229238,236.22299999999996,1.7544,83.83000000000001,2,4,3
CHEMBL229299,188.182,2.2436000000000003,57.53,2,2,1
CHEMBL228397,440.4510000000001,5.419000000000004,115.06,4,4,6
CHEMBL228562,324.235,2.363200000000001,115.06,4,4,4
CHEMBL228563,440.45100000000014,5.419000000000005,115.06,4,4,6
CHEMBL228564,420.3730000000001,4.605000000000004,141.34,4,6,6
CHEMBL228616,452.5090000000001,5.542000000000005,115.06,4,6,6
CHEMBL389650,364.3970000000001,5.059200000000005,79.9,2,5,3
CHEMBL229220,424.49300000000017,4.4981000000000035,107.22000000000001,4,6,6
CHEMBL229222,422.4770000000002,5.202800000000006,96.22000000000001,3,6,3
CHEMBL229454,356.3740000000001,3.724200000000004,107.22000000000001,4,6,3
CHEMBL388722,370.4010000000002,4.027200000000003,96.22000000000001,3,6,4
CHEMBL229506,424.4930000000002,5.232900000000006,107.22000000000001,4,6,5
CHEMBL229670,354.40200000000016,4.321600000000004,75.99000000000001,2,5,4
CHEMBL229671,338.3590000000001,4.085500000000004,90.9,3,5,3
CHEMBL389736,368.38500000000016,3.9971000000000023,85.22000000000001,2,6,2
CHEMBL229885,324.37600000000003,4.208200000000005,77.76,3,4,5
CHEMBL508727,392.4950000000002,5.716900000000006,77.76,3,4,7
CHEMBL2113225,616.6180000000003,4.119800000000002,158.32,4,6,8
CHEMBL2113226,562.5480000000003,1.9199999999999997,175.39,4,7,6
CHEMBL3706920,468.5050000000002,5.266600000000006,115.06,4,4,8
CHEMBL115145,288.255,2.0850000000000004,115.06,4,4,4
CHEMBL114043,446.0470000000001,3.6100000000000008,115.06,4,4,4
CHEMBL116347,357.145,3.3918000000000004,115.06,4,4,4
CHEMBL139393,270.266,0.11509999999999981,115.73,4,5,2
CHEMBL232935,310.34900000000005,4.725300000000004,73.83,3,4,3
CHEMBL233142,324.37600000000003,5.028300000000004,62.83,2,4,4
CHEMBL232941,324.37600000000003,5.028300000000003,62.83,2,4,4
CHEMBL233147,308.3330000000001,4.695200000000004,62.83,2,4,1
CHEMBL233766,308.333,4.695200000000004,62.83000000000001,2,4,1
CHEMBL233767,270.284,3.8226000000000013,51.83,1,4,3
CHEMBL234808,270.284,3.054800000000002,66.76,2,4,3
CHEMBL442233,242.274,2.760500000000002,60.69,3,3,3
CHEMBL229912,240.258,3.080700000000002,57.53,2,3,3
CHEMBL231694,331.37100000000004,4.520500000000004,69.56,3,3,4
CHEMBL394090,296.322,3.4544000000000024,66.76,2,4,4
CHEMBL231937,242.274,2.760500000000002,60.69,3,3,3
CHEMBL233145,339.3910000000001,3.1770000000000023,78.79,3,4,5
CHEMBL397302,302.242,3.084600000000002,126.74000000000001,2,6,4
CHEMBL394659,302.242,3.084600000000002,126.74000000000001,2,6,4
CHEMBL235372,431.46900000000016,5.413600000000004,83.91,1,5,6
CHEMBL393606,431.46900000000016,5.413600000000004,83.91,1,5,6
CHEMBL235595,445.4960000000002,5.200300000000004,83.91,1,5,7
CHEMBL235596,445.4960000000002,5.200300000000004,83.91,1,5,7
CHEMBL392379,389.43200000000013,4.774500000000003,74.68,1,4,4
CHEMBL235804,389.43200000000013,4.774500000000003,74.68,1,4,4
CHEMBL235805,385.3970000000001,3.335500000000002,104.14,2,6,5
CHEMBL397791,355.3710000000001,3.326900000000001,94.91,2,5,4
CHEMBL236024,355.3710000000001,3.326900000000001,94.91,2,5,4
CHEMBL392380,413.4070000000001,3.0847000000000016,121.21000000000001,2,6,7
CHEMBL236008,353.1680000000001,3.1971000000000016,75.99000000000001,2,4,6
CHEMBL236009,421.16500000000013,4.215900000000001,75.99000000000001,2,4,6
CHEMBL396634,350.3700000000001,4.101600000000002,75.99000000000001,2,4,7
CHEMBL236215,418.36700000000013,5.120400000000003,75.99000000000001,2,4,7
CHEMBL236216,418.36700000000013,5.120400000000003,75.99000000000001,2,4,7
CHEMBL237915,486.36400000000015,6.139200000000004,75.99000000000001,2,4,7
CHEMBL238137,486.36400000000015,6.139200000000003,75.99000000000001,2,4,7
CHEMBL238138,554.3610000000002,7.158000000000004,75.99000000000001,2,4,7
CHEMBL393866,418.36700000000013,5.120400000000003,75.99000000000001,2,4,7
CHEMBL236636,486.36400000000015,6.139200000000004,75.99000000000001,2,4,7
CHEMBL236846,410.42200000000025,4.118800000000002,94.45000000000002,2,6,9
CHEMBL248291,524.6240000000003,3.024420000000001,138.08999999999997,3,6,7
CHEMBL248490,503.60900000000015,4.459300000000003,116.84,3,7,6
CHEMBL440955,503.60900000000015,4.459300000000003,116.84,3,7,6
CHEMBL245425,571.6060000000001,5.478100000000005,116.84,3,7,6
CHEMBL247075,521.5990000000002,4.598400000000003,116.84,3,7,6
CHEMBL430200,538.0540000000002,5.112700000000004,116.84,3,7,6
CHEMBL395156,582.5050000000001,5.221800000000004,116.84,3,7,6
CHEMBL395386,528.6190000000001,4.330980000000004,140.63,3,8,6
CHEMBL247278,517.6360000000002,4.767720000000004,116.84,3,7,6
CHEMBL3706921,420.3730000000001,4.605000000000002,141.34,4,6,6
CHEMBL117869,413.35700000000014,3.7633000000000028,119.09000000000002,2,7,7
CHEMBL373413,359.979,2.4347000000000003,83.83,2,4,4
CHEMBL393682,571.6060000000001,5.478100000000005,116.84,3,7,6
CHEMBL245831,571.6060000000001,5.478100000000005,116.84,3,7,6
CHEMBL391816,521.5990000000002,4.598400000000003,116.84,3,7,6
CHEMBL246036,521.5990000000002,4.598400000000003,116.84,3,7,6
CHEMBL246038,521.5990000000002,4.598400000000003,116.84,3,7,6
CHEMBL246247,538.0540000000002,5.112700000000004,116.84,3,7,6
CHEMBL246452,538.0540000000002,5.112700000000004,116.84,3,7,6
CHEMBL246454,538.0540000000002,5.112700000000004,116.84,3,7,6
CHEMBL246659,533.6350000000001,4.467900000000003,126.07,3,8,7
CHEMBL437371,533.6350000000001,4.467900000000002,126.07000000000001,3,8,7
CHEMBL398020,528.6190000000001,4.330980000000003,140.63,3,8,6
CHEMBL246660,528.6190000000001,4.330980000000003,140.63,3,8,6
CHEMBL246869,582.5050000000001,5.221800000000004,116.84,3,7,6
CHEMBL394382,582.5050000000001,5.221800000000004,116.84,3,7,6
CHEMBL246870,582.5050000000001,5.2218000000000035,116.84,3,7,6
CHEMBL247074,571.6060000000001,5.478100000000005,116.84,3,7,6
CHEMBL396583,538.0540000000001,5.112700000000005,116.84,3,7,6
CHEMBL396584,528.6190000000001,4.330980000000003,140.63,3,8,6
CHEMBL241250,373.25300000000004,2.3586,66.48,1,4,2
CHEMBL393653,429.08599999999996,2.2089,76.07000000000001,1,5,4
CHEMBL397294,374.00600000000003,1.9115000000000006,83.83,2,5,5
CHEMBL241054,356.03500000000014,3.4650000000000016,46.53,1,3,5
CHEMBL240661,384.00900000000007,1.9165999999999999,100.99,2,6,4
CHEMBL400572,402.333,4.928400000000004,74.60000000000001,2,2,6
CHEMBL404412,409.3600000000001,3.6587000000000023,80.92,2,5,7
CHEMBL428755,409.3600000000001,3.6587000000000023,80.92,2,5,7
CHEMBL250567,599.6310000000001,4.738100000000003,136.68,3,9,13
CHEMBL414133,554.9740000000002,5.786520000000005,93.81,2,7,9
CHEMBL400472,641.1839999999999,7.494920000000007,93.81000000000002,2,7,12
CHEMBL401419,601.046,7.2309200000000065,84.58000000000001,2,6,9
CHEMBL399131,471.88400000000007,5.227920000000005,79.65,2,5,7
CHEMBL249351,487.8830000000001,4.933520000000004,99.88000000000001,3,6,7
CHEMBL248546,578.0080000000002,6.806920000000006,88.88000000000001,2,6,10
CHEMBL248749,608.0340000000001,6.8155200000000065,98.11,2,7,11
CHEMBL248942,595.9980000000002,6.946020000000006,88.88000000000001,2,6,10
CHEMBL399235,578.9960000000001,6.201920000000006,101.77000000000001,2,7,10
CHEMBL399236,592.0350000000001,6.8494200000000065,88.88000000000001,2,6,11
CHEMBL249146,558.0180000000001,6.796920000000006,88.88000000000001,2,6,12
CHEMBL249147,545.9190000000002,4.691320000000004,126.18000000000002,3,7,10
CHEMBL251261,460.3940000000002,5.271500000000005,160.82,6,8,4
CHEMBL251431,540.4580000000002,4.747500000000005,204.18999999999997,6,10,6
CHEMBL403479,505.4960000000001,0.9711000000000002,152.49999999999997,3,6,7
CHEMBL253500,596.7060000000004,3.877200000000002,138.08999999999997,3,6,11
CHEMBL253478,610.7330000000004,4.267300000000002,138.08999999999997,3,6,12
CHEMBL253501,700.7670000000003,3.514120000000002,193.84999999999997,4,10,13
CHEMBL403935,686.7400000000004,3.425720000000001,204.85,5,9,13
CHEMBL274743,714.7940000000002,3.9042200000000022,193.84999999999997,4,10,14
CHEMBL402032,700.7670000000004,3.8158200000000013,204.85,5,9,14
CHEMBL254513,528.5340000000001,2.5816,138.08999999999997,3,6,7
CHEMBL401833,530.5500000000002,1.4875000000000003,133.79999999999998,3,7,7
CHEMBL253065,544.5770000000001,1.876,133.79999999999998,3,7,7
CHEMBL253066,544.5770000000001,1.876,133.79999999999998,3,7,7
CHEMBL253268,558.6040000000002,2.2661,133.79999999999998,3,7,7
CHEMBL403116,606.6480000000003,3.2288000000000006,133.79999999999998,3,7,8
CHEMBL403117,606.6480000000003,3.2288000000000006,133.79999999999998,3,7,8
CHEMBL252710,620.6750000000003,3.0988000000000016,133.79999999999998,3,7,9
CHEMBL254301,620.6750000000003,3.0988000000000016,133.79999999999998,3,7,9
CHEMBL253475,570.6680000000002,2.2191,133.79999999999998,3,7,9
CHEMBL428589,588.6580000000002,2.3582,133.79999999999998,3,7,9
CHEMBL403577,584.6950000000003,2.6092000000000004,133.79999999999998,3,7,10
CHEMBL253201,678.7860000000003,1.7673200000000002,177.17,3,10,11
CHEMBL253476,692.8130000000003,2.15742,177.17,3,10,12
CHEMBL253477,706.8400000000004,2.5475200000000005,177.17,3,10,13
CHEMBL253270,716.8100000000003,3.02632,189.55999999999997,4,11,14
CHEMBL403468,702.7830000000004,2.937920000000001,200.55999999999997,5,10,14
CHEMBL403908,604.6320000000002,4.248600000000003,138.08999999999997,3,6,8
CHEMBL252277,618.6590000000002,4.172400000000002,138.08999999999997,3,6,9
CHEMBL403680,632.6860000000003,4.366800000000002,138.08999999999997,3,6,10
CHEMBL253269,646.7130000000003,4.7569000000000035,138.08999999999997,3,6,11
CHEMBL403681,660.7400000000004,5.147000000000004,138.08999999999997,3,6,12
CHEMBL253282,554.6250000000001,3.368900000000001,138.08999999999997,3,6,8
CHEMBL404319,568.6520000000002,3.292700000000001,138.08999999999997,3,6,9
CHEMBL403746,582.6790000000002,3.4871000000000016,138.08999999999997,3,6,10
CHEMBL260920,532.5560000000003,6.3342000000000045,130.48,3,7,8
CHEMBL264144,505.57700000000017,5.040600000000003,113.59999999999998,1,7,8
CHEMBL445680,626.6250000000003,2.780900000000001,213.38999999999996,4,10,12
CHEMBL410332,579.6120000000003,4.504000000000004,160.13,2,9,11
CHEMBL261469,543.6480000000003,3.454500000000002,134.6,1,8,10
CHEMBL264404,527.6490000000002,3.788400000000003,123.52000000000001,1,7,10
CHEMBL408711,585.6850000000002,4.2363000000000035,146.99,2,9,13
CHEMBL261049,511.6500000000001,4.7729000000000035,100.45999999999998,1,7,10
CHEMBL260425,613.7610000000004,6.287740000000006,109.69000000000001,1,7,12
CHEMBL260924,567.6450000000002,4.247700000000004,146.98999999999998,2,8,12
CHEMBL260919,611.6540000000002,3.486500000000002,184.28999999999996,3,9,13
CHEMBL261846,561.5880000000003,4.661000000000003,118.92,1,8,11
CHEMBL408447,610.4580000000002,5.414900000000003,109.69,1,7,10
CHEMBL258479,684.4930000000003,4.878300000000004,156.22,2,9,13
CHEMBL262084,493.5660000000001,3.863500000000003,117.53,1,7,9
CHEMBL259071,515.5630000000001,4.772600000000003,100.45999999999998,1,6,9
CHEMBL410625,567.6010000000002,3.326900000000002,164.05999999999995,2,9,12
CHEMBL259284,589.5980000000003,4.236000000000003,146.98999999999998,2,8,12
CHEMBL428783,584.6790000000003,5.345500000000004,120.77000000000001,1,7,9
CHEMBL409311,587.4770000000001,4.381800000000004,129.55999999999997,2,7,8
CHEMBL259505,552.5900000000001,3.3175000000000017,166.85999999999996,3,8,9
CHEMBL403093,372.3760000000001,4.371300000000004,86.99000000000001,3,5,0
CHEMBL403094,388.3750000000001,3.4753000000000007,107.22000000000001,4,6,0
CHEMBL403411,388.37500000000006,3.3421000000000016,107.22000000000001,4,6,0
CHEMBL465069,386.40300000000013,4.674300000000003,75.99000000000001,2,5,1
CHEMBL367881,344.3190000000001,2.12662,121.13,3,7,2
CHEMBL260442,362.066,3.7009800000000013,81.32000000000001,2,2,2
CHEMBL259628,362.06600000000003,3.700980000000002,81.32000000000001,2,2,2
CHEMBL259050,381.109,3.9757000000000033,66.76,2,2,4
CHEMBL259051,376.093,3.895380000000002,81.32000000000001,2,2,3
CHEMBL408382,351.083,4.1377200000000025,57.53,2,1,2
CHEMBL259266,408.13500000000005,3.4654000000000025,86.63000000000001,3,2,4
CHEMBL259267,429.17500000000007,3.3739000000000035,91.67,2,3,4
CHEMBL407893,395.096,2.5839000000000016,99.52000000000001,3,3,3
CHEMBL260914,381.069,2.323200000000001,113.51,3,3,3
CHEMBL261108,471.1940000000001,4.154300000000004,99.52000000000001,3,3,5
CHEMBL261418,457.1670000000001,4.476600000000002,99.52000000000001,3,3,4
CHEMBL261362,475.1570000000001,4.615700000000002,99.52000000000001,3,3,4
CHEMBL261419,440.18000000000006,5.394700000000004,70.42,2,2,4
CHEMBL411295,484.1890000000001,5.092900000000003,107.72,3,3,5
CHEMBL405419,352.071,3.532720000000002,70.42,2,2,2
CHEMBL410646,443.3900000000001,4.664500000000006,88.24,2,4,6
CHEMBL406646,539.5910000000002,3.7578000000000022,146.98999999999998,2,8,11
CHEMBL259455,509.60900000000026,4.368020000000002,109.69000000000001,1,7,10
CHEMBL259456,613.6260000000003,3.2212000000000014,193.51999999999998,3,10,14
CHEMBL260675,583.6440000000002,3.8314200000000014,156.22,2,9,13
CHEMBL410483,574.4780000000001,4.822100000000004,109.69,1,7,10
CHEMBL407722,648.5130000000003,4.285500000000003,156.22,2,9,13
CHEMBL258463,530.0270000000002,4.7130000000000045,109.69,1,7,10
CHEMBL259170,604.0620000000002,4.176400000000004,156.22,2,9,13
CHEMBL259171,531.5620000000001,4.337800000000003,109.69,1,7,10
CHEMBL261732,605.5970000000003,3.8012000000000024,156.22,2,9,13
CHEMBL260991,531.5620000000002,4.652400000000004,109.69,1,7,10
CHEMBL260992,605.5970000000003,4.115800000000003,156.22,2,9,13
CHEMBL261206,531.5620000000002,4.652400000000003,109.69,1,7,10
CHEMBL260925,605.5970000000001,4.115800000000003,156.21999999999997,2,9,13
CHEMBL428791,495.5820000000001,4.059600000000003,109.69,1,7,10
CHEMBL409829,515.5530000000001,4.273900000000003,120.69,2,6,9
CHEMBL258697,569.6170000000003,3.5230000000000015,156.22,2,9,13
CHEMBL409926,589.5880000000002,3.737300000000004,167.21999999999997,3,8,12
CHEMBL514108,487.46100000000035,2.4049199999999997,180.01999999999998,4,10,7
CHEMBL514578,473.4340000000003,2.3165199999999997,191.01999999999998,5,9,7
CHEMBL457491,473.4340000000003,2.3165199999999997,191.01999999999998,5,9,7
CHEMBL502257,362.3230000000001,1.6098,151.0,3,7,4
CHEMBL525078,484.9210000000002,3.285000000000001,136.95999999999998,4,6,7
CHEMBL502006,484.9210000000002,3.285000000000001,136.95999999999998,4,6,7
CHEMBL526177,552.9180000000002,4.3038000000000025,136.95999999999998,4,6,7
CHEMBL502013,468.4660000000001,2.7707000000000006,136.95999999999998,4,6,7
CHEMBL526369,468.4660000000001,2.7707000000000006,136.95999999999998,4,6,7
CHEMBL502014,502.9110000000001,3.424100000000001,136.95999999999998,4,6,7
CHEMBL500677,533.3930000000003,3.980900000000002,136.95999999999998,4,6,8
CHEMBL498473,552.9180000000002,4.303800000000002,136.95999999999998,4,6,7
CHEMBL498474,552.9180000000002,4.3038000000000025,136.95999999999998,4,6,7
CHEMBL526644,325.2800000000001,1.8513,128.09,4,5,4
CHEMBL497509,325.2800000000001,1.8513,128.09,4,5,4
CHEMBL399873,442.7280000000003,6.997200000000009,40.46,2,2,1
CHEMBL470029,454.69500000000033,7.441800000000009,54.37,1,2,1
CHEMBL486986,472.7100000000003,6.204400000000009,77.76,3,3,1
CHEMBL493908,488.70900000000034,5.176800000000006,97.99000000000001,4,4,2
CHEMBL522373,472.7100000000003,6.0619000000000085,77.76,3,3,2
CHEMBL494111,486.6930000000004,5.385000000000008,94.83,3,4,2
CHEMBL493893,488.7090000000003,5.176800000000007,97.99000000000001,4,4,2
CHEMBL515146,436.4630000000002,5.834600000000005,90.9,3,5,4
CHEMBL474021,406.43700000000007,6.409000000000006,70.67,2,4,4
CHEMBL492708,436.46300000000014,5.834600000000005,90.9,3,5,4
CHEMBL493122,464.4730000000001,5.827200000000005,107.97,3,5,5
CHEMBL521821,452.46200000000016,5.540200000000006,111.13000000000001,4,6,4
CHEMBL523885,436.46300000000014,5.834600000000005,90.9,3,5,4
CHEMBL495142,480.47200000000015,5.532800000000006,128.2,4,6,5
CHEMBL494537,464.4730000000001,5.827200000000007,107.97000000000001,3,5,5
CHEMBL476249,506.58300000000014,6.981300000000005,79.2,1,5,7
CHEMBL478274,506.5830000000001,6.981300000000005,79.2,1,5,7
CHEMBL514239,520.6100000000002,6.768000000000005,79.2,1,5,8
CHEMBL477262,520.6100000000001,6.768000000000006,79.2,1,5,8
CHEMBL477263,464.5460000000001,6.3422000000000045,69.97,1,4,5
CHEMBL476666,464.5460000000001,6.3422000000000045,69.97,1,4,5
CHEMBL476664,430.48500000000007,4.894600000000003,90.2,2,5,5
CHEMBL476669,430.48500000000007,4.894600000000003,90.2,2,5,5
CHEMBL514517,460.51100000000025,4.903200000000005,99.42999999999999,2,6,6
CHEMBL514711,460.51100000000025,4.903200000000005,99.42999999999999,2,6,6
CHEMBL478312,474.49400000000014,4.592800000000003,127.5,3,6,6
CHEMBL526866,402.43200000000013,1.8397999999999999,136.96,4,6,6
CHEMBL499329,402.43200000000013,1.8397999999999999,136.96,4,6,6
CHEMBL446483,361.3390000000001,1.0105,156.79000000000002,3,7,4
CHEMBL525812,485.90900000000016,3.495000000000002,142.8,3,7,7
CHEMBL527109,464.50300000000016,2.9400200000000005,136.96,4,6,7
CHEMBL502539,450.47600000000017,2.6316000000000006,136.95999999999998,4,6,7
CHEMBL502540,484.92100000000016,3.285000000000001,136.95999999999998,4,6,7
CHEMBL502815,484.92100000000016,3.285000000000001,136.95999999999998,4,6,7
CHEMBL499061,484.92100000000016,3.285000000000001,136.95999999999998,4,6,7
CHEMBL458936,422.4770000000002,5.202800000000006,96.22000000000001,3,6,3
CHEMBL515537,384.3840000000002,2.969500000000001,105.45000000000002,3,7,3
CHEMBL458555,424.4930000000002,4.387400000000005,96.22000000000001,3,6,3
CHEMBL457525,386.4000000000002,2.8873000000000006,105.45000000000002,3,7,2
CHEMBL458619,440.4920000000002,3.878300000000005,116.45000000000002,4,7,3
CHEMBL458620,456.4910000000002,3.583900000000003,136.68,5,8,3
CHEMBL515837,438.5200000000002,5.105700000000004,96.22000000000001,3,6,6
CHEMBL513969,420.5050000000002,5.910900000000006,75.99000000000001,2,5,6
CHEMBL482750,341.4390000000001,5.068060000000003,73.6,1,4,3
CHEMBL482965,371.46500000000003,5.076660000000004,82.82999999999998,1,5,4
CHEMBL482966,401.4910000000001,5.085260000000004,92.05999999999999,1,6,5
CHEMBL469992,319.40400000000005,3.7498000000000022,38.33,1,2,6
CHEMBL511278,314.34100000000007,2.5048000000000004,81.47,1,4,7
CHEMBL469993,285.343,2.432900000000001,47.56,1,3,7
CHEMBL1162223,657.2890000000001,6.186400000000005,117.69000000000001,3,4,8
CHEMBL214378,477.29200000000014,3.986500000000002,125.82000000000001,3,6,7
CHEMBL391533,472.71000000000026,6.060300000000009,77.76,3,3,1
CHEMBL437964,470.69400000000036,6.2685000000000075,74.6,2,3,1
CHEMBL238628,336.34300000000013,4.055400000000004,79.9,2,5,1
CHEMBL255890,408.4940000000002,5.5273000000000065,86.99000000000001,3,5,5
CHEMBL470249,422.5210000000002,5.8303000000000065,75.99000000000001,2,5,6
CHEMBL470452,406.52200000000016,6.124700000000006,55.760000000000005,1,4,6
CHEMBL470454,392.4950000000002,5.821700000000006,66.76,2,4,5
CHEMBL470865,406.52200000000016,6.019900000000007,66.76,2,4,8
CHEMBL470655,406.4780000000002,5.4972000000000065,75.99000000000001,2,5,3
CHEMBL487412,470.7380000000004,7.32200000000001,46.53,1,3,1
CHEMBL502657,801.8290000000001,-3.2663000000000064,380.8799999999999,11,12,24
CHEMBL481854,504.70800000000025,4.003500000000003,118.22000000000001,5,5,2
CHEMBL449613,603.8880000000003,7.961100000000011,86.63000000000001,3,3,5
CHEMBL457064,513.7630000000004,6.349800000000008,86.63000000000001,3,3,3
CHEMBL508834,585.8260000000001,6.583200000000008,123.93,4,4,6
CHEMBL511000,575.8340000000003,8.485900000000006,86.63000000000001,3,3,3
CHEMBL461344,455.7270000000003,6.6343000000000085,63.32000000000001,2,2,1
CHEMBL461165,469.7540000000004,6.895000000000009,49.33,2,2,1
CHEMBL510912,545.8520000000003,8.465400000000008,49.33,2,2,3
CHEMBL445301,546.8360000000004,8.892400000000004,46.53,1,3,3
CHEMBL472400,484.7650000000004,8.01380000000001,57.53,2,2,3
CHEMBL472401,512.8190000000004,8.794000000000006,57.53,2,2,5
CHEMBL504291,540.8730000000003,9.574200000000001,57.53,2,2,7
CHEMBL445491,568.9270000000001,10.354399999999993,57.53,2,2,9
CHEMBL501267,596.9810000000001,11.134599999999988,57.53,2,2,11
CHEMBL443950,625.035,11.914799999999984,57.53,2,2,13
CHEMBL509443,659.9960000000001,9.521500000000001,86.63000000000001,3,3,9
CHEMBL503669,659.9960000000001,9.521500000000001,86.63000000000001,3,3,9
CHEMBL446005,649.961,8.244600000000009,115.31,4,4,9
CHEMBL509868,699.033,10.002799999999997,102.42,4,3,9
CHEMBL450403,644.019,9.031900000000007,86.63000000000001,3,4,10
CHEMBL301567,694.4409999999999,10.174899999999996,86.63000000000001,3,3,9
CHEMBL447660,694.4409999999999,10.174899999999996,86.63000000000001,3,3,9
CHEMBL462163,694.4409999999999,10.174899999999996,86.63000000000001,3,3,9
CHEMBL449659,677.9860000000001,9.6606,86.63000000000001,3,3,9
CHEMBL504704,704.9929999999999,9.429700000000002,129.77,3,5,10
CHEMBL452449,674.023,9.829920000000001,86.63000000000001,3,3,9
CHEMBL515797,554.3610000000002,7.158000000000004,75.99000000000001,2,4,7
CHEMBL459758,438.3850000000003,-0.2535999999999994,148.57,0,11,6
CHEMBL505561,1517.5200000000007,11.25179999999999,327.2,0,28,28
CHEMBL508150,1517.5200000000007,11.25179999999999,327.2,0,28,28
CHEMBL446857,1457.3800000000003,7.740800000000009,358.55999999999995,0,28,24
CHEMBL510405,1457.3800000000003,7.740800000000009,358.55999999999995,0,28,24
CHEMBL1162224,657.3740000000001,5.896500000000003,114.53000000000002,2,5,8
CHEMBL1162225,621.3940000000001,5.3472000000000035,114.53000000000002,2,5,8
CHEMBL1162226,707.296,6.876800000000006,117.69000000000001,3,4,9
CHEMBL1162227,707.3810000000001,6.586900000000004,114.53000000000002,2,5,9
CHEMBL1162229,837.8089999999999,-2.717000000000004,380.8799999999999,11,12,24
CHEMBL1162230,258.245,2.7769000000000013,54.370000000000005,1,2,2
CHEMBL185726,402.4020000000001,4.835000000000004,115.06,4,4,6
CHEMBL211369,584.8380000000001,8.285400000000008,100.9,2,4,5
CHEMBL486382,456.7110000000003,7.233600000000009,57.53,2,2,1
CHEMBL517270,410.3310000000002,-0.7320999999999982,159.57,1,10,5
CHEMBL518512,410.3310000000002,-0.7320999999999982,159.57,1,10,5
CHEMBL462015,460.39100000000025,0.6390999999999998,159.57,1,10,5
CHEMBL462016,460.39100000000025,0.6390999999999998,159.57,1,10,5
CHEMBL502436,646.6040000000004,4.520800000000004,159.57,1,10,8
CHEMBL503860,759.7640000000002,5.948700000000006,172.98999999999998,2,11,13
CHEMBL450150,687.7050000000002,7.284000000000007,155.35,0,10,11
CHEMBL492413,809.8240000000002,7.101900000000008,172.98999999999998,2,11,13
CHEMBL504726,611.6470000000002,4.385800000000003,129.62,2,9,10
CHEMBL454521,653.6840000000003,4.956600000000004,135.69000000000003,1,10,11
CHEMBL451520,581.5770000000003,2.630299999999999,145.29999999999998,2,9,8
CHEMBL443398,674.023,9.829920000000001,86.63000000000001,3,3,9
CHEMBL446573,690.022,9.530100000000003,95.86,3,4,10
CHEMBL506260,690.022,9.530100000000003,95.86,3,4,10
CHEMBL510867,690.022,9.530100000000003,95.86,3,4,10
CHEMBL507502,704.005,9.250200000000003,105.09,3,5,9
CHEMBL443663,720.048,9.538700000000002,105.09,3,5,11
CHEMBL443091,720.048,9.538700000000004,105.09,3,5,11
CHEMBL448797,720.048,9.538700000000004,105.09,3,5,11
CHEMBL472896,440.71200000000033,8.262800000000007,37.3,1,1,1
CHEMBL506934,556.7840000000004,7.347600000000009,89.90000000000002,1,5,3
CHEMBL449967,528.7300000000004,6.8691000000000075,100.9,2,4,2
CHEMBL446073,556.7840000000003,7.649300000000009,100.9,2,4,5
CHEMBL502586,604.8280000000001,8.796500000000004,100.9,2,4,4
CHEMBL448816,546.8360000000002,9.4581,46.53,1,2,4
CHEMBL504397,590.845,9.156300000000002,83.83,2,3,5
CHEMBL506556,590.845,9.156300000000002,83.83,2,3,5
CHEMBL508831,590.845,9.156300000000002,83.83,2,3,5
CHEMBL499413,794.13,11.444199999999991,112.93000000000002,3,4,13
CHEMBL489670,452.7230000000003,8.428900000000006,37.3,1,1,1
CHEMBL453868,534.5200000000002,7.355000000000007,141.34,4,6,8
CHEMBL508948,240.258,3.260800000000002,57.53,2,2,3
CHEMBL453899,319.154,4.023300000000002,57.53,2,2,3
CHEMBL450560,316.35600000000005,4.927800000000004,57.53,2,2,4
CHEMBL453874,300.266,2.6646000000000014,115.06,4,4,4
CHEMBL453861,379.1620000000001,3.4271000000000007,115.06,4,4,4
CHEMBL509720,380.3520000000001,4.2276000000000025,117.2,3,5,6
CHEMBL455693,376.36400000000003,4.331600000000003,115.06,4,4,5
CHEMBL455694,560.1940000000002,6.360000000000005,115.06,4,4,6
CHEMBL461734,590.2200000000001,6.368600000000005,124.29,4,5,7
CHEMBL445194,564.5460000000003,7.363600000000006,150.57,4,7,9
CHEMBL506882,360.45700000000005,5.368600000000005,38.5,0,4,7
CHEMBL456025,358.44100000000014,5.122600000000005,38.5,0,4,5
CHEMBL467572,372.4680000000002,5.512700000000005,38.5,0,4,5
CHEMBL512442,374.4840000000001,5.7587000000000055,38.5,0,4,8
CHEMBL510460,346.43000000000006,4.978500000000004,38.5,0,4,6
CHEMBL458009,374.4840000000001,5.7587000000000055,38.5,0,4,8
CHEMBL408,441.54900000000015,4.374260000000002,84.86,2,6,5
CHEMBL595,356.44700000000006,3.159600000000001,68.28999999999999,1,5,7
CHEMBL121,357.435,2.490900000000001,71.53,1,6,7
CHEMBL173395,374.34500000000014,2.546960000000001,130.36,3,8,4
CHEMBL362497,390.2580000000001,4.352000000000002,55.400000000000006,1,4,4
CHEMBL401612,349.3930000000001,3.3137200000000018,102.2,1,6,4
CHEMBL401525,379.4190000000001,3.4040000000000017,111.43,1,7,6
CHEMBL510225,332.403,4.588400000000004,38.5,0,4,5
CHEMBL517216,451.58500000000026,3.5005000000000015,120.77000000000001,3,6,6
CHEMBL460643,342.4790000000001,4.783800000000005,43.370000000000005,0,3,3
CHEMBL559457,470.51800000000037,5.617900000000005,108.36000000000003,1,8,10
CHEMBL559479,389.8380000000001,5.263500000000003,47.89,0,4,5
CHEMBL564123,471.5160000000002,5.509200000000005,71.41,1,4,4
CHEMBL562468,505.6610000000003,5.681100000000005,75.63000000000001,2,5,7
CHEMBL562469,381.51900000000023,3.8651000000000018,75.63000000000001,2,5,7
CHEMBL564124,381.51900000000023,3.8651000000000018,75.63,2,5,7
CHEMBL564699,409.57300000000015,4.296100000000003,75.63000000000001,2,5,7
CHEMBL562135,383.53499999999997,3.9813000000000027,75.63,2,5,10
CHEMBL562392,411.58900000000006,4.761500000000003,75.63,2,5,12
CHEMBL565229,493.9470000000002,4.512340000000004,89.87,1,6,7
CHEMBL556076,381.5190000000002,3.515900000000001,75.63000000000001,2,5,5
CHEMBL549372,381.5190000000002,3.515900000000001,75.63,2,5,5
CHEMBL554726,395.5460000000002,3.907600000000002,75.63000000000001,2,5,7
CHEMBL551842,456.4910000000003,5.529500000000004,119.36000000000003,2,7,10
CHEMBL552066,408.41300000000007,5.3436800000000035,103.33000000000001,2,4,5
CHEMBL549640,408.79700000000014,4.395500000000002,99.85000000000001,2,4,4
CHEMBL550462,359.4470000000002,3.6255000000000015,75.63,2,4,7
CHEMBL550662,345.42000000000013,3.235400000000001,75.63,2,4,6
CHEMBL551671,395.5460000000002,3.907600000000002,75.63,2,5,7
CHEMBL550291,444.52400000000034,5.791200000000005,94.45000000000002,2,7,11
CHEMBL549911,436.4640000000001,5.2215000000000025,95.5,3,4,6
CHEMBL570779,345.42000000000013,3.235400000000001,75.63000000000001,2,4,6
CHEMBL549297,419.50300000000027,1.8767999999999998,116.76000000000002,4,5,7
CHEMBL549505,419.50300000000027,1.8767999999999998,116.76,4,5,7
CHEMBL557446,408.248,4.491100000000002,55.400000000000006,1,4,4
CHEMBL556636,409.57300000000015,4.296100000000003,75.63,2,5,7
CHEMBL557450,547.7420000000002,6.851400000000006,75.63000000000001,2,5,9
CHEMBL557655,395.50200000000024,3.505300000000001,92.7,2,6,7
CHEMBL557861,425.6160000000001,5.151600000000004,75.63,2,5,13
CHEMBL558886,488.53300000000036,5.489400000000007,131.75,3,8,12
CHEMBL562970,484.54500000000036,5.920900000000006,97.36,0,8,11
CHEMBL556909,392.4360000000002,4.488600000000003,96.18999999999998,2,5,3
CHEMBL564092,417.4900000000001,5.034480000000004,88.14999999999999,1,7,7
CHEMBL559312,359.4470000000002,3.6255000000000015,75.63000000000001,2,4,7
CHEMBL556913,505.6610000000003,5.681100000000005,75.63,2,5,7
CHEMBL557393,381.51900000000023,3.8651000000000018,75.63000000000001,2,5,7
CHEMBL556914,381.51900000000023,3.8651000000000018,75.63,2,5,7
CHEMBL563436,547.7420000000002,6.851400000000007,75.63,2,5,9
CHEMBL564439,397.562,4.371400000000003,75.63,2,5,11
CHEMBL572800,458.2550000000001,5.370800000000003,55.400000000000006,1,4,4
CHEMBL315736,311.36199999999997,3.7939000000000016,58.89,1,3,4
CHEMBL139702,338.4030000000001,4.466100000000004,66.76,2,4,6
CHEMBL141207,338.40300000000013,4.511200000000002,66.76,2,4,6
CHEMBL426796,387.4600000000001,5.2565000000000035,55.400000000000006,1,4,5
CHEMBL201515,472.71000000000026,6.204400000000009,77.76,3,3,1
CHEMBL383749,472.71000000000026,6.204400000000009,77.76,3,3,1
CHEMBL517247,446.5870000000002,7.960500000000008,73.83,3,4,8
CHEMBL482673,472.71000000000026,6.204400000000009,77.76,3,3,1
CHEMBL562059,490.7320000000003,7.376600000000009,63.08,1,3,1
CHEMBL541940,540.7920000000003,8.529800000000005,63.08,1,3,1
CHEMBL555056,527.7930000000002,9.067900000000002,53.089999999999996,2,1,1
CHEMBL564896,378.46800000000013,6.451800000000007,73.83,3,4,6
CHEMBL562810,446.58700000000016,8.178300000000004,73.83,3,4,9
CHEMBL576191,379.359,4.6083000000000025,55.400000000000006,1,4,4
CHEMBL582968,329.352,3.728600000000002,55.400000000000006,1,4,4
CHEMBL572582,458.2550000000001,5.370800000000002,55.400000000000006,1,4,4
CHEMBL572814,458.2550000000001,5.370800000000002,55.400000000000006,1,4,4
CHEMBL574813,526.2520000000001,6.389600000000002,55.400000000000006,1,4,4
CHEMBL574814,408.2480000000001,4.491100000000002,55.400000000000006,1,4,4
CHEMBL575024,390.258,4.352000000000002,55.400000000000006,1,4,4
CHEMBL575025,458.255,5.370800000000003,55.400000000000006,1,4,4
CHEMBL573469,408.248,4.491100000000002,55.400000000000006,1,4,4
CHEMBL582941,397.349,4.7474000000000025,55.400000000000006,1,4,4
CHEMBL574377,387.46000000000004,5.2565000000000035,55.400000000000006,1,4,5
CHEMBL575043,465.346,5.766200000000002,55.400000000000006,1,4,4
CHEMBL572574,455.45700000000005,6.275300000000004,55.400000000000006,1,4,5
CHEMBL578429,510.78800000000035,7.625300000000008,76.21,2,4,1
CHEMBL572974,519.7740000000003,7.418300000000008,75.11,2,4,2
CHEMBL573496,505.74700000000036,6.958800000000007,89.1,2,4,1
CHEMBL582862,479.7050000000003,7.574600000000008,63.33,1,3,1
CHEMBL572899,554.8190000000002,8.772300000000005,55.12,1,3,2
CHEMBL576164,490.7320000000003,7.376600000000009,63.08,1,3,1
CHEMBL574391,478.7210000000003,7.309700000000008,65.97999999999999,2,2,1
CHEMBL574276,520.7580000000004,7.443200000000008,72.19,1,4,1
CHEMBL572978,576.8660000000003,9.003600000000004,72.19,1,4,5
CHEMBL583504,583.817,7.86660000000001,85.08,1,5,2
CHEMBL583505,583.817,7.86660000000001,85.08,1,5,2
CHEMBL575688,504.75900000000047,7.685020000000008,63.08,1,3,1
CHEMBL570475,678.7340000000003,7.4527000000000125,195.97999999999996,8,10,9
CHEMBL570526,662.7350000000004,7.7471000000000085,175.74999999999997,7,9,9
CHEMBL570609,646.7360000000003,8.041500000000008,155.51999999999998,6,8,9
CHEMBL578625,366.4570000000001,5.072100000000004,44.760000000000005,0,4,8
CHEMBL578414,380.4400000000001,4.685800000000005,72.83000000000001,1,5,7
CHEMBL578609,338.4030000000001,4.682100000000005,66.76,2,4,6
CHEMBL566051,352.43000000000006,4.769100000000005,55.760000000000005,1,4,7
CHEMBL565371,618.7840000000003,3.802900000000002,129.87999999999997,1,9,8
CHEMBL565795,612.1540000000002,5.860700000000005,101.73,1,8,9
CHEMBL567069,612.1540000000002,5.860700000000005,101.73,1,8,9
CHEMBL565810,577.7090000000004,5.207300000000005,101.73,1,8,9
CHEMBL584481,595.6990000000003,5.3464000000000045,101.73,1,8,9
CHEMBL145,180.159,1.1956,77.76,3,3,2
CHEMBL561967,390.47900000000016,5.694800000000004,47.92,1,4,2
CHEMBL551155,390.47900000000016,5.694800000000004,47.92,1,4,2
CHEMBL578396,352.4300000000001,4.769100000000005,55.760000000000005,1,4,7
CHEMBL571205,380.44000000000017,4.685800000000005,72.83000000000001,1,5,7
CHEMBL569456,394.46700000000016,4.988800000000005,61.830000000000005,0,5,8
CHEMBL571219,394.46700000000016,4.988800000000005,61.83000000000001,0,5,8
CHEMBL599646,471.5340000000002,6.209300000000004,92.7,2,5,7
CHEMBL598832,586.2830000000001,5.714100000000003,109.50000000000001,2,7,6
CHEMBL596979,477.5820000000003,5.818900000000005,92.7,2,5,6
CHEMBL590043,557.6100000000001,6.2034000000000065,122.27000000000001,3,7,8
CHEMBL598217,501.6040000000002,6.108700000000005,92.7,2,5,7
CHEMBL597408,485.5610000000002,6.597800000000006,92.7,2,5,7
CHEMBL603479,536.0490000000002,6.762100000000006,92.7,2,5,7
CHEMBL599256,501.5600000000002,6.217900000000005,101.92999999999999,2,6,8
CHEMBL599257,501.5600000000002,6.217900000000005,101.92999999999999,2,6,8
CHEMBL603684,501.5600000000002,6.217900000000005,101.92999999999999,2,6,8
CHEMBL592693,489.52400000000017,6.348400000000005,92.7,2,5,7
CHEMBL602231,523.9690000000002,7.001800000000006,92.7,2,5,7
CHEMBL601281,485.5610000000002,6.597800000000006,92.7,2,5,7
CHEMBL590235,812.7470000000001,8.444700000000005,167.89,4,7,13
CHEMBL590103,667.4630000000004,4.292520000000005,186.57999999999998,4,6,12
CHEMBL606859,455.88500000000005,5.391620000000005,70.42,2,4,6
CHEMBL590480,606.8070000000002,8.383000000000006,78.87,2,4,15
CHEMBL592245,525.6120000000002,2.3146199999999997,141.32999999999998,3,6,7
CHEMBL607027,521.5990000000002,4.598400000000003,116.84,3,7,6
CHEMBL590689,692.8130000000003,2.15742,177.17,3,10,12
CHEMBL592290,341.404,2.373,74.68,1,4,3
CHEMBL604457,451.95000000000016,1.4059000000000001,118.05,1,7,5
CHEMBL601290,293.30400000000003,0.5682999999999999,102.5,3,4,2
CHEMBL591978,437.49600000000004,3.363500000000002,69.72,1,4,4
CHEMBL605283,556.4620000000002,5.794200000000003,110.80000000000001,2,6,8
CHEMBL590155,483.61200000000025,3.1555000000000017,134.69,3,7,11
CHEMBL602117,360.38100000000003,4.9577000000000035,54.370000000000005,1,2,4
CHEMBL601733,422.87100000000015,4.368200000000003,92.91,1,7,4
CHEMBL1082094,429.55700000000013,4.601620000000004,68.98,0,6,11
CHEMBL1076247,400.4750000000002,1.9468200000000007,72.22,0,7,5
CHEMBL1079387,462.54600000000033,3.521620000000002,72.22,0,7,6
CHEMBL1081369,463.53400000000033,2.916620000000001,85.10999999999999,0,8,6
CHEMBL1076430,368.42900000000014,4.277300000000003,57.150000000000006,1,5,4
CHEMBL1087027,324.37600000000003,4.216200000000002,58.92,2,4,2
CHEMBL1087148,390.47900000000016,5.694800000000004,47.92,1,4,2
CHEMBL1077922,359.3780000000002,0.9874199999999997,89.21000000000001,1,7,3
CHEMBL1081672,357.40600000000023,2.14112,79.98,1,6,3
CHEMBL1080948,343.3790000000002,1.7510199999999998,79.98,1,6,3
CHEMBL1080949,387.4320000000002,2.0316199999999998,78.21000000000001,0,7,5
CHEMBL1080227,385.46000000000015,3.1853200000000017,68.98,0,6,5
CHEMBL1080228,371.43300000000016,2.7952200000000014,68.98,0,6,5
CHEMBL1080229,373.4490000000001,3.041220000000002,68.98,0,6,7
CHEMBL1098728,322.36,4.186100000000003,47.92,1,4,0
CHEMBL374279,318.372,4.753100000000003,35.53,0,3,5
CHEMBL441861,318.372,4.753100000000003,35.53,0,3,5
CHEMBL217931,318.37200000000007,4.753100000000003,35.53,0,3,5
CHEMBL487051,274.319,4.441500000000003,37.3,1,2,3
CHEMBL484145,304.345,4.4501000000000035,46.53,1,3,4
CHEMBL1086764,406.4780000000002,4.798800000000004,68.15,2,5,2
CHEMBL1086765,392.49500000000023,5.724900000000006,58.92,2,4,4
CHEMBL1088462,422.5210000000002,5.131900000000006,68.15,2,5,5
CHEMBL1077438,676.8000000000001,5.136020000000009,203.43999999999997,7,11,20
CHEMBL1077439,690.827,5.22442000000001,192.43999999999997,6,12,20
CHEMBL1078307,514.6590000000002,7.662920000000009,124.29000000000002,4,6,17
CHEMBL1078662,526.6670000000001,3.902800000000004,156.91,6,8,18
CHEMBL1097390,517.7360000000001,7.954300000000008,101.14999999999999,2,6,20
CHEMBL1097720,497.6800000000001,7.804400000000008,112.14999999999999,3,4,20
CHEMBL1095726,503.7090000000001,7.865900000000008,112.14999999999999,3,5,20
CHEMBL1099219,479.66500000000013,7.6545000000000085,83.13,1,4,18
CHEMBL1098845,511.70700000000016,7.892800000000008,101.14999999999999,2,5,20
CHEMBL1082937,558.6550000000002,8.442000000000004,86.99000000000001,3,5,8
CHEMBL1086020,489.52700000000016,6.642500000000005,99.77,3,4,7
CHEMBL1086279,416.54200000000014,7.041300000000006,46.53,1,3,8
CHEMBL1164073,363.88800000000003,5.7111000000000045,29.1,1,2,2
CHEMBL1164300,374.4400000000001,4.965900000000005,72.24,1,4,3
CHEMBL1165682,343.3980000000001,3.6027000000000022,55.400000000000006,1,4,3
CHEMBL1164164,404.3040000000002,4.226100000000002,55.400000000000006,1,4,3
CHEMBL1163992,458.68300000000033,5.655100000000007,66.76,2,4,2
CHEMBL1164174,484.72100000000034,6.499400000000008,63.6,1,4,3
CHEMBL1163226,498.7480000000004,6.889500000000009,63.6,1,4,4
CHEMBL1164021,526.8020000000004,7.66970000000001,63.6,1,4,6
CHEMBL1164299,546.7920000000004,7.79330000000001,63.599999999999994,1,4,4
CHEMBL1163227,563.7790000000003,6.914800000000008,85.72000000000001,1,6,4
CHEMBL1163233,592.8170000000001,7.52840000000001,82.06,1,6,5
CHEMBL1164828,592.8170000000002,7.52840000000001,82.06,1,6,5
CHEMBL1164944,592.8170000000003,7.52840000000001,82.06,1,6,5
CHEMBL1164945,607.7880000000001,7.428000000000009,115.97000000000001,1,7,5
CHEMBL1163235,607.7880000000001,7.428000000000009,115.97000000000001,1,7,5
CHEMBL1164947,607.7880000000001,7.428000000000009,115.97000000000001,1,7,5
CHEMBL1164948,652.7850000000002,7.336200000000009,159.10999999999999,1,9,6
CHEMBL1163236,606.8000000000002,7.218000000000008,110.13000000000001,2,6,5
CHEMBL1163239,606.8000000000002,7.218000000000008,110.13000000000001,2,6,5
CHEMBL1163240,651.7970000000001,7.126200000000009,153.26999999999998,2,8,6
CHEMBL1164263,456.66700000000037,5.863300000000007,63.599999999999994,1,4,2
CHEMBL1163241,583.8040000000002,7.730800000000009,58.56,2,4,5
CHEMBL1163220,592.8210000000003,7.360800000000009,101.7,2,6,6
CHEMBL1164260,458.68300000000033,5.655100000000007,66.76,2,4,2
CHEMBL1163827,347.43300000000005,5.196800000000004,29.1,1,2,2
CHEMBL1165715,359.46900000000016,5.066300000000004,38.33,1,3,3
CHEMBL1164873,319.379,4.560700000000004,29.1,1,2,2
CHEMBL1164874,343.4700000000001,5.366120000000004,29.1,1,2,2
CHEMBL1163709,319.40400000000005,4.650700000000004,42.24,1,3,2
CHEMBL1223582,354.4020000000001,5.0423200000000055,83.06,3,5,4
CHEMBL301982,450.61900000000037,6.697700000000006,74.6,2,3,1
CHEMBL206710,940.6810000000005,1.6861000000000008,444.1800000000001,15,26,11
CHEMBL230006,470.6940000000004,6.412600000000007,74.6,2,3,1
CHEMBL491515,354.3580000000001,3.791100000000004,111.13000000000002,4,6,3
CHEMBL508583,685.0730000000004,5.532900000000006,145.94,6,8,20
CHEMBL506929,322.36000000000007,4.379900000000005,70.67,2,4,3
CHEMBL1756,520.3900000000002,5.299000000000007,96.3,2,4,7
CHEMBL611368,340.37500000000006,4.733900000000005,83.06,3,5,4
CHEMBL1223641,368.38500000000016,4.094100000000003,100.13,3,6,4
CHEMBL1223642,368.38500000000005,4.094100000000004,100.13000000000001,3,6,4
CHEMBL1232829,741.4610000000002,6.514900000000004,155.67,3,9,9
CHEMBL1240534,721.7180000000002,8.090800000000007,165.53,3,8,15
CHEMBL1240789,745.6840000000003,8.035700000000006,165.53,3,9,15
CHEMBL1240790,673.6740000000003,6.986200000000006,165.52999999999997,3,8,15
CHEMBL1240791,729.7820000000004,8.546600000000005,165.52999999999997,3,8,19
CHEMBL1241314,705.3800000000001,8.725900000000003,117.69999999999999,2,6,8
CHEMBL1241315,661.6640000000003,2.917399999999999,200.07999999999998,4,9,13
CHEMBL1241469,441.4640000000001,6.172500000000003,100.63000000000001,2,5,5
CHEMBL1241658,578.0080000000002,6.806920000000006,88.88000000000001,2,6,10
CHEMBL1242362,440.5240000000002,6.674900000000004,66.57,1,5,4
CHEMBL1242363,414.48600000000005,6.140700000000003,66.57000000000001,1,5,4
CHEMBL1242457,386.4320000000001,5.656900000000003,89.35000000000001,2,5,3
CHEMBL1242458,385.4440000000001,6.383120000000004,63.33,1,4,3
CHEMBL1242552,416.4140000000001,5.9829000000000025,106.47,1,6,4
CHEMBL1242553,454.5510000000003,7.065000000000004,66.57,1,5,4
CHEMBL1242642,456.52300000000025,5.911300000000004,75.8,1,6,4
CHEMBL1242643,484.57700000000017,6.688300000000005,75.80000000000001,1,6,4
CHEMBL1242735,415.42600000000004,5.772900000000003,100.63000000000001,2,5,4
CHEMBL1242736,497.31300000000005,6.679300000000003,63.33,1,4,3
CHEMBL1242826,497.31300000000005,6.679300000000003,63.33,1,4,3
CHEMBL1242827,441.4640000000001,6.172500000000003,100.63000000000001,2,5,5
CHEMBL1631839,526.7580000000004,7.375100000000009,80.67000000000002,1,4,4
CHEMBL1631840,540.7850000000003,7.76520000000001,80.67000000000002,1,4,5
CHEMBL1631841,554.8120000000002,8.15530000000001,80.67000000000002,1,4,6
CHEMBL1631844,588.8290000000002,8.912400000000003,80.67000000000002,1,4,4
CHEMBL1650889,562.5820000000002,6.342800000000006,139.71,3,8,9
CHEMBL1650891,581.0280000000001,7.296020000000005,130.48,3,7,8
CHEMBL1650892,546.5830000000002,6.642620000000006,130.48,3,7,8
CHEMBL1650893,583.6260000000001,6.107720000000005,152.60000000000002,3,10,9
CHEMBL1650918,581.0280000000001,7.076000000000007,119.48,2,8,8
CHEMBL1667953,709.7960000000002,5.110600000000004,143.62,2,11,19
CHEMBL1667954,709.8400000000001,5.406800000000005,126.55000000000003,2,11,19
CHEMBL1667955,709.7960000000002,5.110600000000004,143.62,2,11,19
CHEMBL1667956,723.8230000000002,5.499100000000006,143.62,2,11,19
CHEMBL1667957,769.8950000000001,7.361000000000009,123.39000000000001,1,10,20
CHEMBL1667958,785.8940000000001,7.066600000000008,143.62,2,11,20
CHEMBL1667959,769.8950000000001,7.361000000000009,123.39000000000001,1,10,20
CHEMBL1667960,785.8940000000001,7.066600000000008,143.62,2,11,20
CHEMBL1765346,1114.761,8.223800000000008,310.22999999999996,4,14,32
CHEMBL1765347,662.809,2.8899000000000035,159.76999999999998,4,7,16
CHEMBL19332,192.17000000000002,0.9131,71.44,1,3,4
CHEMBL18927,298.294,2.4921000000000006,80.67,1,4,7
CHEMBL145280,300.285,2.6430000000000007,71.44,1,3,6
CHEMBL364328,210.16,1.0522,71.44,1,3,4
CHEMBL1234135,387.4350000000001,4.119900000000004,74.67999999999999,1,4,9
CHEMBL1765348,260.167,1.9319000000000002,71.44,1,3,4
CHEMBL1765349,564.6190000000003,6.466200000000006,116.5,2,6,9
CHEMBL1765350,605.8700000000003,8.913700000000002,75.55,1,7,15
CHEMBL1765359,224.263,3.646300000000002,41.29,1,2,2
CHEMBL1766712,451.31800000000004,4.422500000000005,129.56,3,5,8
CHEMBL1778898,349.18000000000006,3.7650000000000015,66.76,2,4,4
CHEMBL1778899,363.2070000000001,4.068000000000003,55.760000000000005,1,4,5
CHEMBL1778900,363.2070000000001,4.068000000000002,55.760000000000005,1,4,5
CHEMBL1778901,405.2880000000001,5.238300000000005,55.760000000000005,1,4,8
CHEMBL1778902,417.2990000000002,5.404400000000003,55.760000000000005,1,4,7
CHEMBL1778903,439.3050000000002,5.638400000000003,55.760000000000005,1,4,7
CHEMBL1778904,435.2700000000001,4.001300000000003,82.06,1,6,8
CHEMBL1778905,463.3240000000001,4.781500000000006,82.06,1,6,10
CHEMBL1778907,435.27000000000027,4.303000000000003,93.06000000000002,2,5,9
CHEMBL1778908,453.2880000000002,5.2786000000000035,72.83000000000001,1,5,6
CHEMBL1778909,532.1840000000002,6.041100000000004,72.83000000000001,1,5,6
CHEMBL1778910,509.3960000000003,6.576100000000006,72.83000000000001,1,5,6
CHEMBL1778911,503.37000000000023,5.135520000000003,89.9,1,6,7
CHEMBL1778912,427.27200000000016,3.397800000000002,89.9,1,6,6
CHEMBL1778913,348.1960000000001,3.6416000000000013,72.55,2,4,4
CHEMBL1778914,348.1960000000001,3.6416000000000013,72.55,2,4,4
CHEMBL1778916,376.2500000000001,4.1254000000000035,49.77,1,4,5
CHEMBL1778917,376.2500000000001,4.1254000000000035,49.77,1,4,5
CHEMBL1778918,420.25900000000024,3.8541000000000025,68.23,1,6,5
CHEMBL1778919,428.32600000000014,5.237800000000005,49.77000000000001,1,4,9
CHEMBL1778920,428.32600000000014,5.2378000000000045,49.77000000000001,1,4,9
CHEMBL1778921,428.32600000000014,5.237800000000005,49.77000000000001,1,4,9
CHEMBL1778922,416.3150000000003,5.049700000000004,49.77,1,4,5
CHEMBL1778923,416.3150000000003,5.049700000000004,49.77,1,4,5
CHEMBL1778924,416.3150000000003,5.049700000000004,49.77,1,4,5
CHEMBL1778925,399.2440000000001,4.2451000000000025,64.35,1,5,5
CHEMBL1778926,418.28700000000026,3.8960000000000026,59.0,1,5,5
CHEMBL1778927,426.2880000000001,3.430900000000002,92.69999999999999,2,5,6
CHEMBL1778928,508.41200000000026,6.609200000000005,75.63,2,4,6
CHEMBL1778929,389.2450000000001,4.493500000000004,66.76,2,4,6
CHEMBL1778930,417.2990000000002,5.273700000000003,66.76,2,4,6
CHEMBL1778931,417.2990000000001,5.444600000000005,66.76,2,4,6
CHEMBL1779050,403.27200000000016,4.7965000000000035,55.760000000000005,1,4,7
CHEMBL1779051,431.32600000000025,5.576700000000003,55.760000000000005,1,4,7
CHEMBL1779052,431.32600000000014,5.747600000000006,55.760000000000005,1,4,7
CHEMBL1779053,485.41800000000023,7.084000000000007,55.760000000000005,1,4,9
CHEMBL1779054,417.2990000000001,5.444600000000005,66.76,2,4,6
CHEMBL1779055,501.4170000000003,6.644400000000005,64.99000000000001,1,5,8
CHEMBL1779056,501.4170000000003,6.644400000000006,64.99000000000001,1,5,8
CHEMBL1779057,338.4030000000001,4.682100000000005,66.76,2,4,6
CHEMBL1783767,353.3740000000002,4.260800000000002,81.79,1,5,8
CHEMBL1783771,267.284,3.722800000000001,55.49000000000001,1,4,3
CHEMBL1783772,338.40700000000015,3.957600000000003,47.73000000000001,0,5,7
CHEMBL1783773,366.46100000000007,4.7378000000000045,47.730000000000004,0,5,9
CHEMBL1783774,394.5150000000002,5.5148000000000055,47.73000000000001,0,5,9
CHEMBL1783775,380.4440000000003,3.728200000000002,56.96000000000001,0,6,7
CHEMBL1783776,364.4450000000003,4.491800000000004,47.73000000000001,0,5,7
CHEMBL1783777,378.4720000000003,4.881900000000004,47.73000000000001,0,5,7
CHEMBL1783778,343.8100000000002,5.024900000000003,44.49000000000001,0,4,7
CHEMBL1783779,352.4340000000002,4.347700000000003,47.73000000000001,0,5,8
CHEMBL1783780,380.4880000000001,5.127900000000005,47.730000000000004,0,5,10
CHEMBL1783781,394.5150000000001,5.518000000000005,47.730000000000004,0,5,11
CHEMBL1783782,378.4720000000003,4.881900000000004,47.73000000000001,0,5,8
CHEMBL1783783,392.49900000000036,5.272000000000005,47.73000000000001,0,5,8
CHEMBL1783784,353.374,3.959100000000003,70.79,0,6,7
CHEMBL1783785,381.4280000000001,4.7393000000000045,70.79,0,6,9
CHEMBL1783786,325.3200000000001,3.480600000000001,81.79,1,5,6
CHEMBL1783787,323.3480000000001,3.794800000000002,57.02000000000001,0,5,6
CHEMBL1783788,396.4870000000001,4.098700000000004,67.96000000000001,1,6,10
CHEMBL1783789,394.4710000000003,3.8527000000000022,67.96000000000001,1,6,8
CHEMBL1783790,408.49800000000033,4.242800000000003,67.96000000000001,1,6,8
CHEMBL1782082,415.5740000000001,4.8822000000000045,75.63000000000001,2,4,10
CHEMBL1784622,429.6010000000003,5.536300000000006,64.63,1,4,11
CHEMBL1795944,732.8310000000001,4.9001000000000055,161.72,2,12,18
CHEMBL1795945,746.8580000000002,5.288600000000006,161.72,2,12,18
CHEMBL1795946,732.8310000000001,4.9001000000000055,161.72,2,12,18
CHEMBL1795947,746.8580000000002,5.288600000000006,161.72,2,12,18
CHEMBL1795948,732.8310000000001,4.9001000000000055,161.72,2,12,18
CHEMBL1795949,746.8580000000002,5.288600000000006,161.72,2,12,18
CHEMBL1795950,808.9290000000001,6.643000000000007,161.72,2,12,20
CHEMBL1795951,822.956,7.031500000000007,161.72000000000003,2,12,20
CHEMBL1796989,402.49400000000014,4.698500000000004,60.33,1,4,7
CHEMBL1796995,451.53000000000014,4.556700000000003,80.53999999999999,2,6,6
CHEMBL1796996,410.4730000000002,4.681400000000004,60.33,1,4,4
CHEMBL1801400,417.4860000000001,5.168500000000003,64.63000000000001,1,5,7
CHEMBL1801401,553.4800000000001,7.206100000000005,64.63000000000001,1,5,7
CHEMBL1801402,453.4660000000001,5.4467000000000025,64.63000000000001,1,5,7
CHEMBL1801403,545.6160000000003,4.162740000000003,132.91,1,9,7
CHEMBL1801404,485.4830000000001,6.187300000000004,64.63000000000001,1,5,7
CHEMBL1801405,435.4760000000001,5.307600000000003,64.63000000000001,1,5,7
CHEMBL1801406,435.4760000000001,5.307600000000003,64.63000000000001,1,5,7
CHEMBL1801407,503.4730000000001,6.326400000000003,64.63000000000001,1,5,7
CHEMBL1801408,385.39700000000016,3.052900000000001,101.93,2,6,7
CHEMBL1801409,672.6030000000003,8.458400000000003,93.73,2,6,9
CHEMBL1801410,634.6540000000006,5.208200000000005,111.24,1,8,9
CHEMBL1801432,486.4710000000001,5.582300000000004,77.52000000000001,1,6,7
CHEMBL1801433,486.4710000000001,5.582300000000004,77.52000000000001,1,6,7
CHEMBL1801434,549.5480000000002,5.684420000000004,98.77,1,7,7
CHEMBL1801435,614.4170000000003,6.138500000000002,98.77,1,7,7
CHEMBL1801436,538.6030000000002,4.624020000000003,127.86999999999998,2,8,8
CHEMBL454077,390.47900000000016,5.791600000000006,55.760000000000005,1,4,3
CHEMBL579363,373.3860000000001,3.442820000000001,113.67999999999999,2,5,5
CHEMBL1800272,413.4510000000001,3.7516000000000016,104.89,1,5,4
CHEMBL1800273,378.34000000000015,-0.3342799999999999,178.70999999999998,3,7,4
CHEMBL1801411,632.3760000000003,7.968600000000006,64.63000000000001,1,5,7
CHEMBL1801437,668.6710000000004,6.936720000000005,127.87,2,8,9
CHEMBL1801438,695.5909999999999,4.140600000000003,145.38,1,10,9
CHEMBL1801439,696.441,7.465720000000005,98.77000000000001,1,7,7
CHEMBL1801440,628.4440000000002,6.446920000000005,98.77000000000001,1,7,7
CHEMBL1811965,368.42900000000014,4.277000000000004,64.99000000000001,1,5,5
CHEMBL1811967,354.40200000000016,3.974000000000003,75.99000000000001,2,5,4
CHEMBL1811968,408.4940000000002,4.681800000000005,75.99000000000001,2,5,3
CHEMBL1811969,286.283,2.8129000000000013,75.99000000000001,2,5,2
CHEMBL1811971,370.4010000000002,3.078000000000001,96.22,3,6,4
CHEMBL1822602,765.7720000000002,5.010100000000004,183.82999999999998,1,14,17
CHEMBL1822603,779.7990000000002,5.400200000000004,183.82999999999998,1,14,18
CHEMBL1822604,793.8260000000002,5.7903000000000056,183.82999999999998,1,14,19
CHEMBL1822605,781.7710000000003,4.7157000000000036,204.05999999999997,2,15,17
CHEMBL1822606,795.7980000000002,5.105800000000004,204.05999999999997,2,15,18
CHEMBL1822607,809.8250000000003,5.495900000000005,204.05999999999997,2,15,19
CHEMBL1822608,781.7710000000002,4.7157000000000036,204.05999999999997,2,15,17
CHEMBL1822609,795.7980000000002,5.105800000000004,204.05999999999997,2,15,18
CHEMBL1822610,809.8250000000003,5.495900000000005,204.05999999999997,2,15,19
CHEMBL1823749,443.47400000000016,4.983600000000004,75.63,2,3,8
CHEMBL1823750,455.51000000000016,4.853100000000003,84.86,2,4,9
CHEMBL1823751,459.92900000000014,5.497900000000004,75.63,2,3,8
CHEMBL1823753,439.4830000000001,5.078300000000004,84.86,2,4,7
CHEMBL1823754,339.36600000000004,3.5123000000000015,72.55,2,3,6
CHEMBL1823755,491.94600000000025,5.565900000000004,75.63,2,3,9
CHEMBL1823756,507.9450000000003,5.402200000000004,84.86,2,4,10
CHEMBL1823757,471.5280000000002,5.302600000000004,75.63,2,3,10
CHEMBL1823758,469.5120000000002,5.383200000000005,75.63,2,3,9
CHEMBL1823759,487.50200000000024,5.522300000000004,75.63,2,3,9
CHEMBL1823760,487.50200000000024,5.522300000000004,75.63,2,3,9
CHEMBL1823761,487.50200000000024,5.522300000000004,75.63,2,3,9
CHEMBL1823762,503.9570000000003,6.036600000000004,75.63,2,3,9
CHEMBL1823763,503.9570000000003,6.036600000000004,75.63,2,3,9
CHEMBL1823956,503.9570000000003,6.036600000000004,75.63,2,3,9
CHEMBL1823957,548.4080000000004,6.145700000000005,75.63,2,3,9
CHEMBL1823958,548.4080000000004,6.145700000000004,75.63,2,3,9
CHEMBL1823959,538.4020000000003,6.690000000000006,75.63,2,3,9
CHEMBL1823960,538.4020000000003,6.690000000000006,75.63,2,3,9
CHEMBL1823961,499.53800000000024,5.391800000000004,84.86,2,4,10
CHEMBL1823962,499.5380000000002,5.391800000000005,84.86,2,4,10
CHEMBL1823963,529.5640000000002,5.400400000000005,94.09,2,5,11
CHEMBL1823964,483.53900000000016,5.691620000000006,75.63,2,3,9
CHEMBL1910883,303.16599999999994,4.332100000000001,46.53,1,3,4
CHEMBL1910887,458.41300000000024,5.465900000000002,63.24,1,5,6
CHEMBL1910888,473.4280000000002,5.0481000000000025,89.25999999999999,2,6,6
CHEMBL1910962,546.4750000000001,5.261100000000004,98.77,1,8,8
CHEMBL1923781,692.7990000000001,0.5957000000000001,212.66999999999996,7,13,3
CHEMBL1923782,676.8000000000003,1.118300000000001,200.27999999999997,6,12,4
CHEMBL1923783,719.8250000000002,0.8279000000000011,229.37999999999997,7,13,7
CHEMBL1935491,537.7010000000002,5.631620000000004,118.89000000000001,2,6,9
CHEMBL1935492,537.7010000000002,5.631620000000004,118.89000000000001,2,6,9
CHEMBL1935493,537.7010000000002,5.487520000000004,118.89000000000001,2,6,9
CHEMBL1935494,551.7280000000002,5.877620000000005,118.89000000000001,2,6,8
CHEMBL1935495,551.7280000000002,5.877620000000005,118.89000000000001,2,6,10
CHEMBL1935496,565.7550000000002,6.267720000000006,118.89000000000001,2,6,10
CHEMBL1935497,565.7550000000002,6.267720000000006,118.89000000000001,2,6,9
CHEMBL1935498,565.7550000000002,6.267720000000006,118.89000000000001,2,6,11
CHEMBL1935499,565.7550000000002,6.267720000000006,118.89000000000001,2,6,11
CHEMBL1935500,565.7550000000002,6.267720000000006,118.89000000000001,2,6,11
CHEMBL1935501,579.7820000000002,6.657820000000006,118.89000000000001,2,6,11
CHEMBL1935607,567.7710000000002,6.1871200000000055,118.89000000000001,2,6,12
CHEMBL1935608,579.7820000000004,6.657820000000008,118.89,2,6,11
CHEMBL1935609,579.7820000000002,6.657820000000006,118.89000000000001,2,6,11
CHEMBL1935610,567.7710000000005,6.491720000000008,118.89,2,6,12
CHEMBL1935611,569.7870000000005,6.715720000000008,118.89,2,6,13
CHEMBL1935612,567.7710000000002,6.491720000000006,118.89000000000001,2,6,13
CHEMBL1935613,553.7440000000003,6.101620000000006,118.89000000000001,2,6,12
CHEMBL1935614,565.7550000000003,6.101620000000007,118.89,2,6,11
CHEMBL1935615,581.7540000000004,5.240120000000006,139.12,3,7,12
CHEMBL1935616,583.7700000000004,5.462520000000006,139.12,3,7,12
CHEMBL1935617,583.7700000000004,5.728120000000006,128.12,2,7,13
CHEMBL1935618,569.7430000000005,5.6856200000000054,128.12,2,7,12
CHEMBL1935619,571.7590000000005,5.562020000000006,128.12,2,7,13
CHEMBL1933093,591.7490000000003,6.441820000000007,132.03,2,7,11
CHEMBL1935620,607.8170000000002,6.910320000000007,118.89,2,7,11
CHEMBL1938814,935.3960000000001,9.780299999999988,162.84000000000003,4,6,11
CHEMBL1938815,704.4640000000004,5.0491000000000055,167.21999999999997,3,8,12
CHEMBL1938816,643.5580000000003,4.425700000000005,167.21999999999997,3,8,12
CHEMBL1938817,643.5580000000004,4.425700000000005,167.21999999999997,3,8,12
CHEMBL1938818,703.5650000000002,4.159900000000004,169.84999999999997,2,9,12
CHEMBL1938819,642.6590000000002,3.536500000000003,169.84999999999997,2,9,12
CHEMBL1938820,628.7100000000004,2.950400000000001,172.92999999999998,2,10,11
CHEMBL1938821,642.7370000000003,3.25882,172.93,2,10,11
CHEMBL1938822,707.6060000000003,3.712900000000003,172.92999999999998,2,10,11
CHEMBL1938823,646.7000000000004,3.089500000000002,172.92999999999998,2,10,11
CHEMBL1938824,754.5240000000005,6.202300000000006,167.21999999999997,3,8,12
CHEMBL1938825,755.5120000000004,5.597300000000006,180.10999999999996,3,9,12
CHEMBL1938826,753.6250000000001,5.313100000000005,169.84999999999997,2,9,12
CHEMBL1938827,754.613,4.708100000000004,182.73999999999998,2,10,12
CHEMBL1938828,693.6180000000005,5.578900000000006,167.21999999999997,3,8,12
CHEMBL1938829,694.6060000000004,4.973900000000006,180.10999999999996,3,9,12
CHEMBL1938830,692.7190000000002,4.689700000000005,169.84999999999997,2,9,12
CHEMBL1938831,693.7070000000001,4.084700000000003,182.73999999999998,2,10,12
CHEMBL1946243,369.7850000000001,5.422400000000005,67.79,2,5,8
CHEMBL1946244,414.2360000000001,5.531500000000005,67.79,2,5,8
CHEMBL1946245,380.3370000000001,4.677200000000004,110.93,2,7,9
CHEMBL374829,705.611,6.674800000000004,80.92,4,4,2
CHEMBL253690,547.8190000000001,5.1498000000000035,80.92,4,4,2
CHEMBL519069,337.216,5.498400000000003,17.07,0,1,3
CHEMBL455469,297.266,3.2196000000000016,78.67,0,5,4
CHEMBL455453,297.266,3.2196000000000016,78.67,0,5,4
CHEMBL523622,472.7100000000003,6.0619000000000085,77.76,3,3,2
CHEMBL1271052,488.70900000000034,5.176800000000006,97.99000000000001,4,4,2
CHEMBL1290156,696.806,6.7645000000000035,53.99000000000001,0,5,6
CHEMBL1945186,404.46200000000016,5.187500000000005,53.99000000000001,0,5,9
CHEMBL1946246,369.78500000000014,5.422400000000004,67.79,2,5,8
CHEMBL1946247,295.23100000000005,2.3862,110.02000000000001,5,4,4
CHEMBL1946248,341.232,-3.682899999999997,139.15,4,7,8
CHEMBL1946249,391.2960000000001,-2.7093999999999965,147.6,4,7,9
CHEMBL1946281,298.794,5.450800000000003,17.07,0,2,3
CHEMBL1946998,302.329,4.434100000000003,54.37,1,2,4
CHEMBL2002784,264.306,2.10632,68.29,1,5,2
CHEMBL2011698,574.5800000000002,8.000100000000005,79.2,1,5,7
CHEMBL2011699,574.5800000000002,8.000100000000005,79.2,1,5,7
CHEMBL2011700,588.6070000000003,7.786800000000006,79.2,1,5,8
CHEMBL2011701,588.6070000000002,7.786800000000006,79.2,1,5,8
CHEMBL2011702,532.5430000000001,7.361000000000005,69.97,1,4,5
CHEMBL2011703,536.6090000000003,6.989900000000006,88.43,1,6,8
CHEMBL2011704,536.6090000000003,6.989900000000006,88.43,1,6,8
CHEMBL2011705,550.6360000000003,6.776600000000006,88.43,1,6,9
CHEMBL2011706,550.6360000000003,6.776600000000006,88.43,1,6,9
CHEMBL2011707,494.5720000000003,6.350800000000006,79.2,1,5,6
CHEMBL2016657,775.702,7.527000000000004,53.99000000000001,0,5,6
CHEMBL2016662,640.6980000000001,5.552500000000004,97.99000000000001,4,5,2
CHEMBL2035961,284.724,2.4513000000000007,68.29,1,5,2
CHEMBL2035962,268.269,1.937,68.29,1,5,2
CHEMBL2062593,475.64500000000015,6.137500000000007,75.63,2,5,18
CHEMBL2062707,473.65400000000017,5.704000000000007,95.86000000000001,3,6,18
CHEMBL2063149,458.6830000000003,4.612900000000005,80.92,4,4,2
CHEMBL2063150,474.6820000000003,3.583700000000002,101.15,5,5,2
CHEMBL2063151,456.6670000000003,4.821100000000006,77.76,3,4,2
CHEMBL2063152,474.6820000000003,3.585300000000003,101.15,5,5,3
CHEMBL2063153,458.6830000000002,4.468800000000005,80.92,4,4,2
CHEMBL2087689,534.7030000000002,7.085200000000006,77.52000000000001,1,7,13
CHEMBL2087691,459.5930000000001,4.813200000000005,90.41000000000001,1,8,12
CHEMBL2087692,508.66500000000013,6.571400000000006,77.52000000000001,1,7,12
CHEMBL2087693,488.63100000000014,5.426800000000005,86.75000000000001,1,8,13
CHEMBL2087695,537.5010000000001,6.180700000000005,77.52000000000001,1,7,12
CHEMBL2087696,493.05000000000007,6.071600000000005,77.52000000000001,1,7,12
CHEMBL2087697,476.5950000000001,5.557300000000005,77.52000000000001,1,7,12
CHEMBL2087698,476.5950000000001,5.557300000000005,77.52000000000001,1,7,12
CHEMBL2086414,470.6940000000003,5.982000000000008,77.76,3,3,2
CHEMBL2088611,486.69300000000027,4.952800000000005,97.99000000000001,4,4,2
CHEMBL2088612,486.69300000000027,4.952800000000005,97.99000000000001,4,4,2
CHEMBL1478,376.5810000000002,5.507100000000006,57.53,2,2,4
CHEMBL463665,456.7110000000004,7.233600000000007,57.53,2,2,1
CHEMBL472646,454.6950000000004,7.441800000000008,54.370000000000005,1,2,1
CHEMBL2087380,505.59200000000027,5.797420000000005,87.86000000000001,0,7,11
CHEMBL2087674,521.6600000000002,6.347600000000006,74.72000000000001,0,7,12
CHEMBL2087676,467.54300000000023,5.440220000000005,91.77000000000001,0,7,10
CHEMBL2087678,429.49400000000014,4.656300000000004,87.86,0,7,10
CHEMBL2087680,444.57800000000003,5.028100000000005,77.52000000000001,1,7,11
CHEMBL2087681,458.6050000000001,5.418200000000005,77.52000000000001,1,7,12
CHEMBL2087682,502.6580000000002,5.735220000000005,86.75000000000001,1,8,13
CHEMBL2087683,564.7290000000002,7.093800000000007,86.75000000000001,1,8,14
CHEMBL2087684,488.63100000000026,5.426800000000005,86.75000000000001,1,8,13
CHEMBL2087685,564.7290000000004,7.093800000000006,86.75000000000001,1,8,14
CHEMBL2087686,502.6580000000003,5.735220000000005,86.75000000000001,1,8,13
CHEMBL2087687,472.6320000000001,5.726620000000006,77.52000000000001,1,7,12
CHEMBL2087688,534.7030000000002,7.085200000000007,77.52000000000001,1,7,13
CHEMBL2087690,464.63400000000007,5.479700000000005,77.52000000000001,1,8,12
CHEMBL2087694,488.63100000000014,5.426800000000005,86.75000000000001,1,8,13
CHEMBL2087699,512.5660000000004,0.7481000000000011,182.20999999999998,5,6,8
CHEMBL2087700,302.273,3.429800000000002,54.370000000000005,1,2,3
CHEMBL2158214,564.6190000000003,6.466200000000006,116.5,2,6,9
CHEMBL2159045,390.4790000000001,5.8886000000000065,70.67,2,4,5
CHEMBL2159046,368.38500000000016,3.6495000000000033,85.22000000000001,2,6,2
CHEMBL2159047,354.40200000000016,3.974000000000003,75.99000000000001,2,5,4
CHEMBL2159048,406.47800000000024,5.594200000000006,90.9,3,5,5
CHEMBL2159049,422.4770000000002,4.454300000000005,100.13000000000001,3,6,4
CHEMBL2205883,400.60300000000024,6.271500000000007,54.37,1,2,4
CHEMBL2205884,468.63800000000026,5.837600000000006,103.27999999999999,3,3,5
CHEMBL2205885,470.7230000000003,6.543400000000007,65.21,1,5,4
CHEMBL2205886,456.69600000000025,6.455000000000006,76.21,2,4,4
CHEMBL2205887,442.6690000000002,6.267800000000007,63.08,1,4,4
CHEMBL2205888,436.6400000000002,6.206300000000007,63.08,1,3,4
CHEMBL2205889,450.66700000000026,6.294700000000007,52.08,0,4,4
CHEMBL2205890,451.65500000000026,5.788500000000005,89.1,2,4,4
CHEMBL2205892,450.66700000000037,6.514720000000007,63.08,1,3,4
CHEMBL2205893,436.6400000000002,6.206300000000007,63.08,1,3,4
CHEMBL2205894,425.6130000000002,6.404300000000007,63.33,1,3,4
CHEMBL2205895,500.72700000000026,7.602000000000008,55.12,1,3,5
CHEMBL2205896,424.6290000000002,6.139400000000006,65.97999999999999,2,2,4
CHEMBL2205897,452.6830000000003,6.617900000000008,54.980000000000004,1,3,5
CHEMBL2205898,414.6300000000003,6.359900000000008,43.370000000000005,0,3,4
CHEMBL2203315,333.31700000000006,3.642920000000002,76.72,2,5,2
CHEMBL2206070,361.371,4.287000000000003,76.72,2,5,4
CHEMBL2206071,363.2990000000001,3.032700000000001,114.02,3,6,3
CHEMBL2206072,397.3820000000001,2.7380000000000013,110.85999999999999,2,7,3
CHEMBL2206340,279.38000000000005,3.1435000000000013,58.559999999999995,2,4,10
CHEMBL2206341,313.397,4.174320000000003,58.56,2,4,8
CHEMBL2206342,329.396,3.874500000000003,67.79,2,5,9
CHEMBL2206347,437.5330000000003,3.121100000000002,91.37000000000002,0,8,15
CHEMBL2206831,463.5710000000004,3.655300000000002,91.37000000000002,0,8,15
CHEMBL2205512,281.319,2.3243,85.95,2,6,3
CHEMBL2205513,296.2900000000001,2.2239000000000004,119.86000000000001,2,7,3
CHEMBL2205514,295.302,2.0139,114.02,3,6,3
CHEMBL2205515,330.189,3.0782000000000016,76.72,2,5,2
CHEMBL2205516,285.73800000000006,2.969100000000001,76.72,2,5,2
CHEMBL2205517,320.18300000000005,3.6225000000000014,76.72,2,5,2
CHEMBL2205518,320.18300000000005,3.6225000000000014,76.72,2,5,2
CHEMBL2205519,320.18300000000005,3.6225000000000014,76.72,2,5,2
CHEMBL2205520,320.18300000000005,3.6225000000000014,76.72,2,5,2
CHEMBL2205521,337.28000000000003,3.473600000000001,76.72,2,5,2
CHEMBL2205522,349.31600000000003,3.3431000000000015,85.95,2,6,3
CHEMBL2206063,365.38400000000007,4.056400000000002,76.72,2,6,3
CHEMBL2206064,411.38700000000006,5.126800000000003,85.95,2,6,4
CHEMBL2206065,404.396,3.171100000000002,89.19,2,7,3
CHEMBL2206066,402.424,4.324800000000003,79.96,2,6,3
CHEMBL2206067,388.397,3.934700000000003,79.96,2,6,3
CHEMBL2206068,354.8450000000002,3.569300000000003,79.96,2,6,3
CHEMBL2206069,338.3900000000002,3.0550000000000015,79.96,2,6,3
CHEMBL2206073,319.29,3.334500000000001,76.72,2,5,2
CHEMBL2206074,333.317,3.7246000000000015,76.72,2,5,3
CHEMBL2206075,347.34400000000005,4.114700000000002,76.72,2,5,4
CHEMBL2206076,349.31600000000003,2.697000000000001,96.95,3,6,4
CHEMBL2206077,265.32000000000005,2.6241200000000013,76.72,2,5,2
CHEMBL2206732,852.263,7.918300000000005,123.38,4,8,10
CHEMBL2206734,568.6770000000002,4.279500000000006,163.83999999999997,6,10,10
CHEMBL2206735,504.6810000000001,5.457100000000005,82.91999999999999,2,6,10
CHEMBL2206736,644.7750000000003,5.652700000000005,157.51999999999998,4,8,14
CHEMBL2206751,494.5980000000001,3.698000000000002,123.38,4,8,7
CHEMBL2206752,508.62500000000017,4.0881000000000025,123.38,4,8,8
CHEMBL2206753,522.6520000000002,4.478200000000004,123.38,4,8,9
CHEMBL2206754,536.6790000000002,4.868300000000005,123.38,4,8,10
CHEMBL2206755,550.7060000000002,5.258400000000006,123.38,4,8,11
CHEMBL2206756,564.7330000000002,5.6485000000000065,123.38,4,8,12
CHEMBL2207335,548.6900000000003,4.724200000000004,123.38,4,8,6
CHEMBL2207336,542.6420000000002,4.618000000000004,123.38,4,8,6
CHEMBL2207337,578.7200000000003,2.5354000000000028,129.86,4,10,8
CHEMBL2207339,336.47200000000004,3.4838000000000022,66.76,2,4,8
CHEMBL2208248,370.3640000000001,3.501800000000002,79.62,1,4,3
CHEMBL2208249,449.2600000000002,4.264300000000002,79.62,1,4,3
CHEMBL2208250,384.3910000000001,3.810220000000002,79.62,1,4,3
CHEMBL2208251,415.36100000000016,3.410000000000002,122.75999999999998,1,6,4
CHEMBL2208252,404.80900000000014,4.1552000000000024,79.62,1,4,3
CHEMBL2208253,384.3910000000001,3.810220000000002,79.62,1,4,3
CHEMBL2208254,463.2870000000001,4.572720000000003,79.62,1,4,3
CHEMBL2208255,398.4180000000001,4.118640000000003,79.62,1,4,3
CHEMBL2208256,418.83600000000007,4.463620000000002,79.62,1,4,3
CHEMBL2208257,404.80900000000014,4.1552000000000024,79.62,1,4,3
CHEMBL2208258,418.8360000000001,4.463620000000003,79.62,1,4,3
CHEMBL2208259,439.2540000000002,4.808600000000002,79.62,1,4,3
CHEMBL2216806,461.5640000000001,5.2184000000000035,66.84,1,5,7
CHEMBL2259730,273.29200000000003,2.2234999999999996,57.870000000000005,0,6,4
CHEMBL2259731,341.363,2.9686000000000012,66.35000000000001,0,6,5
CHEMBL2259735,339.3470000000001,3.4029000000000016,74.19,0,6,4
CHEMBL2259737,335.4030000000001,4.745100000000004,40.05,0,4,3
CHEMBL2259738,365.4290000000001,4.753700000000005,49.28,0,5,4
CHEMBL2259739,336.3910000000001,4.140100000000003,52.94,0,5,3
CHEMBL2259740,283.327,3.5695000000000023,40.05,0,4,4
CHEMBL2259741,313.353,3.578100000000002,49.28,0,5,5
CHEMBL2259742,284.31500000000005,2.964500000000001,52.94,0,5,4
CHEMBL2259743,284.31500000000005,2.964500000000001,52.94,0,5,4
CHEMBL2262826,530.8370000000003,9.731599999999998,37.3,1,1,3
CHEMBL2262827,574.8460000000001,9.4298,74.6,2,2,4
CHEMBL2262828,794.13,11.444199999999991,112.93000000000002,3,4,13
CHEMBL2262829,677.9670000000002,8.368400000000008,105.09,3,5,8
CHEMBL2262830,677.9670000000002,8.368400000000008,105.09,3,5,8
CHEMBL2262831,631.9420000000001,8.65962000000001,86.63000000000001,3,3,6
CHEMBL2262832,631.9420000000002,8.65962000000001,86.63000000000001,3,3,6
CHEMBL2262833,647.9410000000001,8.35980000000001,95.86,3,4,7
CHEMBL2262834,647.9410000000001,8.359800000000009,95.86,3,4,7
CHEMBL2262835,647.9410000000003,8.359800000000009,95.86,3,4,7
CHEMBL2262836,661.9240000000002,8.07990000000001,105.09,3,5,6
CHEMBL2262837,677.9670000000001,8.368400000000008,105.09,3,5,8
CHEMBL2262838,669.0440000000001,11.06789999999999,83.83000000000001,2,4,14
CHEMBL2263107,617.9150000000002,8.35120000000001,86.63000000000001,3,3,6
CHEMBL2263108,607.8800000000002,7.074300000000009,115.31,4,4,6
CHEMBL2263109,655.964,9.138300000000005,86.63000000000001,3,3,6
CHEMBL2263110,601.9380000000002,7.86160000000001,86.63000000000001,3,4,7
CHEMBL2263111,652.3600000000001,9.004600000000003,86.63000000000001,3,3,6
CHEMBL2263112,652.3600000000001,9.004600000000003,86.63000000000001,3,3,6
CHEMBL2263113,652.3600000000001,9.004600000000003,86.63000000000001,3,3,6
CHEMBL2263114,635.9050000000001,8.490300000000008,86.63000000000001,3,3,6
CHEMBL2263115,662.9120000000001,8.259400000000008,129.77,3,5,7
CHEMBL2263116,528.7740000000003,7.166900000000009,83.83000000000001,2,4,4
CHEMBL2263117,556.8280000000002,7.9471000000000105,83.83000000000001,2,4,6
CHEMBL2263118,584.8820000000001,8.727300000000007,83.83000000000001,2,4,8
CHEMBL2263119,612.936,9.507500000000002,83.83000000000001,2,4,10
CHEMBL2263120,640.99,10.287699999999996,83.83000000000001,2,4,12
CHEMBL2263121,603.8880000000003,7.961100000000011,86.63000000000001,3,3,5
CHEMBL2263122,585.8260000000001,6.583200000000008,123.93,4,4,6
CHEMBL2296750,660.7930000000001,2.7996000000000025,159.76999999999998,4,7,16
CHEMBL2296751,663.797,2.180100000000003,163.01,4,7,16
CHEMBL2296752,662.809,2.8899000000000035,159.76999999999998,4,7,16
CHEMBL2296753,660.793,2.7996000000000025,159.76999999999998,4,7,16
CHEMBL2297004,397.4530000000001,0.49850000000000055,144.66,3,6,5
CHEMBL2297005,339.37300000000005,-0.8900999999999986,135.43,3,5,5
CHEMBL2297006,297.336,-1.0674999999999986,132.35,3,5,4
CHEMBL2297007,576.6750000000003,1.4503000000000024,164.52999999999997,4,6,12
CHEMBL2297008,630.6450000000003,2.0790000000000015,164.52999999999997,4,6,11
CHEMBL2297009,592.6740000000002,1.068800000000002,173.76,4,7,12
CHEMBL375563,460.74300000000034,6.500600000000008,60.69,3,3,4
CHEMBL1951707,434.66400000000027,7.348600000000008,26.3,0,2,1
CHEMBL1951708,434.6640000000002,7.348600000000008,26.3,0,2,1
CHEMBL2297010,578.6470000000003,0.7658000000000018,184.75999999999996,5,7,11
CHEMBL2297011,562.6480000000003,1.0602000000000027,164.52999999999997,4,6,11
CHEMBL2297012,548.6210000000002,1.131300000000002,164.52999999999997,4,6,10
CHEMBL2297013,486.55000000000024,-0.16259999999999797,164.53,4,6,9
CHEMBL2297014,444.51300000000015,-0.3399999999999965,161.45,4,6,8
CHEMBL2297015,574.6590000000003,1.3600000000000014,164.52999999999997,4,6,12
CHEMBL2295854,628.6290000000004,1.9887000000000006,164.52999999999997,4,6,11
CHEMBL2297016,590.6580000000001,0.978500000000001,173.76,4,7,12
CHEMBL2297017,576.6310000000003,0.6755000000000011,184.75999999999996,5,7,11
CHEMBL2297018,546.6050000000002,1.0410000000000013,164.52999999999997,4,6,10
CHEMBL2297019,442.4970000000001,-0.43029999999999724,161.45,4,6,8
CHEMBL2297020,560.6320000000003,0.969900000000002,164.52999999999997,4,6,11
CHEMBL2313414,460.74300000000034,6.502200000000008,60.69,3,3,5
CHEMBL2313418,472.7100000000003,6.0452000000000075,66.76,2,4,2
CHEMBL2313419,472.7100000000003,6.0452000000000075,66.76,2,4,2
CHEMBL2313420,362.5540000000002,5.117000000000004,57.53,2,2,1
CHEMBL2313421,472.7100000000003,6.0452000000000075,66.76,2,4,3
CHEMBL2313422,472.7100000000003,6.0452000000000075,66.76,2,4,3
CHEMBL2313423,514.7470000000004,6.6160000000000085,72.83000000000001,1,5,4
CHEMBL2316894,426.3900000000001,6.307600000000005,70.67,2,3,5
CHEMBL2316895,442.3890000000001,6.187400000000005,79.9,2,4,6
CHEMBL2316896,450.4900000000002,7.0811000000000055,79.9,2,4,7
CHEMBL2316897,440.3730000000001,6.572600000000004,79.9,2,4,5
CHEMBL2316898,376.3830000000001,5.427900000000005,70.67,2,3,5
CHEMBL2316902,422.3580000000001,5.922200000000004,70.67,2,3,2
CHEMBL2316903,354.3610000000001,4.903400000000003,70.67,2,3,2
CHEMBL2316904,372.35100000000006,5.042500000000004,70.67,2,3,2
CHEMBL2316905,388.8060000000001,5.5568000000000035,70.67,2,3,2
CHEMBL2316906,390.34100000000007,5.181600000000003,70.67,2,3,2
CHEMBL2316907,438.3570000000001,5.802000000000004,79.9,2,4,3
CHEMBL2316908,446.45800000000014,6.695700000000005,79.9,2,4,4
CHEMBL2311593,392.3570000000001,5.952200000000004,70.67,2,3,4
CHEMBL2316910,390.34100000000007,5.181600000000004,70.67,2,3,2
CHEMBL2322191,396.6590000000002,7.763000000000009,17.07,0,1,5
CHEMBL2322192,414.7180000000003,7.88070000000001,20.23,1,1,5
CHEMBL2322193,472.7540000000003,7.566400000000009,46.53,1,3,6
CHEMBL2332430,234.33899999999997,3.019100000000002,37.3,1,2,0
CHEMBL2332431,250.33799999999997,2.134000000000001,57.53,2,3,0
CHEMBL2332435,318.45700000000005,4.775300000000004,54.370000000000005,1,2,5
CHEMBL2332436,260.421,4.930400000000005,17.07,0,1,2
CHEMBL2332437,268.35299999999995,1.4949,77.75999999999999,3,4,0
CHEMBL2332439,268.35299999999995,1.4949,77.75999999999999,3,4,0
CHEMBL2332880,252.35399999999996,2.2138999999999998,57.53,2,3,0
CHEMBL2347643,214.30800000000002,4.382400000000004,13.14,0,1,0
CHEMBL2349150,503.60500000000013,5.400720000000004,105.23,2,6,8
CHEMBL2349151,514.5880000000002,4.963980000000003,129.01999999999998,2,7,8
CHEMBL2349152,521.6200000000001,5.020300000000004,114.46,2,7,10
CHEMBL171632,280.3310000000001,2.2916800000000004,74.64,1,5,1
CHEMBL470654,360.45000000000016,3.833400000000003,69.67,0,5,2
CHEMBL2375448,774.0490000000001,6.003500000000006,160.85,4,10,10
CHEMBL2375454,894.1530000000004,3.5586000000000055,244.92999999999998,9,13,13
CHEMBL2375455,745.9950000000002,5.826700000000006,182.85,6,8,10
CHEMBL2375456,745.9950000000002,5.826700000000006,182.85,6,8,10
CHEMBL2375471,760.022,5.915100000000005,171.85,5,9,10
CHEMBL2386063,610.7160000000001,6.206700000000003,60.69,3,3,2
CHEMBL2386216,541.0300000000002,5.313900000000005,90.15,4,5,6
CHEMBL2386218,555.0570000000002,5.559900000000005,90.15,4,5,6
CHEMBL2396718,503.9380000000002,5.461800000000005,109.00000000000001,3,5,7
CHEMBL2396719,501.92200000000025,5.2142000000000035,109.00000000000001,3,5,6
CHEMBL2414197,316.48500000000007,5.915000000000006,26.3,0,2,2
CHEMBL2414202,272.47600000000006,6.761900000000006,0.0,0,0,1
CHEMBL2414204,360.45000000000016,3.833400000000003,69.67,0,5,2
CHEMBL2414205,316.4410000000001,4.680300000000004,43.370000000000005,0,3,1
CHEMBL2419068,321.217,2.3850000000000007,49.36,0,4,2
CHEMBL2419070,368.217,2.2271,49.36,0,4,2
CHEMBL2419071,368.217,2.2271,49.36,0,4,2
CHEMBL2419072,400.113,3.1475000000000017,49.36,0,4,2
CHEMBL2419073,281.358,2.1038,65.15,1,4,2
CHEMBL2419074,335.244,2.3139000000000003,49.36,0,4,3
CHEMBL2419076,352.218,3.2116000000000016,26.3,0,4,2
CHEMBL2419077,352.218,3.2116000000000016,26.3,0,4,2
CHEMBL2419078,384.11400000000003,4.1320000000000014,26.3,0,4,2
CHEMBL2419079,305.402,1.2544,86.46000000000001,1,6,3
CHEMBL2419080,271.319,2.515200000000001,69.44,0,6,3
CHEMBL2419083,316.3160000000001,2.423400000000001,112.58000000000001,0,8,4
CHEMBL2419087,216.28300000000002,2.2,39.44,0,5,2
CHEMBL2419088,216.28300000000002,2.2,39.44,0,5,2
CHEMBL2419090,265.359,3.088300000000001,42.09,1,4,2
CHEMBL2419093,337.216,2.0511000000000004,60.440000000000005,0,5,2
CHEMBL2419097,154.212,-0.5761000000000001,54.370000000000005,1,4,0
CHEMBL2419098,305.218,3.369500000000002,26.3,0,4,2
CHEMBL2424682,310.3570000000001,1.78398,94.86999999999999,2,6,2
CHEMBL2424683,348.32800000000015,3.310480000000001,74.64,1,5,1
CHEMBL2424684,348.32800000000015,3.310480000000001,74.64,1,5,1
CHEMBL2424685,324.384,2.69038,83.87,1,6,3
CHEMBL2424686,324.38400000000007,2.69038,83.87,1,6,3
CHEMBL2424687,252.277,1.51308,74.64,1,5,1
CHEMBL2424688,338.3670000000001,2.0782799999999995,100.93999999999998,1,7,2
CHEMBL2424707,372.4280000000002,4.083980000000003,83.86999999999999,1,6,3
CHEMBL2424708,337.38300000000004,2.2500800000000005,103.74,2,6,2
CHEMBL2424709,337.38300000000004,2.2500799999999996,103.74,2,6,2
CHEMBL2424710,325.32800000000015,2.1998800000000003,117.77999999999999,1,7,2
CHEMBL2424711,308.385,2.8540800000000006,74.64,1,5,2
CHEMBL2424712,308.385,2.8540800000000006,74.64,1,5,2
CHEMBL2424713,308.385,2.8540800000000006,74.64,1,5,2
CHEMBL2424714,310.3570000000001,1.78398,94.86999999999999,2,6,2
CHEMBL2424715,310.3570000000001,1.78398,94.86999999999999,2,6,2
CHEMBL364604,310.426,3.353080000000001,65.41,1,5,2
CHEMBL187460,296.366,3.4433000000000025,43.370000000000005,0,3,0
CHEMBL611317,856.6280000000002,6.060000000000013,289.03999999999996,10,8,12
CHEMBL611611,682.6429999999998,6.706000000000011,173.98,6,6,9
CHEMBL2424689,250.30499999999998,2.666780000000001,65.41,1,4,1
CHEMBL2424690,310.42600000000004,3.353080000000001,65.41,1,5,2
CHEMBL2424691,286.33500000000004,2.36878,65.41,1,5,1
CHEMBL2424692,286.33500000000004,2.36878,65.41,1,5,1
CHEMBL2424693,298.37100000000004,2.2382799999999996,74.64,1,6,2
CHEMBL2424661,268.345,2.22968,65.41,1,5,1
CHEMBL2424694,365.4370000000002,2.12828,87.11,1,7,2
CHEMBL2424695,322.412,3.4150800000000014,74.64,1,5,2
CHEMBL2424696,336.439,3.634280000000002,74.64,1,5,4
CHEMBL2424697,336.4390000000001,3.634280000000002,74.64,1,5,4
CHEMBL2424698,298.3210000000001,2.4307800000000004,74.64,1,5,1
CHEMBL2424699,298.3210000000001,2.4307800000000004,74.64,1,5,1
CHEMBL2424700,298.3210000000001,2.4307800000000004,74.64,1,5,1
CHEMBL2424701,324.3840000000001,1.8264799999999999,94.86999999999999,2,6,3
CHEMBL2424702,310.357,2.30028,83.87,1,6,2
CHEMBL2424703,310.357,2.30028,83.87,1,6,2
CHEMBL2424704,310.357,2.30028,83.87,1,6,2
CHEMBL2424705,372.4280000000002,4.083980000000003,83.86999999999999,1,6,3
CHEMBL2424706,372.4280000000002,4.083980000000003,83.86999999999999,1,6,3
CHEMBL2430577,698.6419999999998,5.8100000000000085,194.20999999999998,7,7,9
CHEMBL2430578,888.6260000000002,4.268000000000011,329.5,12,10,12
CHEMBL2436020,628.8790000000001,8.813600000000003,77.52000000000001,1,6,14
CHEMBL2436021,648.8690000000003,9.2821,77.52000000000001,1,6,13
CHEMBL2436022,620.8150000000004,8.803600000000005,88.52,2,5,12
CHEMBL2436023,597.7369999999999,6.741300000000006,106.61999999999999,2,7,11
CHEMBL2436024,597.7369999999999,6.741300000000006,106.61999999999999,2,7,11
CHEMBL2436025,597.737,6.741300000000007,106.61999999999999,2,7,11
CHEMBL2436026,583.7099999999999,6.652900000000006,117.62000000000002,3,6,11
CHEMBL2436027,583.7099999999999,6.652900000000006,117.62000000000002,3,6,11
CHEMBL2436028,583.71,6.652900000000006,117.62000000000002,3,6,11
CHEMBL2436029,673.8350000000002,8.408300000000004,106.62,2,7,12
CHEMBL2436030,659.8080000000002,8.319900000000006,117.62,3,6,12
CHEMBL2436031,734.8780000000002,8.9421,122.41,3,7,14
CHEMBL2436032,720.8510000000003,8.853700000000002,133.41,4,6,14
CHEMBL2436033,720.8510000000003,8.853700000000002,133.41,4,6,14
CHEMBL2436034,720.8510000000003,8.853700000000002,133.41,4,6,14
CHEMBL2436035,738.8410000000003,8.992800000000003,133.41,4,6,14
CHEMBL2436036,738.8410000000003,8.992800000000003,133.41,4,6,14
CHEMBL2436037,738.8410000000003,8.992800000000003,133.41,4,6,14
CHEMBL2436038,755.2960000000003,9.5071,133.41,4,6,14
CHEMBL2436039,799.7470000000003,9.616200000000001,133.41,4,6,14
CHEMBL2436040,738.8410000000003,8.9928,133.41,4,6,14
CHEMBL2436041,755.2960000000003,9.5071,133.41,4,6,14
CHEMBL2436042,738.8410000000003,8.9928,133.41,4,6,14
CHEMBL2436043,738.8410000000003,8.9928,133.41,4,6,14
CHEMBL2436044,738.8410000000003,8.9928,133.41,4,6,14
CHEMBL361362,418.4420000000002,3.207400000000002,95.84000000000002,2,8,6
CHEMBL362378,322.36,4.178100000000004,66.76,2,4,3
CHEMBL253467,324.37600000000003,4.208200000000004,77.76,3,4,5
CHEMBL256340,408.4940000000002,5.5273000000000065,86.99000000000001,3,5,5
CHEMBL406596,358.4440000000001,4.033720000000002,79.29,2,5,5
CHEMBL259888,371.41800000000006,3.3089200000000014,104.31,3,5,6
CHEMBL469824,314.29300000000006,2.888400000000002,89.13000000000001,2,6,3
CHEMBL454592,446.49600000000027,3.8134000000000023,73.84000000000002,0,8,8
CHEMBL460862,358.3900000000001,3.190200000000002,77.38000000000001,2,6,4
CHEMBL480477,324.37600000000003,4.000700000000002,58.92,2,4,1
CHEMBL462721,392.4950000000001,5.821700000000006,66.76,2,4,5
CHEMBL463947,408.49400000000014,4.792500000000006,86.99000000000001,3,5,5
CHEMBL561840,322.36,4.178100000000003,66.76,2,4,3
CHEMBL600457,336.3430000000001,4.055400000000004,79.9,2,5,1
CHEMBL1688937,330.33600000000007,2.5842000000000023,99.38000000000001,4,6,2
CHEMBL2436017,572.771,7.615100000000008,77.52,1,6,12
CHEMBL2436018,544.7170000000003,7.136600000000008,88.52,2,5,11
CHEMBL2436019,586.7980000000002,7.923520000000008,77.52000000000001,1,6,12
CHEMBL2437363,410.5100000000001,4.607100000000007,97.99000000000001,4,5,8
CHEMBL2437364,570.5500000000003,4.848300000000008,173.98,6,10,7
CHEMBL2437367,742.8210000000003,8.710400000000005,170.82,5,10,10
CHEMBL2437368,728.8380000000002,8.899800000000003,134.91000000000003,4,9,7
CHEMBL2437369,338.35900000000004,3.928300000000003,86.99000000000001,3,5,3
CHEMBL2437370,354.40200000000016,4.216800000000003,86.99000000000001,3,5,6
CHEMBL2437373,408.4940000000001,5.276500000000007,94.83000000000001,3,5,8
CHEMBL2437377,408.4940000000002,4.681800000000004,75.99000000000001,2,5,3
CHEMBL3087455,385.4010000000001,3.179620000000001,125.55000000000001,3,7,6
CHEMBL3087456,383.4290000000001,3.782440000000002,105.32000000000001,2,6,6
CHEMBL3087457,459.48000000000025,3.4998200000000024,133.01000000000002,2,9,9
CHEMBL3087459,341.39200000000005,3.300320000000001,95.08000000000001,3,4,5
CHEMBL3088130,332.30800000000005,1.9724,105.45000000000002,3,6,4
CHEMBL3088252,526.5640000000003,5.421500000000004,79.31,1,5,10
CHEMBL3088256,478.5920000000002,5.314700000000005,69.64,2,3,11
CHEMBL3088258,464.56500000000017,5.319100000000005,69.64,2,3,10
CHEMBL3088263,407.4690000000001,5.858400000000005,51.46,1,3,6
CHEMBL3088264,499.53800000000024,5.835900000000005,68.23,1,5,10
CHEMBL3088268,433.5070000000002,6.6150000000000055,59.3,1,3,7
CHEMBL3088269,447.53400000000016,6.6741000000000055,59.3,1,3,8
CHEMBL3098850,463.4860000000002,5.339400000000003,83.91,1,5,7
CHEMBL3098851,534.6370000000003,6.810500000000006,79.2,1,5,9
CHEMBL3098852,534.6370000000002,6.810500000000006,79.2,1,5,9
CHEMBL3098853,564.6630000000005,6.819100000000007,88.42999999999999,1,6,10
CHEMBL3098854,564.6630000000005,6.819100000000007,88.42999999999999,1,6,10
CHEMBL3098855,550.6360000000004,6.776600000000006,88.42999999999999,1,6,9
CHEMBL3098856,550.6360000000004,6.776600000000006,88.42999999999999,1,6,9
CHEMBL3098857,538.6000000000001,6.907100000000006,79.2,1,5,8
CHEMBL3098943,489.54900000000026,5.251400000000004,93.14,1,6,9
CHEMBL3098944,489.54900000000026,5.251400000000004,93.14,1,6,9
CHEMBL3098945,475.5220000000002,5.208900000000003,93.14,1,6,8
CHEMBL3098946,475.5220000000002,5.208900000000004,93.14,1,6,8
CHEMBL1765367,539.5480000000003,4.237400000000002,142.95,3,9,7
CHEMBL1814100,468.4470000000002,1.35,148.28,1,8,6
CHEMBL1814103,471.9220000000001,2.4853000000000005,105.13999999999999,1,6,5
CHEMBL1829864,587.6980000000001,5.540200000000006,128.11,2,6,9
CHEMBL1829871,586.7100000000002,6.145200000000007,115.22,2,5,9
CHEMBL1829872,629.7790000000005,6.211200000000007,118.46000000000001,2,6,10
CHEMBL2023985,678.7630000000004,6.373320000000007,141.52,2,7,11
CHEMBL3098941,459.52300000000025,5.242800000000004,83.91,1,5,8
CHEMBL3098942,459.52300000000025,5.2428000000000035,83.91,1,5,8
CHEMBL3218925,663.7520000000003,5.6856200000000054,158.30999999999997,3,6,11
CHEMBL3218926,645.7370000000003,6.458400000000006,139.01000000000002,2,6,10
CHEMBL3219331,530.6900000000002,6.444800000000007,77.52,1,6,12
CHEMBL3219332,558.744,7.225000000000008,77.52,1,6,12
CHEMBL3219333,584.7130000000002,7.487700000000007,77.52,1,6,12
CHEMBL3219334,532.7060000000001,6.690800000000007,77.52,1,6,12
CHEMBL3219335,546.7330000000003,7.225000000000008,77.52,1,6,14
CHEMBL3219337,556.6840000000002,6.941600000000007,90.66,1,7,12
CHEMBL3219338,622.8120000000001,8.563300000000005,77.52,1,7,12
CHEMBL3219339,572.771,7.615100000000008,77.52,1,6,12
CHEMBL3219340,572.771,7.615100000000008,77.52,1,6,12
CHEMBL3219341,572.771,7.615100000000008,77.52,1,6,12
CHEMBL3219346,619.7840000000001,6.559500000000006,115.85,2,8,13
CHEMBL3219384,412.9200000000001,6.852120000000005,26.53,0,3,4
CHEMBL3219581,619.7840000000001,6.559500000000006,115.85,2,8,13
CHEMBL3219582,620.7680000000001,6.986500000000008,113.05000000000001,1,9,13
CHEMBL3219583,648.8220000000001,7.766700000000009,113.05000000000001,1,9,15
CHEMBL3219584,662.8490000000002,8.156800000000008,113.05000000000001,1,9,16
CHEMBL3219585,806.982,8.195300000000007,157.94,3,10,17
CHEMBL3219586,778.928,7.71680000000001,168.93999999999997,4,9,16
CHEMBL3219587,748.902,6.806700000000006,148.70999999999998,3,9,17
CHEMBL3219588,720.8480000000002,6.328200000000005,159.71,4,8,16
CHEMBL3219589,677.8230000000001,7.302000000000008,119.61,2,8,15
CHEMBL3219590,649.7690000000001,6.823500000000009,130.60999999999999,3,7,14
CHEMBL3219591,691.85,7.692100000000009,119.61,2,8,16
CHEMBL3219592,663.7960000000002,7.213600000000009,130.60999999999999,3,7,15
CHEMBL3219593,705.877,8.08220000000001,119.61,2,8,17
CHEMBL3219594,677.8230000000002,7.60370000000001,130.60999999999999,3,7,16
CHEMBL3219595,859.0549999999997,8.036900000000008,171.69,2,12,17
CHEMBL3220065,330.38400000000007,2.711800000000001,68.82000000000001,2,4,7
CHEMBL3220069,297.358,2.644400000000001,70.23,3,2,5
CHEMBL3220071,330.30000000000007,2.5024000000000006,127.41,2,5,6
CHEMBL3220072,414.24500000000023,3.9182000000000023,102.73,2,5,7
CHEMBL3220078,396.35900000000015,3.762400000000002,140.55,2,6,7
CHEMBL3220994,437.4770000000001,1.8318999999999999,105.13999999999999,1,6,5
CHEMBL3220995,516.3730000000002,2.5944000000000003,105.13999999999999,1,6,5
CHEMBL3234641,928.126,3.452200000000003,261.99999999999994,9,14,9
CHEMBL3235601,283.415,4.427700000000004,29.43,0,2,1
CHEMBL3235602,283.415,4.427700000000004,29.43,0,2,1
CHEMBL3235603,311.46900000000005,5.063800000000005,29.43,0,2,2
CHEMBL3235604,284.403,3.6947000000000028,41.79,0,3,0
CHEMBL189302,392.458,5.8582000000000045,58.2,2,2,5
CHEMBL524098,428.7010000000003,6.915700000000009,40.46,2,2,6
CHEMBL489548,428.7010000000003,6.915700000000009,40.46,2,2,6
CHEMBL1223852,446.71600000000035,7.761400000000009,54.37,1,3,15
CHEMBL1644111,296.539,6.364100000000007,20.23,1,1,13
CHEMBL3234642,928.126,3.452200000000003,261.99999999999994,9,14,9
CHEMBL3234643,928.126,3.452200000000003,261.99999999999994,9,14,9
CHEMBL3234644,898.0999999999999,4.091300000000003,241.76999999999992,8,13,8
CHEMBL3234645,898.0999999999999,4.091300000000003,241.76999999999992,8,13,8
CHEMBL3234646,912.1270000000003,4.479800000000006,241.76999999999995,8,13,8
CHEMBL3234647,912.1270000000003,4.479800000000006,241.76999999999995,8,13,8
CHEMBL3234648,1090.2670000000003,1.2764000000000053,341.15,12,19,12
CHEMBL3234649,1090.2670000000003,1.2764000000000053,341.15,12,19,12
CHEMBL3234650,1090.2670000000003,1.2764000000000053,341.15,12,19,12
CHEMBL3234651,765.9849999999998,5.6280000000000046,182.84999999999997,6,9,6
CHEMBL3238181,372.38000000000005,5.044200000000003,84.48,2,4,5
CHEMBL3238183,392.4580000000001,5.858200000000004,58.2,2,2,5
CHEMBL3238186,428.43800000000005,6.136400000000004,58.2,2,2,5
CHEMBL3238187,404.5540000000002,6.391200000000006,58.2,2,2,5
CHEMBL3238188,352.47800000000007,5.322800000000004,58.2,2,2,7
CHEMBL3238191,606.7640000000001,6.524800000000007,117.28000000000002,2,6,5
CHEMBL3238193,650.7260000000001,6.613600000000006,98.82,2,4,7
CHEMBL3238194,614.7460000000002,6.335400000000007,98.82,2,4,7
CHEMBL3238195,594.6680000000002,5.521400000000006,125.10000000000001,2,6,7
CHEMBL3238196,626.842,6.868400000000008,98.82,2,4,7
CHEMBL3238197,574.7660000000003,5.800000000000006,98.82,2,4,9
CHEMBL3238200,331.37100000000004,4.392500000000003,55.4,1,3,4
CHEMBL3238201,392.4580000000001,5.858200000000004,58.2,2,2,5
CHEMBL3238202,373.36800000000005,4.439200000000002,97.37,2,5,5
CHEMBL3238203,393.4460000000001,5.253200000000003,71.09,2,3,5
CHEMBL3238204,429.42600000000004,5.531400000000003,71.09,2,3,5
CHEMBL3238205,405.5420000000002,5.786200000000005,71.09,2,3,5
CHEMBL3238206,353.46600000000007,4.717800000000003,71.09,2,3,7
CHEMBL3309976,251.26299999999998,1.7247,75.63,2,5,2
CHEMBL3310427,330.15900000000005,2.4871999999999996,75.63,2,5,2
CHEMBL3310428,344.186,2.7902000000000005,64.63,1,5,3
CHEMBL3310429,370.22400000000005,3.346400000000002,64.63,1,5,5
CHEMBL3310430,398.27800000000013,4.126600000000003,64.63,1,5,5
CHEMBL3310431,386.26700000000005,3.9605000000000032,64.63,1,5,6
CHEMBL3310432,420.28400000000016,4.360600000000003,64.63,1,5,5
CHEMBL3310433,358.21299999999997,3.1324000000000023,55.84,0,5,3
CHEMBL3310434,434.3110000000002,4.702800000000004,55.84,0,5,5
CHEMBL3310435,412.3050000000002,4.468800000000004,55.84,0,5,5
CHEMBL3353035,270.372,4.334820000000003,37.3,1,1,3
CHEMBL3353037,274.40400000000005,4.303900000000003,37.3,1,1,3
CHEMBL3356396,461.6870000000003,6.668100000000007,72.47,1,4,17
CHEMBL3356397,338.57600000000014,6.934900000000008,26.3,0,2,14
CHEMBL3356398,462.7150000000003,6.972600000000009,63.6,1,4,12
CHEMBL3356399,426.6850000000003,7.123900000000009,37.3,1,2,5
CHEMBL3356400,398.6310000000002,6.343700000000008,37.3,1,2,4
CHEMBL400074,442.7280000000003,7.141300000000009,40.46,2,2,1
CHEMBL508649,250.257,2.4473000000000003,43.6,0,4,1
CHEMBL486822,498.7480000000005,7.80440000000001,63.60000000000001,1,3,2
CHEMBL1774309,499.41900000000027,7.036000000000004,62.66,1,5,7
CHEMBL3126477,560.8190000000002,9.098300000000002,63.6,1,3,3
CHEMBL3309766,824.9779999999998,8.720400000000005,121.69999999999999,2,8,16
CHEMBL3309767,401.4620000000001,4.598200000000005,77.83999999999999,2,4,9
CHEMBL3310436,438.34300000000025,5.025000000000004,55.84,0,5,7
CHEMBL3310437,440.3590000000002,5.247400000000005,55.84,0,5,6
CHEMBL3310438,454.38600000000025,5.639100000000004,55.84,0,5,8
CHEMBL3310439,466.3970000000003,5.8052000000000055,55.84,0,5,7
CHEMBL3310440,488.40300000000025,6.0392000000000055,55.84,0,5,7
CHEMBL3310441,400.29400000000004,4.302700000000003,55.84,0,5,6
CHEMBL3310442,426.3320000000003,4.858900000000004,55.84,0,5,8
CHEMBL3310443,428.34800000000007,5.081300000000004,55.84,0,5,7
CHEMBL3310445,476.3920000000001,5.873100000000005,55.84,0,5,8
CHEMBL3310446,375.4460000000002,3.6530000000000022,73.86000000000001,1,6,6
CHEMBL3310450,443.5650000000003,5.331600000000005,65.07000000000001,0,6,8
CHEMBL3310451,431.55400000000026,5.165500000000004,65.07000000000001,0,6,9
CHEMBL3310454,333.40900000000005,3.574000000000002,66.84,1,5,5
CHEMBL3310865,359.44700000000006,4.131800000000005,66.84,1,5,6
CHEMBL3310866,347.43600000000004,3.965700000000003,66.84,1,5,7
CHEMBL3310867,381.4530000000001,4.365800000000004,66.84,1,5,6
CHEMBL3310868,291.328,2.4532000000000003,75.63000000000001,2,5,4
CHEMBL3317596,391.4050000000002,3.342500000000002,134.12,1,9,7
CHEMBL3317599,425.30400000000014,4.196800000000003,90.98,1,7,6
CHEMBL3317602,389.4770000000002,3.500300000000003,94.22000000000001,1,8,7
CHEMBL3317604,381.3660000000002,2.935500000000002,147.26000000000002,1,10,7
CHEMBL3317605,352.4370000000002,3.495800000000002,90.98,1,8,6
CHEMBL3319356,637.455,6.159400000000004,120.66000000000001,4,6,5
CHEMBL3343061,524.7860000000005,8.360600000000007,63.60000000000001,1,3,3
CHEMBL3343062,586.857,9.4979,63.6,1,3,4
CHEMBL3343063,470.7380000000004,7.8877000000000095,46.53,1,2,2
CHEMBL3343064,484.76500000000044,8.277800000000008,46.53,1,2,3
CHEMBL3343065,498.7920000000005,8.667900000000005,46.53,1,2,4
CHEMBL3360905,597.6930000000002,4.141500000000003,110.43000000000002,1,9,9
CHEMBL3360908,492.26900000000006,3.4810000000000016,95.94,2,4,6
CHEMBL3393517,414.6300000000002,6.048200000000008,46.53,1,3,1
CHEMBL3393519,414.6300000000002,6.048200000000007,46.53,1,3,1
CHEMBL3394769,512.5610000000003,5.859500000000008,97.99000000000001,4,5,4
CHEMBL3394770,526.5880000000003,6.162500000000008,86.99000000000001,3,5,5
CHEMBL3394771,546.5750000000003,5.057900000000009,141.61,7,7,5
CHEMBL3394772,560.6020000000003,5.7120000000000095,130.61,6,7,6
CHEMBL3394773,266.25600000000003,3.1018000000000017,76.22,1,4,3
CHEMBL3400663,250.257,1.694,43.480000000000004,0,4,0
CHEMBL3400664,264.284,2.00242,43.480000000000004,0,4,0
CHEMBL3400665,278.311,2.2564,43.480000000000004,0,4,1
CHEMBL3400666,280.28299999999996,1.7025999999999997,52.709999999999994,0,5,1
CHEMBL3400667,278.26700000000005,2.364,60.669999999999995,0,5,1
CHEMBL3402408,444.5490000000001,5.124900000000005,52.60000000000001,0,6,7
CHEMBL63677,538.4640000000002,5.134000000000006,181.79999999999995,6,10,3
CHEMBL63354,538.4640000000002,5.134000000000007,181.8,6,10,3
CHEMBL110642,350.4990000000001,5.919400000000006,63.60000000000001,1,4,15
CHEMBL233760,368.51400000000007,4.766600000000004,83.83000000000001,2,5,16
CHEMBL272861,538.4640000000003,5.134000000000006,181.8,6,10,3
CHEMBL515252,538.4640000000002,5.134000000000006,181.79999999999995,6,10,3
CHEMBL1208973,538.4640000000003,5.134000000000007,181.79999999999995,6,10,3
CHEMBL3402404,456.5850000000001,4.994400000000005,61.83,0,7,8
CHEMBL3402405,456.58500000000015,4.994400000000005,61.83,0,7,8
CHEMBL3402406,456.5850000000001,4.994400000000005,61.83,0,7,8
CHEMBL3402407,444.5490000000002,5.124900000000004,52.6,0,6,7
CHEMBL3402409,444.5490000000001,5.124900000000005,52.60000000000001,0,6,7
CHEMBL3402410,471.55600000000027,4.894000000000005,95.74000000000001,0,8,8
CHEMBL3402411,471.55600000000015,4.894000000000005,95.74000000000001,0,8,8
CHEMBL3402412,471.55600000000015,4.894000000000005,95.74000000000001,0,8,8
CHEMBL3402413,584.3510000000002,6.510800000000004,52.6,0,6,7
CHEMBL3402414,486.61100000000016,5.0030000000000046,71.06,0,8,9
CHEMBL3402415,548.2740000000001,5.3678000000000035,61.830000000000005,0,7,7
CHEMBL3402417,604.3820000000003,6.928200000000006,61.830000000000005,0,7,11
CHEMBL3402418,588.3830000000003,7.091900000000005,52.6,0,6,10
CHEMBL3402419,556.2970000000001,5.7306000000000035,52.6,0,6,5
CHEMBL3410507,230.219,2.5869000000000013,70.67,2,4,3
CHEMBL3410508,232.666,3.829100000000002,30.21,0,2,3
CHEMBL3426913,533.5430000000001,5.775300000000004,105.09,3,5,9
CHEMBL3426931,540.6850000000003,7.174200000000006,79.2,1,5,8
CHEMBL3426991,327.38700000000006,4.520900000000002,70.91,3,3,3
CHEMBL3427124,446.60600000000017,4.750500000000003,106.97,1,7,18
CHEMBL3427125,410.55100000000016,5.337400000000004,89.9,1,6,17
CHEMBL3427126,576.7300000000002,7.862300000000008,106.97,1,7,20
CHEMBL3427127,576.7300000000002,7.862300000000008,106.97,1,7,20
CHEMBL3427128,472.6660000000002,7.427100000000008,61.83000000000001,0,5,19
CHEMBL3427129,472.6660000000002,7.381200000000008,72.83000000000001,1,5,19
CHEMBL3427130,382.5410000000001,5.156700000000004,83.83000000000001,2,5,16
CHEMBL3427131,382.5410000000001,6.115900000000006,72.83000000000001,1,5,15
CHEMBL3427132,410.59500000000014,6.896100000000008,72.83000000000001,1,5,17
CHEMBL3427133,298.379,3.7753000000000023,72.83000000000001,1,5,9
CHEMBL3427134,214.21699999999996,1.2906,72.83000000000001,1,5,2
CHEMBL3427137,396.56800000000015,6.5060000000000064,72.83000000000001,1,5,16
CHEMBL3427223,410.5950000000002,6.896100000000007,72.83000000000001,1,5,17
CHEMBL3427224,408.57900000000024,6.650100000000006,72.83000000000001,1,5,15
CHEMBL3581564,453.6230000000002,4.361600000000004,64.63000000000001,1,5,2
CHEMBL3581568,451.6510000000003,5.165320000000006,58.56,2,4,3
CHEMBL3585579,387.46,5.256500000000003,55.400000000000006,1,4,5
CHEMBL3585679,360.36500000000007,3.355100000000001,97.99000000000001,4,4,3
CHEMBL3585680,540.4800000000002,5.067100000000007,177.88999999999996,6,10,3
CHEMBL3593818,486.3880000000001,3.939700000000002,105.75999999999999,3,5,9
CHEMBL3593819,437.51800000000014,3.1858000000000013,114.99,3,6,10
CHEMBL3593820,437.51800000000014,3.1858000000000013,114.99,3,6,10
CHEMBL3593821,467.5440000000002,3.1944000000000017,124.22,3,7,11
CHEMBL3593822,421.5190000000001,2.8549000000000007,105.75999999999999,3,5,10
CHEMBL388381,428.56900000000013,4.567200000000007,86.99000000000001,3,5,2
CHEMBL466374,412.57000000000016,5.809400000000006,66.76,2,3,1
CHEMBL3351077,532.5560000000003,-1.8939999999999932,190.87999999999997,3,8,8
CHEMBL3581315,442.5080000000002,2.8465000000000007,113.29000000000002,3,7,0
CHEMBL3581318,428.5250000000003,3.579600000000003,93.06,2,6,0
CHEMBL3593816,407.4920000000001,3.177200000000001,105.75999999999999,3,5,9
CHEMBL3593817,421.5190000000001,3.4856200000000017,105.75999999999999,3,5,9
CHEMBL3596431,365.2080000000001,4.206200000000001,82.45,3,5,3
CHEMBL3601068,410.51000000000016,4.384800000000004,72.83000000000001,1,5,0
CHEMBL3608571,458.63900000000024,5.403200000000009,79.15,3,5,4
CHEMBL3608572,410.5980000000002,6.002000000000007,27.69,0,3,1
CHEMBL3608573,412.57000000000016,5.053500000000006,58.92,2,4,0
CHEMBL3608574,414.5860000000002,4.689500000000005,69.92,3,4,2
CHEMBL3609373,579.3720000000003,3.436000000000001,141.67,4,5,6
CHEMBL3609374,529.5740000000003,4.498400000000004,141.67000000000002,4,5,7
CHEMBL3609375,495.5570000000002,3.9548000000000023,141.67,4,5,7
CHEMBL3628384,577.8950000000002,8.231300000000005,49.85,0,3,8
CHEMBL3628461,558.5900000000003,5.319200000000005,101.06,0,6,11
CHEMBL3628462,564.6380000000004,6.296900000000006,77.53999999999999,0,6,11
CHEMBL3628463,681.23,10.19149999999999,49.85,0,3,8
CHEMBL3628464,681.23,10.19149999999999,49.85,0,3,8
CHEMBL3628465,384.4350000000001,4.358500000000004,58.64,1,3,6
CHEMBL3628466,376.3650000000002,1.0842999999999996,111.24,1,7,8
CHEMBL3628467,453.32500000000016,5.665300000000004,58.64,1,3,6
CHEMBL3628468,522.2150000000003,6.972100000000004,58.64,1,3,6
CHEMBL3628469,522.2150000000003,6.972100000000004,58.64,1,3,6
CHEMBL3628470,444.4870000000002,4.375700000000004,77.1,1,5,8
CHEMBL3628471,294.30999999999995,2.4459,67.43,2,3,4
CHEMBL3628472,290.27500000000003,0.8087999999999999,93.72999999999999,2,5,5
CHEMBL3628473,322.31999999999994,2.1286,84.5,2,4,5
CHEMBL3628474,328.755,3.0993000000000013,67.43,2,3,4
CHEMBL3628475,363.20000000000005,3.7527000000000026,67.43,2,3,4
CHEMBL3628477,322.3639999999999,2.8785000000000007,67.43,2,3,6
CHEMBL3628478,363.20000000000005,3.7527000000000026,67.43,2,3,4
CHEMBL3628479,366.37300000000016,2.3705000000000007,87.15,1,5,5
CHEMBL3628480,442.4710000000001,4.184300000000003,87.15,1,5,6
CHEMBL3628481,514.5340000000002,4.0305000000000035,102.44999999999999,0,7,9
CHEMBL3628483,456.49800000000016,4.2439000000000044,76.15,0,5,8
CHEMBL3628538,514.5340000000003,4.0305000000000035,102.45,0,7,9
CHEMBL3628540,470.52500000000015,4.634000000000005,76.15,0,5,9
CHEMBL3628542,410.3820000000001,2.0398999999999994,124.45,2,5,8
CHEMBL3628543,442.4710000000001,4.155500000000004,87.15,1,4,8
CHEMBL3628544,562.5780000000003,5.667500000000005,124.45,2,5,10
CHEMBL3628545,486.4800000000002,3.8537000000000026,124.45,2,5,9
CHEMBL3627729,518.5690000000002,5.969300000000005,87.15,1,4,9
CHEMBL3628546,352.34600000000006,2.2821000000000007,98.15,2,4,5
CHEMBL3628547,428.44400000000013,4.095900000000003,98.15,2,4,6
CHEMBL3628548,648.6680000000002,5.3875000000000055,128.75,0,9,12
CHEMBL3628549,496.4720000000003,1.7598999999999996,128.75,0,9,10
CHEMBL3628550,572.5700000000004,3.5737000000000023,128.75,0,9,11
CHEMBL238188,404.4620000000002,5.564100000000006,79.9,2,5,3
CHEMBL472004,459.4610000000002,4.0024000000000015,166.57999999999996,3,8,4
CHEMBL494252,406.4780000000001,5.594200000000007,90.90000000000002,3,5,5
CHEMBL457458,263.45,4.8864000000000045,12.36,0,2,2
CHEMBL459129,420.4610000000002,5.269700000000006,100.13000000000001,3,6,3
CHEMBL2442946,436.5040000000002,5.602800000000006,100.13000000000001,3,6,6
CHEMBL2442947,422.47700000000015,5.299800000000007,111.13000000000001,4,6,5
CHEMBL3628476,328.755,3.0993000000000013,67.43,2,3,4
CHEMBL3628482,438.43600000000015,2.2166999999999994,102.45,0,7,8
CHEMBL3628484,590.6320000000004,5.844300000000006,102.45,0,7,10
CHEMBL3628539,532.5960000000002,6.057700000000006,76.15,0,5,9
CHEMBL3628541,486.4800000000002,3.8537000000000026,124.44999999999999,2,5,9
CHEMBL3632912,847.9070000000002,5.744600000000006,245.44999999999996,5,12,15
CHEMBL3632913,861.9340000000002,6.134700000000007,245.44999999999996,5,12,16
CHEMBL3632914,875.9610000000002,6.524800000000007,245.44999999999996,5,12,17
CHEMBL3633138,889.9880000000003,6.914900000000008,245.44999999999996,5,12,18
CHEMBL3633139,904.0150000000002,7.305000000000009,245.44999999999996,5,12,19
CHEMBL3634590,685.8460000000002,3.9829000000000034,138.43999999999997,0,8,14
CHEMBL3634591,715.8720000000002,3.991500000000004,147.67,0,9,15
CHEMBL3634592,729.8990000000003,4.381600000000004,147.67000000000002,0,9,16
CHEMBL3634593,743.9260000000003,4.771700000000005,147.67000000000002,0,9,17
CHEMBL3634594,757.9530000000001,5.161800000000006,147.67000000000002,0,9,18
CHEMBL3634679,713.9000000000002,4.432420000000004,138.43999999999997,0,8,15
CHEMBL3634681,685.8460000000002,4.128400000000004,138.43999999999997,0,8,14
CHEMBL3634683,715.8720000000003,4.751800000000006,156.46,1,9,16
CHEMBL3634684,729.8990000000002,5.141900000000005,156.46,1,9,17
CHEMBL3746974,468.7700000000004,8.788600000000004,41.13,2,1,10
CHEMBL3747361,586.6420000000002,3.4318000000000017,138.08999999999997,3,6,9
CHEMBL3746639,826.7740000000001,8.639100000000003,167.89,4,7,14
CHEMBL3753821,506.63900000000035,6.615400000000007,93.06000000000002,2,6,9
CHEMBL3754570,506.63900000000035,6.615400000000007,93.06000000000002,2,6,8
CHEMBL3754629,490.6400000000003,6.909800000000008,72.83000000000001,1,5,9
CHEMBL3758203,360.236,4.6327000000000025,54.71,1,4,3
CHEMBL3758567,354.20700000000005,4.571200000000003,54.71,1,3,3
CHEMBL3758446,371.46500000000003,5.845620000000004,54.71,1,4,4
CHEMBL3758844,385.492,6.099600000000004,54.71,1,4,5
CHEMBL3758655,399.51900000000006,6.4897000000000045,54.71,1,4,6
CHEMBL3758490,413.54600000000005,6.879800000000006,54.71,1,4,7
CHEMBL3759414,401.49100000000004,5.935900000000004,63.940000000000005,1,5,6
CHEMBL3759712,415.51800000000003,6.326000000000005,63.940000000000005,1,5,7
CHEMBL3759694,367.408,5.181300000000004,74.94,2,4,4
CHEMBL3759130,365.43600000000004,5.784120000000004,54.71,1,3,4
CHEMBL3759304,365.43600000000004,5.784120000000004,54.71,1,3,4
CHEMBL3760096,407.51700000000005,6.818300000000006,54.71,1,3,7
CHEMBL3758728,395.46200000000005,5.874400000000005,63.940000000000005,1,4,6
CHEMBL3759036,409.48900000000003,6.264500000000005,63.940000000000005,1,4,7
CHEMBL3759827,366.42400000000004,5.179120000000004,67.6,1,4,4
CHEMBL3758715,408.50500000000005,6.213300000000006,67.6,1,4,7
CHEMBL3759234,396.45000000000005,5.2694000000000045,76.83000000000001,1,5,6
CHEMBL3759405,410.47700000000003,5.659500000000005,76.83000000000001,1,5,7
CHEMBL184444,425.3930000000002,3.116500000000001,139.32000000000002,3,8,8
CHEMBL459814,314.46900000000016,5.439100000000006,40.46,2,2,2
CHEMBL464646,327.46800000000013,4.0961000000000025,60.160000000000004,1,3,2
CHEMBL521017,356.50600000000014,5.658800000000006,46.53,1,3,3
CHEMBL516014,356.50600000000014,5.6588000000000065,46.53,1,3,3
CHEMBL541953,719.7470000000002,5.5514000000000046,199.64,5,7,15
CHEMBL1240800,645.6200000000002,6.423800000000005,165.53,3,8,14
CHEMBL2048004,322.48900000000003,4.6486000000000045,57.53,2,2,6
CHEMBL3760029,366.42400000000004,5.179120000000004,67.6,1,4,4
CHEMBL3781453,336.5200000000001,3.9847000000000024,75.35,3,2,6
CHEMBL3780639,364.5340000000001,3.270600000000001,110.23999999999998,4,2,6
CHEMBL3782051,391.55600000000015,4.541300000000003,93.78,2,4,7
CHEMBL3781672,349.51900000000006,4.452400000000003,87.71,3,3,6
CHEMBL3787288,468.72200000000043,7.530200000000009,43.370000000000005,0,3,1
CHEMBL3786595,484.76500000000044,7.523500000000009,38.69,1,3,1
CHEMBL3809403,422.4770000000002,5.2998000000000065,111.13000000000002,4,6,5
CHEMBL3808919,422.4770000000002,5.299800000000006,111.13000000000001,4,6,5
CHEMBL3818449,1191.352,9.6292,211.91999999999993,2,18,28
CHEMBL3818087,924.9609999999999,5.259500000000005,250.31999999999994,4,18,26
CHEMBL3817887,603.5620000000001,6.534700000000007,114.54000000000002,2,6,10
CHEMBL3818251,632.5750000000003,7.878020000000008,113.52,2,5,11
CHEMBL3818579,892.963,4.838500000000005,209.85999999999996,2,18,22
CHEMBL3824236,666.7740000000003,4.5278000000000045,136.58999999999997,0,9,14
CHEMBL3824253,608.7380000000003,4.7412000000000045,110.28999999999999,0,7,13
CHEMBL3822923,632.7570000000002,4.1277000000000035,136.58999999999997,0,9,15
CHEMBL3823340,618.7300000000002,3.737600000000003,136.58999999999997,0,9,14
CHEMBL3822604,680.8010000000004,4.836220000000005,136.58999999999997,0,9,14
CHEMBL3892140,312.45300000000015,5.248500000000004,29.46,1,2,0
CHEMBL3893783,356.5060000000001,5.658800000000006,46.53,1,3,3
CHEMBL3899171,517.4660000000002,5.321400000000004,78.79,3,4,5
CHEMBL3900333,501.423,5.998500000000004,78.79,3,4,6
CHEMBL3903731,454.6070000000003,6.212800000000006,94.83,3,5,6
CHEMBL3907420,454.60700000000026,6.356900000000008,94.83,3,5,6
CHEMBL3909342,547.4510000000001,6.122600000000006,78.79,3,4,5
CHEMBL3910462,310.1929999999999,3.8576,40.46,2,2,1
CHEMBL3916388,454.6070000000003,6.212800000000006,94.83,3,5,6
CHEMBL3919081,356.50600000000014,5.658800000000006,46.53,1,3,3
CHEMBL3928298,274.15999999999997,3.0128200000000005,40.46,2,2,1
CHEMBL3931387,454.60700000000026,6.523000000000008,94.83,3,5,7
CHEMBL3935360,454.60700000000037,6.356900000000006,94.83,3,5,6
CHEMBL3938397,336.23099999999994,4.371400000000001,40.46,2,2,2
CHEMBL3944321,454.6070000000003,6.212800000000006,94.83,3,5,6
CHEMBL3954985,486.6490000000002,6.06170000000001,104.06000000000002,3,6,7
CHEMBL3962935,426.59700000000026,6.658700000000008,52.6,0,4,6
CHEMBL3971802,426.5970000000002,6.658700000000008,52.6,0,4,6
CHEMBL3973897,398.54300000000023,5.878500000000006,52.6,0,4,4
CHEMBL3974642,454.6070000000003,6.212800000000006,94.83,3,5,6
CHEMBL3979554,556.2860000000001,5.902100000000004,78.79,3,4,7
CHEMBL3982631,472.6220000000003,5.546900000000007,115.06,4,6,7
CHEMBL3983611,472.62200000000036,5.407600000000007,115.06,4,6,6
CHEMBL326115,657.4030000000005,0.8553999999999997,253.64999999999995,8,6,14
CHEMBL341103,518.5190000000002,1.3703999999999998,180.72,5,9,14
CHEMBL444695,323.47700000000003,4.395000000000003,57.61,1,3,10
CHEMBL464276,398.5430000000001,6.964100000000006,59.67000000000001,1,4,11
CHEMBL464651,416.55800000000016,6.158900000000007,79.9,2,5,12
CHEMBL1802229,330.4680000000001,5.551600000000006,46.510000000000005,1,3,11
CHEMBL3901092,503.60900000000015,4.459300000000003,116.84,3,7,6
CHEMBL3903987,445.54400000000015,5.616840000000005,74.76,1,5,5
CHEMBL3905288,402.27900000000017,5.008320000000003,38.05,2,2,1
CHEMBL3917014,680.383,1.7456999999999996,187.92000000000002,6,5,13
CHEMBL3942718,743.7449999999999,2.8210999999999995,217.02,7,6,19
CHEMBL3942806,481.52400000000017,5.895040000000004,74.76,1,5,5
CHEMBL3944187,481.52400000000017,5.895040000000004,74.76,1,5,5
CHEMBL3949280,835.3770000000002,4.110520000000002,187.92000000000002,6,5,14
CHEMBL3978384,1085.6309999999999,3.6684200000000033,275.58,9,9,21
CHEMBL3982169,506.44300000000015,0.2373000000000013,187.92000000000002,6,5,13
CHEMBL3985776,565.4910000000001,7.0659000000000045,70.0,2,5,4
CHEMBL4059717,574.6330000000003,5.020900000000005,86.33,1,6,5
CHEMBL4060736,623.5030000000003,5.774800000000005,77.10000000000001,1,5,4
CHEMBL4061225,552.6270000000002,6.9496000000000056,79.2,1,5,9
CHEMBL4062661,524.5730000000001,7.1204000000000045,79.2,1,5,7
CHEMBL4063387,620.6580000000002,6.011820000000007,117.44,0,8,9
CHEMBL4063512,542.6350000000002,5.620540000000005,67.86999999999999,1,4,3
CHEMBL4064443,685.5270000000002,6.094700000000007,117.44,0,8,7
CHEMBL4067159,620.6580000000001,5.640620000000006,117.44,0,8,7
CHEMBL4067593,528.6080000000003,5.3121200000000055,67.87,1,4,3
CHEMBL4069413,627.9220000000001,6.419600000000005,67.87,1,4,3
CHEMBL4069888,447.53700000000003,5.578500000000004,66.84,1,5,6
CHEMBL4070916,461.56400000000014,5.365200000000003,66.84,1,5,7
CHEMBL4072175,524.5730000000002,7.1204000000000045,79.2,1,5,7
CHEMBL4073026,620.6580000000001,5.640620000000006,117.44,0,8,7
CHEMBL4073317,432.55700000000024,4.326500000000005,107.22,4,6,9
CHEMBL4078493,558.6340000000001,5.320720000000005,77.10000000000001,1,5,4
CHEMBL4080177,538.6000000000001,6.907100000000005,79.2,1,5,8
CHEMBL4081501,475.5910000000002,5.407700000000005,66.84,1,5,8
CHEMBL4082611,623.503,5.774800000000006,77.10000000000001,1,5,4
CHEMBL4083453,620.6580000000002,6.011820000000007,117.44,0,8,9
CHEMBL4085709,685.5270000000003,6.465900000000007,117.44,0,8,9
CHEMBL4085978,685.5270000000002,6.094700000000007,117.44,0,8,7
CHEMBL4088006,636.6570000000002,5.340800000000005,126.67000000000002,0,9,8
CHEMBL4089378,552.6270000000003,6.9496000000000056,79.2,1,5,9
CHEMBL4089985,372.50500000000017,6.122400000000007,52.58,0,4,12
CHEMBL4090444,558.6340000000002,5.320720000000004,77.10000000000001,1,5,4
CHEMBL4091359,563.0530000000002,5.965520000000005,67.86999999999999,1,4,3
CHEMBL4091784,461.5640000000001,5.365200000000004,66.84,1,5,7
CHEMBL4093726,689.9460000000003,6.739500000000007,108.21000000000001,0,7,6
CHEMBL4097088,447.5370000000001,5.578500000000004,66.84,1,5,6
CHEMBL4098207,538.6000000000003,6.907100000000005,79.2,1,5,8
CHEMBL4099233,685.5270000000003,6.465900000000007,117.44,0,8,9
CHEMBL4099520,475.5910000000001,5.407700000000005,66.84,1,5,8
CHEMBL446246,580.5390000000003,-1.1652000000000007,225.05999999999997,8,14,6
CHEMBL469654,434.3970000000001,-0.01700000000000018,166.14000000000001,6,10,4
CHEMBL471799,408.4940000000001,5.5273000000000065,86.99000000000001,3,5,5
CHEMBL590122,663.6800000000003,3.2112999999999996,208.86999999999998,5,9,15
CHEMBL1644933,392.4950000000001,5.716900000000006,77.76,3,4,7
CHEMBL2205166,630.7780000000004,7.26940000000001,130.36,3,7,10
CHEMBL3810262,422.47700000000015,5.299800000000006,111.13000000000001,4,6,5
CHEMBL4059800,628.8060000000002,8.148700000000007,91.29000000000002,1,7,8
CHEMBL4061417,406.4780000000001,5.594200000000006,90.9,3,5,5
CHEMBL4062183,436.4110000000001,4.876400000000003,77.52,1,6,5
CHEMBL4064095,779.1810000000002,5.356100000000006,167.27999999999997,3,12,11
CHEMBL4064140,393.42400000000015,3.729280000000002,101.31,1,7,5
CHEMBL4064802,424.4930000000002,4.885300000000005,107.22000000000001,4,6,5
CHEMBL4064889,1066.246,6.783300000000008,232.26999999999995,4,17,13
CHEMBL4067061,420.8490000000001,4.650100000000003,77.52,1,6,5
CHEMBL4067813,456.6230000000002,6.957940000000009,86.99000000000001,3,5,13
CHEMBL4068000,422.47700000000015,5.2998000000000065,111.13000000000002,4,6,5
CHEMBL4068458,532.6330000000004,5.0304000000000055,102.29,2,7,4
CHEMBL4068566,546.6160000000003,5.1227000000000045,119.36,2,7,4
CHEMBL4068962,737.1000000000001,4.447100000000005,200.27999999999997,6,12,8
CHEMBL4069859,662.8200000000003,6.974200000000007,139.58999999999997,3,8,11
CHEMBL4070801,493.3220000000001,5.067200000000003,64.63,1,5,5
CHEMBL4073994,1122.3539999999998,7.995300000000008,188.26999999999998,0,17,17
CHEMBL4074642,511.3120000000001,5.206300000000003,64.63,1,5,5
CHEMBL4078699,458.6390000000002,7.181940000000009,86.99000000000001,3,5,14
CHEMBL4079730,1010.1380000000001,5.571300000000009,276.27,8,17,8
CHEMBL4080452,417.48600000000016,5.615800000000005,64.63,1,5,5
CHEMBL4081395,373.4550000000001,4.5241000000000025,64.63,1,6,5
CHEMBL4085304,694.5540000000004,2.5213000000000028,276.27,8,17,9
CHEMBL4086351,1066.246,6.783300000000008,232.26999999999995,4,17,12
CHEMBL4086544,432.60100000000017,6.625740000000008,86.99000000000001,3,5,13
CHEMBL4087528,428.56900000000013,6.341100000000008,86.99000000000001,3,5,13
CHEMBL4088099,420.4610000000002,5.269700000000006,100.13000000000001,3,6,3
CHEMBL4089269,398.44000000000017,3.866200000000002,86.75,1,7,6
CHEMBL4090200,514.3190000000001,6.243900000000003,64.63,1,5,5
CHEMBL4090412,592.6850000000003,5.2176000000000045,128.59,2,8,6
CHEMBL4090749,435.4230000000001,5.4814000000000025,64.63,1,5,5
CHEMBL4091173,402.36100000000016,5.043400000000003,42.15,1,4,2
CHEMBL4094529,435.4230000000001,5.481400000000003,64.63,1,5,5
CHEMBL4095023,1122.3539999999998,7.995300000000008,188.26999999999998,0,17,16
CHEMBL4095096,368.4140000000001,3.8576000000000015,77.52,1,6,5
CHEMBL4095230,430.5850000000001,6.565100000000008,86.99000000000001,3,5,14
CHEMBL4095475,500.4120000000002,2.159600000000002,200.27999999999997,6,12,8
CHEMBL4095800,660.8040000000001,6.944100000000008,128.59,2,8,9
CHEMBL4097758,1010.1380000000001,5.571300000000009,276.27,8,17,9
CHEMBL4097912,481.75500000000017,5.273500000000002,77.52,1,6,5
CHEMBL4098471,451.42200000000014,5.361200000000003,73.86,1,6,6
CHEMBL4102979,406.5630000000001,6.232900000000008,86.99000000000001,3,5,14
CHEMBL4103235,694.5540000000004,2.5213000000000028,276.27,8,17,8
CHEMBL4105655,450.3430000000002,5.698300000000003,64.63,1,5,6
CHEMBL389166,228.20299999999997,2.3574000000000006,70.67,2,4,0
CHEMBL464581,392.4950000000002,5.509400000000006,58.92,2,4,3
CHEMBL555017,628.7620000000004,7.239300000000007,119.36000000000001,2,7,8
CHEMBL590635,390.4790000000001,5.791600000000005,55.760000000000005,1,4,3
CHEMBL2437376,390.47900000000016,5.791600000000004,55.76,1,4,3
CHEMBL3586411,610.6210000000002,6.291000000000006,102.69999999999999,2,6,8
CHEMBL4059520,352.3420000000001,4.272800000000004,104.04,3,6,2
CHEMBL4059903,390.4790000000001,5.686800000000005,66.76,2,4,5
CHEMBL4062445,707.8230000000002,6.779500000000007,143.53,1,10,17
CHEMBL4064092,482.5760000000002,3.818400000000003,105.2,0,8,13
CHEMBL4065796,845.9920000000002,10.230199999999996,143.53,1,10,19
CHEMBL4066472,883.2350000000001,9.979099999999995,143.53,1,10,18
CHEMBL4066707,438.52300000000014,4.152900000000003,95.97000000000001,0,7,10
CHEMBL4067572,679.1270000000003,12.947899999999978,46.53,1,3,16
CHEMBL4068177,312.321,3.5266000000000024,90.9,3,5,2
CHEMBL4069603,394.4230000000001,4.710800000000004,100.13000000000001,3,6,2
CHEMBL4070572,787.8840000000002,8.702300000000005,143.53,1,10,18
CHEMBL4071698,330.3800000000001,3.9276000000000018,86.99000000000001,3,5,6
CHEMBL4073032,244.20199999999997,2.0629999999999997,90.9,3,5,0
CHEMBL4074416,826.0020000000001,9.860699999999998,143.53,1,10,18
CHEMBL4075069,837.8910000000003,9.581999999999999,143.53,1,10,18
CHEMBL4076737,811.9750000000001,9.686599999999999,143.53,1,10,19
CHEMBL4077091,558.6740000000003,5.5186000000000055,105.2,0,8,14
CHEMBL4078186,719.8780000000002,7.894300000000009,134.3,1,9,17
CHEMBL4079916,769.8940000000002,8.563200000000005,143.53,1,10,18
CHEMBL4081488,244.20199999999997,2.063,90.9,3,5,0
CHEMBL4082589,616.7100000000003,5.3052000000000055,131.5,0,10,15
CHEMBL4085118,536.6680000000003,5.129600000000005,105.2,0,8,12
CHEMBL4086154,434.48800000000034,6.347400000000006,93.03999999999999,2,6,6
CHEMBL4086737,837.8910000000003,9.581999999999999,143.53,1,10,18
CHEMBL4086905,394.4230000000001,4.710800000000003,100.13000000000002,3,6,2
CHEMBL4087216,819.9540000000002,9.716399999999998,143.53,1,10,18
CHEMBL4087311,196.24599999999998,1.4092,46.53,1,3,0
CHEMBL4087797,804.3390000000002,9.216600000000001,143.53,1,10,18
CHEMBL4089362,352.3420000000001,4.272800000000005,104.04,3,6,2
CHEMBL4090827,496.6030000000002,4.2085000000000035,105.2,0,8,14
CHEMBL4092866,558.6740000000003,5.518600000000006,105.2,0,8,14
CHEMBL4093732,328.32000000000005,3.2322000000000024,111.13000000000001,4,6,2
CHEMBL4094237,468.54900000000015,3.7759000000000027,105.2,0,8,12
CHEMBL4094898,845.9920000000002,10.230199999999996,143.53,1,10,19
CHEMBL4095504,837.8910000000003,9.581999999999999,143.53,1,10,18
CHEMBL4096240,695.7870000000003,6.910000000000007,134.3,1,9,16
CHEMBL4098189,677.7970000000003,6.770900000000007,134.3,1,9,16
CHEMBL4098715,552.5760000000005,5.503100000000004,170.82,5,9,11
CHEMBL4100601,602.6830000000003,5.216800000000005,142.5,1,9,15
CHEMBL4102541,797.9480000000001,9.125600000000002,143.53,1,10,19
CHEMBL4104006,328.3200000000001,3.232200000000002,111.13000000000001,4,6,2
CHEMBL4104154,787.8840000000002,8.702300000000005,143.53,1,10,18
CHEMBL4104518,168.236,1.3724999999999998,37.3,1,2,0
CHEMBL4105170,296.407,2.6001000000000016,66.76,2,4,3
CHEMBL289191,426.72900000000027,8.02480000000001,20.23,1,1,1
CHEMBL455357,426.72900000000027,8.02480000000001,20.23,1,1,0
CHEMBL518227,490.7250000000004,4.053700000000003,101.15,5,5,1
CHEMBL3632935,572.8270000000005,5.570800000000008,107.22000000000001,4,6,3
CHEMBL3770020,196.20199999999997,1.7485,77.76,3,3,3
CHEMBL4075516,276.332,3.641100000000003,77.76,3,3,7
CHEMBL4084018,374.3890000000001,3.625800000000003,124.29,4,6,7
CHEMBL4128743,934.0149999999996,5.987100000000006,114.99,2,9,14
CHEMBL4159436,359.3810000000001,5.520520000000005,75.72,2,5,4
CHEMBL4159470,444.74400000000026,7.21960000000001,40.46,2,2,1
CHEMBL4159605,423.2440000000001,3.6080000000000014,105.68,2,8,5
CHEMBL4159828,450.47200000000015,4.946220000000004,114.91000000000001,2,9,7
CHEMBL4159885,403.4340000000001,5.401000000000005,84.95,2,6,7
CHEMBL4159975,532.7620000000004,4.6245000000000065,107.22000000000001,4,6,2
CHEMBL4160013,388.40100000000007,3.244200000000002,114.91000000000001,2,9,7
CHEMBL4160903,494.52500000000015,4.826700000000005,124.14000000000001,2,10,10
CHEMBL4161056,474.7260000000004,5.082900000000005,80.92,4,4,1
CHEMBL4161085,282.27700000000004,1.4128999999999996,105.68,2,8,4
CHEMBL4161384,474.7260000000003,5.513500000000008,77.76,3,4,0
CHEMBL4161470,572.8270000000003,5.570800000000007,107.22000000000001,4,6,3
CHEMBL4161770,488.70900000000046,4.261900000000003,97.99000000000001,4,5,1
CHEMBL4163256,375.38000000000005,5.220700000000004,84.95,2,6,5
CHEMBL4163370,358.3750000000001,3.153920000000002,105.68,2,8,5
CHEMBL4163552,440.56800000000027,6.121820000000006,44.120000000000005,0,5,4
CHEMBL4164305,436.44500000000016,4.637800000000003,114.91000000000001,2,9,7
CHEMBL4164960,509.5810000000003,3.3625000000000025,141.29,3,8,12
CHEMBL4165207,474.7260000000004,5.082900000000005,80.92,4,4,1
CHEMBL4166697,421.4520000000001,6.8791000000000055,75.72000000000001,2,5,5
CHEMBL4167136,389.4070000000001,5.610800000000006,84.95,2,6,6
CHEMBL4167747,478.5260000000001,5.761200000000006,114.91000000000001,2,9,8
CHEMBL4167892,614.8640000000004,6.141600000000008,113.29,3,7,4
CHEMBL4167930,374.3740000000001,2.8541000000000016,114.91000000000001,2,9,6
CHEMBL4168176,480.49800000000016,5.036500000000005,124.14000000000001,2,10,9
CHEMBL4168321,614.8640000000005,6.141600000000008,113.29000000000002,3,7,4
CHEMBL4169701,516.7630000000005,5.653700000000008,86.99000000000001,3,5,2
CHEMBL4170059,345.3540000000001,5.212100000000004,75.72000000000001,2,5,4
CHEMBL4170229,412.3450000000001,3.864300000000002,105.68,2,8,5
CHEMBL4171276,328.34900000000005,3.1228000000000025,96.45,2,7,5
CHEMBL4171514,492.55300000000017,5.935300000000006,114.91000000000001,2,9,7
CHEMBL4171661,530.7460000000004,4.832700000000006,104.06,3,6,2
CHEMBL4171689,344.34800000000007,2.8455000000000013,105.68,2,8,5
CHEMBL4172149,523.6080000000003,3.752600000000003,141.29,3,8,13
CHEMBL4173968,401.4620000000001,6.509600000000007,75.72,2,5,4
CHEMBL4174432,369.50500000000017,5.888720000000006,66.49000000000001,2,4,2
CHEMBL4174951,450.4720000000002,4.424500000000004,114.91000000000001,2,9,8
CHEMBL4175013,415.4890000000001,6.899700000000007,75.72,2,5,6
CHEMBL4175133,300.33900000000006,3.4401000000000015,79.38000000000001,2,6,4
CHEMBL4176026,542.5690000000003,6.216800000000005,124.14000000000001,2,10,10
CHEMBL4176168,530.7460000000004,4.832700000000004,104.06,3,6,2
CHEMBL4177329,387.43500000000006,6.335500000000006,75.72,2,5,5
CHEMBL265502,1297.302,6.743240000000005,483.7499999999999,12,17,16
CHEMBL284616,354.31100000000004,-0.6459000000000001,164.75,6,8,4
CHEMBL133541,395.36700000000013,3.624200000000002,119.09000000000002,2,7,7
CHEMBL177126,516.4550000000003,1.0295999999999996,211.27999999999997,7,11,7
CHEMBL249447,516.4550000000003,1.0295999999999996,211.27999999999997,7,11,7
CHEMBL249448,516.4550000000003,1.0295999999999996,211.27999999999997,7,11,7
CHEMBL249450,354.31100000000004,-0.6459000000000001,164.75,6,8,4
CHEMBL487804,328.49600000000004,6.367920000000007,40.46,2,2,8
CHEMBL463337,530.4820000000002,1.1179999999999992,200.27999999999997,6,12,7
CHEMBL464371,530.4820000000002,1.117999999999999,200.27999999999997,6,12,7
CHEMBL478574,516.4550000000003,1.0295999999999996,211.27999999999997,7,11,7
CHEMBL563581,430.4970000000003,5.1371000000000056,105.45000000000002,3,7,10
CHEMBL1782240,380.4400000000001,5.080400000000006,90.90000000000002,3,5,4
CHEMBL1782241,448.5590000000002,6.806900000000008,90.9,3,5,7
CHEMBL4161546,537.6350000000002,4.142700000000003,141.29,3,8,14
CHEMBL4161709,584.6950000000003,5.136620000000004,144.09,4,7,13
CHEMBL4163641,456.4910000000003,5.6410000000000045,122.52000000000001,3,7,10
CHEMBL4163860,508.59700000000026,2.9355,144.09,4,7,12
CHEMBL4165140,600.6940000000003,4.836800000000004,153.32,4,8,14
CHEMBL4171742,522.6240000000003,3.3256000000000023,144.08999999999997,4,7,13
CHEMBL4174317,474.5060000000003,4.8353000000000055,142.75,4,8,11
CHEMBL4175748,630.7200000000003,4.845400000000003,162.54999999999998,4,9,15
CHEMBL4176838,536.6510000000002,3.715700000000002,144.08999999999997,4,7,14
CHEMBL4202638,265.76899999999995,3.0341000000000014,51.8,1,4,3
CHEMBL4202640,396.43900000000014,4.399700000000005,100.13,3,6,7
CHEMBL4203265,464.5580000000002,5.777700000000007,111.13,4,6,8
CHEMBL4203706,354.3110000000001,-0.6459000000000006,164.75,6,8,4
CHEMBL4203788,290.359,2.1228999999999996,59.06,1,4,1
CHEMBL4204587,251.31400000000002,2.673300000000001,51.8,1,4,0
CHEMBL4206678,274.36,3.2823200000000017,49.69,2,3,1
CHEMBL4207543,410.2560000000001,6.680600000000003,63.33,1,3,4
CHEMBL4208135,464.5580000000002,5.667000000000008,100.13000000000001,3,6,6
CHEMBL4209032,265.26800000000003,3.706800000000002,63.33,1,3,3
CHEMBL4209191,380.4400000000001,5.428900000000006,79.9,2,5,6
CHEMBL4210458,544.5090000000004,1.6355999999999997,189.27999999999997,5,11,9
CHEMBL4211055,258.361,3.996520000000003,29.46,1,2,1
CHEMBL4211060,391.81000000000006,5.732800000000004,83.56,2,4,4
CHEMBL4211556,274.36,3.2823200000000017,49.69,2,3,1
CHEMBL4211682,464.5580000000002,5.777700000000006,111.13000000000001,4,6,8
CHEMBL4213123,247.348,3.3649000000000013,37.81,1,5,3
CHEMBL4214128,175.216,1.2548,51.8,1,4,0
CHEMBL4214309,448.55900000000025,6.937600000000007,79.9,2,5,8
CHEMBL4215463,290.359,3.3916200000000023,47.92,1,4,0
CHEMBL4215472,436.80700000000013,5.641000000000004,126.70000000000002,2,6,5
CHEMBL4216013,258.36099999999993,4.001320000000003,29.46,1,2,0
CHEMBL4217110,906.7110000000005,2.4281000000000024,397.65000000000003,14,23,8
CHEMBL4217205,241.31900000000002,3.3034000000000017,37.81,1,4,3
CHEMBL4217308,426.2550000000001,6.386200000000003,83.56,2,4,4
CHEMBL4217516,428.4810000000002,4.283800000000004,120.36000000000001,4,7,6
CHEMBL4218731,358.3460000000001,2.396900000000001,109.36000000000001,3,7,2
CHEMBL43065,244.24599999999998,2.6794000000000002,80.92,4,4,2
CHEMBL295124,336.3670000000001,3.096300000000001,40.8,0,4,2
CHEMBL81421,530.7900000000005,8.904860000000003,72.83000000000001,1,4,16
CHEMBL206106,352.41000000000014,3.384800000000002,40.800000000000004,0,4,4
CHEMBL220746,422.47700000000015,5.202800000000006,96.22000000000001,3,6,3
CHEMBL221415,435.53000000000026,4.133520000000003,75.43,1,6,5
CHEMBL388590,424.088,5.456800000000003,50.44,1,3,3
CHEMBL226156,484.0020000000001,5.258700000000004,75.43,1,6,7
CHEMBL464006,420.4610000000002,5.269700000000006,100.13000000000001,3,6,3
CHEMBL510229,874.7130000000003,3.016900000000004,357.19,12,21,8
CHEMBL509123,722.6080000000002,2.0354000000000014,290.42999999999995,10,17,6
CHEMBL463145,286.23900000000003,2.2823999999999995,111.13000000000001,4,6,1
CHEMBL1523279,294.34999999999997,4.712000000000004,50.44,1,3,5
CHEMBL1808155,648.7080000000004,8.264200000000004,171.82,7,9,7
CHEMBL1935325,455.94800000000015,4.478500000000003,75.43,1,6,5
CHEMBL1935327,500.3990000000001,4.587600000000003,75.43,1,6,5
CHEMBL1935332,500.3990000000001,4.587600000000003,75.43,1,6,5
CHEMBL1935335,466.50000000000017,3.7333000000000025,118.57000000000002,1,8,6
CHEMBL1935337,471.56300000000016,4.9783000000000035,75.43,1,6,5
CHEMBL1935339,451.5290000000002,3.833700000000003,84.66,1,7,6
CHEMBL1935340,469.9750000000002,4.868600000000003,75.43,1,6,6
CHEMBL1935341,504.42000000000024,5.522000000000003,75.43,1,6,6
CHEMBL1935342,518.4470000000001,5.912100000000004,75.43,1,6,7
CHEMBL1935343,498.02900000000017,5.648800000000004,75.43,1,6,8
CHEMBL1935344,532.4740000000002,6.3022000000000045,75.43,1,6,8
CHEMBL1935345,512.0560000000002,6.038900000000005,75.43,1,6,9
CHEMBL1935346,546.5010000000002,6.692300000000005,75.43,1,6,9
CHEMBL2153058,546.0730000000001,6.089800000000005,75.43,1,6,7
CHEMBL2153059,580.5180000000001,6.743200000000004,75.43,1,6,7
CHEMBL2153196,590.5240000000001,6.1989000000000045,75.43,1,6,7
CHEMBL2153203,546.0730000000001,6.089800000000004,75.43,1,6,7
CHEMBL4206454,890.7120000000004,2.722500000000002,377.42,13,22,8
CHEMBL4216540,268.35299999999995,2.0234,63.60000000000001,1,4,3
CHEMBL4218184,738.6070000000002,1.741,310.65999999999997,11,18,6
CHEMBL4278170,397.409,6.200200000000002,12.03,1,3,6
CHEMBL4279417,692.7170000000004,7.330000000000008,209.11999999999995,8,11,7
CHEMBL4282817,437.87400000000014,6.247720000000003,49.56,2,3,4
CHEMBL4288744,473.9070000000001,7.092500000000005,49.56,2,3,4
CHEMBL4290098,760.8360000000001,8.838699999999996,209.11999999999998,8,11,9
CHEMBL4291588,626.6140000000001,5.754400000000009,205.20999999999998,8,11,5
CHEMBL4292242,350.4030000000001,4.068500000000002,79.56,2,4,4
CHEMBL4293314,283.31800000000004,4.910600000000003,12.03,1,2,4
CHEMBL4454821,382.4970000000001,2.4112000000000005,77.38000000000001,2,6,1
CHEMBL4456769,352.47100000000006,0.9735,101.15,5,5,0
CHEMBL4465814,334.4560000000001,1.7787000000000002,80.92,4,4,0
CHEMBL4468481,410.5070000000002,2.148,94.45000000000002,2,7,3
CHEMBL4472610,332.4400000000001,2.4354200000000006,58.92,2,4,2
CHEMBL4526745,348.43900000000014,1.0062999999999995,82.45,3,5,0
CHEMBL4551943,332.4400000000001,2.4354200000000006,58.92,2,4,2
CHEMBL4567977,410.5070000000002,2.148,94.45000000000002,2,7,3
CHEMBL185623,385.466,3.5514000000000028,66.84,1,5,6
CHEMBL184768,385.466,3.5514000000000028,66.84,1,5,6
CHEMBL1172417,371.439,3.764700000000002,66.84,1,5,5
CHEMBL1384494,305.38000000000005,2.528600000000001,57.61,1,4,4
CHEMBL1645387,371.439,3.764700000000002,66.84,1,5,5
CHEMBL1782238,396.43900000000014,3.4608000000000025,93.06,2,6,2
CHEMBL2153194,525.6550000000003,5.744820000000005,75.43,1,6,7
CHEMBL2153195,511.62800000000016,5.436400000000004,75.43,1,6,7
CHEMBL2153198,590.5240000000001,6.1989000000000045,75.43,1,6,7
CHEMBL2153199,561.6880000000001,6.589600000000004,75.43,1,6,7
CHEMBL2153200,556.6250000000001,5.344600000000004,118.57000000000002,1,8,8
CHEMBL2153201,541.6540000000002,5.445000000000005,84.66,1,7,8
CHEMBL2153202,541.6540000000002,5.445000000000005,84.66,1,7,8
CHEMBL2153204,541.6540000000002,5.445000000000005,84.66,1,7,8
CHEMBL3262475,352.39300000000014,0.8364999999999998,109.93,2,6,6
CHEMBL3262477,382.41900000000015,0.8450999999999997,119.16,2,7,7
CHEMBL3262478,382.41900000000015,0.8451,119.16,2,7,7
CHEMBL4434712,599.1330000000003,7.450600000000005,82.63000000000001,2,5,8
CHEMBL4436037,399.493,3.5939000000000023,66.84,1,5,7
CHEMBL4436047,594.7140000000002,6.805800000000007,91.86000000000001,2,6,9
CHEMBL4445331,564.6880000000002,6.797200000000005,82.63000000000001,2,5,8
CHEMBL4445382,593.5240000000002,6.406500000000005,82.63000000000001,2,5,8
CHEMBL4445615,582.6780000000002,6.9363000000000055,82.63000000000001,2,5,8
CHEMBL4448571,383.4250000000001,3.429000000000002,83.91,1,5,7
CHEMBL4450252,633.5780000000002,8.104000000000005,82.63000000000001,2,5,8
CHEMBL4455326,399.4240000000001,3.395100000000002,93.14,1,6,7
CHEMBL4459307,399.493,3.5939000000000023,66.84,1,5,7
CHEMBL4459804,528.6550000000003,5.952420000000005,82.63,2,5,8
CHEMBL4462172,514.6280000000002,5.644000000000005,82.63000000000001,2,5,8
CHEMBL4462926,549.0730000000002,6.297400000000005,82.63000000000001,2,5,8
CHEMBL4464385,593.5240000000002,6.406500000000005,82.63000000000001,2,5,8
CHEMBL4468447,558.6810000000003,5.961020000000004,91.86,2,6,9
CHEMBL4473627,583.5180000000003,6.9508000000000045,82.63000000000001,2,5,8
CHEMBL4474570,599.1330000000003,7.450600000000005,82.63000000000001,2,5,8
CHEMBL4475724,643.5840000000002,7.559700000000006,82.63000000000001,2,5,8
CHEMBL4476728,578.7150000000003,7.105620000000006,82.63,2,5,8
CHEMBL4483615,383.42500000000007,3.429000000000002,83.91,1,5,7
CHEMBL4483785,474.5380000000003,4.962800000000004,88.42999999999999,1,6,8
CHEMBL4515217,594.7140000000002,6.805800000000006,91.86000000000001,2,6,9
CHEMBL4535547,599.1330000000003,7.450600000000005,82.63000000000001,2,5,8
CHEMBL4536619,579.0990000000003,6.306000000000004,91.86,2,6,9
CHEMBL4544579,583.5180000000003,6.9508000000000045,82.63000000000001,2,5,8
CHEMBL4545897,623.5500000000003,6.415100000000003,91.86,2,6,9
CHEMBL4546939,514.6280000000002,5.644000000000005,82.63000000000001,2,5,8
CHEMBL4554837,415.49200000000013,3.5600000000000023,76.07000000000001,1,6,7
CHEMBL4562962,594.7140000000002,6.805800000000007,91.86000000000001,2,6,9
CHEMBL4571252,549.0730000000002,6.297400000000005,82.63000000000001,2,5,8
CHEMBL4580548,613.5440000000002,6.959400000000003,91.86,2,6,9
CHEMBL4592291,544.6540000000003,5.652600000000004,91.86,2,6,9
CHEMBL1205536,284.283,3.290700000000001,54.370000000000005,1,2,3
CHEMBL1389174,533.6310000000003,5.713240000000005,118.36999999999999,2,6,7
CHEMBL3115908,532.6470000000003,5.4483400000000035,121.01999999999998,3,5,7
CHEMBL3890411,533.6310000000003,5.713240000000004,118.36999999999999,2,6,7
CHEMBL3894879,541.5570000000002,5.374600000000003,118.36999999999999,2,6,7
CHEMBL3899371,641.5710000000003,7.134000000000005,118.36999999999999,2,6,7
CHEMBL3903813,505.57700000000017,5.096400000000004,118.36999999999999,2,6,7
CHEMBL3904891,574.4670000000001,6.4032000000000036,118.36999999999999,2,6,7
CHEMBL3906378,555.5970000000002,4.839760000000003,165.95,2,8,7
CHEMBL3908434,641.5710000000003,7.134000000000004,118.36999999999999,2,6,7
CHEMBL3910488,537.5750000000003,4.507600000000003,158.82999999999998,4,8,7
CHEMBL3912547,621.7070000000001,5.105800000000002,169.92999999999995,2,12,7
CHEMBL3913878,541.5570000000002,5.374600000000003,118.36999999999999,2,6,7
CHEMBL3915348,555.5970000000002,4.839760000000004,165.95,2,8,7
CHEMBL3919336,533.6310000000003,5.378600000000005,118.36999999999999,2,6,9
CHEMBL3919412,565.6290000000002,5.1136000000000035,136.83,2,8,9
CHEMBL3922861,541.5570000000002,5.374600000000003,118.36999999999999,2,6,7
CHEMBL3924724,641.6390000000004,5.309200000000003,178.78999999999996,2,10,7
CHEMBL3928317,595.5710000000003,4.912800000000003,204.64999999999998,2,10,9
CHEMBL3933283,621.6490000000002,4.6696000000000035,170.96999999999997,2,10,9
CHEMBL3934352,555.5970000000002,4.839760000000004,165.95,2,8,7
CHEMBL3934460,605.6970000000002,7.4028000000000045,118.36999999999999,2,6,7
CHEMBL3938421,537.5750000000003,4.507600000000003,158.82999999999998,4,8,7
CHEMBL3942054,663.3690000000001,6.621400000000003,118.36999999999999,2,6,7
CHEMBL3943318,535.6070000000003,4.260800000000002,170.41000000000003,4,8,7
CHEMBL3947125,589.5710000000001,4.168800000000002,196.20999999999992,2,12,7
CHEMBL3947198,565.6290000000002,5.1136000000000035,136.83,2,8,9
CHEMBL3950773,533.6310000000003,5.713240000000004,118.36999999999999,2,6,7
CHEMBL3951335,619.7310000000001,6.315800000000003,144.14999999999998,2,10,7
CHEMBL3952045,621.6490000000003,4.6696000000000035,170.96999999999997,2,10,9
CHEMBL3954893,535.6070000000003,4.260800000000002,170.41000000000003,4,8,7
CHEMBL3955935,595.5710000000003,4.912800000000003,204.64999999999998,2,10,9
CHEMBL3960743,621.6490000000002,4.6696000000000035,170.96999999999997,2,10,9
CHEMBL3967047,595.5710000000001,4.912800000000003,204.64999999999998,2,10,9
CHEMBL3970551,641.5710000000003,7.134000000000004,118.36999999999999,2,6,7
CHEMBL3975456,517.6350000000001,5.219400000000002,118.36999999999999,2,8,7
CHEMBL3975683,574.4670000000001,6.4032000000000036,118.36999999999999,2,6,7
CHEMBL3978830,565.6290000000002,5.113600000000004,136.83,2,8,9
CHEMBL3979736,663.3690000000001,6.621400000000003,118.36999999999999,2,6,7
CHEMBL3980253,621.7070000000001,5.105800000000002,169.92999999999995,2,12,7
CHEMBL3983061,663.3690000000001,6.621400000000004,118.36999999999999,2,6,7
CHEMBL3983712,574.4670000000001,6.4032000000000036,118.36999999999999,2,6,7
CHEMBL3986320,537.5750000000003,4.507600000000003,158.82999999999998,4,8,7
CHEMBL4162794,586.5250000000001,6.526200000000003,118.36999999999999,2,8,7
CHEMBL4171392,605.6970000000002,7.4028000000000045,118.36999999999999,2,6,7
CHEMBL4446055,552.0800000000002,5.8728000000000025,118.36999999999999,2,8,7
CHEMBL4476665,180.163,0.2918999999999996,92.42,3,3,1
CHEMBL4521813,546.0510000000002,5.811300000000003,118.36999999999999,2,7,7
CHEMBL4573394,483.9800000000002,4.382000000000002,118.36999999999999,2,7,6
CHEMBL4592897,1684.0609999999997,-0.20075999999997918,671.08,23,19,65
CHEMBL1587605,350.39900000000006,4.295600000000003,72.2,1,4,4
CHEMBL4160098,614.0480000000002,6.830100000000003,118.36999999999999,2,7,7
CHEMBL4161487,648.4930000000002,7.483500000000004,118.36999999999999,2,7,7
CHEMBL4161583,625.493,6.372900000000002,161.51,2,9,8
CHEMBL4166077,614.9410000000001,7.118100000000004,118.36999999999999,2,7,7
CHEMBL4167333,625.493,6.372900000000003,161.51,2,9,8
CHEMBL4168023,588.0480000000002,5.347500000000002,157.28999999999996,2,10,7
CHEMBL4168415,575.0930000000001,5.270000000000003,144.39,3,8,8
CHEMBL4169499,648.4930000000003,7.483500000000005,118.36999999999999,2,7,7
CHEMBL4176281,575.0930000000002,5.270000000000003,144.39,3,8,8
CHEMBL4176697,614.0480000000003,6.830100000000004,118.36999999999999,2,7,7
CHEMBL4437169,546.0510000000003,5.811300000000004,118.36999999999999,2,7,7
CHEMBL4440705,384.84400000000005,4.9490000000000025,72.2,1,4,4
CHEMBL4441394,588.0480000000002,5.347500000000001,157.28999999999996,2,10,7
CHEMBL4446756,384.84400000000005,4.9490000000000025,72.2,1,4,4
CHEMBL4447455,610.5220000000003,6.473300000000003,127.60000000000001,2,8,8
CHEMBL4449196,574.1050000000001,6.373700000000005,118.36999999999999,2,7,8
CHEMBL4449221,429.8410000000001,4.857200000000002,115.34,1,6,5
CHEMBL4449994,614.0820000000001,5.9177000000000035,148.57999999999998,2,9,7
CHEMBL4453551,596.1110000000002,6.964500000000004,118.36999999999999,2,7,7
CHEMBL4461747,418.3960000000001,5.314400000000003,72.2,1,4,4
CHEMBL4461900,436.3860000000001,5.453500000000003,72.2,1,4,4
CHEMBL4462640,418.3960000000001,5.314400000000003,72.2,1,4,4
CHEMBL4463085,552.0800000000003,5.872800000000003,118.36999999999999,2,8,7
CHEMBL4467368,614.0820000000002,5.9177000000000035,148.57999999999998,2,9,7
CHEMBL4513591,384.84400000000005,4.9490000000000025,72.2,1,4,4
CHEMBL4513892,624.9470000000001,6.573800000000003,118.36999999999999,2,7,7
CHEMBL4518473,596.1110000000001,6.964500000000004,118.36999999999999,2,7,7
CHEMBL4522496,576.0770000000001,5.819900000000004,127.60000000000001,2,8,8
CHEMBL4526007,610.5220000000002,6.473300000000003,127.60000000000001,2,8,8
CHEMBL4531228,632.0380000000004,6.969200000000004,118.36999999999999,2,7,7
CHEMBL4531689,596.1110000000002,6.964500000000005,118.36999999999999,2,7,7
CHEMBL4531772,576.0770000000001,5.819900000000004,127.60000000000001,2,8,8
CHEMBL4533148,572.089,6.4543000000000035,118.36999999999999,2,7,8
CHEMBL4533662,483.98000000000013,4.382000000000002,118.36999999999999,2,7,6
CHEMBL4541977,368.38900000000007,4.434700000000002,72.2,1,4,4
CHEMBL4542408,614.941,7.118100000000003,118.36999999999999,2,7,7
CHEMBL4545651,603.1280000000002,6.421000000000004,131.26,2,9,7
CHEMBL4547546,632.0380000000002,6.969200000000003,118.36999999999999,2,7,7
CHEMBL4548710,624.9470000000002,6.573800000000004,118.36999999999999,2,7,7
CHEMBL4561738,452.84100000000007,5.967800000000002,72.2,1,4,4
CHEMBL4562570,572.0890000000002,6.454300000000004,118.36999999999999,2,7,8
CHEMBL4562717,368.38900000000007,4.434700000000002,72.2,1,4,4
CHEMBL4563828,419.2890000000001,5.602400000000002,72.2,1,4,4
CHEMBL4565061,368.38900000000007,4.434700000000002,72.2,1,4,4
CHEMBL4565697,603.128,6.421000000000003,131.26,2,9,7
CHEMBL4567343,390.87300000000005,5.010500000000001,72.2,1,5,4
CHEMBL4583096,418.3960000000001,5.314400000000003,72.2,1,4,4
CHEMBL4583291,574.105,6.373700000000004,118.36999999999999,2,7,8
CHEMBL4590591,596.1110000000002,6.964500000000005,118.36999999999999,2,7,7
CHEMBL1448646,350.39900000000006,4.295600000000002,72.2,1,4,4
CHEMBL4434972,364.4260000000001,4.604020000000003,72.2,1,4,4
CHEMBL4434992,436.3860000000001,5.453500000000002,72.2,1,4,4
CHEMBL4440273,384.84400000000005,4.9490000000000025,72.2,1,4,4
CHEMBL4444550,364.42600000000004,4.604020000000003,72.2,1,4,4
CHEMBL4447607,368.38900000000007,4.434700000000002,72.2,1,4,4
CHEMBL4447680,380.42500000000007,4.304200000000003,81.43,1,5,5
CHEMBL4448007,418.3960000000001,5.314400000000002,72.2,1,4,4
CHEMBL4449832,380.42500000000007,4.3042000000000025,81.43,1,5,5
CHEMBL4450124,380.42500000000007,4.3042000000000025,81.43,1,5,5
CHEMBL4453288,351.3620000000001,1.2411999999999999,93.45,2,6,2
CHEMBL4454177,407.47000000000014,2.6687000000000003,80.23,1,5,5
CHEMBL4454247,364.4260000000001,4.604020000000004,72.2,1,4,4
CHEMBL4454819,378.45300000000003,4.858000000000004,72.2,1,4,5
CHEMBL4456802,376.43700000000007,4.938600000000004,72.2,1,4,5
CHEMBL4457015,380.42500000000007,4.304200000000003,81.43,1,5,5
CHEMBL4458229,366.3980000000001,4.001200000000002,92.43,2,5,4
CHEMBL4462237,364.42600000000004,4.604020000000003,72.2,1,4,4
CHEMBL4463791,390.87300000000005,5.010500000000001,72.2,1,5,4
CHEMBL4464897,366.3980000000001,4.001200000000002,92.43,2,5,4
CHEMBL4464948,368.38900000000007,4.434700000000002,72.2,1,4,4
CHEMBL4469657,366.3980000000001,4.0012000000000025,92.43,2,5,4
CHEMBL4471032,418.3960000000001,5.314400000000002,72.2,1,4,4
CHEMBL4472943,482.3300000000001,6.163500000000005,84.95,2,6,7
CHEMBL4474009,468.30300000000005,6.373300000000005,84.95,2,6,6
CHEMBL4513341,517.1730000000001,7.045520000000004,75.72,2,5,4
CHEMBL4514865,333.3470000000001,2.2909999999999995,84.22,2,5,1
CHEMBL4521507,418.3960000000001,5.314400000000002,72.2,1,4,4
CHEMBL4532359,378.4530000000001,4.858000000000003,72.2,1,4,5
CHEMBL4536323,545.2270000000001,7.860500000000005,75.72,2,5,5
CHEMBL4548732,500.3480000000001,7.641600000000007,75.72000000000001,2,5,5
CHEMBL4548800,414.8700000000002,4.957600000000004,81.43,1,5,5
CHEMBL4549691,384.84400000000005,4.9490000000000025,72.2,1,4,4
CHEMBL4553618,454.27600000000007,5.983200000000004,84.95,2,6,5
CHEMBL4556062,429.8410000000001,4.857200000000002,115.34,1,6,5
CHEMBL4558646,380.42500000000007,4.3042000000000025,81.43,1,5,5
CHEMBL4559209,380.42500000000007,4.3042000000000025,81.43,1,5,5
CHEMBL4564122,364.4260000000001,4.604020000000003,72.2,1,4,4
CHEMBL4565368,419.2890000000001,5.602400000000002,72.2,1,4,4
CHEMBL4565483,368.38900000000007,4.434700000000002,72.2,1,4,4
CHEMBL4567660,414.8700000000002,4.957600000000004,81.43,1,5,5
CHEMBL4570232,366.3980000000001,4.0012000000000025,92.43,2,5,4
CHEMBL4572554,452.84100000000007,5.967800000000002,72.2,1,4,4
CHEMBL4574391,376.43700000000007,4.938600000000004,72.2,1,4,5
CHEMBL4579238,547.1990000000001,7.135800000000005,84.95,2,6,6
CHEMBL4580396,503.14600000000013,6.737100000000004,75.72000000000001,2,5,4
CHEMBL4584952,384.84400000000005,4.9490000000000025,72.2,1,4,4
CHEMBL4586199,364.42600000000004,4.604020000000004,72.2,1,4,4
CHEMBL4587328,533.1720000000001,6.745700000000004,84.95,2,6,5
CHEMBL4588870,579.2440000000001,8.404100000000001,75.72000000000001,2,5,5
CHEMBL401368,217.01799999999997,1.6727999999999994,57.53,2,3,1
CHEMBL510971,295.914,2.4353,57.53,2,3,1
CHEMBL4435026,214.21699999999996,-1.1802000000000004,86.99000000000001,3,5,2
CHEMBL4436628,762.8590000000002,5.8288000000000055,163.84,1,11,15
CHEMBL4437237,804.9400000000002,6.9522000000000075,163.84,1,11,16
CHEMBL4439769,438.2770000000001,5.761300000000005,75.72000000000001,2,5,5
CHEMBL4440623,362.17900000000003,4.190900000000003,75.72,2,5,3
CHEMBL4442464,449.54700000000014,3.5969000000000015,99.61999999999998,3,5,1
CHEMBL4443298,519.971,5.715900000000003,75.72,2,5,3
CHEMBL4444045,339.4790000000002,5.874700000000006,46.260000000000005,1,3,2
CHEMBL4444674,332.153,4.1823000000000015,66.49000000000001,2,4,2
CHEMBL4445389,672.7780000000002,3.6083000000000025,154.61,1,10,14
CHEMBL4445427,490.5960000000003,5.385300000000005,104.06,3,6,3
CHEMBL4446933,355.47800000000024,5.168000000000005,66.22999999999999,2,3,2
CHEMBL4447557,466.3310000000001,7.098000000000005,75.72,2,5,5
CHEMBL4448247,490.59600000000023,5.385300000000005,104.06,3,6,3
CHEMBL4448902,610.3930000000003,-13.477500000000003,278.48999999999995,2,15,6
CHEMBL4449282,776.9300000000003,8.019000000000009,146.77,1,10,16
CHEMBL4451896,806.956,6.524000000000007,163.84,1,11,17
CHEMBL4452781,378.5600000000003,6.029400000000006,38.050000000000004,1,3,2
CHEMBL4452883,378.5600000000003,6.029400000000006,38.050000000000004,1,3,2
CHEMBL4454352,490.59600000000023,5.385300000000005,104.06,3,6,3
CHEMBL4456002,490.5960000000002,5.529400000000007,104.06000000000002,3,6,3
CHEMBL4458849,820.9830000000001,6.698100000000007,163.84,1,11,16
CHEMBL4461135,820.9830000000001,6.698100000000007,163.84,1,11,16
CHEMBL4462241,764.875,5.400600000000005,163.84,1,11,16
CHEMBL4465505,782.865,5.539700000000006,163.84,1,11,16
CHEMBL4467782,792.9290000000001,5.963000000000006,163.84,1,11,17
CHEMBL4468432,424.2500000000001,5.974600000000004,75.72000000000001,2,5,4
CHEMBL4469442,490.5960000000002,5.529400000000007,104.06000000000002,3,6,3
CHEMBL4470062,433.5480000000001,4.081900000000003,82.54999999999998,3,4,1
CHEMBL4472595,490.59600000000034,5.385300000000008,104.06000000000002,3,6,4
CHEMBL4474641,490.5960000000003,5.385300000000008,104.06000000000002,3,6,4
CHEMBL4476561,518.4360000000003,-2.3641999999999985,179.58,2,10,4
CHEMBL4518867,198.218,-0.15100000000000013,66.76,2,4,1
CHEMBL4525993,734.8490000000003,6.895600000000007,146.77,1,10,15
CHEMBL4530291,517.1730000000001,6.523800000000005,75.72000000000001,2,5,5
CHEMBL4531749,411.04900000000004,4.9448000000000025,66.49000000000001,2,4,2
CHEMBL4537626,670.7620000000002,4.036500000000003,154.61,1,10,13
CHEMBL4549795,441.07500000000005,4.953400000000003,75.72,2,5,3
CHEMBL4553740,506.5950000000003,4.596500000000007,116.59,3,7,4
CHEMBL4557312,377.4840000000001,3.8172000000000024,62.32,2,3,0
CHEMBL4560923,506.5950000000002,4.596500000000005,113.29,3,7,4
CHEMBL4562591,490.59600000000023,5.529400000000007,104.06000000000002,3,6,3
CHEMBL4567120,228.244,-0.1785,75.99000000000001,2,5,2
CHEMBL4569419,480.3580000000001,7.272100000000006,75.72,2,5,4
CHEMBL4576091,792.9290000000001,5.963000000000006,163.84,1,11,17
CHEMBL4577930,449.59100000000024,4.241700000000004,82.55000000000001,3,4,0
CHEMBL4582062,782.865,5.539700000000006,163.84,1,11,16
CHEMBL4582106,198.218,-0.15100000000000013,66.76,2,4,1
CHEMBL4434766,410.46600000000007,4.659100000000004,93.06000000000002,2,5,12
CHEMBL4437911,756.9400000000003,5.731100000000007,154.60999999999999,1,10,19
CHEMBL4439601,381.4280000000001,3.820100000000003,68.23,1,6,7
CHEMBL4440819,392.4950000000001,5.542700000000005,55.760000000000005,1,4,9
CHEMBL4442675,843.771,6.163100000000006,163.84,1,11,16
CHEMBL4445864,813.0480000000003,7.291500000000008,154.60999999999999,1,10,23
CHEMBL4447414,813.0480000000001,7.291500000000008,154.60999999999999,1,10,23
CHEMBL4448672,377.48400000000004,5.015700000000005,49.77,1,4,7
CHEMBL4453634,642.7520000000002,5.103300000000005,137.54,1,9,13
CHEMBL4454054,470.56500000000017,6.542100000000006,72.83000000000001,1,5,8
CHEMBL4454728,337.41900000000004,4.091400000000004,49.77,1,4,7
CHEMBL4457655,799.3199999999999,6.0540000000000065,163.84,1,11,16
CHEMBL4458983,396.439,4.269000000000004,93.06000000000002,2,5,11
CHEMBL4461246,493.35300000000007,6.007100000000005,72.83000000000001,1,5,8
CHEMBL4462140,814.9350000000001,6.553800000000007,163.84,1,11,16
CHEMBL4463489,413.5170000000001,5.661800000000006,49.77,1,4,9
CHEMBL4466086,840.9730000000001,7.067600000000008,163.84,1,11,17
CHEMBL4467981,377.4840000000001,5.015700000000005,49.77,1,4,7
CHEMBL4471305,843.771,6.163100000000006,163.84,1,11,16
CHEMBL4471595,337.41900000000004,4.091400000000004,49.77,1,4,7
CHEMBL4471652,613.7540000000001,5.071400000000006,108.44000000000001,0,9,14
CHEMBL4472239,365.47300000000007,4.870000000000005,49.77,1,4,8
CHEMBL4473317,747.9320000000002,7.987100000000009,117.67,0,10,17
CHEMBL4473643,424.4930000000001,4.747500000000005,82.06000000000002,1,6,12
CHEMBL4473987,841.102,8.071700000000009,154.60999999999999,1,10,25
CHEMBL4474228,389.4950000000001,5.2038000000000055,49.77,1,4,11
CHEMBL4483521,360.41300000000007,4.211100000000004,64.35000000000001,1,5,7
CHEMBL4516115,705.8510000000002,6.863700000000008,117.67,0,10,16
CHEMBL4519783,396.43900000000014,3.967300000000003,82.06000000000002,1,6,10
CHEMBL4522606,438.52000000000015,5.137600000000005,82.06000000000002,1,6,13
CHEMBL4528006,840.9730000000001,7.067600000000008,163.84,1,11,17
CHEMBL4530344,1040.9160000000002,9.5692,230.11999999999995,8,8,12
CHEMBL4533045,337.41900000000004,4.091400000000004,49.77,1,4,7
CHEMBL4533077,756.94,5.731100000000007,154.60999999999999,1,10,19
CHEMBL4535654,392.4950000000001,5.713600000000005,55.760000000000005,1,4,9
CHEMBL4537041,523.6290000000002,3.158800000000002,117.23,1,9,12
CHEMBL4540813,1113.0760000000002,11.810799999999977,230.11999999999995,8,12,12
CHEMBL4546039,719.8340000000003,6.503900000000007,134.74,0,10,15
CHEMBL4549092,368.38500000000005,3.4888000000000017,93.06000000000002,2,5,9
CHEMBL4551161,377.48400000000015,5.015700000000005,49.77,1,4,7
CHEMBL4555184,523.6290000000002,3.158800000000002,117.23,1,9,12
CHEMBL4555237,379.4560000000001,3.862000000000003,59.0,1,5,7
CHEMBL4556255,841.1020000000002,8.071700000000009,154.60999999999999,1,10,25
CHEMBL4556433,761.9150000000002,7.627300000000009,134.74,0,10,16
CHEMBL4569405,1241.0680000000004,6.537200000000013,366.67999999999995,8,16,12
CHEMBL4569866,389.49500000000006,5.2038000000000055,49.77,1,4,11
CHEMBL4579462,799.3199999999999,6.0540000000000065,163.84,1,11,16
CHEMBL4584064,627.7370000000002,4.711600000000005,125.51,0,9,13
CHEMBL4587526,814.9350000000001,6.553800000000007,163.84,1,11,16
CHEMBL4588801,414.45700000000005,5.244600000000004,72.83000000000001,1,5,8
CHEMBL1835376,272.47599999999994,6.451700000000006,0.0,0,0,4
CHEMBL4435020,344.48000000000013,3.327720000000002,50.36,2,3,3
CHEMBL4435604,350.8710000000001,3.2826000000000013,50.36,2,3,4
CHEMBL4437498,394.4670000000001,5.076000000000005,75.99000000000001,2,5,9
CHEMBL4438100,380.4400000000001,4.598800000000004,64.99000000000001,1,5,10
CHEMBL4440384,364.89800000000014,3.6727000000000016,50.36,2,3,3
CHEMBL4441882,384.42300000000006,3.6480000000000015,50.36,2,3,4
CHEMBL4454880,364.4410000000001,4.762500000000005,55.760000000000005,1,4,9
CHEMBL4456342,366.41300000000007,4.295800000000003,75.99000000000001,2,5,9
CHEMBL4457902,310.349,3.731000000000002,66.76,2,4,6
CHEMBL4460100,409.3490000000001,3.7818000000000023,50.36,2,3,3
CHEMBL4461401,316.42600000000004,2.629200000000001,50.36,2,3,4
CHEMBL4463474,324.37600000000003,4.034000000000003,55.760000000000005,1,4,7
CHEMBL4466531,398.4500000000001,4.038100000000003,50.36,2,3,5
CHEMBL4467787,344.48000000000013,3.327720000000002,50.36,2,3,5
CHEMBL4471590,541.0300000000002,5.312300000000005,90.15,4,5,5
CHEMBL4472074,375.45000000000016,2.927500000000001,93.5,2,5,4
CHEMBL4483388,396.5050000000001,4.688900000000007,107.22000000000001,4,4,19
CHEMBL4515470,364.89800000000014,3.6727000000000025,50.36,2,3,5
CHEMBL4518632,398.4500000000001,4.038100000000003,50.36,2,3,3
CHEMBL4522937,338.403,4.424100000000004,55.760000000000005,1,4,8
CHEMBL4524583,386.40300000000013,4.674300000000002,75.99000000000001,2,5,1
CHEMBL4527750,378.4680000000001,5.370400000000005,55.760000000000005,1,4,9
CHEMBL4528277,420.5460000000001,5.5627000000000075,104.06000000000002,3,5,10
CHEMBL4535279,350.45500000000004,4.211700000000005,97.99000000000001,4,4,7
CHEMBL4541029,464.6020000000002,6.7704000000000075,83.83000000000001,2,4,10
CHEMBL4542052,826.7740000000001,8.639100000000003,167.89,4,7,14
CHEMBL4546363,334.41600000000005,2.768300000000001,50.36,2,3,4
CHEMBL4551656,394.4670000000002,4.930800000000004,64.99000000000001,1,5,8
CHEMBL4551737,350.41400000000004,4.590200000000004,55.760000000000005,1,4,9
CHEMBL4554678,450.5970000000003,4.733600000000004,108.74000000000001,2,5,6
CHEMBL4561426,342.344,-1.6578000000000008,139.84,6,8,3
CHEMBL4566713,286.459,5.176400000000005,17.07,0,1,4
CHEMBL4567748,434.57300000000015,5.808700000000008,104.06000000000002,3,5,10
CHEMBL4569363,669.834,5.100900000000004,214.07999999999998,8,8,32
CHEMBL4583081,409.3490000000001,3.7818000000000023,50.36,2,3,5
CHEMBL4583694,360.47900000000016,3.0279000000000016,59.59,2,4,4
CHEMBL4585267,340.37500000000006,3.7396000000000025,75.99000000000001,2,5,7
CHEMBL4586385,395.32200000000006,3.391700000000001,50.36,2,3,4
CHEMBL4586715,324.37600000000003,4.034000000000003,55.760000000000005,1,4,7
CHEMBL4589547,360.47900000000016,3.0279000000000016,59.59,2,4,6
CHEMBL4589821,275.34499999999997,0.6611999999999989,106.86000000000001,4,4,12
CHEMBL4635708,542.4960000000001,3.590500000000003,166.14000000000001,6,10,2
CHEMBL4636723,810.7580000000007,0.00799999999999973,309.14,13,18,10
CHEMBL4638367,486.47600000000017,5.061800000000008,150.84,7,8,4
CHEMBL4639409,582.5580000000003,2.131,195.6,7,12,9
CHEMBL4639813,810.7580000000007,0.00799999999999973,309.14,13,18,10
CHEMBL4647374,448.42400000000015,0.7232999999999996,166.14000000000001,6,10,6
CHEMBL4647539,244.246,2.679400000000001,80.92,4,4,2
CHEMBL4649760,486.47600000000017,5.061800000000008,150.84,7,8,4
CHEMBL46403,284.4839999999999,6.332500000000007,37.3,1,1,16
CHEMBL82293,256.4299999999999,5.552300000000005,37.3,1,1,14
CHEMBL481072,542.4960000000001,3.590500000000003,166.14000000000001,6,10,2
CHEMBL508749,404.34100000000024,4.031500000000003,48.13,2,2,0
CHEMBL453509,254.4139999999999,5.328300000000005,37.3,1,1,13
CHEMBL1173381,312.53799999999995,7.112700000000007,37.3,1,1,18
CHEMBL1929043,424.53700000000026,5.548100000000007,79.15,3,5,6
CHEMBL3809337,368.38500000000016,4.094100000000003,100.13000000000001,3,6,4
CHEMBL3810179,368.3850000000001,4.094100000000003,100.13,3,6,4
CHEMBL3808735,354.40200000000016,5.036900000000003,72.06,2,5,5
CHEMBL4453336,610.2730000000001,7.8357200000000065,127.45000000000002,5,7,2
CHEMBL4458937,541.3830000000003,6.528920000000007,127.45000000000002,5,7,2
CHEMBL4461708,575.8280000000002,7.182320000000007,127.45000000000002,5,7,2
CHEMBL4465327,506.93800000000033,5.875520000000008,127.45000000000002,5,7,2
CHEMBL4471983,506.9380000000003,5.875520000000007,127.45000000000002,5,7,2
CHEMBL4473832,585.8340000000002,6.638020000000007,127.45000000000002,5,7,2
CHEMBL4475087,575.8280000000002,7.182320000000007,127.45000000000002,5,7,2
CHEMBL4514758,541.3830000000003,6.528920000000007,127.45000000000002,5,7,2
CHEMBL4528755,644.7180000000001,8.489119999999996,127.45000000000002,5,7,2
CHEMBL4532631,472.4930000000003,5.222120000000007,127.45000000000002,5,7,2
CHEMBL4633129,252.35399999999998,3.4626000000000023,57.53,2,2,10
CHEMBL4633514,588.7819999999999,7.446400000000009,127.20000000000002,2,6,21
CHEMBL4634430,546.7450000000002,6.8756000000000075,121.13,3,5,20
CHEMBL4634824,436.54800000000023,5.821000000000007,57.150000000000006,1,5,5
CHEMBL4635432,294.391,4.033400000000003,63.6,1,3,11
CHEMBL4635749,382.41900000000004,5.451200000000004,71.34,2,3,5
CHEMBL4636630,454.56300000000033,4.821900000000005,88.38000000000001,3,6,8
CHEMBL4637629,590.7540000000005,7.577900000000008,147.43,3,6,21
CHEMBL4638022,238.37099999999995,4.7142000000000035,37.3,1,1,11
CHEMBL4638191,438.5200000000002,5.188300000000006,96.22000000000001,3,6,6
CHEMBL4638414,352.3860000000001,4.920700000000005,72.06,2,5,3
CHEMBL4638626,418.39900000000006,5.729400000000004,71.34,2,3,5
CHEMBL4638865,508.66600000000017,5.005400000000004,64.68,2,4,4
CHEMBL4638927,420.5050000000002,5.703400000000006,57.150000000000006,1,5,3
CHEMBL4639007,354.40200000000004,5.036900000000004,72.06,2,5,5
CHEMBL4639237,236.355,4.490200000000003,37.3,1,1,9
CHEMBL4639637,438.4760000000002,3.9592000000000036,116.45000000000002,4,7,3
CHEMBL4639645,294.391,4.033400000000003,63.6,1,3,11
CHEMBL4640375,542.4960000000001,3.590500000000003,166.14000000000001,6,10,2
CHEMBL4640620,310.522,6.888700000000007,37.3,1,1,17
CHEMBL4640861,588.7819999999999,7.446400000000009,127.20000000000002,2,6,21
CHEMBL4640921,542.4960000000001,3.590500000000003,166.14000000000001,6,10,2
CHEMBL4644049,546.7450000000002,6.875600000000008,121.13000000000001,3,5,20
CHEMBL4644603,542.4960000000001,3.590500000000003,166.14000000000001,6,10,2
CHEMBL4646089,414.41000000000025,3.5040000000000036,133.52,4,8,3
CHEMBL4646384,546.7450000000002,6.8756000000000075,121.13,3,5,20
CHEMBL4646830,542.4960000000001,3.590500000000003,166.14000000000001,6,10,2
CHEMBL4646926,451.3090000000001,6.758000000000004,71.34,2,3,5
CHEMBL4647021,422.52100000000024,5.733500000000007,68.15,2,5,5
CHEMBL4647463,326.34800000000007,3.880120000000003,90.9,3,5,2
CHEMBL1765357,465.4470000000001,3.060500000000002,154.57,2,8,6
CHEMBL4632818,368.3450000000001,1.5793,127.17,4,5,3
CHEMBL4634606,381.435,5.186300000000004,73.99000000000001,3,2,5
CHEMBL4634743,411.4580000000001,3.662300000000002,113.54,3,5,7
CHEMBL4635202,331.37100000000004,0.9277,98.76999999999998,1,7,5
CHEMBL4635765,371.392,3.688500000000002,75.63,2,3,4
CHEMBL4635833,399.475,5.314700000000003,71.09,2,4,5
CHEMBL4636119,771.8440000000002,9.296999999999999,157.69,3,9,16
CHEMBL4636382,355.46200000000005,4.978000000000003,29.1,1,2,3
CHEMBL4637354,421.43800000000005,2.755370000000001,138.04,3,7,5
CHEMBL4637373,412.161,3.8908000000000014,66.39999999999999,2,2,1
CHEMBL4638054,297.266,3.1891000000000016,97.50999999999999,1,4,5
CHEMBL4639896,393.44200000000006,2.357,98.76999999999998,1,7,6
CHEMBL4641106,358.2750000000001,2.9999800000000008,90.19000000000001,2,3,1
CHEMBL4641922,381.41700000000014,1.91682,117.73999999999998,1,7,4
CHEMBL4641929,417.415,5.464500000000003,73.99000000000001,3,2,5
CHEMBL4642395,241.246,2.3767000000000005,66.39999999999999,2,2,2
CHEMBL4642505,402.89200000000005,3.8606000000000016,96.45000000000002,2,7,5
CHEMBL4646731,398.487,5.919700000000003,58.2,2,3,5
CHEMBL4647377,333.265,3.128300000000001,66.39999999999999,2,2,1
CHEMBL4648494,410.58300000000025,5.540100000000006,58.2,2,3,5
CHEMBL4648808,472.54100000000017,5.324680000000004,108.64999999999999,2,5,8
CHEMBL4746515,499.89200000000017,3.7139000000000024,154.57,2,8,6
CHEMBL4748920,2265.6339999999996,-11.249189999999937,1031.8400000000001,37,32,78
CHEMBL4750435,488.4990000000002,6.172700000000004,94.56,1,6,5
CHEMBL4750975,533.4440000000002,4.079300000000003,154.57,2,8,6
CHEMBL4757579,537.5100000000002,3.2372000000000014,180.86999999999998,2,10,8
CHEMBL4762771,510.4440000000002,2.968700000000002,197.70999999999998,2,10,7
CHEMBL4763463,2483.770999999996,-5.510359999999922,1017.6600000000003,36,31,79
CHEMBL4776707,685.0730000000004,5.532900000000006,145.94,6,8,20
CHEMBL4776892,541.5530000000002,1.0288999999999993,167.17000000000002,6,10,8
CHEMBL4777827,477.51000000000016,-0.20100000000000073,157.94,6,9,7
CHEMBL4778434,477.6010000000002,6.423800000000008,99.75999999999999,3,6,10
CHEMBL4778849,597.6610000000002,2.3263999999999996,167.17000000000002,6,10,8
CHEMBL4780469,498.9630000000002,6.470700000000004,92.47,2,5,5
CHEMBL4780471,495.4730000000002,3.0691000000000015,163.79999999999998,2,9,7
CHEMBL4782991,2049.3590000000013,-8.961829999999916,867.7800000000003,31,30,69
CHEMBL4784105,479.4740000000002,3.368920000000001,154.56999999999996,2,8,6
CHEMBL4785543,838.994,8.893400000000003,100.14000000000003,0,10,20
CHEMBL4786441,824.967,8.805000000000003,111.14000000000003,1,9,20
CHEMBL4786486,525.5540000000002,0.9035999999999993,157.94,6,9,7
CHEMBL4788887,1048.264,10.373799999999996,146.31,1,12,26
CHEMBL4789031,2276.612999999999,-11.408189999999937,1046.2500000000002,37,32,78
CHEMBL4789297,2267.6160000000004,-12.329429999999928,1029.3900000000003,37,36,83
CHEMBL4790195,2377.676999999998,-10.105389999999932,1079.1100000000001,38,32,79
CHEMBL4792019,479.4820000000002,-0.7547999999999999,167.17000000000002,6,10,7
CHEMBL4792956,358.34900000000005,4.415820000000003,84.58,1,4,3
CHEMBL4792963,364.3780000000001,4.679900000000003,87.74,2,5,3
CHEMBL4794022,559.8690000000003,7.0941000000000045,92.47,2,5,5
CHEMBL4800515,467.44600000000014,-0.6243000000000007,157.94,6,9,6
CHEMBL269277,456.7110000000003,7.089500000000009,57.53,2,2,2
CHEMBL221907,420.46100000000024,5.269700000000006,100.13000000000001,3,6,3
CHEMBL513978,372.5050000000001,6.066120000000007,77.76,3,3,9
CHEMBL2018876,310.34900000000005,4.725300000000004,73.83,3,4,3
CHEMBL2310311,370.4890000000001,6.036020000000007,66.76,2,3,7
CHEMBL3288200,182.22599999999997,2.7959200000000006,17.3,0,2,0
CHEMBL4780652,254.28199999999998,0.9908999999999999,64.99000000000001,1,5,4
CHEMBL4781042,526.6070000000003,4.594900000000004,97.36000000000003,0,8,11
CHEMBL4781365,264.23,-2.8815999999999997,125.68000000000002,4,8,3
CHEMBL4782087,717.0340000000002,7.6984000000000075,109.39000000000003,1,8,12
CHEMBL4782460,603.6930000000002,6.282500000000006,109.39000000000003,1,8,12
CHEMBL4787688,679.7910000000002,7.852900000000008,109.39000000000003,1,8,14
CHEMBL4788179,316.35300000000007,2.1712,64.99000000000001,1,5,5
CHEMBL4788294,679.7910000000003,7.949500000000009,109.39000000000003,1,8,13
CHEMBL4793462,653.7530000000003,7.435700000000008,109.39000000000003,1,8,12
CHEMBL4793782,240.25499999999997,0.6008,64.99000000000001,1,5,3
CHEMBL4798517,992.1780000000001,12.151399999999985,112.17000000000003,1,10,23
CHEMBL4800140,793.1320000000002,9.268799999999999,109.39000000000003,1,8,14
CHEMBL4846983,358.61,-0.11717999999999962,8.29,0,1,0
CHEMBL4847372,402.48700000000014,3.977620000000003,107.22000000000001,4,5,8
CHEMBL4849561,402.4870000000002,3.977620000000003,107.22000000000001,4,5,9
CHEMBL4850859,218.687,3.6172000000000013,16.96,1,2,0
CHEMBL4851997,216.671,3.449320000000002,17.3,0,2,0
CHEMBL4854129,418.5300000000002,4.855720000000005,96.22000000000001,3,5,9
CHEMBL4856719,368.47300000000007,5.812020000000007,66.76,2,3,7
CHEMBL4859368,386.4880000000001,5.0068200000000065,86.99000000000001,3,4,7
CHEMBL4861866,490.5960000000003,6.808500000000008,111.13000000000002,4,6,7
CHEMBL4861976,258.324,4.078300000000002,17.3,0,2,2
CHEMBL4862506,490.5960000000003,7.026300000000008,111.13000000000001,4,6,8
CHEMBL4863246,366.246,0.49252000000000007,8.29,0,1,3
CHEMBL4865928,198.269,2.988100000000001,8.17,0,2,0
CHEMBL4866095,386.4880000000001,5.006820000000006,86.99000000000001,3,4,8
CHEMBL4866869,646.6920000000003,8.16652,167.91,7,9,8
CHEMBL4867070,644.6760000000004,8.703719999999995,160.82,6,9,7
CHEMBL4867404,576.7710000000001,3.887500000000003,136.68,5,7,4
CHEMBL4871707,482.2870000000001,1.8390199999999997,8.29,0,1,2
CHEMBL4872765,422.4770000000002,5.2998000000000065,111.13000000000002,4,6,5
CHEMBL4874822,184.24199999999996,2.963800000000001,16.96,1,2,0
CHEMBL4876070,386.4880000000001,5.006820000000006,86.99000000000001,3,4,8
CHEMBL4876085,251.11599999999999,4.102720000000002,17.3,0,2,0
CHEMBL4876185,481.68300000000016,6.426900000000006,63.24,1,4,12
CHEMBL4877026,253.132,4.270600000000003,16.96,1,2,0
CHEMBL4877199,214.268,2.9724000000000013,26.189999999999998,1,3,1
CHEMBL4877884,324.16499999999996,-0.7705799999999994,8.29,0,1,0
CHEMBL5070507,469.51600000000025,1.1469999999999998,124.09,2,6,4
CHEMBL5070918,346.42300000000006,3.0111000000000017,72.83,1,5,3
CHEMBL5076419,379.413,2.0774999999999997,98.74000000000001,3,5,5
CHEMBL5084733,404.4590000000002,2.5527000000000006,99.13000000000002,1,7,4
CHEMBL5085615,384.38500000000005,1.0152,116.16999999999999,3,6,5
CHEMBL5089751,434.61700000000013,6.018400000000007,86.99000000000001,3,5,13
CHEMBL487020,260.289,3.5155400000000023,58.92,2,4,3
CHEMBL521162,362.4220000000001,1.9818999999999998,93.06000000000002,2,6,3
CHEMBL2152644,276.288,3.221140000000002,79.15,3,5,3
CHEMBL4757140,501.6670000000003,5.1509000000000045,72.47,1,4,1
CHEMBL5079023,374.43300000000005,3.493500000000002,89.9,1,5,4
CHEMBL5175490,533.7090000000003,4.340500000000004,84.86000000000001,2,5,1
CHEMBL5177685,428.5320000000001,4.687800000000005,75.21,2,4,0
CHEMBL5178243,481.5890000000002,3.2356000000000016,105.09,3,7,1
CHEMBL5179597,417.84800000000007,6.655900000000004,72.56,1,4,6
CHEMBL5181027,503.6830000000003,5.713600000000005,78.78999999999999,3,4,1
CHEMBL5183150,456.53500000000025,3.500600000000003,102.29000000000002,2,7,1
CHEMBL5185543,428.40000000000015,5.910700000000004,115.70000000000002,1,6,7
CHEMBL5186891,638.5780000000003,2.1641999999999997,226.57999999999996,6,14,3
CHEMBL5190487,417.84800000000007,6.655900000000004,72.56,1,4,6
CHEMBL5191899,531.8600000000001,5.016800000000004,93.06,2,6,0
CHEMBL5192054,519.6820000000002,3.686400000000003,95.86,3,5,0
CHEMBL5192236,533.7090000000003,5.013200000000005,77.02000000000001,2,5,1
CHEMBL5204172,638.5780000000003,2.583900000000001,215.57999999999996,5,14,4
CHEMBL5204780,565.7070000000002,3.5177000000000023,119.0,2,7,3
CHEMBL5206722,452.2930000000001,7.309300000000004,72.56,1,4,6
CHEMBL5207225,486.56100000000026,3.209100000000002,122.52000000000001,3,8,1
CHEMBL5207648,638.5780000000002,2.1641999999999997,226.57999999999996,6,14,3
CHEMBL5209090,533.7090000000003,4.340500000000004,84.86000000000001,2,5,1
CHEMBL5218779,533.8200000000003,5.512700000000003,87.66000000000001,3,5,5
CHEMBL5219015,594.5220000000002,-2.167779999999999,242.12999999999997,8,15,6
CHEMBL5219028,478.40600000000023,-1.4472000000000003,203.44,7,12,5
CHEMBL5219224,462.40700000000015,-1.1528000000000003,183.21,6,11,5
CHEMBL5219421,610.5210000000002,-2.9838999999999993,262.35999999999996,9,16,7
CHEMBL5219572,516.9280000000002,5.519100000000003,67.43,2,4,5
CHEMBL5219988,594.5220000000002,-2.3383999999999987,242.12999999999997,8,15,7
CHEMBL5220139,578.5230000000001,-1.873379999999999,221.89999999999998,7,14,6
CHEMBL5220182,533.8200000000003,5.512700000000003,87.66000000000001,3,5,5
CHEMBL5220318,533.8200000000003,5.512700000000003,87.66000000000001,3,5,5
CHEMBL5220330,499.3750000000002,4.859300000000002,87.66000000000001,3,5,5
CHEMBL5220392,580.4950000000002,-2.4707799999999978,253.12999999999997,9,15,5
CHEMBL5220490,535.3550000000002,5.137500000000003,87.66000000000001,3,5,5
CHEMBL5220593,432.3810000000001,-0.8103,173.98,6,10,4
CHEMBL5220608,594.5220000000002,-2.689499999999998,242.12999999999997,8,15,7
CHEMBL5220804,533.8200000000003,5.512700000000003,87.66000000000001,3,5,5
CHEMBL5220938,432.3810000000001,-1.1614000000000002,173.98,6,10,4
CHEMBL5220958,548.4970000000002,-1.881979999999997,212.67,7,13,5
CHEMBL5269314,491.59000000000026,5.373800000000004,76.07000000000001,1,6,8
CHEMBL5270661,539.5260000000002,3.078800000000001,180.53999999999996,3,10,8
CHEMBL5271990,531.6370000000002,4.428900000000003,125.9,2,7,9
CHEMBL5275616,500.98900000000015,4.920200000000003,112.49000000000001,2,6,7
CHEMBL5276767,467.4630000000001,2.902100000000001,154.24,3,8,6
CHEMBL5278722,489.59400000000016,4.081600000000003,116.25000000000001,2,5,6
CHEMBL5287377,448.46400000000017,3.0890000000000004,135.16000000000003,3,9,5
CHEMBL5289805,322.36,4.222700000000003,66.75999999999999,2,4,3
CHEMBL5291082,228.25100000000003,3.206900000000001,55.17,1,3,4
CHEMBL6510,585.6230000000003,7.525020000000007,103.26,1,7,14
CHEMBL7048,549.5050000000002,6.152900000000005,103.26,1,7,8
CHEMBL55243,672.7570000000003,2.352700000000003,219.50999999999996,6,8,18
CHEMBL187265,260.20099999999996,1.7685999999999997,111.13000000000001,4,6,0
CHEMBL219553,274.316,2.9002000000000008,58.92,2,4,5
CHEMBL471504,260.289,2.5972000000000013,69.92,3,4,4
CHEMBL1208413,308.315,0.7350000000000001,95.94,2,5,2
CHEMBL3310464,495.9440000000003,5.035540000000005,120.99,3,6,5
CHEMBL5265859,293.30400000000003,0.5682999999999999,102.5,3,4,2
CHEMBL5266281,610.7160000000001,6.206700000000003,60.69,3,3,2
CHEMBL5266431,756.5890000000004,6.507400000000004,207.15999999999997,0,12,10
CHEMBL5267531,816.3280000000005,5.645200000000005,195.80999999999997,4,7,13
CHEMBL5267772,446.8900000000002,1.1558,130.07999999999998,2,7,5
CHEMBL5268335,518.7170000000002,7.741100000000008,55.12,1,3,5
CHEMBL5268430,342.39199999999994,1.8351,86.71000000000001,2,4,3
CHEMBL5268825,588.5760000000001,6.967700000000007,101.13,2,6,8
CHEMBL5269933,482.6650000000001,7.892200000000009,88.52,2,4,19
CHEMBL5271227,692.5350000000001,6.535800000000009,149.20000000000002,4,4,14
CHEMBL5271440,667.4630000000004,4.292520000000004,186.57999999999998,4,6,12
CHEMBL5272037,390.4170000000001,1.3957999999999997,135.96,5,7,7
CHEMBL5272219,286.714,4.661400000000002,50.44,1,3,2
CHEMBL5272799,556.9580000000001,9.6772,75.63,2,3,17
CHEMBL5272918,471.6130000000001,7.856100000000008,75.63,2,3,17
CHEMBL5273366,671.4269999999999,6.198100000000006,145.76999999999998,4,5,9
CHEMBL5274674,519.6000000000003,5.371820000000005,104.14000000000001,2,6,8
CHEMBL5275137,339.3480000000001,-0.8869999999999991,136.17000000000002,4,7,7
CHEMBL5275241,921.369,9.585899999999988,162.84000000000003,4,6,10
CHEMBL5276034,268.40000000000003,5.703720000000005,20.23,1,1,4
CHEMBL5276727,493.5590000000002,5.698400000000006,85.46000000000001,1,5,6
CHEMBL5277409,356.45000000000005,4.615800000000003,32.34,1,2,3
CHEMBL5278919,627.5880000000001,7.106520000000007,127.16000000000001,2,7,10
CHEMBL5281085,480.4760000000001,5.3045000000000035,140.57999999999998,4,4,8
CHEMBL5281667,302.4580000000001,5.034820000000006,40.46,2,2,4
CHEMBL5282419,509.6900000000002,8.430420000000007,51.46,1,3,14
CHEMBL5283212,619.6710000000002,3.581800000000002,180.35999999999999,5,7,17
CHEMBL5283970,427.1170000000001,5.413300000000003,53.35000000000001,2,4,2
CHEMBL5284602,559.5250000000003,8.792380000000005,46.53,1,3,6
CHEMBL5285288,722.5610000000004,7.31190000000001,158.42999999999998,4,5,13
CHEMBL5286861,760.3860000000003,5.309000000000007,186.57999999999998,4,6,13
CHEMBL5287884,452.50300000000016,4.464100000000003,110.13000000000001,2,5,6
CHEMBL5287985,585.6230000000003,7.525020000000007,103.26,1,7,14
CHEMBL5288250,689.4160000000004,4.262300000000004,186.57999999999998,4,6,12
CHEMBL5288882,558.7440000000004,7.526700000000007,88.52,2,5,12
CHEMBL5289453,635.447,5.9199000000000055,145.76999999999998,4,5,9
CHEMBL5289564,549.5400000000002,3.2257000000000016,178.89999999999998,3,11,13
CHEMBL5290130,534.4780000000001,6.706500000000006,43.370000000000005,0,3,3
CHEMBL5290331,402.761,4.434500000000002,100.13000000000001,3,6,3
CHEMBL5290371,302.458,5.034820000000007,40.46,2,2,4
CHEMBL5290531,302.458,5.036420000000006,40.46,2,2,5
CHEMBL5290902,750.6759999999999,6.97210000000001,167.89,4,7,13
CHEMBL462653,318.45700000000005,4.443100000000004,54.37,1,2,1
CHEMBL518780,425.4070000000001,5.295000000000005,43.370000000000005,0,3,2
CHEMBL3355409,318.45700000000005,3.8753000000000033,46.53,1,3,4
CHEMBL4069998,545.5000000000002,2.5460400000000005,169.02000000000004,3,10,2
CHEMBL4078208,488.44800000000026,3.0676400000000017,147.43,3,9,2
CHEMBL4096260,546.4840000000004,3.070540000000001,165.89000000000001,3,11,2
CHEMBL4645427,546.4840000000003,2.3414400000000004,166.64000000000001,2,11,2
CHEMBL5267587,487.4780000000002,6.864400000000007,43.370000000000005,0,3,3
CHEMBL5282928,430.6330000000003,3.8069000000000024,58.64,1,5,4
CHEMBL5289855,468.63400000000024,6.2837000000000085,72.83,1,5,4
CHEMBL5393832,413.52000000000004,3.9840000000000035,66.84,1,5,8
CHEMBL5394610,1715.0270000000005,-0.5367599999999899,702.59,24,20,66
CHEMBL5394614,730.8010000000006,-0.958499999999995,248.19999999999993,7,16,8
CHEMBL5396275,1701.0000000000005,-0.9268599999999794,702.59,24,20,65
CHEMBL5397867,1600.8829999999998,-1.9420599999999715,665.2900000000001,23,19,59
CHEMBL5399237,1671.0179999999996,0.00844000000001155,665.2900000000001,23,19,64
CHEMBL5400624,468.76600000000036,9.049900000000003,26.3,0,2,5
CHEMBL5400785,1713.099,1.1787400000000066,665.2900000000001,23,19,67
CHEMBL5401343,1799.1890000000008,1.8038400000000006,702.59,24,20,72
CHEMBL5401948,1699.0719999999997,0.7886400000000087,665.2900000000001,23,19,66
CHEMBL5402151,710.7700000000002,0.05330000000000329,224.80999999999997,5,15,7
CHEMBL5403215,1628.937,-1.1618599999999801,665.2900000000001,23,19,61
CHEMBL5403486,398.49900000000014,5.808300000000006,83.83,2,3,13
CHEMBL5404938,1685.0449999999996,0.3985400000000108,665.2900000000001,23,19,65
CHEMBL5407062,858.9280000000002,-1.3014999999999926,286.89,8,19,10
CHEMBL5407344,1771.1350000000007,1.0236400000000017,702.59,24,20,70
CHEMBL5410568,427.547,4.374100000000005,66.84,1,5,9
CHEMBL5410633,441.5740000000002,4.764200000000004,66.84,1,5,10
CHEMBL5415315,359.51000000000016,4.0191000000000034,55.4,1,3,5
CHEMBL5416613,1757.1080000000006,0.6335400000000078,702.59,24,20,69
CHEMBL5416957,546.4840000000004,3.070540000000001,165.89000000000001,3,11,2
CHEMBL5417528,1642.9639999999997,-0.7717599999999876,665.2900000000001,23,19,62
CHEMBL5420819,1729.0540000000005,-0.14665999999999202,702.59,24,20,67
CHEMBL5421468,530.4410000000004,2.5657400000000017,173.73,3,11,1
CHEMBL5421771,1741.153,1.9589399999999997,665.2900000000001,23,19,69
CHEMBL5422167,1769.2070000000003,2.739140000000001,665.2900000000001,23,19,71
CHEMBL5422235,502.4310000000003,2.787740000000001,156.66,3,10,1
CHEMBL5422813,359.51000000000016,4.0191000000000034,55.400000000000006,1,3,5
CHEMBL5424323,609.773,9.265699999999999,70.16,2,2,1
CHEMBL5426958,361.52600000000007,4.265200000000004,58.56,2,3,6
CHEMBL5428185,427.5470000000001,4.374100000000005,66.84,1,5,9
CHEMBL5432118,1743.0810000000006,0.24344000000000676,702.59,24,20,68
CHEMBL5432267,441.5740000000001,4.764200000000004,66.84,1,5,10
CHEMBL5435535,1814.1600000000003,-0.25185999999997494,731.6900000000002,25,21,70
CHEMBL5436028,1656.9909999999998,-0.3816599999999881,665.2900000000001,23,19,63
CHEMBL5436090,710.7700000000006,0.0533000000000034,224.80999999999997,5,15,7
CHEMBL5437352,492.91500000000025,4.718700000000004,105.17,2,5,8
CHEMBL5438848,472.49700000000024,4.373720000000003,105.17,2,5,8
CHEMBL5439633,1727.126,1.5688400000000002,665.2900000000001,23,19,68
CHEMBL5440526,422.65000000000015,5.087500000000006,77.75999999999999,3,4,13
CHEMBL51314,307.349,3.717200000000002,63.24,1,3,1
CHEMBL244695,259.26099999999997,1.9231999999999996,86.63,3,3,2
CHEMBL4447474,527.7050000000003,5.3970000000000065,75.63,2,4,0
CHEMBL4469905,543.7040000000003,4.608200000000004,88.16,2,5,0
CHEMBL5396728,589.5560000000003,3.8348400000000025,149.20000000000002,2,10,2
CHEMBL5398996,605.5550000000003,3.540440000000002,169.43,3,11,2
CHEMBL5399128,668.4520000000002,4.5973400000000035,149.20000000000002,2,10,2
CHEMBL5400065,634.5530000000002,3.7430400000000024,192.34,2,12,3
CHEMBL5401310,605.5550000000003,3.540440000000002,169.43,3,11,2
CHEMBL5405091,624.0010000000002,4.488240000000004,149.20000000000002,2,10,2
CHEMBL5406102,590.5440000000002,3.229840000000001,162.09000000000003,2,11,2
CHEMBL5407129,635.6250000000003,3.8475600000000023,158.43,2,11,3
CHEMBL5407381,640.6040000000003,4.383040000000003,162.09000000000003,2,11,2
CHEMBL5407467,640.6040000000002,4.383040000000003,162.09000000000003,2,11,2
CHEMBL5409363,604.5710000000003,3.538260000000002,162.09000000000003,2,11,2
CHEMBL5409746,640.6040000000003,4.383040000000003,162.09000000000003,2,11,2
CHEMBL5413026,650.5520000000002,3.448640000000002,212.57,3,13,3
CHEMBL5413042,656.0430000000002,4.192540000000004,158.43,2,11,3
CHEMBL5413768,634.5530000000002,3.7430400000000024,192.34,2,12,3
CHEMBL5415020,666.5950000000003,3.4473400000000023,201.56999999999996,2,13,4
CHEMBL5415903,375.17500000000007,1.6279999999999997,86.71000000000001,2,4,1
CHEMBL5418216,640.6040000000002,4.383040000000003,162.09000000000003,2,11,2
CHEMBL5420456,559.7030000000003,3.8194000000000026,100.69,2,6,0
CHEMBL5421141,527.7050000000003,5.541000000000006,72.47,1,4,0
CHEMBL5421448,603.5830000000002,4.143260000000003,149.20000000000002,2,10,2
CHEMBL5422256,603.5360000000004,1.6345399999999997,195.73,3,12,4
CHEMBL5422468,689.6730000000003,4.192540000000004,175.49999999999997,2,12,6
CHEMBL5422593,634.5530000000002,3.7430400000000024,192.34,2,12,3
CHEMBL5423615,930.7369999999997,4.266620000000002,246.48,8,8,21
CHEMBL5424485,624.0010000000002,4.488240000000003,149.20000000000002,2,10,2
CHEMBL5425057,700.4940000000001,4.301640000000004,158.43,2,11,3
CHEMBL5425450,715.4520000000002,4.439440000000003,149.20000000000002,2,10,2
CHEMBL5425610,607.5460000000003,3.9739400000000025,149.20000000000002,2,10,2
CHEMBL5425773,666.5950000000003,3.4473400000000014,201.56999999999996,2,13,4
CHEMBL5425817,624.0010000000002,4.488240000000003,149.20000000000002,2,10,2
CHEMBL5431400,619.5820000000004,3.843440000000003,158.43,2,11,3
CHEMBL5431997,604.5710000000001,3.538260000000002,162.09000000000003,2,11,2
CHEMBL5433930,721.7150000000003,3.8968400000000027,184.73,2,13,7
CHEMBL5434320,679.6340000000004,3.8606400000000027,176.89,2,13,5
CHEMBL5438921,649.6080000000004,3.8520400000000032,167.66,2,12,4
CHEMBL5440067,715.4520000000002,4.439440000000003,149.20000000000002,2,10,2
CHEMBL5440995,513.4580000000003,2.3722399999999997,160.06,3,9,1
CHEMBL5483071,590.5440000000002,3.229840000000002,162.09000000000003,2,11,2
CHEMBL5556670,454.5580000000001,4.406600000000002,101.05,2,8,6
CHEMBL5556951,533.4540000000001,5.169100000000002,101.05,2,8,6
CHEMBL5559131,533.4540000000001,5.169100000000002,101.05,2,8,6
CHEMBL5561387,472.5480000000001,4.545700000000002,101.05,2,8,6
CHEMBL5561609,533.4540000000001,5.169100000000002,101.05,2,8,6
CHEMBL5565261,472.5480000000001,4.545700000000002,101.05,2,8,6
CHEMBL5566069,472.5480000000001,4.545700000000002,101.05,2,8,6
CHEMBL57974,208.10000000000002,1.9135999999999993,57.53,2,1,2
CHEMBL5095164,385.46100000000007,1.2053,98.73999999999998,3,5,5
CHEMBL5518105,530.6560000000002,6.0736000000000026,101.05,2,8,7
CHEMBL5531981,508.52800000000013,4.823900000000002,101.05,2,8,6
CHEMBL5532077,512.5940000000002,4.193200000000003,127.35,2,10,7
CHEMBL5532562,505.60600000000017,4.954800000000002,113.94,2,9,6
CHEMBL5537066,522.5550000000001,5.425400000000002,101.05,2,8,6
CHEMBL5542548,506.99300000000017,5.199100000000002,101.05,2,8,6
CHEMBL5542780,489.00300000000016,5.060000000000002,101.05,2,8,6
CHEMBL5549781,538.5540000000001,5.305200000000002,110.28,2,9,7
CHEMBL5555119,264.189,3.128300000000001,57.53,2,2,2
CHEMBL5555356,510.66600000000017,5.704100000000004,101.05000000000001,2,8,6
CHEMBL5555375,538.5540000000001,5.305200000000002,110.28,2,9,7
CHEMBL5555556,506.99300000000017,5.199100000000002,101.05,2,8,6
CHEMBL5555685,504.61800000000017,5.559800000000003,101.05,2,8,6
CHEMBL5556146,532.6500000000002,3.810100000000002,135.19,2,10,7
CHEMBL5556233,590.5520000000001,6.444200000000002,101.05,2,8,6
CHEMBL5556693,479.56800000000015,4.278280000000001,124.84,2,9,6
CHEMBL5556892,411.0850000000001,4.796600000000002,57.53,2,1,2
CHEMBL5557123,512.5940000000003,4.193200000000003,127.35,2,10,7
CHEMBL5559145,468.58500000000015,4.715020000000002,101.05000000000001,2,8,6
CHEMBL5559440,468.5850000000002,4.715020000000003,101.05000000000001,2,8,6
CHEMBL5559660,343.38000000000017,0.13280000000000008,89.94999999999999,2,5,2
CHEMBL5559860,522.5550000000001,5.425400000000002,101.05,2,8,6
CHEMBL5560013,468.58500000000015,4.715020000000002,101.05000000000001,2,8,6
CHEMBL5560087,393.1450000000001,5.044000000000001,57.53,2,2,2
CHEMBL5560557,522.5550000000001,5.425400000000002,101.05,2,8,6
CHEMBL5560637,479.56800000000015,4.278280000000001,124.84,2,9,6
CHEMBL5561953,490.5380000000001,4.684800000000002,101.05,2,8,6
CHEMBL5562671,490.5380000000001,4.684800000000002,101.05,2,8,6
CHEMBL5562778,530.6560000000002,6.073600000000003,101.05,2,8,7
CHEMBL5563559,512.5940000000002,4.193200000000003,127.35,2,10,7
CHEMBL5564167,499.5550000000002,4.314800000000002,144.19,2,10,7
CHEMBL5565151,492.6120000000003,5.720000000000008,115.06,4,6,6
CHEMBL5566801,484.5840000000002,4.415200000000002,110.28,2,9,7
CHEMBL5567073,499.5550000000002,4.314800000000002,144.19,2,10,7
CHEMBL5567776,479.56800000000015,4.278280000000002,124.84,2,9,6
CHEMBL5567799,538.5540000000001,5.305200000000003,110.28,2,9,7
CHEMBL5567930,489.00300000000016,5.060000000000002,101.05,2,8,6
CHEMBL5567968,400.31700000000006,5.874500000000004,70.67,2,2,4
CHEMBL5568353,489.00300000000016,5.060000000000002,101.05,2,8,6
CHEMBL5568550,499.5550000000002,4.314800000000002,144.19,2,10,7
CHEMBL5570631,492.6120000000003,5.409800000000007,115.06,4,6,5
CHEMBL5572657,474.5970000000003,6.414500000000007,83.83,2,5,3
CHEMBL5618838,380.34799999999996,0.25119999999999976,110.77000000000001,4,6,5
CHEMBL5619195,365.386,1.6873999999999996,98.74000000000001,3,5,4
CHEMBL5619222,930.7369999999997,4.266620000000002,246.48,8,8,21
CHEMBL5619806,398.4120000000001,1.4053,116.16999999999999,3,6,5
CHEMBL5630980,523.5730000000001,6.746200000000005,57.61,1,4,5
CHEMBL5631051,497.535,6.356100000000005,57.61,1,4,7
CHEMBL5624476,638.6800000000004,2.6251000000000015,184.85999999999996,4,11,7
CHEMBL5624477,437.3890000000001,2.453900000000001,134.97,0,8,4
CHEMBL5624504,472.0310000000001,6.241700000000005,57.61,1,4,5
CHEMBL5624515,577.6840000000003,3.8350000000000035,104.30000000000001,0,8,8
CHEMBL5624535,559.5120000000003,2.9148000000000023,181.61999999999995,4,10,5
CHEMBL5624539,576.6090000000002,1.1957999999999995,184.85999999999999,4,11,6
CHEMBL5624568,505.58300000000014,6.607100000000005,57.61,1,4,5
CHEMBL5624636,452.022,5.913100000000004,57.61,1,5,7
CHEMBL5624654,445.4690000000002,1.1049,95.07,0,7,4
CHEMBL5624831,445.993,5.851600000000005,57.61,1,4,7
CHEMBL5624847,498.5160000000002,4.124700000000003,101.06,0,7,6
CHEMBL5624932,479.545,6.217000000000005,57.61,1,4,7
CHEMBL5624938,468.4630000000002,1.5476999999999996,109.65,0,9,4
CHEMBL5624951,589.6690000000002,7.772500000000006,97.05,1,5,10
CHEMBL5625012,441.57400000000007,5.206800000000005,66.84,1,5,8
CHEMBL5625090,547.595,7.509300000000006,57.61,1,4,7
CHEMBL5625121,480.43800000000005,6.505000000000004,57.61,1,4,7
CHEMBL5625142,513.99,6.8704000000000045,57.61,1,4,7
CHEMBL5629878,593.0130000000003,6.763700000000005,140.19,1,7,9
CHEMBL5629890,473.38300000000015,2.6538000000000013,88.4,0,8,3
CHEMBL5629904,559.6430000000003,7.860500000000006,87.82000000000001,1,4,8
CHEMBL5630180,515.6130000000003,2.4057000000000004,104.30000000000001,0,8,7
CHEMBL5630201,496.05300000000005,7.004800000000006,57.61,1,4,7
CHEMBL5630282,477.48000000000025,1.1776999999999995,152.79000000000002,0,11,5
CHEMBL5630329,567.6670000000001,4.167400000000003,101.2,1,8,8
CHEMBL5630372,529.605,7.370200000000006,57.61,1,4,7
CHEMBL5630400,482.4000000000002,2.2838000000000003,131.54000000000002,0,10,4
CHEMBL5630421,441.57400000000007,5.206800000000005,66.84,1,5,8
CHEMBL5630431,452.022,5.9131000000000045,57.61,1,5,7
CHEMBL5630538,575.6420000000003,7.566100000000006,108.05000000000001,2,5,8
CHEMBL5630566,543.5270000000003,3.954600000000003,97.63000000000002,0,9,6
CHEMBL5630676,599.6030000000002,1.6385999999999992,199.43999999999997,4,13,6
CHEMBL5630679,507.54000000000025,2.534200000000001,95.07,0,7,5
CHEMBL5630729,378.4060000000001,1.2959,96.38000000000001,1,8,4
CHEMBL5630776,505.58300000000014,6.607100000000005,57.61,1,4,5
CHEMBL5630820,516.5570000000002,2.1642,138.21,0,9,6
CHEMBL5630847,454.4860000000003,0.7348999999999999,138.21,0,9,5
CHEMBL5630876,446.981,5.246600000000004,70.5,1,5,7
CHEMBL5630880,428.37200000000007,2.823900000000001,91.83000000000001,0,6,3
CHEMBL5631021,538.6070000000002,2.8485000000000005,118.88000000000002,0,10,7
CHEMBL5631059,445.993,5.851600000000005,57.61,1,4,7
CHEMBL5631075,604.5230000000004,2.7447000000000017,178.18999999999997,4,12,5
CHEMBL5631198,479.545,6.217000000000005,57.61,1,4,7
CHEMBL5811295,270.328,3.8077400000000026,35.53,0,3,4
CHEMBL5848347,308.33299999999997,3.9025000000000025,52.60000000000001,0,4,3
CHEMBL5875339,210.22899999999996,1.90302,44.760000000000005,0,4,4
CHEMBL5912516,368.47300000000007,5.003300000000006,47.92,1,4,4
CHEMBL5946660,336.387,4.682700000000005,52.60000000000001,0,4,5
CHEMBL5978005,382.50000000000017,5.393400000000007,47.92,1,4,5
CHEMBL6004394,396.5270000000002,5.783500000000007,47.92,1,4,6
CHEMBL28626,302.23800000000006,1.987999999999999,131.36,5,7,1
CHEMBL481657,246.262,1.8673999999999995,59.67,1,4,0
CHEMBL1586775,228.24699999999996,3.662600000000002,43.35,0,3,1
CHEMBL5776864,370.4450000000001,4.197200000000004,57.150000000000006,1,5,4
CHEMBL6078022,448.5590000000002,6.276620000000006,83.83000000000001,2,5,8
CHEMBL6078029,497.5030000000002,4.569400000000004,118.23,3,6,7
CHEMBL6078100,448.5590000000002,6.276620000000006,83.83000000000001,2,5,8
CHEMBL6078598,501.92200000000025,5.2142000000000035,109.00000000000001,3,5,6
CHEMBL6082988,497.5030000000002,4.569400000000004,118.23,3,6,7
CHEMBL6082989,434.5760000000002,6.772540000000006,66.75999999999999,2,4,7
CHEMBL6083009,580.6330000000004,5.828500000000005,127.19999999999999,2,8,4
CHEMBL6101831,312.32099999999997,3.123420000000001,83.83000000000001,2,5,5
CHEMBL6102688,390.196,4.378300000000001,24.06,2,1,2
CHEMBL6102893,745.605,3.9512000000000027,173.5,2,13,10
CHEMBL6103211,750.024,4.596000000000004,164.27,2,12,9
CHEMBL6103296,503.9380000000002,5.984800000000004,109.00000000000001,3,5,8
CHEMBL6103357,330.33600000000007,2.4853000000000005,85.97000000000001,1,6,2
CHEMBL6103417,745.6050000000001,3.9512000000000027,173.5,2,13,10
CHEMBL6103444,485.4670000000002,4.699900000000003,109.00000000000001,3,5,6
CHEMBL6120725,750.0240000000001,4.5960000000000045,164.27,2,12,9
CHEMBL6120825,481.50400000000025,4.869220000000005,109.00000000000001,3,5,6
CHEMBL6132720,757.6600000000001,5.066000000000004,164.27,2,12,10
CHEMBL6133106,733.5690000000001,4.081700000000003,164.27,2,12,9
CHEMBL6133179,534.2,6.709900000000005,75.99000000000001,2,5,7
CHEMBL6133319,428.076,4.527500000000003,66.76,2,4,4
CHEMBL6133408,467.4770000000002,4.560800000000004,109.00000000000001,3,5,6
CHEMBL6133545,434.5760000000002,6.772540000000006,66.75999999999999,2,4,7
CHEMBL6133607,537.49,6.350200000000005,109.00000000000001,3,5,8
CHEMBL6133787,466.94000000000005,5.825700000000003,57.53,2,3,3
CHEMBL6133883,358.3900000000001,3.5295000000000023,74.97,0,6,3
CHEMBL6142024,750.024,4.596000000000004,164.27,2,12,9
CHEMBL6142357,519.9120000000001,5.353300000000003,109.00000000000001,3,5,6
CHEMBL6146280,519.9120000000001,5.353300000000003,109.00000000000001,3,5,6
CHEMBL6146407,745.6050000000001,3.9512000000000027,173.5,2,13,10
CHEMBL6146623,206.15299999999996,1.1967999999999999,87.74,2,4,1
CHEMBL6146824,758.6480000000001,4.008600000000003,167.51,2,13,10
CHEMBL6147688,447.3140000000001,5.660460000000004,65.74000000000001,0,5,6
CHEMBL6148148,483.4760000000002,4.266400000000003,129.23000000000002,4,6,6
CHEMBL6148292,729.6060000000001,4.251020000000003,164.27,2,12,9
CHEMBL6148652,412.07700000000006,4.827320000000003,57.53,2,3,3
CHEMBL6152164,426.46500000000026,4.392500000000004,92.04000000000002,0,7,4
CHEMBL6152690,461.3260000000002,5.117300000000003,79.61,1,5,5
CHEMBL6160058,506.97200000000004,5.290000000000003,66.76,2,4,4
CHEMBL6160120,492.94500000000005,4.987000000000004,77.76,3,4,3
CHEMBL6160148,715.5790000000001,3.9426000000000023,164.27,2,12,9
CHEMBL6160382,466.047,5.5377000000000045,57.53,2,3,3
CHEMBL6160623,423.7640000000001,4.669000000000002,127.71999999999998,1,6,4
CHEMBL6161147,392.4360000000001,3.810500000000003,79.61,1,5,5
CHEMBL6161198,794.475,4.705100000000004,164.27,2,12,9
CHEMBL6170577,442.103,4.917600000000004,66.76,2,4,5
CHEMBL452770,442.72800000000024,7.139700000000009,40.46,2,2,0
CHEMBL510572,442.72800000000024,7.139700000000009,40.46,2,2,0
CHEMBL1230611,658.3460000000002,4.905000000000004,156.76999999999998,3,7,7
CHEMBL3103433,404.4890000000001,3.9132000000000025,74.69,2,4,4
CHEMBL5268667,198.225,2.3593,41.99,1,2,2
CHEMBL5314543,326.305,0.8741000000000001,95.94,2,5,2
CHEMBL6142333,296.279,0.8654999999999997,86.71000000000001,2,4,1
CHEMBL6144157,1685.0449999999996,0.3985400000000108,665.2900000000001,23,19,65
CHEMBL6144248,425.4180000000002,3.944900000000003,140.34,5,9,3
CHEMBL6144994,1713.0989999999993,1.0346400000000127,665.2900000000001,23,19,66
CHEMBL6145406,1685.0449999999996,0.3985400000000108,665.2900000000001,23,19,65
CHEMBL6147388,569.3200000000002,5.630700000000004,122.74000000000001,3,5,7
CHEMBL6148594,608.9040000000002,8.22380000000001,86.99000000000001,3,5,4
CHEMBL6149009,432.495,5.1723000000000035,57.53,2,3,3
CHEMBL6150529,259.195101778,1.7331999999999999,100.75,1,5,2
CHEMBL6151961,351.38300000000004,4.452700000000002,93.81,4,6,2
CHEMBL6152154,1685.0449999999996,0.3985400000000108,665.2900000000001,23,19,65
CHEMBL6152261,432.495,5.172300000000003,57.53,2,3,3
CHEMBL6152530,438.3030000000001,2.17642,95.58000000000001,2,4,4
CHEMBL6152734,163.136,0.02879999999999977,68.01,1,5,0
CHEMBL6160993,1742.097,-0.35585999999997275,708.38,24,20,68
CHEMBL6161146,307.331,0.8712999999999995,91.5,2,4,3
CHEMBL6162107,381.4090000000001,3.945000000000002,114.04000000000002,5,7,3
CHEMBL6162659,397.40800000000013,3.6506000000000016,134.27,6,8,3
CHEMBL6162922,1777.1420000000003,1.3269399999999976,685.5200000000001,24,20,67
CHEMBL6164764,367.38200000000006,4.158300000000002,114.04,5,7,2
CHEMBL6165237,568.3320000000001,6.235700000000004,109.85000000000002,3,4,7
CHEMBL6165307,423.44600000000014,4.629400000000005,120.11000000000001,4,8,4
CHEMBL6165415,502.78000000000037,6.905300000000009,66.76,2,4,1
CHEMBL6166048,380.38100000000014,4.267300000000002,132.97,5,8,1
CHEMBL6166652,409.41900000000015,4.239300000000004,120.11000000000001,4,8,3
CHEMBL6166874,432.495,5.1723000000000035,57.53,2,3,3
CHEMBL6167409,1701.0439999999999,-0.6290599999999813,685.5200000000001,24,20,66
CHEMBL6167962,1742.141,0.5076400000000212,691.3100000000001,24,20,69
CHEMBL6168812,575.3490000000002,5.692200000000003,122.74000000000001,3,6,7
CHEMBL6168888,437.4290000000002,4.861800000000004,133.25,4,9,3
CHEMBL6169974,204.35699999999997,4.581100000000004,0.0,0,0,1
CHEMBL6170234,395.39200000000017,4.177400000000003,127.18000000000002,5,8,2
CHEMBL6170637,466.196,3.905500000000002,109.85000000000001,3,4,4
CHEMBL6170709,368.4320000000001,5.885600000000005,46.53,1,2,5
CHEMBL6170940,412.07700000000006,4.827320000000003,57.53,2,3,3
CHEMBL6171168,1685.0449999999996,0.3985400000000108,665.2900000000001,23,19,65
CHEMBL6171353,439.44500000000016,4.335000000000005,140.34,5,9,4
CHEMBL6172893,570.326,3.9722000000000026,143.99,3,6,7
CHEMBL6173565,385.46100000000007,1.2053,98.73999999999998,3,5,5
CHEMBL6173837,1751.1080000000002,0.3444400000000143,693.97,24,20,67
CHEMBL6174621,569.3200000000002,5.630700000000004,122.74000000000001,3,5,7
CHEMBL6175113,423.4020000000002,4.471700000000003,133.25,4,9,2
CHEMBL6176004,364.3820000000001,0.6862999999999995,113.51,3,7,2
CHEMBL6177218,382.413,2.2904,95.94,2,5,5
CHEMBL276884,448.72800000000007,3.4596000000000027,67.87,1,5,6
CHEMBL63895,212.05800000000002,-1.2585999999999988,72.80000000000001,3,4,2
CHEMBL63726,243.11599999999999,-1.5542999999999976,112.81,4,5,6
CHEMBL66032,200.047,-1.2732999999999988,86.79,3,4,3
CHEMBL305170,214.07399999999998,-1.0272999999999988,86.79,3,4,3
CHEMBL66189,200.047,-1.2732999999999988,86.79,3,4,2
CHEMBL65406,214.07399999999998,-1.0272999999999988,86.79,3,4,3
CHEMBL63860,186.02,-1.663399999999999,86.79,3,4,2
CHEMBL63406,228.10099999999997,-0.637199999999999,86.79,3,4,2
CHEMBL63652,262.11799999999994,-0.4406,86.79,3,4,4
CHEMBL304007,278.11699999999996,-0.7350000000000002,107.02000000000001,4,5,4
CHEMBL291428,248.09100000000004,-0.31059999999999977,86.79,3,4,3
CHEMBL67279,214.07399999999998,-1.0272999999999988,86.79,3,4,3
CHEMBL67089,171.993,-2.051899999999999,86.79,3,4,2
CHEMBL63698,228.10099999999997,-0.637199999999999,86.79,3,4,4
CHEMBL303131,252.08299999999997,-1.7174999999999991,115.47000000000001,4,5,4
CHEMBL292342,198.03100000000003,-1.6486999999999996,72.80000000000001,3,4,2
CHEMBL94955,347.45900000000023,2.4229000000000003,84.65999999999998,2,4,8
CHEMBL317944,208.26499999999993,-0.09810000000000074,75.01,2,3,3
CHEMBL97064,158.20099999999996,-1.0716,66.56,2,3,2
CHEMBL317126,234.29899999999992,0.8843999999999999,66.56,2,3,3
CHEMBL98008,224.34799999999996,1.9064999999999999,46.330000000000005,1,2,3
CHEMBL97674,213.32499999999993,0.45520000000000027,72.35,2,3,5
CHEMBL93931,218.2999999999999,1.1787999999999998,46.330000000000005,1,2,3
CHEMBL93558,238.37499999999994,2.2966000000000006,46.330000000000005,1,2,3
CHEMBL93507,198.30999999999992,1.3722999999999999,46.330000000000005,1,2,3
CHEMBL328694,199.29799999999994,0.0651000000000006,72.35,2,3,5
CHEMBL328795,185.22699999999995,-1.1885000000000001,89.42,2,3,3
CHEMBL97180,222.29199999999992,0.29199999999999915,75.01,2,3,3
CHEMBL383705,170.25599999999994,0.5920999999999998,46.330000000000005,1,2,2
CHEMBL403882,168.23999999999998,0.3608,32.34,1,2,1
CHEMBL443622,142.20199999999997,-0.04400000000000004,46.330000000000005,1,2,1
CHEMBL503274,184.28299999999993,0.9821999999999999,46.330000000000005,1,2,3
CHEMBL499101,186.21099999999993,-0.5892000000000004,83.63000000000001,2,3,3
CHEMBL1790478,216.046,-2.302499999999998,107.02000000000001,4,5,3
CHEMBL1790483,228.10099999999997,-0.637199999999999,86.79,3,4,4
CHEMBL6189033,425.4950000000001,3.044900000000001,104.62,1,7,5
CHEMBL6189733,372.3620000000001,0.6659999999999999,126.4,1,7,5
CHEMBL6189734,391.47800000000007,2.2487000000000004,104.62,1,7,5
CHEMBL6190339,390.4690000000001,0.46330000000000093,107.53,2,7,6
CHEMBL6190525,355.3350000000001,0.6005799999999999,133.12,1,7,4
CHEMBL6191174,377.4510000000001,1.7331,104.62,1,7,5
CHEMBL6191339,452.54000000000013,2.038099999999999,107.53,2,7,7
CHEMBL6191696,439.5220000000001,3.4334000000000016,104.62,1,7,5
CHEMBL6191744,425.49500000000006,3.044900000000002,104.61999999999999,1,7,5
CHEMBL6191841,377.4510000000001,1.8601999999999999,104.62,1,7,5
CHEMBL6192448,423.4540000000001,2.716800000000001,113.85,1,7,5
CHEMBL6192931,349.39700000000005,1.2919699999999998,116.11000000000001,2,7,4
CHEMBL6193094,380.43300000000005,2.7658000000000005,112.66,3,6,6
CHEMBL6193126,567.8590000000002,6.128600000000005,83.48,3,6,12
CHEMBL9512,581.0100000000002,2.2542,178.11000000000004,5,9,10
CHEMBL269757,789.2259999999999,5.196800000000004,184.27,5,9,14
CHEMBL430281,554.9720000000002,2.7687,178.11,5,7,8
CHEMBL265344,550.9800000000004,4.376600000000003,126.07,3,7,8
CHEMBL273851,436.8760000000001,4.459800000000003,67.87,1,5,6
CHEMBL9263,550.9800000000004,4.3766000000000025,126.07,3,7,8
CHEMBL9238,695.1060000000001,3.0456000000000016,178.67,3,11,14
CHEMBL274829,695.1060000000001,3.0456000000000016,178.67,3,11,14
CHEMBL9237,466.9020000000003,4.3998000000000035,88.10000000000001,2,6,6
CHEMBL268012,547.4580000000001,5.075400000000003,67.87,1,5,6
CHEMBL9724,434.8600000000001,4.4402000000000035,67.87,1,5,2
CHEMBL9561,496.9280000000003,4.477000000000004,86.33000000000001,1,7,8
CHEMBL9295,607.0880000000003,4.739400000000005,126.07,3,7,12
CHEMBL9565,468.87400000000014,3.871000000000002,108.33000000000001,3,7,6
CHEMBL9433,623.0900000000001,3.202800000000001,160.21,3,9,10
CHEMBL268527,723.1600000000001,2.900200000000001,178.67,3,11,14
CHEMBL9527,605.12,5.305200000000005,98.41,3,9,10
CHEMBL269209,609.0640000000002,3.0312000000000006,178.11000000000004,5,9,10
CHEMBL9408,552.9480000000004,4.033000000000003,120.47,1,9,8
CHEMBL23176,377.51000000000016,2.3318000000000003,84.66000000000001,2,5,5
CHEMBL25437,401.47900000000016,1.7515999999999994,92.5,2,4,5
CHEMBL22679,359.4700000000001,2.4213000000000005,84.66000000000001,2,4,5
CHEMBL23979,449.4950000000002,2.372,101.73,2,5,6
CHEMBL278393,210.32099999999994,1.516399999999999,46.330000000000005,1,2,2
CHEMBL22359,383.4640000000001,2.1136,75.43,2,4,4
CHEMBL278558,365.4240000000001,2.2031,75.43,2,3,4
CHEMBL77538,298.34999999999997,0.46935999999999933,104.83999999999999,2,6,6
CHEMBL98408,202.32299999999995,0.8927000000000002,46.330000000000005,1,3,3
CHEMBL142703,303.4060000000001,1.1742799999999989,76.36,2,4,3
CHEMBL497992,526.6030000000001,1.7773999999999994,138.67,3,6,8
CHEMBL1182947,400.4150000000001,4.038000000000003,67.87,1,5,6
CHEMBL1682974,431.48000000000013,2.7340000000000018,84.66000000000001,2,5,5
CHEMBL3084935,509.4350000000002,1.9884999999999995,92.5,2,5,5
CHEMBL3084936,408.54900000000026,1.2555799999999997,116.28999999999998,2,6,5
CHEMBL3084937,469.6330000000003,1.477400000000001,124.83999999999999,3,6,6
CHEMBL3084938,451.59300000000036,1.5669000000000008,124.83999999999999,3,5,6
CHEMBL3084939,398.4790000000001,2.5053,87.46000000000001,3,4,4
CHEMBL3084940,380.49200000000013,2.4731000000000005,88.32000000000001,2,4,4
CHEMBL3084941,419.46900000000016,1.8906999999999992,92.5,2,4,5
CHEMBL3084942,433.5990000000002,2.5371000000000006,92.5,2,5,5
CHEMBL3084943,437.5090000000002,1.8011999999999995,92.5,2,5,5
CHEMBL3084946,416.37400000000014,3.1422000000000017,75.43,2,4,4
CHEMBL3084947,473.3800000000001,2.4400000000000004,75.43,2,4,4
CHEMBL3084948,397.54400000000015,2.9886000000000017,75.43,2,4,4
CHEMBL3084949,397.54400000000015,2.9886000000000017,75.43,2,4,4
CHEMBL3084952,427.5700000000002,3.485000000000002,84.66000000000001,2,5,5
CHEMBL3084953,488.3950000000001,2.8317000000000014,87.46000000000001,3,4,4
CHEMBL3084954,431.3890000000001,3.533900000000002,87.46000000000001,3,4,4
CHEMBL3084955,446.4950000000001,3.125700000000001,96.69000000000001,3,5,5
CHEMBL3084956,398.53200000000015,2.3836000000000004,88.32000000000001,2,5,4
CHEMBL25211,467.5350000000002,2.2824999999999998,101.73,2,6,6
CHEMBL283880,266.3,2.6862400000000006,63.4,1,3,1
CHEMBL288207,432.3950000000001,2.8397000000000006,120.97000000000001,2,7,7
CHEMBL41114,430.3790000000001,2.920300000000001,120.97000000000001,2,7,6
CHEMBL289580,418.36800000000005,2.5632,120.97000000000001,2,7,6
CHEMBL307636,235.33099999999996,1.408579999999999,70.12,1,3,2
CHEMBL77539,318.33700000000005,0.5058799999999997,124.19000000000001,2,7,7
CHEMBL424612,267.284,2.809640000000001,57.61000000000001,1,3,1
CHEMBL90558,322.408,4.316200000000003,63.4,1,3,3
CHEMBL315471,266.3,2.6862399999999997,63.4,1,3,1
CHEMBL88474,323.39200000000005,4.439600000000004,57.61000000000001,1,3,3
CHEMBL313952,323.392,4.439600000000004,57.61000000000001,1,3,3
CHEMBL88953,295.338,3.3176000000000014,57.61000000000001,1,3,3
CHEMBL329471,323.461,5.269300000000005,20.310000000000002,0,2,3
CHEMBL153096,295.338,3.3176000000000028,57.61000000000001,1,3,3
CHEMBL345319,285.324,2.914700000000002,57.61000000000001,1,4,2
CHEMBL151461,211.07,-0.04940000000000028,69.56,3,4,3
CHEMBL153037,411.48900000000003,6.361000000000003,3.24,0,2,3
CHEMBL151999,395.421,5.825700000000003,20.310000000000002,0,2,3
CHEMBL366751,435.46800000000013,1.9818999999999993,101.73,2,5,6
CHEMBL169962,395.48100000000017,0.7815000000000005,129.79999999999998,3,5,6
CHEMBL169758,457.31200000000007,2.958100000000001,84.66,2,4,4
CHEMBL352343,418.3460000000001,3.570800000000002,84.66,2,5,4
CHEMBL168986,429.5640000000003,0.48680000000000123,126.64,2,6,6
CHEMBL172276,457.31200000000007,2.958100000000001,84.66,2,4,4
CHEMBL439836,396.5350000000003,-1.4265999999999954,138.67000000000002,3,6,8
CHEMBL171033,393.5090000000002,2.6627,93.89,2,6,5
CHEMBL543057,282.7269999999999,1.9449999999999998,74.44,1,5,4
CHEMBL543062,354.834,3.0894000000000017,83.67000000000002,1,6,7
CHEMBL543539,354.834,2.912100000000002,60.89,0,6,6
CHEMBL544241,340.80699999999996,2.2381000000000006,83.67,1,6,6
CHEMBL554682,340.8070000000001,2.569900000000001,69.68,1,6,6
CHEMBL544474,296.75399999999996,2.3006000000000006,74.44,1,5,4
CHEMBL544475,326.78000000000003,2.309200000000001,83.67,1,6,5
CHEMBL544950,326.78000000000003,2.309200000000001,83.67,1,6,5
CHEMBL554880,284.74299999999994,1.6247999999999998,77.60000000000001,2,5,4
CHEMBL554882,297.742,1.2314,100.46000000000001,2,5,4
CHEMBL554683,340.80699999999996,2.6993000000000014,83.67,1,6,6
CHEMBL555560,326.78000000000003,2.309200000000001,83.67,1,6,5
CHEMBL544478,312.753,2.0062,94.67,2,6,4
CHEMBL544717,340.8070000000001,2.6993000000000014,83.67,1,6,6
CHEMBL554957,298.72599999999994,1.8306999999999998,94.67,2,5,4
CHEMBL539243,356.806,2.3178000000000005,92.9,1,7,6
CHEMBL539500,356.8060000000001,2.3178000000000005,92.9,1,7,6
CHEMBL539758,339.82300000000004,2.2723,86.47000000000001,2,5,6
CHEMBL553407,341.795,2.700900000000001,95.7,2,6,5
CHEMBL3084944,379.50400000000013,3.078100000000002,75.43,2,3,4
CHEMBL3084945,243.37599999999995,0.36409999999999976,72.35000000000001,2,4,2
CHEMBL3084950,446.4000000000002,3.638600000000003,84.66000000000001,2,5,5
CHEMBL3084951,427.5700000000002,3.485000000000002,84.66000000000001,2,5,5
CHEMBL22545,395.4500000000002,2.3173000000000004,84.66000000000001,2,4,5
CHEMBL416008,395.4500000000002,2.3173000000000004,84.66000000000001,2,4,5
CHEMBL277693,377.46000000000015,2.3693,84.66000000000001,2,4,5
CHEMBL283309,419.46900000000016,1.6995999999999991,92.5,2,4,5
CHEMBL281561,467.4850000000002,2.3199999999999994,101.73,2,5,6
CHEMBL22310,419.46900000000016,1.6995999999999991,92.5,2,4,5
CHEMBL23051,485.4750000000002,2.268,101.73,2,5,6
CHEMBL23879,415.4310000000001,2.891700000000002,75.43,2,3,4
CHEMBL23880,415.4310000000001,2.891700000000002,75.43,2,3,4
CHEMBL277193,437.4590000000002,1.6475999999999997,92.5,2,4,5
CHEMBL283368,415.4810000000001,2.8542000000000014,75.43,2,4,4
CHEMBL23110,401.4040000000001,2.4483000000000006,75.43,2,3,4
CHEMBL281178,467.4850000000002,2.3199999999999994,101.73,2,5,6
CHEMBL280658,246.3009999999999,1.7615999999999994,46.330000000000005,1,2,2
CHEMBL23223,228.36099999999993,1.4268999999999994,46.330000000000005,1,3,2
CHEMBL172624,367.446,2.4031000000000002,84.66,2,5,4
CHEMBL172631,367.446,2.4031000000000002,84.66,2,5,4
CHEMBL352548,396.5350000000003,-1.4265999999999954,138.67000000000002,3,6,8
CHEMBL352354,379.48200000000014,2.2725999999999997,93.89,2,6,5
CHEMBL353590,361.4420000000002,2.3621,93.89,2,5,5
CHEMBL433533,393.5090000000002,2.6627,93.89,2,6,5
CHEMBL352737,375.4690000000002,2.7522,93.89,2,5,5
CHEMBL355244,212.29299999999998,0.09709999999999958,66.56,2,3,2
CHEMBL352402,457.31200000000007,2.958100000000001,84.66,2,4,4
CHEMBL169204,429.5640000000003,0.48680000000000123,126.64,2,6,6
CHEMBL169812,365.4770000000001,2.6880000000000006,75.43,2,3,4
CHEMBL354576,380.49200000000013,3.0797000000000008,87.46000000000001,3,3,4
CHEMBL172730,407.5140000000001,4.020500000000002,84.66,2,4,5
CHEMBL168281,483.53400000000016,1.3767999999999996,126.63999999999999,2,6,6
CHEMBL169179,430.5520000000002,-0.2692999999999979,152.66,3,6,6
CHEMBL352520,398.5320000000001,2.9902000000000006,87.46000000000001,3,4,4
CHEMBL353840,383.5170000000001,2.5985000000000005,75.43,2,4,4
CHEMBL433732,429.5640000000003,0.48680000000000123,126.64,2,6,6
CHEMBL168866,435.46800000000013,1.9818999999999993,101.73,2,5,6
CHEMBL171290,430.5520000000002,-0.2692999999999979,152.66,3,6,6
CHEMBL355479,380.49200000000013,3.0797000000000008,87.46000000000001,3,3,4
CHEMBL355716,361.4420000000002,2.3621,93.89,2,5,5
CHEMBL171609,380.49200000000013,3.0797000000000008,87.46000000000001,3,3,4
CHEMBL170051,471.33900000000006,3.348200000000001,84.66,2,4,4
CHEMBL172057,457.31200000000007,2.958100000000001,84.66,2,4,4
CHEMBL355203,375.4690000000002,2.7522,93.89,2,5,5
CHEMBL352632,240.34699999999992,1.1413,55.56,1,3,3
CHEMBL171430,399.5160000000001,3.417200000000001,84.66,2,5,4
CHEMBL355248,429.5640000000004,0.48680000000000123,126.64,2,6,6
CHEMBL171437,395.48100000000017,0.7815000000000005,129.79999999999998,3,5,6
CHEMBL354936,458.6060000000004,0.33360000000000234,129.88000000000002,2,6,7
CHEMBL171342,430.5520000000002,-0.2692999999999979,152.66,3,6,6
CHEMBL368156,212.29299999999998,0.09709999999999958,66.56,2,3,2
CHEMBL355051,226.31999999999996,0.487199999999999,66.56,2,3,2
CHEMBL171733,471.33900000000006,3.348200000000001,84.66,2,4,4
CHEMBL23891,377.46000000000015,2.3693,84.66000000000001,2,4,5
CHEMBL279944,395.45000000000016,2.6665,84.66000000000001,2,4,5
CHEMBL431885,485.4750000000002,2.268,101.73,2,5,6
CHEMBL277635,433.4210000000001,3.188900000000001,75.43,2,3,4
CHEMBL423108,485.4750000000002,2.6172000000000004,101.73,2,5,6
CHEMBL22294,437.4590000000002,1.9967999999999995,92.5,2,4,5
CHEMBL23924,383.4140000000001,2.1510999999999996,75.43,2,3,4
CHEMBL22511,228.31099999999992,1.4643999999999993,46.330000000000005,1,2,2
CHEMBL23981,228.31099999999992,1.4643999999999993,46.330000000000005,1,2,2
CHEMBL23660,383.4140000000001,2.1510999999999996,75.43,2,3,4
CHEMBL37289,375.25900000000007,4.166900000000002,87.05,2,5,4
CHEMBL37960,381.2130000000001,4.436500000000001,77.82000000000001,2,4,3
CHEMBL34842,363.22300000000007,4.297400000000001,77.82000000000001,2,4,3
CHEMBL37980,320.35200000000015,2.5802000000000005,96.28000000000002,2,6,3
CHEMBL37654,413.23000000000013,5.177100000000002,77.82000000000001,2,4,3
CHEMBL37687,379.6780000000001,4.811700000000002,77.82000000000001,2,4,3
CHEMBL37655,379.6780000000001,4.811700000000002,77.82000000000001,2,4,3
CHEMBL34603,310.788,3.504900000000002,77.82000000000001,2,4,3
CHEMBL36333,310.788,3.504900000000002,77.82000000000001,2,4,3
CHEMBL287534,290.37000000000006,3.1599199999999996,77.82,2,4,3
CHEMBL289399,344.34000000000003,3.870300000000002,77.82000000000001,2,4,3
CHEMBL34764,413.23000000000013,5.177100000000002,77.82000000000001,2,4,3
CHEMBL36666,363.22300000000007,4.297400000000001,77.82000000000001,2,4,3
CHEMBL37536,363.22300000000007,4.297400000000001,77.82000000000001,2,4,3
CHEMBL34062,405.285,4.175500000000001,96.28,2,6,5
CHEMBL289562,276.343,2.8515000000000015,77.82000000000001,2,4,3
CHEMBL38165,290.37,3.1599200000000005,77.82,2,4,3
CHEMBL416787,310.788,3.504900000000002,77.82000000000001,2,4,3
CHEMBL37229,306.3690000000001,2.8601,87.05,2,5,4
CHEMBL288171,344.34000000000003,3.870300000000002,77.82000000000001,2,4,3
CHEMBL35451,294.333,2.9906000000000015,77.82000000000001,2,4,3
CHEMBL287847,294.333,2.9906000000000015,77.82000000000001,2,4,3
CHEMBL67680,957.0889999999998,4.860700000000007,240.16,6,9,16
CHEMBL277390,760.7110000000007,-0.6006999999999889,240.16,6,9,2
CHEMBL319514,167.212,-0.15182000000000007,70.12,1,3,1
CHEMBL147314,198.30999999999992,1.5163999999999995,46.330000000000005,1,2,4
CHEMBL146190,184.28299999999993,1.1262999999999999,46.330000000000005,1,2,3
CHEMBL434886,172.27199999999996,0.8381,46.330000000000005,1,2,4
CHEMBL148261,202.27299999999994,0.9302,46.330000000000005,1,2,3
CHEMBL148025,224.34799999999993,1.906499999999999,46.330000000000005,1,2,2
CHEMBL346877,170.25599999999994,0.5921,46.330000000000005,1,2,3
CHEMBL148127,212.3369999999999,1.7623999999999995,46.330000000000005,1,2,3
CHEMBL147923,185.27099999999993,-0.32499999999999996,72.35,2,3,3
CHEMBL146995,172.22799999999995,-0.6815000000000004,66.56,2,3,2
CHEMBL356207,189.28399999999996,-0.8045999999999995,72.35,2,4,3
CHEMBL148955,217.33799999999997,-0.02439999999999931,72.35,2,4,5
CHEMBL357606,202.32299999999995,0.8927000000000002,46.330000000000005,1,3,3
CHEMBL146877,210.28099999999998,-0.43281999999999815,96.14,2,4,3
CHEMBL358358,225.29599999999996,1.271,95.09,1,3,4
CHEMBL461912,224.30799999999996,-0.042719999999999314,96.14,2,4,5
CHEMBL37748,375.25900000000007,4.166900000000002,87.05,2,5,4
CHEMBL34779,375.25900000000007,4.166900000000001,87.05,2,5,4
CHEMBL290620,306.3690000000001,2.8601,87.05,2,5,4
CHEMBL37645,359.26000000000005,4.466720000000002,77.82,2,4,3
CHEMBL35016,290.3700000000001,3.1599200000000005,77.82,2,4,3
CHEMBL34972,359.26000000000005,4.466720000000001,77.82,2,4,3
CHEMBL35116,359.26000000000005,4.466720000000002,77.82,2,4,3
CHEMBL35000,344.34000000000003,3.870300000000002,77.82000000000001,2,4,3
CHEMBL36020,345.23300000000006,4.158300000000002,77.82000000000001,2,4,3
CHEMBL36282,306.3690000000001,2.8601,87.05,2,5,4
CHEMBL286301,294.333,2.9906000000000015,77.82000000000001,2,4,3
CHEMBL67679,844.8730000000004,1.7399000000000087,240.16,6,9,8
CHEMBL305759,564.6430000000001,0.6685000000000028,171.95999999999998,5,7,3
CHEMBL302602,874.8150000000004,-2.3682999999999996,298.36,8,11,2
CHEMBL96607,256.3059999999999,-1.881319999999999,122.61000000000001,4,6,5
CHEMBL94046,332.3640000000001,0.8959799999999997,124.19000000000001,2,7,8
CHEMBL313423,209.293,0.7449799999999995,56.13,1,3,3
CHEMBL96071,289.42300000000006,2.1628799999999995,56.13,1,3,4
CHEMBL94597,272.35200000000003,1.2026799999999997,68.16,2,4,6
CHEMBL328613,324.468,3.1297000000000015,32.34,1,2,3
CHEMBL96229,248.36999999999992,1.7770999999999997,32.34,1,2,3
CHEMBL328794,369.49400000000014,2.36928,72.26,1,6,4
CHEMBL96748,195.26599999999996,0.49897999999999954,56.13,1,3,3
CHEMBL93354,307.785,1.2510799999999997,81.05,2,5,6
CHEMBL329909,274.32800000000003,-0.0073199999999992715,93.94,2,6,6
CHEMBL96299,239.31899999999996,0.2531799999999998,76.36,2,4,7
CHEMBL96160,223.31999999999996,1.2807799999999996,56.13,1,3,6
CHEMBL316832,301.4340000000001,2.3069799999999994,56.13,1,3,4
CHEMBL328994,269.34800000000007,1.2579799999999994,56.13,1,3,3
CHEMBL327264,347.46200000000005,3.312780000000002,56.13,1,3,7
CHEMBL96942,257.337,1.3332799999999996,56.13,1,3,5
CHEMBL94908,223.31999999999996,1.2791799999999998,56.13,1,3,4
CHEMBL330670,181.23899999999998,0.11047999999999991,56.13,1,3,3
CHEMBL93847,319.49300000000017,3.763880000000002,56.13,1,3,3
CHEMBL94147,251.37399999999997,2.06098,56.13,1,3,8
CHEMBL148285,170.25599999999994,0.7361999999999997,46.330000000000005,1,2,2
CHEMBL148002,158.24499999999998,0.448,46.330000000000005,1,2,3
CHEMBL145862,241.3389999999999,-0.6201999999999992,110.73,3,3,5
CHEMBL343650,186.29899999999995,1.2281999999999995,46.33,1,2,5
CHEMBL147691,200.28199999999995,-0.046999999999999875,66.56,2,3,3
CHEMBL348246,185.27099999999996,-0.32499999999999907,72.35,2,3,5
CHEMBL444537,196.29399999999995,1.1483,46.330000000000005,1,2,3
CHEMBL148954,203.31099999999995,-0.414499999999999,72.35,2,4,4
CHEMBL145813,238.33499999999995,0.347380000000001,96.14,2,4,5
CHEMBL144027,215.29699999999997,-0.964099999999998,92.58,3,4,5
CHEMBL461506,213.32499999999993,0.45520000000000027,72.35,2,3,5
CHEMBL1160335,644.6040000000006,-0.21409999999999202,226.32999999999998,6,9,2
CHEMBL3084814,315.46100000000007,2.8395800000000007,56.13,1,3,3
CHEMBL3084816,395.42900000000014,2.9276800000000014,81.05,2,5,5
CHEMBL3084822,345.44300000000015,1.7450799999999997,82.43,1,5,4
CHEMBL323129,240.30699999999996,-0.8537199999999989,102.38,3,5,4
CHEMBL96666,195.26599999999996,0.4842799999999999,70.12,1,3,2
CHEMBL330623,317.4770000000002,3.372180000000002,56.13,1,3,4
CHEMBL327166,326.4040000000001,1.2479599999999995,104.84,2,6,6
CHEMBL318511,276.424,2.5573000000000006,32.34,1,2,3
CHEMBL330426,381.4020000000001,2.17338,72.26,1,5,4
CHEMBL96395,316.365,-0.5689199999999996,124.14,3,6,7
CHEMBL96453,243.31000000000003,1.2907799999999994,56.13,1,3,4
CHEMBL96491,237.34699999999998,1.67088,56.13,1,3,7
CHEMBL329282,341.33700000000005,1.6164800000000004,81.05,2,5,6
CHEMBL92028,265.35699999999997,0.7857799999999994,76.36,2,4,4
CHEMBL94312,207.277,0.6430799999999994,56.13,1,3,3
CHEMBL330717,341.337,1.6164799999999997,81.05,2,5,6
CHEMBL94647,237.34699999999998,1.5267799999999996,56.13,1,3,4
CHEMBL95088,251.32999999999996,0.39567999999999937,76.36,2,4,4
CHEMBL95089,221.30399999999997,1.0331799999999993,56.13,1,3,3
CHEMBL92710,225.29199999999997,-0.1385200000000002,76.36,2,4,5
CHEMBL330326,223.31999999999996,1.2791799999999998,56.13,1,3,5
CHEMBL92711,273.34000000000003,0.5976799999999995,81.05,2,5,6
CHEMBL431425,235.33099999999996,1.4232799999999992,56.13,1,3,3
CHEMBL317787,209.29299999999995,0.8906799999999997,56.13,1,3,5
CHEMBL96459,289.42300000000006,2.1612799999999996,56.13,1,3,3
CHEMBL330373,247.34199999999998,1.2791799999999993,56.13,1,3,3
CHEMBL96908,285.39099999999996,2.11188,56.13,1,3,5
CHEMBL319798,346.4750000000003,1.6618799999999994,76.44,1,4,4
CHEMBL96892,287.4070000000001,1.9152799999999992,56.13,1,3,3
CHEMBL319080,287.40700000000004,2.059379999999999,56.13,1,3,3
CHEMBL93034,262.39699999999993,2.1672000000000002,32.34,1,2,3
CHEMBL96593,263.385,2.203479999999999,56.13,1,3,3
CHEMBL94630,265.40099999999995,2.3053800000000004,56.13,1,3,4
CHEMBL323130,249.35799999999995,1.813379999999999,56.13,1,3,3
CHEMBL322903,298.34999999999997,0.46935999999999933,104.83999999999999,2,6,6
CHEMBL96890,271.364,1.7233799999999997,56.13,1,3,6
CHEMBL96891,251.37399999999997,1.7711799999999993,56.13,1,3,5
CHEMBL96183,311.3670000000001,0.5241999999999998,100.39999999999999,2,7,7
CHEMBL321509,273.336,1.1695799999999996,65.36,1,4,6
CHEMBL96080,193.25,0.2529799999999996,56.13,1,3,3
CHEMBL318612,249.35799999999995,1.7654799999999995,47.34,0,3,3
CHEMBL3084811,303.4060000000001,1.1742799999999989,76.36,2,4,3
CHEMBL3084813,321.4210000000001,0.13600000000000012,95.66000000000001,3,4,4
CHEMBL3084815,352.4420000000001,1.7805599999999993,104.83999999999999,2,6,5
CHEMBL3084817,428.57700000000034,3.2408800000000006,94.46000000000001,2,5,5
CHEMBL3084818,430.5930000000003,3.437380000000002,85.67,1,5,6
CHEMBL3084819,360.5020000000003,2.098279999999999,85.22999999999999,2,4,5
CHEMBL3084820,383.5210000000002,3.1235800000000014,81.05,2,6,5
CHEMBL3084821,361.87300000000016,3.1341800000000015,65.36,1,4,5
CHEMBL3084823,422.52900000000017,3.4306800000000006,94.46000000000001,2,5,5
CHEMBL3084824,452.55500000000035,3.439280000000002,103.69,2,6,6
CHEMBL3084825,402.53900000000027,2.7066800000000013,94.46000000000001,2,5,4
CHEMBL3084826,322.40500000000014,0.7352999999999994,89.87,3,4,4
CHEMBL432081,450.4950000000002,0.5529000000000002,148.75,5,5,7
CHEMBL37260,363.4170000000001,2.0758,99.42,3,3,4
CHEMBL290598,492.53200000000027,1.4253999999999998,165.81999999999996,5,5,9
CHEMBL329581,254.28999999999994,-1.1074199999999987,119.45,3,5,5
CHEMBL321724,298.34999999999997,0.6490499999999997,96.11,2,5,4
CHEMBL318775,312.37699999999995,0.8594599999999992,104.83999999999999,2,6,7
CHEMBL320143,195.26599999999996,0.5005799999999998,56.13,1,3,4
CHEMBL96577,293.37000000000006,2.44398,56.13,1,3,4
CHEMBL96937,209.29299999999995,0.8890799999999999,56.13,1,3,2
CHEMBL96814,293.3270000000001,0.6136999999999995,100.39999999999999,2,6,7
CHEMBL98060,327.8310000000001,2.1074999999999995,58.36,2,3,6
CHEMBL317312,289.4230000000001,1.5485999999999986,58.36,2,3,7
CHEMBL98860,325.4560000000002,2.659300000000001,58.36,2,3,6
CHEMBL330600,300.40600000000006,1.3777799999999998,82.14999999999999,2,4,6
CHEMBL316487,307.3540000000001,1.1315999999999988,114.39,2,6,6
CHEMBL318670,289.3790000000001,1.1462999999999992,75.42999999999999,2,3,5
CHEMBL440325,227.30799999999994,-0.14759999999999973,75.42999999999999,2,3,4
CHEMBL98415,261.36899999999997,1.8283999999999994,58.36,2,3,5
CHEMBL101401,227.31199999999993,-1.0102999999999993,110.73,3,3,4
CHEMBL418788,287.36699999999996,1.0950799999999994,95.03999999999999,2,5,5
CHEMBL97884,325.4560000000002,2.6593,58.36,2,3,6
CHEMBL99111,276.384,0.9010999999999993,71.24999999999999,2,4,6
CHEMBL317949,309.8410000000001,2.1594999999999995,58.36,2,3,6
CHEMBL328197,268.4049999999999,0.05790000000000117,70.39,3,4,5
CHEMBL97977,281.44399999999996,1.8861999999999988,58.36,2,3,6
CHEMBL98801,323.86799999999994,2.5017000000000005,49.57,1,3,6
CHEMBL97970,365.52100000000024,3.418700000000002,49.57,1,3,8
CHEMBL99506,327.8310000000001,2.1074999999999995,58.36,2,3,6
CHEMBL98423,281.425,1.5675999999999992,58.36,2,4,6
CHEMBL99047,305.422,1.5146999999999995,67.58999999999999,2,4,7
CHEMBL327499,305.4220000000001,1.5146999999999995,67.58999999999999,2,4,7
CHEMBL320672,210.28099999999998,-0.43281999999999815,96.14,2,4,3
CHEMBL99263,275.396,1.506099999999999,58.36,2,3,6
CHEMBL319350,334.851,2.05168,82.15,2,4,6
CHEMBL98762,309.8410000000001,2.1594999999999995,58.36,2,3,6
CHEMBL98869,309.8410000000001,2.1594999999999995,58.36,2,3,6
CHEMBL99247,381.52000000000027,3.0851000000000006,67.58999999999999,2,4,9
CHEMBL329314,300.406,1.3982800000000002,82.15,2,4,6
CHEMBL100370,307.82500000000005,1.9354999999999998,58.36,2,3,6
CHEMBL175034,256.349,2.327680000000001,52.89,1,3,6
CHEMBL177980,288.4100000000001,4.092080000000003,35.82,1,2,3
CHEMBL177746,210.32099999999994,1.5310999999999997,32.34,1,2,3
CHEMBL175260,218.29999999999995,1.3986,32.34,1,2,4
CHEMBL179771,286.4190000000001,3.0537800000000015,52.89,1,3,4
CHEMBL179687,260.31199999999995,2.4242800000000004,52.89,1,3,5
CHEMBL180514,288.4100000000001,4.092080000000003,35.82,1,2,3
CHEMBL558196,425.7890000000001,2.299200000000001,77.04,1,5,4
CHEMBL537625,357.79200000000003,1.2803999999999995,77.04,1,5,4
CHEMBL537844,385.84600000000006,1.8428,77.04,1,5,5
CHEMBL3084812,315.46100000000007,2.8395800000000007,56.13,1,3,4
CHEMBL175872,355.4570000000001,2.1287000000000003,58.36000000000001,2,3,6
CHEMBL366549,283.32199999999995,0.6564999999999996,58.36000000000001,2,3,4
CHEMBL180000,344.418,2.514780000000001,85.91,2,3,3
CHEMBL361863,224.34799999999993,1.906499999999999,46.330000000000005,1,2,2
CHEMBL440021,258.36499999999995,2.4364,46.330000000000005,1,2,2
CHEMBL362018,481.5470000000002,2.4303800000000004,93.66999999999999,1,5,6
CHEMBL179289,326.40000000000003,0.80328,90.42999999999999,1,4,3
CHEMBL185020,251.355,0.8743999999999994,59.220000000000006,1,4,4
CHEMBL362364,264.39399999999995,1.8695,46.330000000000005,1,3,5
CHEMBL184262,250.367,1.4793999999999996,46.330000000000005,1,3,4
CHEMBL362140,256.4149999999999,2.2070999999999996,46.330000000000005,1,3,4
CHEMBL185332,251.355,0.8743999999999994,59.220000000000006,1,4,4
CHEMBL181239,240.32799999999997,1.0723999999999996,59.470000000000006,1,4,4
CHEMBL182168,242.38799999999992,1.8169999999999993,46.330000000000005,1,3,4
CHEMBL183947,251.355,0.8743999999999994,59.220000000000006,1,4,4
CHEMBL183517,256.39599999999996,1.5408999999999997,46.330000000000005,1,4,4
CHEMBL363542,297.322,0.06505999999999945,117.2,2,7,6
CHEMBL185222,297.322,0.06505999999999945,117.2,2,7,6
CHEMBL184572,208.265,0.47007999999999994,82.48,1,4,3
CHEMBL369738,373.4470000000001,2.2678000000000003,58.36000000000001,2,3,6
CHEMBL184651,297.322,0.06505999999999945,117.2,2,7,6
CHEMBL185482,362.4740000000001,1.5852000000000004,71.25,2,5,6
CHEMBL184808,356.4450000000001,1.5237000000000007,71.25,2,4,6
CHEMBL184636,391.4370000000001,2.406900000000001,58.36000000000001,2,3,6
CHEMBL184902,373.44700000000006,2.2678000000000003,58.36000000000001,2,3,6
CHEMBL184738,513.0380000000004,2.5647,113.76000000000002,3,5,11
CHEMBL186877,461.3930000000002,5.262200000000005,50.720000000000006,0,6,7
CHEMBL365066,275.37699999999995,1.35108,70.11999999999999,1,4,4
CHEMBL184624,265.332,0.5174000000000001,58.36000000000001,2,3,4
CHEMBL264551,279.359,0.9059000000000003,58.36,2,3,4
CHEMBL185121,275.37699999999995,1.35108,70.11999999999999,1,4,4
CHEMBL185601,318.364,2.4982000000000006,46.330000000000005,1,3,4
CHEMBL184442,284.812,2.1327999999999996,46.330000000000005,1,3,4
CHEMBL366278,376.263,2.0839999999999996,46.330000000000005,1,3,4
CHEMBL186611,354.4690000000001,3.7094000000000014,46.330000000000005,1,2,6
CHEMBL187118,268.35699999999997,1.6184999999999996,46.330000000000005,1,3,4
CHEMBL185351,264.39399999999995,1.7878200000000002,46.330000000000005,1,3,4
CHEMBL185538,318.364,2.4982000000000006,46.330000000000005,1,3,4
CHEMBL363879,268.35699999999997,1.6184999999999998,46.330000000000005,1,3,4
CHEMBL182544,268.35699999999997,1.6184999999999998,46.330000000000005,1,3,4
CHEMBL405786,275.37699999999995,1.3510800000000003,70.11999999999999,1,4,4
CHEMBL184259,318.364,2.4982000000000006,46.330000000000005,1,3,4
CHEMBL184937,295.364,1.3876,89.47,1,5,5
CHEMBL360488,307.413,1.5420000000000011,58.36,2,3,5
CHEMBL182861,359.4200000000001,2.3978,58.36000000000001,2,3,5
CHEMBL537400,425.7890000000001,2.2992,77.04,1,5,4
CHEMBL558585,493.7860000000001,3.0736000000000017,77.04,1,5,5
CHEMBL557187,375.78200000000004,1.4194999999999998,77.04,1,5,4
CHEMBL539077,443.7790000000001,2.438300000000001,77.04,1,5,4
CHEMBL559011,475.7960000000001,2.9345000000000017,77.04,1,5,5
CHEMBL184961,286.347,1.7575999999999996,46.330000000000005,1,3,4
CHEMBL184912,286.347,1.7575999999999998,46.330000000000005,1,3,4
CHEMBL186032,535.7140000000003,2.7955000000000023,107.77,3,6,11
CHEMBL184928,319.25700000000006,2.786200000000001,46.330000000000005,1,3,4
CHEMBL363319,304.337,1.8967,46.330000000000005,1,3,4
CHEMBL433572,286.347,1.7576,46.330000000000005,1,3,4
CHEMBL360396,286.347,1.7575999999999998,46.330000000000005,1,3,4
CHEMBL362538,581.7140000000003,2.851300000000003,124.83999999999999,3,6,11
CHEMBL360425,599.7040000000003,2.990400000000002,124.83999999999999,3,6,11
CHEMBL365414,563.7240000000003,2.712200000000003,124.83999999999999,3,6,11
CHEMBL184672,599.7040000000003,2.990400000000002,124.83999999999999,3,6,11
CHEMBL187293,581.7140000000003,2.851300000000003,124.83999999999999,3,6,11
CHEMBL183207,581.7140000000003,2.851300000000003,124.83999999999999,3,6,11
CHEMBL360167,599.7040000000003,2.990400000000002,124.83999999999999,3,6,11
CHEMBL184040,563.7240000000003,2.712200000000003,124.83999999999999,3,6,11
CHEMBL263946,599.7040000000003,2.990400000000002,124.83999999999999,3,6,11
CHEMBL184380,445.5820000000002,4.041300000000003,49.57000000000001,1,3,8
CHEMBL186610,356.4410000000001,2.5557000000000007,55.56,1,3,6
CHEMBL364385,581.7140000000003,2.851300000000003,124.83999999999999,3,6,11
CHEMBL184071,369.4840000000001,2.4709000000000003,49.57,1,3,6
CHEMBL185067,412.5090000000001,1.3264000000000022,92.66000000000001,2,4,8
CHEMBL425347,523.5080000000003,2.5854,150.03,4,5,8
CHEMBL186596,497.48900000000015,3.026300000000001,112.73,3,4,7
CHEMBL186649,513.0380000000004,2.5647,113.76000000000002,3,5,11
CHEMBL184593,523.5080000000003,2.5854,150.03,4,5,8
CHEMBL366049,541.4980000000003,2.724500000000001,150.03,4,5,8
CHEMBL183418,573.6090000000005,3.3227,159.26,4,6,9
CHEMBL184986,286.347,1.7575999999999998,46.330000000000005,1,3,4
CHEMBL182223,559.4880000000004,2.863600000000001,150.03,4,5,8
CHEMBL366290,649.6350000000004,3.563900000000001,159.26,4,7,11
CHEMBL184346,531.5110000000002,1.3621000000000003,167.18999999999997,4,7,10
CHEMBL185244,569.5520000000004,2.7418000000000005,139.03,3,6,9
CHEMBL186787,571.5240000000005,2.489700000000001,159.26000000000002,4,6,10
CHEMBL435882,565.4860000000003,4.045100000000002,112.73,3,4,7
CHEMBL361263,529.5350000000001,2.5721,141.41,4,5,10
CHEMBL365836,613.6050000000004,3.658400000000001,159.26,4,6,12
CHEMBL365837,613.6050000000004,3.5143000000000013,159.26,4,6,11
CHEMBL365838,627.6320000000004,4.048500000000001,159.26,4,6,13
CHEMBL187699,501.5020000000003,2.5328999999999997,150.03,4,5,6
CHEMBL364100,613.6050000000004,3.5143000000000013,159.26,4,6,11
CHEMBL364101,595.6150000000004,3.3752000000000004,159.26,4,6,11
CHEMBL364102,631.5950000000004,3.6534000000000004,159.26,4,6,11
CHEMBL183736,585.5510000000004,2.8781999999999996,159.26,4,6,10
CHEMBL365010,599.5780000000004,3.268300000000001,159.26,4,6,11
CHEMBL365834,501.5020000000003,2.5328999999999997,150.03,4,5,6
CHEMBL366286,585.5510000000004,2.8781999999999996,159.26,4,6,10
CHEMBL365231,613.6050000000004,3.5143000000000013,159.26,4,6,11
CHEMBL365875,501.50200000000035,2.5328999999999997,150.03,4,5,6
CHEMBL187963,585.5510000000004,2.8781999999999996,159.26,4,6,10
CHEMBL183098,523.5080000000003,2.5854,150.03,4,5,8
CHEMBL186482,587.5920000000004,2.652300000000001,139.03,3,7,9
CHEMBL451492,555.5750000000004,2.424800000000001,150.03,4,6,9
CHEMBL183060,573.5650000000004,2.563900000000001,150.03,4,6,9
CHEMBL364103,649.5850000000004,3.7925000000000013,159.26,4,6,11
CHEMBL183289,685.5650000000004,4.070700000000001,159.26,4,6,11
CHEMBL364140,681.6020000000004,4.533100000000003,159.26,4,6,11
CHEMBL184177,699.5920000000004,4.672200000000003,159.26,4,6,11
CHEMBL366047,627.6320000000004,3.8227200000000012,159.26000000000002,4,6,11
CHEMBL366048,648.0500000000004,4.167700000000002,159.26,4,6,11
CHEMBL184527,648.0500000000004,4.167700000000002,159.26,4,6,11
CHEMBL184630,681.6020000000004,4.533100000000003,159.26,4,6,11
CHEMBL365280,679.6110000000004,4.273800000000002,168.48999999999998,4,7,12
CHEMBL186566,285.34700000000004,1.2240799999999996,65.36,1,4,2
CHEMBL186308,363.461,3.741600000000002,77.12,2,4,5
CHEMBL363250,209.29299999999995,0.8743799999999998,70.12,1,3,1
CHEMBL365000,450.54300000000023,1.6732999999999996,108.15,1,9,6
CHEMBL186406,290.319,1.8874,83.67,1,6,5
CHEMBL189881,458.4270000000002,4.127200000000003,83.63000000000001,2,3,4
CHEMBL189645,444.40000000000015,3.566200000000002,83.63000000000001,2,3,4
CHEMBL189046,501.4960000000002,3.6689000000000007,86.87,2,4,6
CHEMBL190031,527.5340000000001,4.203100000000003,86.87000000000002,2,4,6
CHEMBL372004,502.43600000000026,3.2803000000000013,109.92999999999999,2,5,5
CHEMBL365567,474.42600000000004,3.0996000000000015,103.86,3,4,5
CHEMBL191327,488.4090000000001,3.191900000000002,120.93000000000002,3,4,5
CHEMBL190923,511.5160000000003,3.6376000000000017,103.94000000000001,2,4,5
CHEMBL191258,541.5170000000002,3.729700000000002,103.94000000000001,2,4,5
CHEMBL370755,531.4780000000003,3.1271000000000013,113.17,2,5,6
CHEMBL191067,515.4790000000003,3.195500000000002,103.94000000000001,2,4,5
CHEMBL359581,526.4660000000001,2.7940000000000005,127.23,2,7,6
CHEMBL190863,515.5290000000002,3.1580000000000013,103.94000000000001,2,5,5
CHEMBL189055,522.4990000000003,3.139680000000001,127.73,2,5,5
CHEMBL371347,513.4880000000003,2.4838999999999993,113.17,2,5,5
CHEMBL364939,543.5330000000004,3.9757000000000016,103.94000000000001,2,4,7
CHEMBL190752,501.4520000000002,2.853300000000001,112.73,3,4,5
CHEMBL371588,530.4940000000003,2.7001,115.97000000000001,3,5,6
CHEMBL364355,519.4420000000002,3.1026000000000007,103.94000000000001,2,4,5
CHEMBL372486,515.4790000000003,3.195500000000002,103.94000000000001,2,4,5
CHEMBL363115,501.45200000000017,2.8054000000000006,103.94000000000001,2,4,5
CHEMBL188643,529.5060000000003,3.631900000000001,112.73,3,4,6
CHEMBL188444,555.4640000000003,1.8640999999999996,156.33,3,8,6
CHEMBL191337,533.4690000000003,3.492700000000001,103.94000000000001,2,4,5
CHEMBL370509,483.4620000000002,2.857400000000001,103.94000000000001,2,4,5
CHEMBL190788,527.4900000000001,3.3859000000000012,112.73,3,4,6
CHEMBL190593,531.4780000000002,2.2157999999999993,132.96,4,5,7
CHEMBL425558,529.5060000000003,3.5856000000000012,103.94000000000001,2,4,6
CHEMBL189067,515.4790000000003,3.243400000000001,112.73,3,4,6
CHEMBL365967,547.5270000000004,1.8396,138.07999999999998,2,6,5
CHEMBL188043,527.4900000000001,3.339600000000001,103.94000000000001,2,4,5
CHEMBL191208,487.42500000000024,2.5926,126.72000000000001,3,4,5
CHEMBL190466,497.48900000000026,3.2475000000000014,103.94000000000001,2,4,5
CHEMBL188096,533.4690000000003,3.334600000000001,103.94000000000001,2,4,5
CHEMBL190269,522.4990000000003,2.9280800000000005,127.73,2,5,5
CHEMBL191473,565.5280000000004,2.0320999999999994,147.54,2,8,6
CHEMBL190217,533.4690000000003,3.334600000000001,103.94000000000001,2,4,5
CHEMBL189258,328.416,1.4858800000000005,99.22,2,4,6
CHEMBL191577,374.44100000000014,0.5944800000000017,117.67999999999999,2,6,8
CHEMBL191866,412.5340000000003,2.3990800000000005,99.66,1,5,4
CHEMBL365113,300.362,0.5347800000000005,99.22,2,4,5
CHEMBL191486,533.4690000000003,3.334600000000001,103.94000000000001,2,4,5
CHEMBL193105,430.5050000000003,0.7439800000000014,129.12,2,7,7
CHEMBL193106,356.47000000000014,1.6018800000000004,99.22,2,4,7
CHEMBL369883,386.4520000000002,0.8204800000000008,108.89000000000001,1,6,5
CHEMBL193202,412.5340000000002,2.3990800000000005,99.66,1,5,4
CHEMBL359759,390.4870000000001,2.3185800000000008,99.22,2,4,7
CHEMBL189220,356.47,2.1219800000000006,99.22,2,4,5
CHEMBL190029,383.45200000000017,0.20298000000000216,110.73999999999998,1,5,4
CHEMBL373148,442.56000000000034,2.40768,108.89000000000001,1,6,5
CHEMBL192733,358.4420000000002,0.5922800000000016,108.44999999999999,2,5,8
CHEMBL191274,342.443,1.7318800000000005,99.22,2,4,6
CHEMBL370677,575.5810000000005,2.4599,138.07999999999998,2,6,6
CHEMBL364922,382.4480000000002,-1.1420399999999968,121.34,1,6,4
CHEMBL192116,428.5330000000003,2.0175799999999997,108.89000000000001,1,6,6
CHEMBL190183,476.5770000000004,2.60428,108.89000000000001,1,6,7
CHEMBL192781,398.78400000000005,2.974500000000001,83.63000000000001,2,3,3
CHEMBL190454,398.78400000000005,2.974500000000001,83.63000000000001,2,3,3
CHEMBL370540,329.3600000000001,1.2517799999999994,111.30000000000001,2,6,4
CHEMBL370046,334.38300000000004,1.0869399999999991,115.73999999999998,2,6,3
CHEMBL192983,250.3669999999999,1.6502999999999999,46.330000000000005,1,3,3
CHEMBL370734,416.77400000000006,3.1136000000000017,83.63000000000001,2,3,3
CHEMBL195063,314.389,1.3521799999999997,77.39,2,5,4
CHEMBL194489,432.3360000000001,3.339900000000002,83.63000000000001,2,3,3
CHEMBL195270,400.3190000000001,2.5993000000000004,83.63000000000001,2,3,3
CHEMBL191354,443.2350000000001,3.0836000000000015,83.63000000000001,2,3,3
CHEMBL433811,344.4150000000001,1.3607799999999999,86.62,2,6,5
CHEMBL191652,450.32600000000014,3.479000000000002,83.63000000000001,2,3,3
CHEMBL371143,309.373,1.2152599999999991,91.94999999999999,2,5,3
CHEMBL366173,400.3190000000001,2.5993000000000004,83.63000000000001,2,3,3
CHEMBL191823,382.329,2.4602000000000004,83.63000000000001,2,3,3
CHEMBL364093,416.77400000000006,3.1136000000000026,83.63000000000001,2,3,3
CHEMBL365575,382.329,2.4602000000000004,83.63000000000001,2,3,3
CHEMBL193168,348.42800000000005,0.2099800000000001,102.30000000000001,2,5,4
CHEMBL195862,416.77400000000006,3.1136000000000017,83.63000000000001,2,3,3
CHEMBL370079,442.43100000000015,1.7246000000000004,117.77,2,5,4
CHEMBL192365,410.43300000000005,3.043000000000001,83.63000000000001,2,4,4
CHEMBL194717,343.818,1.868659999999999,91.94999999999999,2,5,3
CHEMBL191775,202.32299999999995,0.8927000000000002,46.330000000000005,1,3,3
CHEMBL362973,364.33899999999994,2.3211,83.63000000000001,2,3,3
CHEMBL362976,382.329,2.4602000000000004,83.63000000000001,2,3,3
CHEMBL552503,574.5750000000004,1.9983999999999997,110.65,1,5,6
CHEMBL541919,574.5750000000004,1.9983999999999997,110.65,1,5,6
CHEMBL362930,447.4730000000001,3.3114000000000017,86.87,2,4,4
CHEMBL195420,310.361,0.6102599999999991,104.83999999999999,2,6,3
CHEMBL381626,193.25,0.2529799999999998,56.13,1,3,1
CHEMBL365996,458.4270000000002,4.127200000000002,83.63000000000001,2,3,4
CHEMBL192165,310.361,0.6102599999999991,104.83999999999999,2,6,3
CHEMBL371585,327.3880000000001,1.05318,97.26,3,4,3
CHEMBL192882,290.41100000000006,1.1537799999999996,68.16,2,4,3
CHEMBL191933,440.4370000000002,3.988100000000002,83.63000000000001,2,3,4
CHEMBL539939,312.37300000000005,0.6614799999999995,85.23,2,4,3
CHEMBL194993,312.41700000000003,1.063779999999999,68.16,2,4,5
CHEMBL195804,298.39000000000004,1.0212799999999995,68.16,2,4,4
CHEMBL369888,394.36499999999995,2.3297,92.86,2,4,4
CHEMBL191699,208.26500000000001,-0.8098199999999987,82.15,2,4,1
CHEMBL195378,508.4760000000003,3.1682000000000006,138.09,3,6,5
CHEMBL370240,458.4270000000002,4.127200000000002,83.63000000000001,2,3,4
CHEMBL191858,441.4250000000002,3.3831000000000007,96.52,2,4,4
CHEMBL195335,284.36300000000006,1.3435799999999996,68.16,2,4,3
CHEMBL190979,507.4880000000003,3.773200000000001,125.2,3,5,5
CHEMBL370033,548.5370000000003,4.915500000000004,122.55,2,6,6
CHEMBL192449,442.4130000000002,2.7781000000000002,109.41000000000001,2,5,4
CHEMBL195443,470.4630000000001,3.9967000000000024,92.86,2,4,5
CHEMBL192396,447.4540000000002,3.444600000000001,96.52,2,5,4
CHEMBL192421,483.4620000000002,3.0870000000000006,126.72000000000001,3,4,5
CHEMBL195905,523.4870000000003,3.4788000000000006,145.42999999999998,4,6,5
CHEMBL364057,522.4990000000003,4.083800000000002,132.54,4,5,5
CHEMBL371846,441.4250000000001,3.3831000000000007,96.52,2,4,4
CHEMBL370072,524.4710000000002,3.7437000000000014,142.78,3,7,5
CHEMBL195205,441.4250000000002,3.3831000000000007,96.52,2,4,4
CHEMBL366031,519.5170000000003,2.6355000000000004,143.79,3,5,5
CHEMBL192117,587.5140000000004,4.249600000000003,129.79999999999998,3,5,6
CHEMBL192980,508.4340000000002,5.006900000000004,83.63000000000001,2,3,4
CHEMBL195739,508.4760000000003,2.9638,127.23,2,7,5
CHEMBL195173,476.4170000000002,4.266300000000003,83.63000000000001,2,3,4
CHEMBL191514,454.46400000000006,4.296520000000003,83.63000000000001,2,3,4
CHEMBL425375,508.4340000000002,5.006900000000004,83.63000000000001,2,3,4
CHEMBL192425,512.5000000000002,4.164800000000002,109.92999999999999,2,5,6
CHEMBL191906,484.4460000000002,3.686300000000001,120.92999999999999,3,4,5
CHEMBL278729,476.4170000000002,4.266300000000003,83.63000000000001,2,3,4
CHEMBL365780,518.5290000000002,3.3916000000000013,117.77,2,5,5
CHEMBL365953,470.46300000000014,3.9967000000000015,92.86,2,4,5
CHEMBL372472,454.4640000000001,4.296520000000002,83.63000000000001,2,3,4
CHEMBL363175,512.5000000000002,4.164800000000002,109.92999999999999,2,5,6
CHEMBL191812,476.4170000000002,4.266300000000004,83.63000000000001,2,3,4
CHEMBL195755,484.4460000000002,3.686300000000001,120.92999999999999,3,4,5
CHEMBL363584,476.4170000000002,4.266300000000003,83.63000000000001,2,3,4
CHEMBL191769,474.88200000000023,4.641500000000003,83.63000000000001,2,3,4
CHEMBL193887,533.5440000000003,3.3596000000000013,129.79999999999998,3,5,6
CHEMBL194437,518.5290000000002,3.3916000000000013,117.77,2,5,5
CHEMBL263326,533.5440000000003,3.3596000000000013,129.79999999999998,3,5,6
CHEMBL552788,458.41200000000026,0.2905000000000011,123.19999999999999,2,5,4
CHEMBL195667,508.47200000000026,4.038100000000002,122.55,2,6,5
CHEMBL372078,491.58500000000026,3.3366000000000025,93.36,1,6,6
CHEMBL366166,452.3740000000002,3.1972000000000023,64.15,1,4,5
CHEMBL425200,459.58700000000016,4.655000000000003,59.22,1,5,6
CHEMBL193802,428.4580000000002,3.3492000000000015,64.15,1,4,5
CHEMBL425380,361.392,2.6750000000000007,72.36000000000001,1,4,5
CHEMBL196938,402.3670000000002,2.5619000000000014,64.15,1,4,4
CHEMBL381665,481.4900000000002,4.951900000000003,59.220000000000006,1,4,5
CHEMBL191805,402.36700000000013,2.5619000000000014,64.15,1,4,4
CHEMBL425905,360.408,2.4101,75.01,2,3,5
CHEMBL197082,361.392,2.6750000000000007,72.36000000000001,1,4,5
CHEMBL197352,481.4900000000002,4.951900000000004,59.220000000000006,1,4,5
CHEMBL194979,470.3640000000001,3.587200000000002,64.15,1,4,5
CHEMBL196114,428.4580000000002,3.442820000000001,64.15,1,4,5
CHEMBL197301,428.45800000000014,3.3492000000000015,64.15,1,4,5
CHEMBL197413,388.3400000000001,2.5515000000000008,75.01,2,3,4
CHEMBL196333,351.4220000000001,2.5745200000000006,59.22,1,4,4
CHEMBL373268,414.43100000000015,3.3388000000000018,75.01,2,3,5
CHEMBL363375,405.3920000000001,3.284900000000002,59.220000000000006,1,4,4
CHEMBL369894,452.3740000000002,3.1972000000000023,64.15,1,4,5
CHEMBL195721,402.36700000000013,2.5619000000000014,64.15,1,4,4
CHEMBL195547,431.4830000000002,4.072200000000003,59.220000000000006,1,4,5
CHEMBL371521,402.36700000000013,2.5619000000000014,64.15,1,4,4
CHEMBL196881,491.58500000000026,3.3366000000000016,93.36,1,6,6
CHEMBL196010,470.36400000000015,3.587200000000003,64.15,1,4,5
CHEMBL195984,389.3240000000001,2.8164000000000007,72.36000000000001,1,4,4
CHEMBL426469,334.37000000000006,1.8411199999999999,75.01,2,3,4
CHEMBL193885,428.4580000000002,3.442820000000002,64.15,1,4,5
CHEMBL364461,388.3400000000001,2.9460000000000006,75.01,2,3,4
CHEMBL370269,438.34700000000015,3.1868000000000016,75.01,2,3,5
CHEMBL426649,405.3920000000001,3.284900000000002,59.220000000000006,1,4,4
CHEMBL197300,388.34000000000015,2.5515000000000008,75.01,2,3,4
CHEMBL363606,389.32400000000007,2.8164000000000016,72.36000000000001,1,4,4
CHEMBL195030,431.4830000000002,4.072200000000003,59.220000000000006,1,4,5
CHEMBL381200,212.05800000000002,-1.2585999999999993,72.80000000000001,3,4,4
CHEMBL382980,226.085,-0.8684999999999996,72.80000000000001,3,4,4
CHEMBL371429,240.112,-0.4783999999999996,72.80000000000001,3,4,4
CHEMBL371130,254.13899999999998,-0.08829999999999993,72.80000000000001,3,4,4
CHEMBL382974,282.1929999999999,0.6919,72.80000000000001,3,4,4
CHEMBL196267,310.2469999999999,1.4720999999999997,72.80000000000001,3,4,4
CHEMBL373269,306.2149999999999,0.5477999999999996,72.80000000000001,3,4,4
CHEMBL372180,350.3120000000001,2.2523,72.80000000000001,3,4,8
CHEMBL434184,296.2199999999999,0.9362999999999997,72.80000000000001,3,4,5
CHEMBL196120,186.02,-1.663399999999999,86.79,3,4,2
CHEMBL427012,306.2149999999999,0.4037,72.80000000000001,3,4,4
CHEMBL381444,348.2960000000001,1.7180999999999997,72.80000000000001,3,4,4
CHEMBL196188,320.24200000000013,0.7458999999999996,64.01,2,4,4
CHEMBL196933,268.16599999999994,0.3017999999999997,72.80000000000001,3,4,4
CHEMBL195271,216.08999999999997,-0.5892999999999994,95.58000000000001,4,4,7
CHEMBL196180,230.11699999999996,-0.1991999999999997,95.58000000000001,4,4,8
CHEMBL194249,244.14399999999995,0.19089999999999996,95.58000000000001,4,4,9
CHEMBL194250,230.117,-0.3432999999999994,95.58000000000001,4,4,7
CHEMBL196461,217.07799999999997,-2.040599999999997,121.60000000000001,5,5,7
CHEMBL373319,245.13199999999995,-1.2603999999999975,121.60000000000001,5,5,9
CHEMBL194852,228.10099999999997,-0.49309999999999954,86.79,3,4,5
CHEMBL194428,215.06199999999998,-2.334499999999998,112.81,4,5,4
CHEMBL195189,214.07399999999998,-1.0272999999999988,86.79,3,4,3
CHEMBL365322,188.036,-1.5135999999999985,95.58000000000001,4,4,4
CHEMBL362922,282.38399999999996,0.45639999999999975,72.80000000000001,3,4,4
CHEMBL424854,400.4790000000002,1.0827800000000005,94.9,1,6,7
CHEMBL203084,358.4170000000001,1.2046799999999993,76.44,1,4,5
CHEMBL381530,326.40000000000003,1.0230799999999995,76.44,1,4,5
CHEMBL201424,368.4810000000002,1.84418,76.44,1,4,5
CHEMBL382847,350.369,1.0752799999999998,85.23,2,4,7
CHEMBL372391,356.47,1.9941800000000005,85.23,2,4,8
CHEMBL201158,342.443,1.5321800000000005,85.23,2,4,7
CHEMBL201544,328.416,0.8395800000000007,85.23,2,4,8
CHEMBL371907,326.40000000000003,0.6754800000000001,76.44,1,4,4
CHEMBL200103,340.4270000000001,1.06558,76.44,1,4,5
CHEMBL371480,300.362,1.1193799999999992,85.23,2,4,6
CHEMBL371057,354.4540000000001,1.4556800000000003,76.44,1,4,6
CHEMBL425585,354.4540000000002,1.4540799999999996,76.44,1,4,5
CHEMBL201398,382.50800000000027,2.09018,76.44,1,4,6
CHEMBL202711,370.49700000000024,2.3107800000000003,85.23,2,4,7
CHEMBL372746,433.4590000000002,0.7434800000000006,96.75,1,5,6
CHEMBL201753,490.5860000000004,-0.027819999999996403,142.92,2,7,8
CHEMBL380902,386.47100000000023,1.9832799999999997,76.44,1,4,5
CHEMBL425756,404.4610000000002,2.12238,76.44,1,4,5
CHEMBL383841,426.54600000000016,1.4391799999999997,92.57,1,7,6
CHEMBL382907,314.389,0.7970800000000002,85.23,2,4,7
CHEMBL203032,359.3860000000001,0.7052800000000004,128.37,2,6,8
CHEMBL201695,342.443,1.7481800000000003,85.23,2,4,8
CHEMBL201644,354.4540000000002,1.80168,76.44,1,4,5
CHEMBL203379,453.46100000000024,2.7388000000000003,105.63000000000001,2,5,4
CHEMBL377724,471.5010000000002,2.6493,105.63000000000001,2,6,4
CHEMBL378597,457.42400000000015,2.2966999999999995,105.63000000000001,2,5,4
CHEMBL202634,485.47800000000024,3.0769,105.63000000000001,2,5,4
CHEMBL203169,501.4770000000002,2.179099999999999,125.86,3,6,5
CHEMBL205872,489.4410000000002,2.8259000000000007,105.63000000000001,2,5,4
CHEMBL206252,485.4780000000001,2.9952200000000007,105.63000000000001,2,5,4
CHEMBL203323,564.3740000000003,3.7577200000000026,105.63000000000001,2,5,4
CHEMBL381145,457.42400000000015,3.088700000000001,116.75000000000001,3,5,4
CHEMBL203736,489.4410000000002,2.8259000000000007,105.63000000000001,2,5,4
CHEMBL380496,501.4770000000002,2.6954000000000002,114.86,2,6,5
CHEMBL203267,523.8860000000002,3.479300000000001,105.63000000000001,2,5,4
CHEMBL438265,576.5190000000005,3.394300000000001,143.95999999999995,3,7,6
CHEMBL206501,489.4410000000002,2.984000000000001,105.63000000000001,2,5,4
CHEMBL383651,550.3470000000003,3.449300000000001,105.63000000000001,2,5,4
CHEMBL424687,489.4410000000002,2.8259000000000007,105.63000000000001,2,5,4
CHEMBL425039,485.4780000000002,2.9952200000000007,105.63000000000001,2,5,4
CHEMBL382382,240.7339999999999,1.6720000000000002,38.489999999999995,1,3,3
CHEMBL206383,471.4510000000002,2.6868,105.63000000000001,2,5,4
CHEMBL206792,485.4780000000001,3.1697000000000015,105.63000000000001,2,5,5
CHEMBL381340,212.29599999999996,2.386400000000001,52.04,2,2,3
CHEMBL206743,212.29599999999996,2.386400000000001,52.04,2,2,3
CHEMBL206496,217.69899999999998,3.465700000000002,26.02,1,1,2
CHEMBL378152,218.687,2.8607000000000014,38.91,1,2,2
CHEMBL382674,543.5140000000004,2.7129000000000003,131.92999999999998,2,7,7
CHEMBL438258,579.4940000000005,3.2622000000000018,131.92999999999998,2,7,7
CHEMBL206172,551.5120000000004,4.278100000000003,105.63000000000001,2,5,5
CHEMBL203105,233.69799999999998,3.591000000000002,35.25,1,2,3
CHEMBL383323,511.5160000000002,3.559800000000001,105.63000000000001,2,5,6
CHEMBL382127,175.2749999999999,2.4571000000000005,26.02,1,1,2
CHEMBL425584,383.4670000000001,2.5066000000000006,75.43,2,3,7
CHEMBL381806,355.41300000000007,1.5244,89.42,2,3,5
CHEMBL379522,276.34000000000003,0.28785999999999934,100.15,2,5,4
CHEMBL207980,312.41700000000014,1.951559999999999,79.92,1,4,3
CHEMBL208673,308.38500000000016,2.0621599999999995,79.92,1,4,4
CHEMBL377320,290.411,2.19756,79.92,1,4,4
CHEMBL207620,274.368,1.5614599999999996,79.92,1,4,3
CHEMBL382045,324.38400000000007,0.51266,100.15,2,5,4
CHEMBL209058,328.39100000000013,2.14316,79.92,1,4,5
CHEMBL208902,234.30299999999997,0.7812599999999998,79.92,1,4,2
CHEMBL208952,290.3670000000001,0.6779599999999992,100.15,2,5,4
CHEMBL377058,274.368,1.705559999999999,79.92,1,4,3
CHEMBL379260,250.302,-0.24633999999999934,100.15,2,5,4
CHEMBL209127,322.41200000000015,2.14816,79.92,1,4,5
CHEMBL380681,292.33900000000006,-0.47573999999999983,109.38000000000001,2,6,4
CHEMBL211024,272.35200000000003,1.1713599999999993,79.92,1,4,3
CHEMBL210259,296.37399999999997,1.9180599999999997,79.92,1,4,4
CHEMBL209191,304.3940000000002,1.33206,89.15,1,5,6
CHEMBL379086,290.3670000000001,0.9419600000000006,89.15,1,5,5
CHEMBL209994,332.44800000000015,2.11226,89.15,1,5,8
CHEMBL381111,260.34099999999995,1.3154599999999992,79.92,1,4,3
CHEMBL378709,332.44800000000015,1.96816,89.15,1,5,7
CHEMBL377749,358.48600000000033,2.6448599999999995,89.15,1,5,6
CHEMBL208756,304.3940000000002,1.33206,89.15,1,5,6
CHEMBL208657,318.42100000000016,1.72216,89.15,1,5,7
CHEMBL378750,344.4590000000002,2.30086,96.99000000000001,1,5,5
CHEMBL383488,298.3900000000001,1.5614599999999992,79.92,1,4,3
CHEMBL207912,328.41600000000017,1.0664599999999989,100.15,2,5,3
CHEMBL378048,520.5120000000003,2.1511,134.13,2,7,5
CHEMBL209064,556.4920000000004,2.3962999999999997,134.13,2,7,5
CHEMBL210829,556.4920000000004,2.3962999999999997,134.13,2,7,5
CHEMBL208957,556.4920000000004,2.396299999999999,134.13,2,7,5
CHEMBL210974,524.4750000000003,1.7089999999999999,134.13,2,7,5
CHEMBL209710,552.5290000000003,2.407519999999999,134.12999999999997,2,7,5
CHEMBL209111,552.5290000000003,2.407519999999999,134.13,2,7,5
CHEMBL210621,552.5290000000003,2.407519999999999,134.13,2,7,5
CHEMBL537869,478.9310000000002,2.1848000000000005,96.83,1,6,5
CHEMBL210920,301.39000000000016,0.9032999999999995,61.440000000000005,2,3,4
CHEMBL207348,538.5020000000003,2.0990999999999995,134.13,2,7,5
CHEMBL377221,538.5020000000003,2.0990999999999995,134.13,2,7,5
CHEMBL210999,538.5020000000003,2.0990999999999995,134.13,2,7,5
CHEMBL378086,331.391,1.0772999999999995,52.650000000000006,1,3,2
CHEMBL209981,327.4280000000002,1.4377199999999997,52.650000000000006,1,3,2
CHEMBL210459,538.5020000000003,2.0990999999999995,134.13,2,7,5
CHEMBL377776,382.2910000000001,2.4361000000000006,52.650000000000006,1,3,2
CHEMBL380240,287.36300000000006,1.2255999999999994,61.440000000000005,2,3,3
CHEMBL427219,349.3810000000001,1.3744999999999994,52.650000000000006,1,3,2
CHEMBL210353,331.44100000000003,1.0398,52.650000000000006,1,4,2
CHEMBL210590,331.391,1.0772999999999995,52.650000000000006,1,3,2
CHEMBL208964,347.84600000000006,1.7827,52.650000000000006,1,3,2
CHEMBL378673,537.5140000000004,2.7041000000000004,121.24,2,6,5
CHEMBL210225,331.391,1.2683999999999995,52.650000000000006,1,3,2
CHEMBL210718,381.398,2.1481000000000003,52.650000000000006,1,3,2
CHEMBL379261,313.401,1.1292999999999997,52.650000000000006,1,3,2
CHEMBL379702,538.5020000000003,2.0990999999999995,134.13,2,7,5
CHEMBL210941,315.4170000000002,0.9457999999999995,61.440000000000005,2,3,5
CHEMBL209162,528.5030000000003,1.7550999999999999,125.94000000000001,2,6,5
CHEMBL210995,338.4110000000001,1.0214799999999995,76.44,1,4,2
CHEMBL210522,366.4650000000001,1.8000799999999992,76.44,1,4,2
CHEMBL214580,365.94899999999996,3.574200000000002,58.36000000000001,2,3,8
CHEMBL215299,323.86799999999994,2.548000000000001,58.36000000000001,2,3,6
CHEMBL385711,343.349,1.1008000000000004,75.43,2,3,4
CHEMBL216178,420.4350000000001,1.7186000000000003,88.32000000000001,2,4,6
CHEMBL217702,421.4230000000001,1.1136000000000001,101.21000000000001,2,5,6
CHEMBL217005,343.349,1.1008000000000004,75.43,2,3,4
CHEMBL1422,407.31800000000015,2.0164999999999997,77.04,1,5,4
CHEMBL218459,357.376,1.4909000000000001,75.43,2,3,5
CHEMBL216234,343.349,1.1008000000000004,75.43,2,3,4
CHEMBL216253,338.41100000000006,1.0225799999999996,90.43,1,5,3
CHEMBL216643,329.322,0.7122999999999997,75.43,2,3,4
CHEMBL216186,389.32800000000015,1.8773999999999997,77.04,1,5,4
CHEMBL384382,343.349,1.1008000000000004,75.43,2,3,4
CHEMBL217051,403.3550000000001,2.4384000000000006,77.04,1,5,4
CHEMBL217271,411.3460000000001,2.0332999999999997,75.43,2,3,5
CHEMBL386380,419.4470000000001,2.3236000000000008,75.43,2,3,6
CHEMBL384816,297.30499999999995,0.5291000000000007,75.43,2,3,4
CHEMBL217015,311.332,0.5716000000000007,75.43,2,3,4
CHEMBL217016,325.359,0.9617000000000006,75.43,2,3,4
CHEMBL217059,418.49400000000026,1.9237799999999996,112.92000000000002,2,7,9
CHEMBL217060,404.51400000000024,3.564980000000001,85.23,2,4,7
CHEMBL216377,342.44300000000015,1.5756799999999997,85.23,2,4,7
CHEMBL216383,328.41600000000017,1.8979799999999996,85.23,2,4,6
CHEMBL385637,346.4060000000001,2.0370799999999996,85.23,2,4,6
CHEMBL384985,358.4420000000001,1.9065799999999995,94.46000000000001,2,5,7
CHEMBL386326,364.39600000000013,2.1761799999999996,85.23,2,4,6
CHEMBL385394,356.47000000000014,2.5148200000000003,85.23,2,4,6
CHEMBL217198,388.4680000000002,1.9151799999999997,103.69000000000001,2,6,8
CHEMBL217245,356.4700000000002,1.92068,85.23,2,4,7
CHEMBL274770,356.4700000000002,1.6181800000000002,85.23,2,4,8
CHEMBL217212,384.5240000000003,2.3967800000000006,85.23,2,4,8
CHEMBL217339,370.4970000000001,1.9265999999999999,85.23,2,4,8
CHEMBL274103,424.4670000000002,2.636980000000001,85.23,2,4,8
CHEMBL384493,424.46700000000027,2.636980000000001,85.23,2,4,8
CHEMBL216878,424.46700000000027,2.636980000000001,85.23,2,4,8
CHEMBL217290,416.5220000000002,1.6353800000000007,103.69000000000001,2,6,10
CHEMBL218393,425.36000000000024,2.9249800000000015,85.23,2,4,8
CHEMBL218026,357.4580000000002,1.0131800000000006,98.12,2,5,8
CHEMBL217388,310.397,2.5791000000000004,72.19,2,3,8
CHEMBL218289,328.387,2.7182000000000013,72.19,2,3,8
CHEMBL217017,346.377,2.8573000000000013,72.19,2,3,8
CHEMBL217532,328.387,2.7182000000000013,72.19,2,3,8
CHEMBL217801,344.842,3.2325000000000017,72.19,2,3,8
CHEMBL216453,410.4400000000002,2.594480000000001,85.23,2,4,7
CHEMBL216296,343.43100000000015,0.9706800000000004,98.12,2,5,7
CHEMBL386895,324.42400000000004,2.8875200000000003,72.19,2,3,8
CHEMBL216203,356.4700000000002,1.92068,85.23,2,4,7
CHEMBL216854,300.36200000000014,1.7897999999999996,85.24999999999999,1,5,4
CHEMBL216774,350.3690000000002,2.7274000000000003,85.24999999999999,1,5,5
CHEMBL426335,384.35800000000023,2.6884000000000006,94.48,1,6,5
CHEMBL219369,318.35200000000015,1.9289,85.24999999999999,1,5,4
CHEMBL219370,368.3590000000002,2.808600000000001,85.24999999999999,1,5,4
CHEMBL375414,334.8070000000002,2.4432,85.24999999999999,1,5,4
CHEMBL375875,368.3590000000002,2.808600000000002,85.24999999999999,1,5,4
CHEMBL220021,334.8070000000002,2.443200000000001,85.24999999999999,1,5,4
CHEMBL220249,384.35800000000023,2.6884000000000006,94.48,1,6,5
CHEMBL220301,368.3590000000002,2.808600000000002,85.24999999999999,1,5,4
CHEMBL218882,432.4240000000002,2.0833,119.39,1,7,5
CHEMBL219602,379.44200000000023,0.4372000000000005,145.41,2,7,5
CHEMBL374936,378.45400000000024,1.1933,119.39,1,7,5
CHEMBL218911,393.4690000000003,1.1613,131.42000000000002,2,7,6
CHEMBL219382,369.25200000000024,3.0966000000000014,85.24999999999999,1,5,4
CHEMBL374032,336.34200000000016,2.0679999999999996,85.24999999999999,1,5,4
CHEMBL438992,483.2740000000003,3.7299000000000015,122.55,2,6,4
CHEMBL374703,413.70300000000026,3.205700000000001,85.24999999999999,1,5,4
CHEMBL216855,352.7970000000002,2.5823,85.24999999999999,1,5,4
CHEMBL386812,541.9360000000004,2.4480000000000004,168.72,3,8,6
CHEMBL216835,412.8990000000002,1.8466999999999998,119.39,1,7,5
CHEMBL219278,396.44400000000024,1.3323999999999998,119.39,1,7,5
CHEMBL375146,577.9160000000004,2.6932,168.72,3,8,6
CHEMBL220404,483.2740000000003,3.7299000000000015,122.55,2,6,4
CHEMBL218254,482.2860000000003,4.334900000000002,109.66000000000001,2,5,4
CHEMBL218306,482.29000000000025,3.4650000000000016,125.2,3,5,4
CHEMBL387333,559.9260000000004,2.396,168.72,3,8,6
CHEMBL218776,559.9260000000004,2.396,168.72,3,8,6
CHEMBL553006,318.39799999999997,2.0868,81.41999999999999,2,5,8
CHEMBL541664,358.46300000000014,3.0111000000000008,81.42000000000002,2,5,8
CHEMBL554090,316.426,2.640600000000001,72.19,2,4,8
CHEMBL435320,544.9110000000003,2.428,156.69,2,8,5
CHEMBL376498,584.9760000000003,3.2082000000000015,156.68999999999997,2,8,7
CHEMBL219371,586.9920000000004,3.454200000000001,156.69,2,8,7
CHEMBL220357,574.9370000000004,1.7904999999999998,176.92,3,9,7
CHEMBL375442,550.5310000000004,2.5548,156.68999999999997,2,8,7
CHEMBL219434,564.5580000000004,2.863220000000001,156.68999999999997,2,8,7
CHEMBL375745,568.5210000000004,2.6939,156.68999999999997,2,8,7
CHEMBL220402,483.2740000000003,3.7299000000000015,122.55,2,6,4
CHEMBL223865,317.45800000000014,1.7026,35.580000000000005,1,4,2
CHEMBL389244,303.4310000000001,1.3124999999999996,35.580000000000005,1,4,2
CHEMBL225493,348.4280000000001,1.2206999999999992,78.72,1,6,3
CHEMBL224346,322.3900000000001,1.2700999999999998,87.50999999999999,2,6,4
CHEMBL388111,333.45700000000016,1.3211,44.81,1,5,3
CHEMBL411561,307.41900000000004,1.3704999999999996,53.6,2,5,4
CHEMBL223914,321.42100000000016,1.4515999999999998,35.580000000000005,1,4,2
CHEMBL390512,337.87600000000015,1.9658999999999995,35.580000000000005,1,4,2
CHEMBL223915,311.8380000000001,2.0153,44.370000000000005,2,4,3
CHEMBL223916,382.3270000000002,2.0749999999999993,35.580000000000005,1,4,2
CHEMBL390513,303.3910000000001,0.6285799999999995,81.05,2,6,3
CHEMBL224435,186.28,0.27129999999999993,32.34,1,3,1
CHEMBL223114,277.39300000000003,1.3618999999999999,44.370000000000005,2,4,3
CHEMBL374688,302.4030000000001,1.2335799999999995,68.16,2,5,3
CHEMBL223060,291.42,1.0395999999999999,44.370000000000005,2,4,4
CHEMBL224419,291.38,0.48767999999999967,81.05,2,6,6
CHEMBL223497,316.43000000000006,0.9112799999999996,68.16,2,5,4
CHEMBL441559,330.41300000000007,0.5514799999999995,85.23,2,5,3
CHEMBL376562,320.41800000000006,1.0714999999999997,73.47,3,4,3
CHEMBL227418,345.4280000000001,0.9431799999999995,97.26,3,5,3
CHEMBL227737,330.45700000000016,1.25348,59.370000000000005,1,5,4
CHEMBL227800,358.5110000000002,2.0320799999999997,59.370000000000005,1,5,5
CHEMBL389848,372.5380000000002,2.42378,59.370000000000005,1,5,7
CHEMBL228021,431.5650000000002,2.6955600000000013,83.16,1,6,6
CHEMBL389624,402.5200000000002,1.1867799999999995,85.67,1,7,7
CHEMBL228243,373.4820000000002,0.10898000000000119,102.46,2,6,6
CHEMBL227482,374.4660000000002,0.7082800000000007,96.67,2,6,6
CHEMBL226771,360.4830000000002,0.6159799999999995,79.60000000000001,2,6,6
CHEMBL228032,445.5480000000003,2.3357600000000005,100.23,1,6,5
CHEMBL227615,303.43100000000004,1.2655999999999996,35.580000000000005,1,4,2
CHEMBL227954,359.43300000000005,2.2439799999999996,87.94,1,6,3
CHEMBL228004,393.87800000000004,2.897380000000001,87.94,1,6,3
CHEMBL387552,393.87800000000004,2.897380000000001,87.94,1,6,3
CHEMBL390529,428.3230000000001,3.5507800000000014,87.94,1,6,3
CHEMBL227676,438.32900000000006,3.0064800000000007,87.94,1,6,3
CHEMBL227670,389.45900000000006,2.25258,97.16999999999999,1,7,4
CHEMBL375508,407.44900000000024,2.39168,97.17,1,7,4
CHEMBL227089,419.4850000000002,2.2611799999999995,106.39999999999999,1,8,5
CHEMBL390776,389.45900000000023,2.25258,97.17,1,7,4
CHEMBL227356,462.5290000000003,2.2196799999999994,100.41,1,8,4
CHEMBL2068511,171.99299999999997,-2.0534999999999988,86.78999999999999,3,4,2
CHEMBL2068512,171.99299999999997,-2.0534999999999988,86.78999999999999,3,4,2
CHEMBL227464,377.42300000000006,2.3830800000000005,87.94,1,6,3
CHEMBL425483,377.42300000000006,2.3830800000000005,87.94,1,6,3
CHEMBL389074,393.87800000000004,2.897380000000001,87.94,1,6,3
CHEMBL395762,535.5630000000002,3.159200000000001,121.96,3,5,11
CHEMBL427261,405.78300000000013,2.3917,77.04,1,5,4
CHEMBL230839,513.6100000000002,3.189420000000001,121.96000000000002,3,5,11
CHEMBL230840,459.54300000000023,1.930600000000001,112.73,3,5,9
CHEMBL230937,473.5700000000002,2.019,101.73,2,6,9
CHEMBL230938,392.4380000000002,2.1184,86.8,2,5,3
CHEMBL388900,399.46600000000024,1.8505999999999996,75.87,1,4,5
CHEMBL231551,383.4670000000001,2.393,75.43,2,3,7
CHEMBL231552,451.4640000000001,3.411800000000002,75.43,2,3,7
CHEMBL231653,435.422,2.5993000000000013,77.04,1,6,5
CHEMBL396195,429.49200000000013,2.107200000000001,104.89,3,5,8
CHEMBL231654,457.4210000000001,1.7907000000000002,92.94000000000001,1,5,5
CHEMBL410187,375.87500000000017,3.0878000000000014,49.57000000000001,1,3,5
CHEMBL395546,306.316,1.4679999999999997,64.15,1,4,4
CHEMBL231050,482.42800000000017,4.210900000000003,64.15,1,4,5
CHEMBL231151,401.45700000000016,2.5622000000000007,66.64,1,3,5
CHEMBL396789,447.38300000000015,2.8187000000000006,77.04,1,5,6
CHEMBL230095,349.40600000000006,0.9164999999999999,75.87,1,4,7
CHEMBL427257,325.359,0.9617000000000006,75.43,2,3,4
CHEMBL390853,343.349,1.1008000000000004,75.43,2,3,4
CHEMBL231009,353.41300000000007,1.6939999999999997,66.64,1,3,5
CHEMBL390884,397.4220000000001,0.8471000000000003,92.94,1,5,6
CHEMBL231010,383.3950000000001,0.7587000000000009,103.94,2,4,6
CHEMBL390885,365.424,1.8364999999999998,66.64,1,3,5
CHEMBL231011,357.376,1.4429999999999996,66.64,1,3,4
CHEMBL231117,387.40200000000004,0.8055000000000007,86.87,2,4,6
CHEMBL395004,477.5270000000002,3.0300000000000002,75.87,1,4,9
CHEMBL390886,425.37300000000005,2.3755000000000006,66.64,1,3,5
CHEMBL230282,383.414,1.9756,66.64,1,3,5
CHEMBL230283,399.45700000000005,2.611700000000001,66.64,1,3,4
CHEMBL397010,343.349,1.1008000000000004,75.43,2,3,4
CHEMBL230387,357.37600000000003,1.3468000000000004,75.43,2,3,4
CHEMBL397241,357.37600000000003,1.3468000000000004,75.43,2,3,4
CHEMBL230388,371.40299999999996,1.7369,75.43,2,3,5
CHEMBL397242,371.40299999999996,1.7369,75.43,2,3,5
CHEMBL230389,425.3730000000001,2.279300000000001,75.43,2,3,5
CHEMBL230495,425.3730000000001,2.279300000000001,75.43,2,3,5
CHEMBL394594,371.40299999999996,1.7369,75.43,2,3,4
CHEMBL230496,357.376,1.4893,75.42999999999999,2,3,4
CHEMBL394836,357.376,1.4892999999999994,75.43,2,3,4
CHEMBL230497,425.373,2.4218,75.42999999999999,2,3,5
CHEMBL394837,447.5010000000002,3.0205200000000003,75.43,2,3,6
CHEMBL395798,451.46400000000006,2.8512000000000013,75.42999999999999,2,3,6
CHEMBL230602,434.46200000000005,2.1071000000000004,88.32,2,4,6
CHEMBL230603,411.34600000000006,2.0317,75.43,2,3,4
CHEMBL230601,371.4030000000001,1.8794000000000002,75.42999999999999,2,3,5
CHEMBL439394,451.46400000000017,2.8512000000000004,75.43,2,3,6
CHEMBL397716,553.5530000000002,3.298300000000001,121.96,3,5,11
CHEMBL390193,420.353,4.0584000000000024,66.56,2,3,2
CHEMBL230340,421.341,3.453400000000002,79.45,2,4,2
CHEMBL230341,421.341,3.453400000000002,79.45,2,4,2
CHEMBL390194,421.341,3.453400000000002,79.45,2,4,2
CHEMBL230342,489.338,4.472200000000003,79.45,2,4,2
CHEMBL274740,489.338,4.472200000000003,79.45,2,4,2
CHEMBL389602,489.3380000000001,4.472200000000003,79.45,2,4,2
CHEMBL230449,489.338,4.472200000000002,79.45,2,4,2
CHEMBL230883,446.3510000000001,3.3250800000000007,103.24,2,5,2
CHEMBL230984,422.329,2.8484000000000007,92.34,2,5,2
CHEMBL427259,422.329,2.8484000000000007,92.34,2,5,2
CHEMBL230985,422.329,2.8484000000000007,92.34,2,5,2
CHEMBL231090,422.329,2.8484000000000007,92.34,2,5,2
CHEMBL389537,471.40100000000007,4.606600000000003,79.45,2,4,2
CHEMBL231091,471.40100000000007,4.606600000000003,79.45,2,4,2
CHEMBL231092,473.37700000000007,3.396600000000001,105.23,2,6,2
CHEMBL389538,472.38900000000007,4.0016000000000025,92.34,2,5,2
CHEMBL231194,473.37700000000007,3.396600000000001,105.23,2,6,2
CHEMBL231195,474.36500000000007,2.7916000000000007,118.12000000000002,2,7,2
CHEMBL231196,474.36500000000007,2.7916000000000007,118.12000000000002,2,7,2
CHEMBL389803,529.3630000000002,4.119900000000003,96.75000000000001,2,6,2
CHEMBL231293,530.3510000000002,3.5149000000000017,109.64,2,7,2
CHEMBL231294,462.35400000000004,2.4961,109.64,2,7,2
CHEMBL389804,515.4580000000002,4.217500000000003,97.27,2,6,3
CHEMBL231295,513.4420000000001,4.274000000000004,105.23,2,6,3
CHEMBL231395,503.40300000000013,2.9983200000000005,125.2,3,6,2
CHEMBL231396,489.3760000000001,2.4612999999999996,113.82000000000001,2,7,2
CHEMBL231397,503.40300000000013,2.7697200000000004,113.82000000000001,2,7,2
CHEMBL390241,492.38000000000017,1.7997999999999998,118.74999999999999,2,8,2
CHEMBL231496,462.35400000000004,2.4961,109.64,2,7,2
CHEMBL231497,476.3810000000001,2.80452,109.64,2,7,2
CHEMBL390080,490.4080000000001,3.0585000000000004,109.64,2,7,3
CHEMBL228311,530.3510000000002,3.5149000000000017,109.64,2,7,2
CHEMBL228312,556.4420000000003,4.302200000000003,109.64,2,7,3
CHEMBL396512,269.348,1.6466799999999997,56.13,1,3,2
CHEMBL244843,269.348,1.6466799999999997,56.13,1,3,2
CHEMBL396513,297.40200000000004,2.2635200000000006,56.13,1,3,2
CHEMBL245059,285.34700000000004,1.3522799999999997,76.36,2,4,2
CHEMBL243798,285.34700000000004,1.3522799999999997,76.36,2,4,2
CHEMBL390221,285.34700000000004,1.3522799999999997,76.36,2,4,2
CHEMBL243799,313.40100000000007,1.96912,76.36,2,4,2
CHEMBL243800,329.40000000000015,1.6693,85.59,2,5,3
CHEMBL244008,345.39900000000017,1.3694799999999996,94.82,2,6,4
CHEMBL390418,327.4280000000001,2.2230999999999996,76.36,2,4,3
CHEMBL244009,373.4530000000002,2.14968,94.82,2,6,6
CHEMBL413797,313.40100000000007,1.96912,76.36,2,4,2
CHEMBL244010,329.4000000000001,1.6693,85.59,2,5,3
CHEMBL389324,327.42800000000005,2.2775400000000006,76.36,2,4,2
CHEMBL233127,352.43800000000016,1.4099799999999998,76.44,1,4,2
CHEMBL245069,233.31499999999994,1.0551799999999996,56.13,1,3,3
CHEMBL242985,235.33099999999993,1.2791799999999998,56.13,1,3,3
CHEMBL437570,247.34199999999993,1.4452799999999995,56.13,1,3,3
CHEMBL242987,249.35799999999995,1.5251799999999998,56.13,1,3,3
CHEMBL242492,275.39599999999996,2.05938,56.13,1,3,2
CHEMBL389138,327.47200000000015,2.55138,56.13,1,3,2
CHEMBL234356,223.276,-0.5286199999999999,76.36,2,4,2
CHEMBL395919,237.303,-0.13852000000000014,76.36,2,4,3
CHEMBL234158,251.286,-0.04621999999999987,93.43,2,4,3
CHEMBL232103,264.32899999999995,-0.4327199999999989,76.44,1,4,2
CHEMBL391558,278.356,-0.042619999999999214,76.44,1,4,3
CHEMBL232311,292.38300000000004,0.34748000000000046,76.44,1,4,4
CHEMBL232315,236.275,-1.0356199999999987,99.22,2,4,2
CHEMBL391559,250.30199999999994,-0.7749199999999994,85.23,2,4,2
CHEMBL232316,264.32899999999995,-0.3848199999999995,85.23,2,4,3
CHEMBL434960,278.356,0.0052800000000006175,85.23,2,4,4
CHEMBL234163,278.356,-0.042619999999999214,76.44,1,4,3
CHEMBL393498,292.38300000000004,0.34748000000000046,76.44,1,4,4
CHEMBL234373,276.34,-0.28861999999999916,76.44,1,4,2
CHEMBL428369,290.367,0.10148000000000051,76.44,1,4,2
CHEMBL400613,304.39400000000006,0.4915800000000002,76.44,1,4,2
CHEMBL400614,318.4210000000001,0.8816799999999998,76.44,1,4,2
CHEMBL232716,332.44800000000015,1.2717799999999995,76.44,1,4,2
CHEMBL415647,306.3660000000001,-0.6621199999999976,85.67,1,5,2
CHEMBL400615,322.4340000000001,0.05448000000000103,76.44,1,5,2
CHEMBL232914,278.35600000000005,-0.04421999999999926,76.44,1,4,2
CHEMBL394932,292.3829999999999,0.3458800000000007,76.44,1,4,3
CHEMBL232919,290.36700000000013,0.09988000000000041,76.44,1,4,2
CHEMBL393957,304.3940000000002,0.4899800000000003,76.44,1,4,2
CHEMBL232920,318.4210000000002,0.88008,76.44,1,4,2
CHEMBL429258,320.3930000000002,-0.2736199999999991,85.67,1,5,2
CHEMBL394165,336.4610000000002,0.4429800000000006,76.44,1,5,2
CHEMBL388475,371.33800000000014,1.7382999999999993,77.04,1,5,4
CHEMBL243230,387.7930000000001,2.2525999999999993,77.04,1,5,4
CHEMBL243231,387.7930000000001,2.2526,77.04,1,5,4
CHEMBL388433,422.23800000000017,2.9060000000000006,77.04,1,5,4
CHEMBL235120,422.23800000000017,2.9060000000000006,77.04,1,5,4
CHEMBL232648,422.23800000000017,2.9060000000000006,77.04,1,5,4
CHEMBL232845,423.77300000000014,2.5308,77.04,1,5,4
CHEMBL233058,423.77300000000014,2.5308,77.04,1,5,4
CHEMBL233472,415.41900000000015,2.6647000000000007,77.04,1,5,5
CHEMBL389599,433.40900000000016,2.8038000000000016,77.04,1,5,5
CHEMBL233474,398.4170000000002,1.9206,89.93,1,6,5
CHEMBL389600,393.3940000000001,1.0353000000000008,103.33999999999999,1,7,6
CHEMBL233684,351.357,0.35089999999999977,97.27000000000001,2,6,5
CHEMBL233685,367.37500000000006,1.5600999999999998,77.04,1,5,5
CHEMBL390239,379.386,1.8750999999999993,77.04,1,5,5
CHEMBL390240,389.3280000000001,1.9352999999999996,77.04,1,5,5
CHEMBL233686,411.3840000000001,1.1744000000000006,103.33999999999999,1,7,6
CHEMBL233891,438.4540000000001,1.5259999999999998,106.14,2,6,5
CHEMBL232262,371.33800000000014,1.7382999999999993,77.04,1,5,4
CHEMBL242811,371.33800000000014,1.7382999999999995,77.04,1,5,4
CHEMBL242813,389.32800000000015,1.8773999999999995,77.04,1,5,4
CHEMBL389151,389.32800000000015,1.8773999999999995,77.04,1,5,4
CHEMBL243872,407.31800000000015,2.0164999999999997,77.04,1,5,4
CHEMBL394833,407.31800000000015,2.0164999999999997,77.04,1,5,4
CHEMBL394834,407.31800000000015,2.0164999999999997,77.04,1,5,4
CHEMBL397743,443.2980000000002,2.2946999999999997,77.04,1,5,4
CHEMBL397744,421.34500000000014,2.6180000000000003,77.04,1,5,4
CHEMBL243227,421.34500000000014,2.6180000000000003,77.04,1,5,4
CHEMBL245181,421.34500000000014,2.6180000000000003,77.04,1,5,4
CHEMBL388431,387.7930000000001,2.2525999999999993,77.04,1,5,4
CHEMBL234635,418.3850000000001,3.7984000000000027,47.08,1,4,2
CHEMBL232191,419.3730000000001,3.1934000000000013,59.97,1,5,2
CHEMBL234412,318.46100000000007,3.1404000000000005,47.72,1,4,5
CHEMBL234233,330.39400000000006,4.057800000000002,38.49,1,3,5
CHEMBL234235,338.4950000000001,4.706000000000003,38.49,1,3,6
CHEMBL234236,338.4950000000001,4.706000000000003,38.49,1,3,6
CHEMBL443316,334.8130000000001,4.702600000000004,29.259999999999998,1,2,4
CHEMBL234426,334.8130000000001,4.702600000000004,29.259999999999998,1,2,4
CHEMBL234427,292.423,3.047600000000001,47.72,1,4,6
CHEMBL234428,292.423,3.047600000000001,47.72,1,4,6
CHEMBL396136,322.44900000000007,3.0562000000000005,56.95,1,5,7
CHEMBL234429,322.44900000000007,3.0562000000000005,56.95,1,5,7
CHEMBL234613,301.2610000000001,4.337200000000004,29.259999999999998,1,2,4
CHEMBL394507,282.431,4.183600000000003,29.259999999999998,1,2,4
CHEMBL234614,282.431,4.183600000000003,29.259999999999998,1,2,4
CHEMBL397144,286.46299999999997,3.909200000000002,29.259999999999998,1,2,4
CHEMBL234615,282.431,4.183600000000002,29.259999999999998,1,2,4
CHEMBL234616,326.4400000000001,3.333420000000002,47.72,1,4,4
CHEMBL397353,340.4670000000001,3.641840000000003,47.72,1,4,4
CHEMBL231994,326.4400000000001,3.333420000000002,47.72,1,4,4
CHEMBL231995,342.4390000000001,3.0336000000000007,56.95,1,5,5
CHEMBL231996,313.4010000000001,2.420000000000001,60.61,1,5,4
CHEMBL391037,338.45100000000014,3.1178000000000017,47.720000000000006,1,4,3
CHEMBL428894,338.45100000000014,3.1178000000000017,47.720000000000006,1,4,3
CHEMBL234046,338.45100000000014,3.1178000000000017,47.720000000000006,1,4,3
CHEMBL392083,339.43900000000014,2.5128000000000004,60.61000000000001,1,5,3
CHEMBL234047,339.43900000000014,2.5128000000000004,60.61000000000001,1,5,3
CHEMBL392084,352.4780000000001,3.4262200000000025,47.720000000000006,1,4,3
CHEMBL234048,352.4780000000001,3.4262200000000025,47.720000000000006,1,4,3
CHEMBL234238,366.50500000000017,3.7346400000000033,47.720000000000006,1,4,3
CHEMBL392085,366.50500000000017,3.7346400000000033,47.720000000000006,1,4,3
CHEMBL540711,368.4770000000001,3.1264000000000003,56.95,1,5,4
CHEMBL234430,368.4770000000001,3.1264000000000003,56.95,1,5,4
CHEMBL234431,352.4780000000002,3.4262200000000025,47.720000000000006,1,4,3
CHEMBL391070,352.4780000000002,3.4262200000000025,47.720000000000006,1,4,3
CHEMBL429982,372.89600000000013,3.771200000000002,47.720000000000006,1,4,3
CHEMBL232595,372.89600000000013,3.771200000000002,47.720000000000006,1,4,3
CHEMBL400624,352.4780000000002,3.4262200000000025,47.720000000000006,1,4,3
CHEMBL234413,238.41899999999993,3.158500000000001,29.259999999999998,1,2,4
CHEMBL234414,322.49600000000015,4.615400000000004,29.259999999999998,1,2,6
CHEMBL394662,232.37099999999998,3.0304,29.259999999999998,1,2,4
CHEMBL234610,232.37099999999998,3.0304,29.259999999999998,1,2,4
CHEMBL234611,324.46800000000013,4.822700000000004,38.49,1,3,6
CHEMBL396857,324.46800000000013,4.822700000000004,38.49,1,3,6
CHEMBL234043,368.36500000000007,5.068000000000005,29.259999999999998,1,2,4
CHEMBL234045,330.39400000000006,4.057800000000002,38.49,1,3,5
CHEMBL233360,419.3730000000001,3.1934000000000013,59.97,1,5,2
CHEMBL392924,346.396,4.0831000000000035,29.259999999999998,1,2,2
CHEMBL233563,388.437,3.7505000000000024,55.04,1,4,3
CHEMBL233564,348.372,2.873100000000001,55.04,1,4,2
CHEMBL234911,310.35400000000004,-0.08777999999999903,108.56,2,7,6
CHEMBL391929,370.4250000000001,0.8492999999999991,108.56,2,7,6
CHEMBL231697,352.4350000000001,0.9012999999999993,108.56,2,7,6
CHEMBL231698,324.33700000000005,0.004520000000000912,125.63000000000001,2,7,6
CHEMBL232153,374.4160000000001,1.9933,88.33,1,6,7
CHEMBL392552,354.4260000000001,1.8768999999999991,88.33,1,6,4
CHEMBL399615,374.416,2.4375,88.33,1,6,5
CHEMBL232586,376.5010000000002,2.8532,88.33,1,6,5
CHEMBL233996,372.4690000000002,2.1101199999999993,88.33,1,6,5
CHEMBL232111,390.50900000000024,2.020619999999999,88.33,1,7,5
CHEMBL232725,372.46900000000016,2.1101199999999993,88.33,1,6,5
CHEMBL233136,390.45900000000023,2.0581199999999997,88.33,1,6,5
CHEMBL233337,408.44900000000024,2.35532,88.33,1,6,5
CHEMBL391269,388.4680000000002,1.2250199999999996,108.56,2,7,5
CHEMBL399408,368.45300000000015,2.2670000000000003,88.33,1,6,6
CHEMBL395166,336.4360000000001,1.9288999999999996,88.33,1,6,4
CHEMBL232570,398.5070000000002,3.2236600000000015,88.33,1,6,5
CHEMBL391645,380.4640000000002,2.6270999999999995,88.33,1,6,5
CHEMBL232571,376.50100000000026,2.8532,88.33,1,6,5
CHEMBL232572,310.35400000000004,-0.08777999999999903,108.56,2,7,6
CHEMBL232759,352.4350000000001,0.9013000000000002,108.56,2,7,6
CHEMBL232185,370.4250000000001,0.8492999999999999,108.56,2,7,6
CHEMBL393947,448.5140000000003,3.238800000000002,88.33,1,6,7
CHEMBL236507,426.4230000000002,2.6389000000000005,101.44999999999999,2,6,4
CHEMBL237567,438.45900000000023,2.5084,110.67999999999999,2,7,5
CHEMBL438309,438.45900000000023,2.5084,110.67999999999999,2,7,5
CHEMBL237568,408.43300000000016,2.4998000000000005,101.44999999999999,2,6,4
CHEMBL399409,477.3230000000002,3.806600000000002,101.44999999999999,2,6,4
CHEMBL237758,316.408,3.0747000000000018,55.04,1,4,3
CHEMBL392696,341.41800000000006,2.9463800000000004,78.83,1,5,3
CHEMBL235201,346.4340000000001,3.0833000000000004,64.27000000000001,1,5,4
CHEMBL392697,350.85300000000007,3.728100000000003,55.04,1,4,3
CHEMBL236705,370.37800000000004,3.4920000000000027,55.04,1,4,3
CHEMBL236719,427.43000000000006,3.450400000000001,84.14,2,5,4
CHEMBL399207,415.3750000000001,3.4002000000000026,98.17999999999999,1,6,4
CHEMBL237569,386.37700000000007,3.1976000000000013,75.27,2,5,3
CHEMBL237785,371.36600000000004,2.8870000000000013,67.93,1,5,3
CHEMBL237786,401.39200000000005,2.895600000000001,77.16000000000001,1,6,4
CHEMBL236706,404.8230000000001,4.145400000000002,55.04,1,4,3
CHEMBL391047,395.38800000000003,3.3636800000000013,78.83,1,5,3
CHEMBL236707,412.4150000000001,3.694600000000002,72.11,1,5,4
CHEMBL391048,388.36800000000005,3.6311000000000027,55.04,1,4,3
CHEMBL393611,400.40400000000005,3.5006000000000013,64.27000000000001,1,5,4
CHEMBL237341,404.8230000000001,4.145400000000003,55.04,1,4,3
CHEMBL237342,395.38800000000003,3.3636800000000013,78.83,1,5,3
CHEMBL393612,412.4150000000001,3.694600000000002,72.11,1,5,4
CHEMBL237343,388.36800000000005,3.6311000000000027,55.04,1,4,3
CHEMBL236714,400.40400000000005,3.5006000000000013,64.27000000000001,1,5,4
CHEMBL412585,404.8230000000001,4.145400000000003,55.04,1,4,3
CHEMBL236922,395.38800000000003,3.3636800000000013,78.83,1,5,3
CHEMBL391837,412.4150000000001,3.694600000000002,72.11,1,5,4
CHEMBL236923,388.36800000000005,3.6311000000000027,55.04,1,4,3
CHEMBL391251,400.40400000000005,3.500600000000002,64.27000000000001,1,5,4
CHEMBL236084,438.37500000000006,4.510800000000002,55.04,1,4,3
CHEMBL236085,454.3740000000001,4.390600000000003,64.27,1,5,4
CHEMBL391252,400.40400000000005,2.984300000000001,75.27,2,5,4
CHEMBL236508,414.3870000000001,3.1902000000000017,92.34,2,5,4
CHEMBL237119,401.45700000000016,2.5622000000000007,66.64,1,3,5
CHEMBL237336,344.40500000000014,3.493900000000002,46.330000000000005,1,2,4
CHEMBL237337,424.4800000000002,1.4658,96.83,1,6,5
CHEMBL237547,313.4170000000001,1.2151000000000003,75.42999999999999,2,3,4
CHEMBL392524,364.48000000000013,4.023400000000002,46.330000000000005,1,2,4
CHEMBL237151,351.4410000000001,3.186400000000001,59.22,1,3,4
CHEMBL237152,391.4660000000002,2.8341000000000003,76.52,1,5,4
CHEMBL237566,430.5280000000003,1.6051999999999995,96.83,1,6,5
CHEMBL400841,430.5280000000003,1.6051999999999995,96.83,1,6,5
CHEMBL237783,448.5180000000003,1.9023999999999992,96.83,1,6,5
CHEMBL237997,448.5180000000003,1.9023999999999992,96.83,1,6,5
CHEMBL235004,469.5330000000003,1.6669000000000003,110.88,1,7,7
CHEMBL235223,469.5330000000003,1.6669000000000003,110.88,1,7,7
CHEMBL237972,425.49500000000023,2.998800000000001,66.64,1,3,5
CHEMBL238190,425.49500000000023,2.998800000000001,66.64,1,3,5
CHEMBL238191,448.5180000000003,1.9024,96.83,1,6,5
CHEMBL437557,448.5180000000003,1.9024,96.83,1,6,5
CHEMBL235198,452.5500000000003,1.5462000000000002,97.35000000000001,1,6,5
CHEMBL235199,452.5500000000003,1.5462000000000002,97.35000000000001,1,6,5
CHEMBL397070,232.32699999999997,1.9022,46.330000000000005,1,2,3
CHEMBL235766,658.6450000000001,2.6238,178.67,3,11,14
CHEMBL399189,360.3500000000001,3.2447000000000026,81.86000000000001,1,5,6
CHEMBL236586,402.43100000000004,4.269300000000003,81.86000000000001,1,5,7
CHEMBL237658,450.4750000000001,4.856000000000004,81.86000000000001,1,5,8
CHEMBL237673,390.37600000000003,2.6056,102.09,2,6,7
CHEMBL391721,431.47300000000007,3.742300000000003,107.88,2,6,10
CHEMBL439205,565.6070000000003,5.710000000000005,120.19,2,7,13
CHEMBL236602,440.44000000000005,3.5791000000000013,110.53999999999999,2,6,8
CHEMBL392139,403.41900000000004,2.9621000000000013,107.88,2,6,8
CHEMBL236781,545.5770000000003,3.6591000000000014,166.08,4,8,12
CHEMBL238114,679.7110000000004,5.626800000000005,178.39,4,9,15
CHEMBL235133,340.387,-0.1187999999999989,87.94999999999999,2,7,3
CHEMBL235134,354.41400000000004,-0.10839999999999916,77.09,1,8,3
CHEMBL235352,332.4080000000001,-0.19049999999999856,77.09,1,8,3
CHEMBL235792,316.36500000000007,-1.1333999999999982,77.09,1,8,2
CHEMBL399216,368.44100000000003,0.4095000000000002,91.08000000000001,1,8,3
CHEMBL237279,346.4350000000001,0.3274000000000017,91.08000000000001,1,8,3
CHEMBL237280,330.39200000000005,-0.6154999999999982,91.08000000000001,1,8,2
CHEMBL391634,422.5330000000002,1.8386999999999998,91.08000000000001,1,8,5
CHEMBL237281,436.56000000000023,2.0330999999999997,91.08000000000001,1,8,6
CHEMBL237488,450.54300000000023,1.6732999999999996,108.15,1,9,6
CHEMBL237067,450.54300000000023,1.6732999999999996,108.15,1,9,6
CHEMBL429450,473.58100000000024,2.3869,103.97000000000003,1,9,5
CHEMBL391089,473.58100000000024,2.3869,103.97000000000003,1,9,5
CHEMBL237287,434.50000000000017,0.7304000000000006,108.15,1,9,5
CHEMBL237288,434.50000000000017,0.7304000000000006,108.15,1,9,5
CHEMBL391307,436.5160000000002,0.9044000000000005,100.31000000000003,1,9,5
CHEMBL237289,521.5780000000003,-0.14479999999999693,146.48000000000002,2,11,8
CHEMBL237499,471.5650000000002,1.7524199999999999,103.97000000000003,1,9,4
CHEMBL237500,472.5530000000002,1.1474199999999997,116.86000000000001,1,10,4
CHEMBL439382,514.5190000000003,3.9548000000000023,126.07,3,7,8
CHEMBL241673,255.38699999999997,0.34560000000000063,35.580000000000005,1,4,2
CHEMBL391331,269.414,0.7357000000000002,35.580000000000005,1,4,2
CHEMBL241674,271.386,-0.4179999999999984,44.81,1,5,2
CHEMBL391332,284.42900000000003,-0.5027999999999981,38.82,1,5,2
CHEMBL240601,346.5000000000001,1.072,38.82000000000001,1,5,3
CHEMBL391433,360.52700000000016,1.0676000000000005,38.82000000000001,1,5,4
CHEMBL240602,436.62500000000034,2.657000000000001,38.82000000000001,1,5,5
CHEMBL238506,376.52600000000024,1.0806000000000004,48.050000000000004,1,6,4
CHEMBL397893,364.4900000000002,1.2111,38.82000000000001,1,5,3
CHEMBL238507,380.9450000000002,1.7253999999999996,38.82000000000001,1,5,3
CHEMBL391577,380.9450000000002,1.7253999999999996,38.82000000000001,1,5,3
CHEMBL239983,380.9450000000002,1.7253999999999996,38.82000000000001,1,5,3
CHEMBL239984,425.3960000000003,1.8344999999999994,38.82000000000001,1,5,3
CHEMBL391466,391.4970000000003,0.9802000000000002,81.96,1,7,4
CHEMBL391578,371.51000000000016,0.9436799999999999,62.61000000000001,1,6,3
CHEMBL241245,414.49700000000024,2.0907999999999998,38.82000000000001,1,5,3
CHEMBL241246,415.39000000000027,2.3788,38.82000000000001,1,5,3
CHEMBL238515,396.5200000000002,0.8153599999999996,86.4,1,7,3
CHEMBL395606,345.5120000000001,2.1294000000000004,35.580000000000005,1,4,3
CHEMBL238516,390.50900000000024,2.0376000000000003,78.72,1,6,4
CHEMBL239356,405.5240000000003,1.3702999999999999,81.96,1,7,4
CHEMBL395854,347.4880000000001,0.4670000000000008,51.71000000000001,1,6,3
CHEMBL239564,347.4880000000001,0.4670000000000008,51.71000000000001,1,6,3
CHEMBL239565,381.9330000000002,1.1203999999999998,51.71000000000001,1,6,3
CHEMBL399405,372.4980000000002,0.33868000000000054,75.5,1,7,3
CHEMBL399610,392.4850000000003,0.3752000000000009,94.85,1,8,4
CHEMBL241252,415.48500000000024,1.4858,51.71000000000001,1,6,3
CHEMBL241253,372.49800000000016,0.33868000000000054,75.5,1,7,3
CHEMBL241464,372.4980000000002,0.33868000000000054,75.5,1,7,3
CHEMBL534959,323.746,1.5224999999999997,58.36000000000001,2,3,4
CHEMBL393336,505.3120000000002,1.0878999999999996,154.8,4,6,4
CHEMBL245772,576.5690000000004,2.1901999999999995,150.10999999999999,3,6,7
CHEMBL429653,604.6230000000005,2.52292,141.32,2,6,7
CHEMBL396168,568.5680000000004,2.9744200000000003,124.25000000000001,2,5,6
CHEMBL245969,572.5310000000004,2.8051000000000004,124.25000000000001,2,5,6
CHEMBL437379,515.4790000000003,3.7368000000000015,103.94000000000001,2,4,5
CHEMBL245970,478.44300000000015,1.3478000000000003,133.04,3,5,5
CHEMBL245971,421.3910000000001,2.2794999999999996,112.73,3,4,4
CHEMBL246168,492.4700000000002,1.3721,124.25000000000001,2,5,5
CHEMBL246169,435.41800000000006,2.3037999999999994,103.94000000000001,2,4,4
CHEMBL395213,455.9300000000002,2.1214,92.5,2,4,5
CHEMBL246170,541.0360000000004,1.8257999999999996,112.80999999999999,2,5,7
CHEMBL246372,483.9840000000003,2.7575000000000016,92.49999999999999,2,4,6
CHEMBL397854,589.0520000000004,2.4462000000000006,122.04,2,6,8
CHEMBL246373,532.0000000000003,3.3779000000000017,101.73,2,5,7
CHEMBL246374,501.0180000000003,2.480400000000001,86.95,1,4,6
CHEMBL245379,443.9660000000002,3.412100000000002,66.64,1,3,5
CHEMBL245380,441.9750000000002,2.9394000000000013,84.65999999999998,2,4,6
CHEMBL395696,456.00200000000024,3.2816000000000023,75.86999999999999,1,4,6
CHEMBL428747,420.95700000000016,1.047400000000001,86.95,1,4,5
CHEMBL245545,363.90500000000003,1.9790999999999994,66.64,1,3,4
CHEMBL392825,389.94300000000004,2.3692000000000006,66.64,1,3,5
CHEMBL402496,388.3400000000001,2.5515000000000008,75.01,2,3,4
CHEMBL248810,460.4220000000002,3.6521000000000026,64.15,1,4,5
CHEMBL400911,406.4520000000001,3.1206000000000005,64.15,1,4,5
CHEMBL250283,422.49500000000006,3.540700000000002,64.15,1,4,4
CHEMBL250284,510.4820000000002,4.4848000000000035,64.15,1,4,6
CHEMBL250285,528.4720000000002,4.6239000000000035,64.15,1,4,6
CHEMBL399499,407.3180000000001,2.0164999999999997,77.04,1,5,4
CHEMBL248743,339.321,0.9976999999999996,77.04,1,5,4
CHEMBL248936,379.386,1.8750999999999993,77.04,1,5,5
CHEMBL401057,415.4190000000002,2.6647000000000007,77.04,1,5,5
CHEMBL251376,421.3450000000001,2.5775000000000006,77.04,1,5,4
CHEMBL250787,421.3450000000001,2.5775000000000006,77.04,1,5,4
CHEMBL401304,515.4330000000002,3.9394000000000027,77.04,1,5,6
CHEMBL250999,565.4400000000002,4.819100000000003,77.04,1,5,6
CHEMBL400752,461.4100000000002,3.3577000000000012,77.04,1,5,6
CHEMBL400722,477.40900000000016,2.3285,97.27000000000001,2,6,6
CHEMBL404210,477.40900000000016,2.3285,97.27000000000001,2,6,6
CHEMBL249945,479.40000000000015,3.3057000000000016,77.04,1,5,6
CHEMBL250147,487.40800000000013,2.4543,94.86,1,7,6
CHEMBL250351,487.40800000000013,2.4543,94.86,1,7,6
CHEMBL250353,488.39600000000013,1.8492999999999995,107.75,1,8,6
CHEMBL400068,488.39600000000013,1.8492999999999995,107.75,1,8,6
CHEMBL557776,442.8690000000001,3.4670000000000023,78.67000000000002,2,3,5
CHEMBL534960,477.9360000000001,2.9322200000000014,83.71000000000001,1,4,6
CHEMBL535180,441.8810000000001,3.4654000000000016,66.64000000000001,1,3,5
CHEMBL539610,427.8540000000001,3.0753000000000013,66.64000000000001,1,3,5
CHEMBL539611,455.9080000000001,3.855500000000003,66.64000000000001,1,3,5
CHEMBL1204389,442.91300000000007,3.542400000000002,64.15,1,4,5
CHEMBL249427,355.4020000000002,-0.3159999999999994,110.24,1,7,3
CHEMBL249620,338.4110000000002,1.256499999999999,79.52999999999999,1,4,2
CHEMBL401268,354.4140000000002,0.28899999999999904,97.35000000000001,1,6,3
CHEMBL399247,344.44000000000017,1.3179999999999996,79.52999999999999,1,5,2
CHEMBL249825,338.4110000000002,1.256499999999999,79.52999999999999,1,4,2
CHEMBL249826,338.4110000000002,1.256499999999999,79.52999999999999,1,4,2
CHEMBL248837,343.4520000000002,1.9229999999999994,66.64,1,4,2
CHEMBL248838,337.4230000000002,1.8615,66.64,1,3,2
CHEMBL401269,361.8290000000002,2.1079,79.77999999999999,1,4,2
CHEMBL250852,324.42800000000017,1.616299999999999,62.46,1,4,3
CHEMBL250393,341.41900000000015,0.04379999999999984,93.17,1,7,4
CHEMBL249174,340.43100000000015,0.6487999999999992,80.27999999999999,1,6,4
CHEMBL250399,316.38,1.0788799999999996,73.36,1,4,3
CHEMBL428937,309.3600000000001,1.3462999999999996,49.57,1,3,3
CHEMBL250400,298.39000000000004,0.9397799999999996,73.36,1,4,3
CHEMBL399693,332.4040000000002,1.5372999999999997,92.71,1,5,4
CHEMBL250611,357.48300000000023,1.5865999999999996,75.35,1,6,4
CHEMBL248599,323.40000000000003,0.83196,97.15,1,5,3
CHEMBL399525,365.4410000000001,0.5409799999999999,104.07,1,7,4
CHEMBL248793,378.4800000000002,1.3607800000000005,91.18,1,6,4
CHEMBL438520,341.39000000000004,0.97106,97.15,1,5,3
CHEMBL248794,379.4680000000002,0.8494000000000002,104.07000000000001,1,7,4
CHEMBL400338,365.4410000000001,0.5409799999999999,104.07,1,7,4
CHEMBL248795,349.4380000000001,1.5084799999999996,86.25,1,5,3
CHEMBL249203,364.4530000000001,1.3503799999999997,102.04,2,5,4
CHEMBL399726,380.45200000000017,1.3187000000000002,112.28000000000002,1,7,4
CHEMBL249406,378.48000000000013,1.3607799999999997,91.17999999999999,1,6,4
CHEMBL249407,382.4930000000001,1.4787799999999998,99.14,1,7,4
CHEMBL249408,348.45000000000016,2.3136600000000005,93.91,1,5,3
CHEMBL400533,339.4390000000001,2.27828,79.35,1,5,3
CHEMBL249601,337.42700000000013,1.3929599999999998,97.15,1,5,3
CHEMBL249602,397.4540000000001,2.2611,109.04,1,7,5
CHEMBL401378,378.4800000000001,1.8437999999999994,100.83000000000001,1,7,5
CHEMBL250620,378.48000000000025,1.8437999999999999,100.82999999999998,1,7,5
CHEMBL428936,353.38200000000023,0.1780999999999986,109.49,1,6,2
CHEMBL251205,402.36700000000013,2.5619000000000014,64.15,1,4,4
CHEMBL251404,402.3670000000002,2.5619000000000014,64.15,1,4,4
CHEMBL251405,416.3940000000001,3.0448000000000013,64.15,1,4,5
CHEMBL398492,416.3940000000002,3.044800000000002,64.15,1,4,5
CHEMBL400278,444.4480000000002,3.680900000000002,64.15,1,4,6
CHEMBL429829,444.4480000000002,3.680900000000002,64.15,1,4,6
CHEMBL248788,496.4550000000002,4.2123000000000035,64.15,1,4,6
CHEMBL400761,496.45500000000015,4.2123000000000035,64.15,1,4,6
CHEMBL248997,396.44100000000014,3.1997000000000018,75.01,2,3,5
CHEMBL398661,428.45800000000014,3.3492000000000015,64.15,1,4,5
CHEMBL250006,416.3940000000001,3.1229000000000013,64.15,1,4,4
CHEMBL250202,434.3840000000001,3.2620000000000013,64.15,1,4,4
CHEMBL250204,448.4110000000002,3.6521000000000017,64.15,1,4,5
CHEMBL248615,448.4110000000002,3.4361000000000024,64.15,1,4,4
CHEMBL400954,420.357,2.7856000000000005,64.15,1,4,4
CHEMBL1431,129.167,-1.034159999999999,88.99000000000001,4,2,0
CHEMBL400532,378.48000000000025,2.09638,100.82999999999998,1,7,5
CHEMBL429115,336.4390000000001,2.1347799999999992,93.91,1,5,4
CHEMBL399791,350.4660000000001,2.4432,93.91,1,5,4
CHEMBL429482,378.52000000000015,2.9511600000000007,93.91,1,5,6
CHEMBL258288,333.4570000000001,2.2375,62.300000000000004,1,5,3
CHEMBL269952,410.56900000000024,0.3946200000000011,81.67,1,8,3
CHEMBL269953,392.5290000000003,0.48412000000000105,81.67,1,7,3
CHEMBL270163,432.47200000000004,0.8059999999999992,81.67,1,7,3
CHEMBL403449,396.54200000000026,0.0061200000000012356,81.67,1,8,3
CHEMBL402645,406.5560000000003,0.910600000000001,81.67,1,7,4
CHEMBL269965,408.52800000000036,-0.0663999999999978,90.9,1,8,5
CHEMBL437592,406.5560000000003,0.7397000000000016,81.67,1,7,5
CHEMBL271444,392.52900000000034,0.349600000000001,81.67,1,7,4
CHEMBL270395,362.43400000000025,-0.3728799999999981,94.81,1,7,3
CHEMBL403969,364.475,-0.21279999999999943,81.67,1,7,3
CHEMBL403970,377.5140000000003,0.7006199999999996,68.78,1,6,3
CHEMBL271870,391.5410000000003,1.0090400000000008,68.78,1,6,3
CHEMBL272079,377.5140000000003,0.7006199999999996,68.78,1,6,3
CHEMBL439067,377.5140000000003,0.7006199999999996,68.78,1,6,3
CHEMBL273206,377.5140000000003,0.7006200000000005,68.78,1,6,3
CHEMBL257742,392.52900000000034,0.4857200000000008,81.67,1,7,3
CHEMBL404159,377.5140000000003,1.1530199999999997,78.43,1,6,3
CHEMBL256691,378.5020000000003,0.09562000000000115,81.67,1,7,3
CHEMBL258101,440.5730000000001,1.4542,81.67,1,7,4
CHEMBL271062,239.3189999999999,-0.32489999999999863,52.650000000000006,1,3,2
CHEMBL557542,457.8060000000001,2.999300000000001,77.04,1,5,4
CHEMBL536088,471.83300000000014,3.1734000000000013,77.04,1,5,4
CHEMBL536089,471.83300000000014,3.560300000000002,77.04,1,5,4
CHEMBL536090,601.9010000000002,5.2409000000000034,77.04,1,5,6
CHEMBL536311,471.83300000000014,3.560300000000002,77.04,1,5,4
CHEMBL536312,669.898,6.259700000000004,77.04,1,5,6
CHEMBL559371,551.8940000000002,4.361200000000004,77.04,1,5,6
CHEMBL558779,457.8060000000001,2.999300000000001,77.04,1,5,4
CHEMBL536536,567.8930000000001,3.8521000000000027,97.27000000000001,2,6,6
CHEMBL536765,471.833,3.1734000000000013,77.03999999999999,1,5,4
CHEMBL557990,457.8060000000001,2.826800000000001,77.04,1,5,4
CHEMBL536999,525.8030000000001,3.9318000000000026,77.04,1,5,5
CHEMBL557176,534.8920000000002,3.6171000000000024,89.93,1,6,6
CHEMBL537000,483.8440000000001,3.5555000000000025,77.04,1,5,6
CHEMBL556979,528.8850000000002,2.4577000000000004,97.35000000000001,1,6,6
CHEMBL539350,533.9040000000002,4.222100000000004,77.04,1,5,6
CHEMBL539352,563.9300000000003,4.230700000000004,86.27000000000001,1,6,7
CHEMBL556606,471.83300000000014,3.3894000000000024,77.04,1,5,5
CHEMBL557219,471.83300000000014,3.560300000000002,77.04,1,5,4
CHEMBL540888,551.8940000000002,4.361200000000004,77.04,1,5,6
CHEMBL553787,457.8060000000001,2.826800000000001,77.04,1,5,4
CHEMBL1203953,551.8940000000002,4.361200000000004,77.04,1,5,6
CHEMBL2021529,455.8300000000001,4.209300000000003,51.26,1,3,4
CHEMBL2021541,455.8300000000001,4.209300000000003,51.26,1,3,4
CHEMBL365441,369.4900000000002,3.0006000000000013,62.300000000000004,1,5,3
CHEMBL406219,328.416,1.0414799999999995,85.23,2,4,6
CHEMBL261246,348.8370000000001,4.414400000000002,56.730000000000004,1,4,3
CHEMBL263137,315.8040000000001,3.498800000000001,53.07,1,4,4
CHEMBL263139,299.80500000000006,3.9148000000000023,43.839999999999996,1,3,3
CHEMBL257636,285.778,3.660820000000002,43.839999999999996,1,3,2
CHEMBL403156,347.8490000000001,4.863700000000002,43.839999999999996,1,3,4
CHEMBL401542,301.7770000000001,2.807700000000001,64.07,2,4,4
CHEMBL257308,320.22300000000007,4.488700000000002,43.84,1,3,3
CHEMBL404544,292.169,3.995400000000002,54.699999999999996,2,2,2
CHEMBL406201,273.286,2.9772000000000007,43.84,1,3,2
CHEMBL272771,289.74100000000004,3.491500000000001,43.84,1,3,2
CHEMBL255552,306.1960000000001,4.0058000000000025,43.84,1,3,2
CHEMBL428065,267.332,2.7075999999999993,53.07,1,4,3
CHEMBL256624,253.30499999999998,2.4046,64.07,2,4,2
CHEMBL256625,251.33299999999997,3.0074199999999998,43.84,1,3,2
CHEMBL256826,280.331,1.7978999999999998,86.93,2,4,3
CHEMBL403862,237.30600000000004,2.6990000000000007,43.84,1,3,2
CHEMBL256252,267.332,2.1912999999999996,64.07,2,4,3
CHEMBL270365,271.75100000000003,3.352400000000001,43.84,1,3,2
CHEMBL255554,223.279,2.6886,54.699999999999996,2,2,2
CHEMBL255769,237.30599999999998,2.699,43.84,1,3,2
CHEMBL257036,183.254,2.8123000000000014,26.02,1,1,2
CHEMBL272114,296.7610000000001,3.2240800000000016,67.63,1,4,2
CHEMBL273209,314.7760000000001,2.4513,86.93,2,4,3
CHEMBL257653,350.64700000000016,4.114900000000002,43.84,1,3,2
CHEMBL257852,287.75000000000006,2.6456999999999997,63.81,2,3,2
CHEMBL256266,272.73900000000003,2.7474,56.730000000000004,1,4,2
CHEMBL402236,307.41900000000015,1.8342999999999998,76.29,1,5,4
CHEMBL402151,357.4790000000002,2.9875000000000016,76.29,1,5,4
CHEMBL256871,321.4460000000002,2.2244,76.29,1,5,4
CHEMBL271694,371.50600000000026,3.377600000000002,76.29,1,5,4
CHEMBL269926,332.4690000000001,2.842500000000001,49.410000000000004,1,4,3
CHEMBL403160,327.42800000000005,2.176,62.300000000000004,1,4,3
CHEMBL404030,383.51700000000017,3.3907000000000016,62.300000000000004,1,5,3
CHEMBL256172,542.9390000000004,4.623200000000002,148.41,3,7,6
CHEMBL401932,547.4490000000003,4.891800000000003,136.38,2,7,5
CHEMBL257709,493.47900000000027,4.001800000000002,136.38,2,7,5
CHEMBL256603,528.7280000000003,6.014200000000002,102.24,2,5,4
CHEMBL437026,484.27700000000027,5.905100000000003,102.24,2,5,4
CHEMBL255351,517.8290000000003,6.270500000000003,102.24,2,5,4
CHEMBL437206,526.9210000000003,2.4800000000000004,156.69,2,8,5
CHEMBL403415,492.4760000000003,1.8265999999999996,156.69,2,8,5
CHEMBL404079,567.9890000000004,5.435400000000005,136.38,2,7,7
CHEMBL402163,567.9890000000004,5.435400000000005,136.38,2,7,7
CHEMBL255591,557.9500000000004,4.017700000000002,156.60999999999999,3,8,7
CHEMBL445674,557.9500000000004,4.017700000000002,156.60999999999999,3,8,7
CHEMBL257023,527.9240000000003,4.6552000000000024,136.38,2,7,5
CHEMBL429757,541.9510000000004,5.045300000000004,136.38,2,7,6
CHEMBL1162974,512.9090000000003,5.403000000000004,110.36,1,6,5
CHEMBL402111,480.4100000000002,3.6796000000000015,76.18,2,5,5
CHEMBL402573,426.5240000000001,2.788780000000001,99.97,2,6,5
CHEMBL403408,416.48900000000015,1.6753199999999995,116.53999999999999,2,9,6
CHEMBL257999,442.52700000000027,1.7159199999999994,93.75999999999999,1,9,4
CHEMBL257376,402.46200000000016,1.2868199999999996,116.53999999999999,2,9,6
CHEMBL257589,415.5410000000003,3.2593000000000005,67.39,1,5,5
CHEMBL257795,416.5290000000002,2.62052,89.07000000000001,2,6,5
CHEMBL401971,428.50000000000017,1.3258199999999996,93.75999999999999,1,9,4
CHEMBL255862,471.5650000000002,2.45732,104.09,1,9,5
CHEMBL401972,401.51400000000024,2.9171000000000005,76.18,2,5,5
CHEMBL255864,456.5500000000002,2.7539000000000007,91.19999999999999,1,8,5
CHEMBL256969,417.47300000000024,1.7332999999999996,108.0,1,9,4
CHEMBL404220,451.5340000000003,2.6169800000000008,105.75999999999999,1,8,4
CHEMBL255491,425.53600000000023,3.3503000000000016,69.08,1,6,4
CHEMBL255492,440.5510000000003,3.053720000000001,81.97,1,7,4
CHEMBL255709,455.56600000000026,2.7571400000000006,94.86000000000001,1,8,4
CHEMBL401502,493.5710000000003,3.470500000000002,103.56,1,9,4
CHEMBL256928,404.4740000000002,1.4266999999999996,99.03999999999999,1,8,5
CHEMBL256929,493.5710000000003,3.470500000000002,103.56,1,9,4
CHEMBL401709,426.5240000000002,2.7453000000000003,81.97,1,7,4
CHEMBL256521,441.53900000000027,2.44872,94.86000000000001,1,8,4
CHEMBL402819,471.5650000000002,1.7524199999999999,103.97000000000003,1,9,4
CHEMBL404326,456.5500000000002,2.049,91.08000000000001,1,8,4
CHEMBL256729,493.5710000000003,3.470500000000002,103.56,1,9,4
CHEMBL256121,456.55400000000026,2.1521399999999993,107.75,1,9,4
CHEMBL403553,442.52700000000027,1.8437199999999994,107.75,1,9,4
CHEMBL255517,417.5170000000002,2.0155199999999995,101.96,2,7,5
CHEMBL261460,278.356,-0.04421999999999926,76.44,1,4,4
CHEMBL261462,278.356,-0.020619999999998917,76.44,1,4,5
CHEMBL261463,280.37199999999996,0.20338000000000084,76.44,1,4,5
CHEMBL407296,266.34499999999997,-0.18671999999999883,76.44,1,4,4
CHEMBL438547,340.4270000000001,1.2674799999999997,76.44,1,4,4
CHEMBL402466,308.382,-0.41611999999999755,85.67,1,5,4
CHEMBL260509,306.40999999999997,0.7375800000000001,76.44,1,4,4
CHEMBL260701,276.34,-0.5734199999999983,76.44,1,4,4
CHEMBL260702,292.3829999999999,0.3474800000000005,76.44,1,4,4
CHEMBL407293,238.29099999999997,-0.9190199999999991,85.23,2,4,3
CHEMBL259198,252.31799999999998,-0.5768199999999988,76.44,1,4,3
CHEMBL409010,278.35600000000005,-0.04421999999999926,76.44,1,4,2
CHEMBL430057,292.38300000000004,0.3458800000000004,76.44,1,4,3
CHEMBL260543,278.35600000000005,-0.04421999999999926,76.44,1,4,2
CHEMBL260197,292.383,0.34588000000000063,76.44,1,4,3
CHEMBL260198,278.35600000000005,-0.04421999999999926,76.44,1,4,2
CHEMBL513725,269.32,0.34367999999999954,76.36,2,4,4
CHEMBL470681,281.375,2.1514799999999994,56.13,1,3,3
CHEMBL511785,305.3970000000001,2.0073799999999995,56.13,1,3,3
CHEMBL451937,305.3970000000001,1.8632799999999994,56.13,1,3,3
CHEMBL469659,321.39600000000013,1.122279999999999,76.36,2,4,3
CHEMBL454193,335.4230000000001,1.7763799999999994,65.36,1,4,4
CHEMBL469660,321.39600000000013,0.9781799999999992,76.36,2,4,3
CHEMBL511128,298.406,1.1589800000000006,59.370000000000005,1,4,7
CHEMBL470893,402.5140000000001,2.6155800000000005,76.44,1,4,8
CHEMBL471088,461.54100000000017,3.031460000000002,100.22999999999999,1,5,8
CHEMBL512694,290.342,1.3688799999999997,69.02000000000001,1,4,4
CHEMBL471089,279.315,1.5668799999999998,69.27000000000001,1,4,4
CHEMBL512890,295.383,2.03538,56.13,1,4,4
CHEMBL472100,329.37500000000006,2.720080000000001,69.27000000000001,1,4,4
CHEMBL508845,315.39200000000005,2.5305800000000005,56.13,1,3,5
CHEMBL472101,335.3790000000001,1.2984799999999994,74.59,1,5,7
CHEMBL512726,227.28299999999996,0.8370799999999996,56.13,1,3,2
CHEMBL472102,213.25599999999997,0.4469799999999997,56.13,1,3,3
CHEMBL469452,271.336,0.85368,65.36,1,4,7
CHEMBL472096,243.28199999999998,-0.1905199999999998,76.36,2,4,4
CHEMBL470330,211.23999999999998,0.20097999999999977,56.13,1,3,3
CHEMBL470476,225.26699999999997,0.5910799999999996,56.13,1,3,3
CHEMBL470477,239.29399999999995,0.9811799999999995,56.13,1,3,3
CHEMBL487680,291.33,0.5456799999999997,81.05,2,5,6
CHEMBL500008,325.77500000000003,1.19908,81.05,2,5,6
CHEMBL521224,334.3550000000001,-0.35541999999999846,124.14,3,6,7
CHEMBL487681,347.3940000000001,0.6421800000000002,98.12,2,5,6
CHEMBL488418,346.4060000000001,1.24718,85.23,2,4,6
CHEMBL488419,352.4350000000001,1.3086800000000003,85.23,2,5,6
CHEMBL488036,388.4430000000001,1.1820800000000002,94.46000000000001,2,5,6
CHEMBL519585,386.43100000000015,1.12348,113.91,3,5,6
CHEMBL487860,387.41900000000015,0.5184800000000012,126.80000000000001,3,6,6
CHEMBL487861,326.41600000000005,0.9794800000000012,85.23,2,4,5
CHEMBL487862,366.481,1.90378,85.23,2,4,6
CHEMBL488810,505.4210000000002,4.072280000000004,85.23,2,4,8
CHEMBL485827,382.4610000000001,0.7956799999999999,102.30000000000001,2,5,7
CHEMBL520854,396.48800000000006,1.137880000000001,93.50999999999999,1,5,7
CHEMBL485828,357.4330000000001,1.4786599999999999,91.94999999999999,2,5,7
CHEMBL452836,365.73900000000003,1.4569,95.99000000000001,2,4,5
CHEMBL471515,519.9330000000002,1.6584000000000003,147.95,3,6,7
CHEMBL472381,520.9170000000003,2.2577000000000007,142.16,3,6,7
CHEMBL472199,542.9420000000002,2.952900000000001,123.31999999999998,2,7,10
CHEMBL472200,542.9420000000002,2.952900000000001,123.31999999999998,2,7,10
CHEMBL512013,542.9420000000002,2.9529,123.31999999999998,2,7,10
CHEMBL516747,585.0230000000003,3.977500000000003,123.31999999999998,2,7,11
CHEMBL479536,585.0230000000003,3.977500000000003,123.31999999999998,2,7,11
CHEMBL470118,498.8890000000002,2.3869000000000007,125.09000000000002,3,5,8
CHEMBL488056,484.8620000000002,2.7092,125.09000000000002,3,5,7
CHEMBL488908,528.9150000000003,2.1521,134.32,3,6,10
CHEMBL488909,528.9150000000003,2.1521,134.32,3,6,10
CHEMBL488022,514.8880000000003,2.4744,134.32,3,6,9
CHEMBL488027,514.8880000000003,2.4744,134.32,3,6,9
CHEMBL488713,514.8880000000003,2.4744,134.32,3,6,9
CHEMBL488714,556.9690000000003,3.499000000000002,134.32,3,6,10
CHEMBL528328,556.9690000000003,3.499000000000002,134.32,3,6,10
CHEMBL1203962,293.7699999999999,0.8853800000000005,65.36,1,4,5
CHEMBL1744354,432.4120000000001,0.12916000000000072,179.43999999999997,4,8,8
CHEMBL324777,356.257,2.573900000000001,90.28999999999999,2,6,6
CHEMBL361235,272.39200000000005,2.4789000000000003,46.330000000000005,1,2,2
CHEMBL380860,282.281,2.0068,46.330000000000005,1,2,2
CHEMBL504823,272.22300000000007,-1.6046999999999993,155.81999999999996,4,5,3
CHEMBL510797,455.8640000000001,3.1157000000000012,84.99000000000001,1,5,7
CHEMBL452326,513.9000000000002,2.9023000000000008,111.29,1,7,8
CHEMBL452327,441.8370000000001,2.977900000000001,84.99000000000001,1,5,6
CHEMBL460949,513.9000000000002,3.1546000000000016,111.29,1,7,8
CHEMBL460950,513.9000000000002,2.693400000000001,111.29,1,7,8
CHEMBL511872,364.755,0.8576,101.78,2,4,5
CHEMBL461129,454.8800000000001,2.6887000000000008,87.79,2,4,7
CHEMBL459882,512.9160000000003,2.4753000000000003,114.08999999999999,2,6,8
CHEMBL459883,440.8530000000001,3.011000000000001,87.79,2,4,6
CHEMBL460951,512.9160000000003,3.187700000000001,114.08999999999999,2,6,8
CHEMBL461112,455.8680000000001,2.0837000000000003,100.68,2,5,7
CHEMBL462564,494.90500000000014,2.5650000000000004,116.47,3,5,7
CHEMBL518629,469.89500000000015,2.2709,113.80999999999999,3,5,7
CHEMBL459881,533.9600000000003,1.3361000000000005,147.95,3,6,8
CHEMBL456885,556.9690000000003,2.6306000000000007,123.31999999999998,2,7,11
CHEMBL518296,556.9690000000003,2.6306000000000007,123.31999999999998,2,7,11
CHEMBL471343,525.9590000000004,2.8476000000000017,100.26,2,6,7
CHEMBL527015,310.3570000000001,0.8859799999999997,90.42999999999999,1,4,2
CHEMBL497782,344.418,2.51478,85.91,2,3,3
CHEMBL522911,264.373,1.5915799999999996,82.15,2,3,3
CHEMBL496953,302.32399999999996,3.3949000000000016,51.04,2,2,5
CHEMBL523066,264.373,1.5915799999999996,82.15,2,3,3
CHEMBL509777,269.348,1.5592799999999998,47.34,0,3,2
CHEMBL497993,178.13199999999998,-1.4284999999999997,115.44,3,3,1
CHEMBL507254,235.33099999999996,1.408579999999999,70.12,1,3,2
CHEMBL495932,286.25000000000006,-1.214599999999999,155.81999999999996,4,5,3
CHEMBL496131,297.39900000000006,1.4541199999999999,59.22,1,4,2
CHEMBL451319,324.42800000000005,2.4424,61.06,1,4,5
CHEMBL443250,228.31099999999992,1.4643999999999993,46.330000000000005,1,2,2
CHEMBL498167,306.4090000000001,3.7832000000000026,48.019999999999996,1,3,4
CHEMBL525183,318.207,4.249500000000001,64.93,2,3,2
CHEMBL522909,350.4440000000002,1.8824999999999998,85.16000000000001,0,6,6
CHEMBL513764,383.51100000000014,3.2565000000000017,58.36000000000001,2,3,7
CHEMBL471633,445.58200000000016,4.3933000000000035,58.36000000000001,2,3,8
CHEMBL471841,459.6090000000002,4.479300000000004,58.36000000000001,2,3,9
CHEMBL471842,369.48400000000015,2.8229000000000015,58.36,2,3,6
CHEMBL470170,356.44100000000003,2.907700000000001,64.35000000000001,2,3,6
CHEMBL470171,372.5090000000001,3.6243000000000025,55.120000000000005,2,3,6
CHEMBL512145,404.5070000000002,2.3058999999999994,89.25999999999999,2,4,6
CHEMBL469325,405.4950000000002,1.7009,102.15,2,5,6
CHEMBL469538,411.5240000000002,1.7623999999999997,102.15,2,6,6
CHEMBL512718,461.5840000000003,2.9156000000000013,102.15,2,6,6
CHEMBL472027,497.5640000000003,3.1938000000000013,102.15,2,6,6
CHEMBL512709,491.61000000000024,2.9242000000000017,111.38,2,7,7
CHEMBL470356,527.5900000000003,3.2024000000000017,111.38,2,7,7
CHEMBL470357,527.5900000000003,3.2024000000000017,111.37999999999998,2,7,7
CHEMBL474047,513.3990000000001,0.8944799999999988,158.43999999999997,2,8,4
CHEMBL474048,512.4110000000002,1.499479999999999,145.54999999999998,2,7,4
CHEMBL474049,392.3780000000001,0.8641799999999988,127.73,2,5,4
CHEMBL474211,410.41800000000006,0.7746799999999989,127.73,2,6,4
CHEMBL474394,436.43100000000015,0.8791800000000012,136.95999999999998,2,6,6
CHEMBL475465,436.43100000000015,0.8791800000000012,136.95999999999998,2,6,6
CHEMBL474800,406.40500000000014,1.2542799999999985,127.73,2,5,4
CHEMBL475634,408.3770000000001,0.10058000000000072,136.95999999999998,2,6,4
CHEMBL516080,479.45600000000024,0.5424800000000023,157.26999999999998,2,7,5
CHEMBL474808,503.40000000000015,0.4748799999999999,148.03999999999996,2,6,4
CHEMBL474982,484.47900000000016,0.9855799999999999,143.85999999999999,2,7,5
CHEMBL515435,414.38400000000007,1.880479999999999,136.51999999999998,3,5,5
CHEMBL474983,406.40500000000014,1.3005799999999992,136.51999999999998,3,5,5
CHEMBL475662,527.4260000000004,1.1404800000000006,158.44,2,8,4
CHEMBL474002,541.4530000000004,1.5305800000000007,158.44,2,8,5
CHEMBL474003,541.4530000000004,1.5305800000000007,158.44,2,8,4
CHEMBL475169,541.4530000000004,1.5305800000000007,158.44,2,8,4
CHEMBL475863,468.4760000000002,2.4202799999999995,127.73,2,5,4
CHEMBL474025,482.50300000000027,2.4627799999999995,127.73,2,5,4
CHEMBL514006,488.53200000000027,2.52428,127.73,2,6,4
CHEMBL475870,464.4850000000002,1.5152800000000008,136.95999999999998,2,6,6
CHEMBL514317,434.4590000000001,1.8887800000000006,127.73,2,5,4
CHEMBL522002,312.37300000000005,0.7607799999999996,90.42999999999999,1,4,3
CHEMBL493543,326.40000000000003,1.1508799999999995,90.42999999999999,1,4,4
CHEMBL493544,340.4270000000001,1.540979999999999,90.42999999999999,1,4,5
CHEMBL493760,319.4300000000001,1.1691999999999998,66.64,1,4,4
CHEMBL494146,454.4490000000001,1.8266799999999996,127.73,2,5,4
CHEMBL494147,556.5820000000006,3.040980000000001,146.19,2,7,7
CHEMBL494339,555.5540000000003,3.0892800000000014,140.61999999999998,2,7,5
CHEMBL494340,460.4780000000001,1.8881799999999997,127.73,2,6,4
CHEMBL492536,445.4020000000001,-0.12431999999999893,158.43999999999997,2,8,4
CHEMBL492733,513.3990000000001,0.8944799999999988,158.43999999999997,2,8,4
CHEMBL513543,491.61000000000024,2.9242000000000017,111.37999999999998,2,7,7
CHEMBL469730,496.02900000000034,3.5690000000000026,102.15,2,6,6
CHEMBL469521,496.02900000000034,3.5690000000000026,102.15,2,6,6
CHEMBL469522,475.6110000000003,3.224020000000001,102.15,2,6,6
CHEMBL469740,475.6110000000003,3.224020000000002,102.14999999999999,2,6,6
CHEMBL471834,571.6430000000001,3.219000000000001,120.60999999999999,2,8,10
CHEMBL470164,523.5770000000003,3.820800000000002,95.7,2,7,10
CHEMBL512651,570.1080000000003,3.5942000000000025,120.60999999999999,2,8,10
CHEMBL469317,522.0420000000004,4.196000000000002,95.7,2,7,10
CHEMBL504021,626.7230000000005,2.9048000000000016,123.85,2,9,10
CHEMBL445544,217.23399999999995,2.6297000000000006,26.02,1,1,3
CHEMBL450211,257.2989999999999,3.554000000000002,26.02,1,1,3
CHEMBL450091,231.26099999999997,3.019800000000001,26.02,1,1,2
CHEMBL501314,309.2869999999999,3.133000000000001,52.32,1,3,4
CHEMBL509672,309.2869999999999,3.133000000000001,52.32,1,3,4
CHEMBL496691,252.239,2.7414000000000005,38.91,1,2,3
CHEMBL451619,258.287,1.9733,38.05,2,2,3
CHEMBL2364733,440.4220000000001,1.7841799999999999,127.73,2,5,4
CHEMBL469890,232.32699999999997,1.9022,46.330000000000005,1,2,3
CHEMBL466590,250.31699999999995,2.0412999999999997,46.330000000000005,1,2,3
CHEMBL488226,247.34199999999998,0.9851000000000009,72.35,2,3,5
CHEMBL488227,381.47600000000017,2.9528000000000008,84.65999999999998,2,4,8
CHEMBL487872,373.50000000000017,4.291700000000003,58.36,2,3,7
CHEMBL527647,357.45700000000016,3.524600000000002,44.370000000000005,2,3,3
CHEMBL452029,257.33699999999993,1.6601000000000001,62.120000000000005,2,2,3
CHEMBL453918,218.2999999999999,1.1787999999999998,46.330000000000005,1,2,3
CHEMBL443373,185.22699999999995,-1.1885000000000001,89.42,2,3,3
CHEMBL459438,172.22799999999995,-0.6830999999999996,66.56,2,3,2
CHEMBL459159,174.26899999999995,-0.13410000000000033,46.330000000000005,2,3,2
CHEMBL459641,158.20099999999996,-1.0716,66.56,2,3,2
CHEMBL511346,234.29899999999992,0.8843999999999999,66.56,2,3,3
CHEMBL501126,199.29799999999994,0.0651000000000006,72.35,2,3,5
CHEMBL459642,333.4320000000002,2.032799999999999,84.65999999999998,2,4,8
CHEMBL459643,185.27099999999993,-0.32499999999999907,72.35,2,3,4
CHEMBL460065,319.40500000000014,1.6426999999999992,84.65999999999998,2,4,7
CHEMBL461289,227.31199999999995,-0.8006299999999991,108.23,4,3,5
CHEMBL461290,495.5800000000004,3.1347699999999996,132.85,4,6,10
CHEMBL501521,208.26499999999993,-0.09810000000000074,75.01,2,3,3
CHEMBL442952,184.28299999999993,1.1262999999999999,46.330000000000005,1,2,4
CHEMBL461496,170.25599999999994,0.5921,46.330000000000005,1,2,3
CHEMBL83418,198.30999999999992,1.3722999999999999,46.330000000000005,1,2,3
CHEMBL446007,212.3369999999999,1.7623999999999995,46.330000000000005,1,2,3
CHEMBL461291,182.26699999999997,0.7582000000000001,46.330000000000005,1,2,3
CHEMBL452470,196.29399999999995,1.1483,46.330000000000005,1,2,3
CHEMBL503809,200.28199999999995,-0.046999999999999875,66.56,2,3,3
CHEMBL460885,225.29599999999996,1.271,95.09,1,3,4
CHEMBL460886,202.27299999999994,0.9302,46.330000000000005,1,2,3
CHEMBL460887,218.72799999999995,1.1994999999999998,46.330000000000005,1,2,3
CHEMBL455298,217.33799999999997,-0.02439999999999931,72.35,2,4,5
CHEMBL461911,215.29699999999997,-0.964099999999998,92.58,3,4,5
CHEMBL461913,238.33499999999995,0.347380000000001,96.14,2,4,5
CHEMBL461092,351.47200000000015,1.9432999999999994,84.65999999999998,2,5,8
CHEMBL471544,358.44200000000006,1.9249799999999995,108.45,2,5,8
CHEMBL471546,250.30599999999998,1.1631799999999999,118.88,1,4,4
CHEMBL471547,250.30599999999998,1.1631799999999999,118.88,1,4,4
CHEMBL471731,265.32099999999997,0.2460800000000002,144.89999999999998,2,5,6
CHEMBL471747,399.4550000000001,2.21378,157.20999999999995,2,6,9
CHEMBL511659,250.30599999999998,1.1631799999999999,118.88,1,4,4
CHEMBL518144,517.6370000000002,6.432080000000005,122.11999999999998,1,5,9
CHEMBL472128,391.47900000000004,3.5526800000000014,130.90999999999997,2,5,8
CHEMBL485123,392.42500000000007,2.932940000000001,72.11,1,4,4
CHEMBL485124,378.3980000000001,2.6245200000000013,72.11,1,4,4
CHEMBL485125,403.40800000000013,2.5688000000000004,76.52,1,5,4
CHEMBL484528,431.46200000000016,3.185640000000002,76.52,1,5,4
CHEMBL496863,358.40400000000005,3.620800000000002,55.56,1,3,3
CHEMBL497735,398.3750000000001,3.804300000000003,46.33,1,2,4
CHEMBL498749,413.44300000000015,4.074300000000004,59.22,1,3,4
CHEMBL525011,379.3860000000001,1.8982999999999997,98.13,2,5,4
CHEMBL510594,232.114,-1.1167999999999998,86.79,3,5,3
CHEMBL453573,184.28299999999993,0.9821999999999999,46.330000000000005,1,2,3
CHEMBL453574,184.28299999999993,0.9821999999999999,46.330000000000005,1,2,3
CHEMBL504506,312.157,3.969800000000002,26.02,1,1,3
CHEMBL472124,329.2130000000001,2.4503000000000004,46.330000000000005,1,2,3
CHEMBL471936,310.347,4.269300000000002,38.91,1,2,4
CHEMBL442673,327.4030000000001,2.7498000000000005,59.22,1,3,4
CHEMBL472123,344.79200000000003,4.9227000000000025,38.91,1,2,4
CHEMBL512895,361.8480000000001,3.403200000000002,59.22,1,3,4
CHEMBL512887,275.349,-0.19290000000000052,66.64,1,4,3
CHEMBL527424,287.33500000000004,-0.7424999999999995,86.86999999999999,2,4,4
CHEMBL488484,298.33299999999997,1.2079999999999995,66.56,2,3,5
CHEMBL488637,270.26399999999995,-0.15148000000000028,102.32,1,6,4
CHEMBL507719,281.26199999999994,1.7990199999999998,82.01,1,5,5
CHEMBL520067,413.3460000000001,4.586900000000003,74.17,1,5,6
CHEMBL487630,387.2420000000002,3.0446000000000017,85.24999999999999,1,5,4
CHEMBL519591,416.23000000000013,5.1342000000000025,64.94,1,4,5
CHEMBL488469,430.8890000000002,1.7947,119.39,1,7,5
CHEMBL527198,459.8770000000001,3.8843000000000023,99.08,1,6,6
CHEMBL507738,310.3980000000001,-0.5466999999999964,95.74000000000001,2,4,4
CHEMBL452805,307.36899999999997,0.822600000000001,75.43,2,3,4
CHEMBL510073,378.39500000000027,0.38580000000000014,95.74000000000001,2,4,5
CHEMBL452297,375.3660000000001,1.7550999999999992,75.43,2,3,5
CHEMBL452289,352.384,3.973200000000002,69.11,2,2,5
CHEMBL452290,369.44000000000017,2.4537000000000004,89.42,2,3,5
CHEMBL488678,374.3670000000003,0.36899999999999955,97.35,1,6,4
CHEMBL513425,419.4470000000001,3.4337000000000018,66.64000000000001,1,3,5
CHEMBL519139,351.79999999999995,1.6074999999999997,58.36000000000001,2,3,4
CHEMBL482338,455.9080000000002,3.160300000000001,66.64000000000001,1,3,5
CHEMBL480549,393.83700000000005,1.8664,66.64,1,3,4
CHEMBL480550,499.91700000000026,2.889000000000001,85.10000000000002,1,5,5
CHEMBL481554,456.8960000000002,2.5553,79.53000000000002,1,4,5
CHEMBL481714,485.93400000000014,3.6567000000000025,75.87000000000002,1,4,6
CHEMBL521267,470.9230000000002,3.5520000000000023,78.67000000000002,2,3,5
CHEMBL481725,477.9590000000001,1.6873000000000002,73.12,1,4,4
CHEMBL481897,505.9900000000002,3.0172200000000022,83.71000000000001,1,4,6
CHEMBL482070,429.8920000000001,1.2795000000000005,83.71000000000001,1,4,5
CHEMBL482071,536.9600000000003,2.617000000000001,126.85000000000002,1,6,7
CHEMBL520089,441.9250000000002,3.520100000000002,49.57000000000001,1,3,6
CHEMBL481157,379.8540000000001,2.3398000000000008,49.57,1,3,5
CHEMBL519773,429.8740000000002,2.3145,75.35000000000001,1,5,5
CHEMBL481158,429.8740000000002,2.3145,75.35000000000001,1,5,5
CHEMBL482154,499.9170000000002,2.858500000000001,103.94000000000001,2,4,6
CHEMBL474630,535.9720000000003,2.407000000000001,121.01,2,5,7
CHEMBL474631,514.9320000000002,3.250200000000002,115.97000000000001,3,4,6
CHEMBL474794,498.9330000000002,2.2592,109.73,2,4,6
CHEMBL474812,534.9880000000003,1.8077,126.80000000000001,2,5,6
CHEMBL474813,500.9050000000002,2.2535,116.83000000000001,2,5,6
CHEMBL475654,499.91700000000026,2.8585000000000003,103.94000000000001,2,4,6
CHEMBL475655,500.90500000000026,2.2535,116.83000000000003,2,5,6
CHEMBL150,286.23900000000003,2.2824000000000004,111.13000000000001,4,6,1
CHEMBL226335,610.5210000000004,-1.6871000000000003,269.42999999999995,10,16,6
CHEMBL485818,446.36400000000015,0.14219999999999955,187.11999999999998,6,10,4
CHEMBL472992,366.41600000000005,-0.15249999999999853,64.60000000000001,1,6,3
CHEMBL515869,402.3960000000001,0.4418999999999998,64.60000000000001,1,6,3
CHEMBL472993,316.4090000000001,-0.4385999999999981,64.60000000000001,1,6,3
CHEMBL473188,334.39900000000006,-0.4905999999999986,64.60000000000001,1,6,3
CHEMBL514935,352.38900000000007,-0.1933999999999989,64.60000000000001,1,6,3
CHEMBL472995,366.4160000000001,0.19670000000000054,64.60000000000001,1,6,3
CHEMBL515387,366.4160000000001,0.19670000000000054,64.60000000000001,1,6,3
CHEMBL475246,405.44900000000024,1.5478999999999994,64.85000000000001,1,6,3
CHEMBL515597,405.44900000000024,1.5478999999999998,64.85000000000001,1,6,3
CHEMBL475573,406.43700000000024,0.9428999999999992,77.74,1,7,3
CHEMBL475574,406.43700000000024,0.9428999999999992,77.74,1,7,3
CHEMBL474409,366.4160000000001,0.19670000000000054,64.60000000000001,1,6,3
CHEMBL474410,433.42500000000024,1.8204999999999998,51.71000000000001,1,5,3
CHEMBL514011,390.4380000000002,0.6733799999999999,75.5,1,6,3
CHEMBL475586,406.43700000000024,0.9429000000000001,77.74,1,7,3
CHEMBL473418,330.43600000000015,-0.048499999999998655,64.60000000000001,1,6,3
CHEMBL473419,348.4260000000001,-0.10049999999999892,64.60000000000001,1,6,3
CHEMBL514623,348.4260000000001,-0.10049999999999892,64.60000000000001,1,6,3
CHEMBL474421,366.41600000000005,-0.15249999999999853,64.60000000000001,1,6,3
CHEMBL480536,385.46800000000013,1.78308,72.26,1,6,4
CHEMBL480537,369.40000000000015,1.3145799999999999,85.4,1,6,4
CHEMBL509391,379.43900000000014,1.72158,72.26,1,5,4
CHEMBL511125,329.3790000000001,0.5683799999999997,72.26,1,5,4
CHEMBL471956,363.8240000000001,1.22178,72.26,1,5,4
CHEMBL479736,374.37600000000015,0.47658,115.4,1,7,5
CHEMBL479370,339.321,0.9976999999999996,77.04,1,5,4
CHEMBL517072,457.32500000000016,2.6518000000000006,77.04,1,5,5
CHEMBL480324,397.3760000000001,1.5871800000000003,72.26,1,5,4
CHEMBL519265,354.38900000000007,0.4400599999999997,96.05,1,6,4
CHEMBL480705,374.37600000000015,0.4765800000000002,115.4,1,7,5
CHEMBL452998,354.38900000000007,0.4400600000000001,96.05000000000001,1,6,4
CHEMBL519272,363.82400000000007,1.22178,72.26,1,5,4
CHEMBL480712,372.3790000000001,0.7372599999999996,96.05,1,6,4
CHEMBL479380,353.40100000000007,1.0450599999999997,83.16,1,5,4
CHEMBL520266,421.3980000000001,2.06386,83.16,1,5,4
CHEMBL481177,371.3910000000001,1.1841599999999999,83.16,1,5,4
CHEMBL479794,371.3910000000001,1.1841599999999999,83.16,1,5,4
CHEMBL480781,421.3980000000002,2.06386,83.16,1,5,4
CHEMBL479803,371.3910000000001,1.1841599999999999,83.16,1,5,4
CHEMBL520921,389.38100000000014,1.3232599999999997,83.16,1,5,4
CHEMBL480942,371.3910000000001,1.1841599999999997,83.16,1,5,4
CHEMBL480943,403.4610000000001,2.1982599999999994,83.16,1,5,4
CHEMBL482261,330.3670000000001,-0.03661999999999899,85.15,1,6,4
CHEMBL482262,398.3640000000001,0.9821800000000005,85.15,1,6,4
CHEMBL479983,335.4080000000001,0.6298800000000002,72.26,1,6,4
CHEMBL482104,380.42700000000013,1.11658,85.15,1,6,4
CHEMBL473830,489.8780000000002,2.451500000000001,117.08000000000001,2,5,6
CHEMBL463481,402.9260000000003,2.5849800000000007,85.23,2,4,7
CHEMBL447393,420.9160000000002,2.5329800000000002,85.23,2,4,7
CHEMBL464092,386.4710000000002,1.8795799999999996,85.23,2,4,7
CHEMBL517776,420.9160000000002,2.5329800000000002,85.23,2,4,7
CHEMBL464093,404.46100000000024,2.01868,85.23,2,4,7
CHEMBL463277,416.4970000000001,1.8881800000000002,94.46000000000001,2,5,8
CHEMBL518831,416.4970000000002,1.8881800000000002,94.46000000000001,2,5,8
CHEMBL462839,430.5240000000001,2.2782799999999996,94.46000000000001,2,5,9
CHEMBL463230,470.4670000000002,2.7781800000000008,94.46000000000001,2,5,8
CHEMBL473166,368.4810000000002,1.9315799999999994,85.23,2,4,7
CHEMBL514617,386.4710000000003,2.0706799999999994,85.23,2,4,7
CHEMBL473172,386.4710000000003,2.0706799999999994,85.23,2,4,7
CHEMBL515552,404.46100000000024,2.2097800000000003,85.23,2,4,7
CHEMBL472976,404.46100000000024,2.2097800000000003,85.23,2,4,7
CHEMBL472977,404.46100000000024,2.2097800000000003,85.23,2,4,7
CHEMBL473176,436.47800000000024,2.950380000000001,85.23,2,4,7
CHEMBL473973,436.47800000000024,2.950380000000002,85.23,2,4,7
CHEMBL474559,452.47700000000026,2.8301800000000013,94.46000000000001,2,5,8
CHEMBL474560,402.9260000000003,2.5849800000000007,85.23,2,4,7
CHEMBL474959,437.37100000000027,3.238380000000002,85.23,2,4,7
CHEMBL474960,428.53300000000024,1.94878,103.69000000000001,2,6,9
CHEMBL472797,387.4590000000002,1.2745800000000003,98.12,2,5,7
CHEMBL474767,407.5150000000002,1.6444999999999994,98.12,2,6,7
CHEMBL474768,402.9260000000003,2.5849800000000007,85.23,2,4,7
CHEMBL479381,371.3910000000001,1.1841599999999997,83.16,1,5,4
CHEMBL479567,371.3910000000001,1.1841599999999999,83.16,1,5,4
CHEMBL520434,389.38100000000014,1.3232599999999997,83.16,1,5,4
CHEMBL481669,387.8460000000001,1.69846,83.16,1,5,4
CHEMBL481290,387.8460000000001,1.6984599999999996,83.16,1,5,4
CHEMBL481288,421.3980000000001,2.06386,83.16,1,5,4
CHEMBL480913,421.3980000000001,2.06386,83.16,1,5,4
CHEMBL480914,370.4280000000001,1.3759799999999998,76.44,1,5,5
CHEMBL480154,400.4540000000001,1.3500800000000002,85.67,1,6,6
CHEMBL480155,371.41600000000017,0.2722800000000017,102.46000000000001,2,5,5
CHEMBL471784,385.4430000000001,0.5329800000000013,88.47,2,5,5
CHEMBL471785,411.4810000000002,1.0655800000000002,88.47,2,5,6
CHEMBL471960,353.40100000000007,1.0450599999999997,83.16,1,5,4
CHEMBL479538,387.8460000000001,1.6984599999999996,83.16,1,5,4
CHEMBL461117,227.28299999999996,0.82238,70.12,1,3,3
CHEMBL515378,356.47,2.1219800000000006,99.22,2,4,5
CHEMBL456413,373.37800000000004,2.8865800000000013,70.12,1,3,4
CHEMBL456419,346.4280000000001,-0.14731999999999967,93.50999999999999,1,5,4
CHEMBL456420,334.38300000000004,1.0869399999999991,115.73999999999998,2,6,3
CHEMBL445437,343.818,1.868659999999999,91.94999999999999,2,5,3
CHEMBL459357,426.4960000000002,0.8414000000000007,94.27,2,6,5
CHEMBL460842,306.2149999999999,0.5477999999999996,72.80000000000001,3,4,4
CHEMBL445949,631.5950000000004,3.6534000000000004,159.26,4,6,11
CHEMBL459591,463.5820000000003,2.5263999999999998,85.32000000000001,1,6,6
CHEMBL459807,442.3460000000001,5.034020000000004,68.44999999999999,1,4,4
CHEMBL460013,204.67600000000002,2.302680000000001,49.81,1,2,1
CHEMBL385517,315.4170000000001,1.157979999999999,90.35000000000001,2,4,2
CHEMBL463231,438.90600000000023,2.8301800000000013,85.23,2,4,7
CHEMBL553936,401.4570000000001,2.6457000000000006,75.43,2,3,7
CHEMBL564854,261.77799999999996,0.9590799999999999,70.12,1,4,1
CHEMBL561263,275.805,1.34918,70.12,1,4,2
CHEMBL561462,309.822,1.5457800000000002,70.11999999999999,1,4,2
CHEMBL559477,564.3360000000002,3.9215000000000018,131.33,3,6,1
CHEMBL560123,384.4550000000001,1.9016000000000006,88.32000000000001,2,4,7
CHEMBL561120,363.889,2.1170999999999998,75.43,2,3,7
CHEMBL563648,383.41400000000004,1.8809999999999996,75.43,2,3,7
CHEMBL561322,435.9770000000001,2.569400000000001,92.5,2,4,8
CHEMBL562525,399.92200000000014,3.020900000000002,75.43,2,3,7
CHEMBL560729,502.4150000000001,3.4559000000000006,101.45,2,5,2
CHEMBL560926,546.3460000000001,3.7824000000000018,131.33,3,6,1
CHEMBL541438,614.3430000000002,4.8012000000000015,131.33,3,6,1
CHEMBL562981,384.4550000000001,1.9016000000000006,88.32000000000001,2,4,7
CHEMBL560183,488.4120000000002,3.361900000000001,92.5,2,4,8
CHEMBL560184,399.9440000000002,1.6727,92.5,2,4,8
CHEMBL564670,295.795,1.45978,70.11999999999999,1,4,1
CHEMBL560583,247.75099999999998,0.7130800000000002,70.12,1,4,1
CHEMBL560985,301.843,1.88338,70.11999999999999,1,4,1
CHEMBL561793,524.4430000000002,3.1256000000000013,127.31000000000002,3,6,3
CHEMBL562188,546.3460000000002,3.7824000000000018,131.33,3,6,1
CHEMBL562388,546.3460000000002,3.7824000000000018,131.33,3,6,1
CHEMBL563911,384.4550000000001,1.9016000000000006,88.32000000000001,2,4,7
CHEMBL564043,478.01400000000024,2.424400000000001,109.57000000000001,2,5,8
CHEMBL565056,437.5120000000001,2.1942000000000004,92.5,2,4,8
CHEMBL539691,219.69699999999997,-0.06711999999999996,70.11999999999999,1,4,0
CHEMBL552403,313.785,1.5988799999999999,70.11999999999999,1,4,1
CHEMBL563383,475.3450000000001,3.452300000000001,118.44000000000001,3,5,2
CHEMBL552263,401.4570000000001,2.6457000000000006,75.43,2,3,7
CHEMBL564249,478.01400000000024,2.424400000000001,109.57000000000001,2,5,8
CHEMBL549432,453.96700000000016,2.7085,92.5,2,4,8
CHEMBL549842,437.5120000000001,2.1942000000000004,92.5,2,4,8
CHEMBL539187,419.5220000000001,2.0551000000000004,92.5,2,4,8
CHEMBL550862,401.4570000000001,2.6457000000000006,75.43,2,3,7
CHEMBL552068,354.76300000000003,2.9376000000000015,56.730000000000004,1,4,1
CHEMBL549645,509.42800000000017,3.1576000000000013,115.28000000000002,2,6,2
CHEMBL549502,546.3460000000001,3.7824000000000018,131.33,3,6,1
CHEMBL557851,461.5590000000002,1.9101000000000001,109.57000000000001,2,5,8
CHEMBL563108,461.55900000000025,1.9101000000000006,109.57000000000001,2,5,8
CHEMBL558956,287.816,1.49328,70.11999999999999,1,4,1
CHEMBL556219,315.87000000000006,2.27348,70.11999999999999,1,4,2
CHEMBL557447,580.7910000000003,4.435800000000001,131.33,3,6,1
CHEMBL562603,437.5120000000001,2.1942000000000004,92.5,2,4,8
CHEMBL563272,419.4690000000002,1.4365999999999997,92.5,2,4,8
CHEMBL563772,275.805,1.34918,70.12,1,4,2
CHEMBL558313,323.849,1.93588,70.11999999999999,1,4,3
CHEMBL556494,488.3880000000001,3.7125000000000012,110.24,3,5,2
CHEMBL557514,560.3730000000003,4.090820000000002,131.33,3,6,1
CHEMBL562072,417.43500000000006,2.733580000000001,95.04,2,5,7
CHEMBL562467,460.42200000000014,3.8807000000000027,71.25,2,4,7
CHEMBL564488,393.4130000000001,2.2569,84.14,2,5,7
CHEMBL560669,449.326,3.893200000000002,81.14,2,4,1
CHEMBL563849,418.41900000000004,2.7004800000000007,92.24,1,5,7
CHEMBL562530,485.30600000000004,4.171400000000001,81.14,2,4,1
CHEMBL559543,393.43100000000004,0.9040000000000002,92.5,2,4,7
CHEMBL559940,509.42800000000017,3.1576000000000013,115.28000000000002,2,6,2
CHEMBL559601,421.4100000000001,2.4684,66.64,1,3,7
CHEMBL564283,447.4010000000001,1.7939999999999996,92.5,2,4,7
CHEMBL559602,461.4280000000001,1.8364999999999996,92.5,2,4,8
CHEMBL563155,515.3320000000001,4.652700000000002,90.37000000000002,2,5,2
CHEMBL560192,523.4550000000002,3.5477000000000016,115.28000000000002,2,6,3
CHEMBL549581,411.40300000000013,2.396,84.14,2,5,7
CHEMBL549992,370.41499999999996,2.7814000000000005,55.56,1,3,8
CHEMBL550598,461.36200000000014,3.7627000000000015,90.37,2,5,2
CHEMBL550801,499.333,4.772900000000002,81.14,2,4,1
CHEMBL552069,451.4110000000002,2.8135000000000012,75.43,2,3,7
CHEMBL563901,397.4410000000001,2.2710999999999997,75.43,2,3,7
CHEMBL552071,449.3260000000001,3.893200000000002,81.14,2,4,1
CHEMBL552479,499.3330000000001,4.772900000000002,81.14,2,4,1
CHEMBL552127,431.4620000000001,2.757880000000001,86.25,1,5,7
CHEMBL549296,461.41000000000014,3.2757000000000014,84.14,2,5,7
CHEMBL554908,419.3940000000001,2.1262,75.43,2,3,7
CHEMBL549913,431.336,3.754100000000002,81.14,2,4,1
CHEMBL550114,425.3730000000001,2.4234,75.43,2,3,7
CHEMBL550321,413.48400000000015,2.859300000000001,66.64,1,3,6
CHEMBL565101,418.4190000000001,2.7004800000000007,92.24,1,5,7
CHEMBL557860,407.3830000000001,2.1262,75.43,2,3,7
CHEMBL558253,467.3160000000001,4.032300000000002,81.14,2,4,1
CHEMBL562953,445.3630000000001,4.062520000000002,81.14,2,4,1
CHEMBL558452,461.42800000000005,2.1361999999999997,83.71000000000001,1,4,7
CHEMBL558647,487.4660000000001,2.668800000000001,83.71000000000001,1,4,8
CHEMBL563244,417.43500000000006,2.733580000000001,95.04,2,5,7
CHEMBL556708,410.41500000000013,3.0010000000000012,71.25,2,4,7
CHEMBL557315,462.3940000000001,3.2426000000000013,81.34,1,5,7
CHEMBL557723,411.46800000000013,2.6612,75.43,2,3,7
CHEMBL537962,449.3260000000001,3.893200000000002,81.14,2,4,1
CHEMBL558322,399.45700000000005,2.517100000000001,75.43,2,3,6
CHEMBL558323,403.4200000000001,2.2191,75.43,2,3,7
CHEMBL564105,397.44100000000014,2.2232000000000003,66.64,1,3,7
CHEMBL1202081,461.47500000000025,0.1969800000000025,163.51,3,7,7
CHEMBL1202082,411.4590000000001,-0.21611999999999681,154.28,3,6,8
CHEMBL1202083,431.4490000000001,0.18838000000000277,154.28,3,6,6
CHEMBL1202086,445.4760000000002,0.4968000000000016,154.28,3,6,6
CHEMBL1202089,465.8940000000002,0.8417800000000006,154.28,3,6,6
CHEMBL1202090,411.4590000000001,-0.21771999999999664,154.28,3,6,5
CHEMBL1202091,397.43200000000013,-0.6078199999999956,154.28,3,6,6
CHEMBL1202092,437.49700000000036,0.3164800000000024,154.28,3,6,6
CHEMBL1202093,461.47500000000025,0.1969800000000016,163.51,3,7,7
CHEMBL1090,267.245,-1.9800000000000006,139.54000000000002,4,9,2
CHEMBL567893,1174.4449999999988,0.48519999999999347,351.81,8,17,33
CHEMBL565633,410.44000000000005,3.4080000000000013,85.25,1,5,5
CHEMBL566460,380.46700000000016,3.9727000000000032,68.18,1,5,7
CHEMBL566672,408.4240000000001,3.0630000000000006,85.25000000000001,1,5,7
CHEMBL567727,432.4060000000002,2.5675,111.03000000000002,1,7,6
CHEMBL567728,414.403,3.315100000000001,85.25,1,5,6
CHEMBL585663,380.4670000000001,3.9727000000000032,68.18,1,5,7
CHEMBL565613,379.4830000000001,3.503400000000002,59.97,1,5,7
CHEMBL565813,462.39400000000023,3.7044000000000024,85.25000000000001,1,5,6
CHEMBL585129,439.43800000000016,1.9470999999999994,97.72000000000001,1,7,6
CHEMBL584276,380.46700000000016,3.9727000000000032,68.18,1,5,7
CHEMBL566616,423.4390000000001,2.710700000000001,88.49000000000001,1,6,6
CHEMBL566829,467.39800000000014,3.450700000000002,98.14000000000001,1,6,6
CHEMBL566617,379.47900000000016,4.5777000000000045,55.29,1,4,7
CHEMBL565999,378.4950000000001,4.108400000000003,47.08,1,4,7
CHEMBL566419,394.3970000000001,2.9879000000000007,85.25000000000001,1,5,6
CHEMBL565600,424.4230000000001,2.3984000000000005,94.48,1,6,6
CHEMBL567270,430.43400000000014,2.7032,89.93,1,6,6
CHEMBL566425,487.50400000000025,1.4692999999999996,122.63,1,7,7
CHEMBL584692,462.3940000000002,3.7044000000000024,85.25000000000001,1,5,6
CHEMBL568111,410.44000000000005,3.4080000000000013,85.25,1,5,5
CHEMBL566854,379.4830000000001,3.503400000000002,59.97,1,5,7
CHEMBL584698,410.3960000000001,2.091899999999999,105.48000000000002,2,6,6
CHEMBL567278,394.3970000000001,2.9879000000000007,85.25000000000001,1,5,6
CHEMBL567279,451.4490000000001,2.0562,105.56,1,6,6
CHEMBL585290,412.38700000000006,3.0691000000000015,85.25000000000001,1,5,6
CHEMBL567263,369.4840000000001,2.9800000000000013,58.36,2,3,8
CHEMBL584494,431.4180000000002,3.172500000000001,98.14000000000001,1,6,6
CHEMBL566628,432.4060000000002,2.5675,111.03000000000002,1,7,6
CHEMBL590326,345.44300000000015,1.3250000000000002,68.03,1,5,3
CHEMBL600440,359.4700000000002,1.7150999999999998,68.03,1,5,3
CHEMBL592778,359.4700000000002,1.7150999999999998,68.03,1,5,3
CHEMBL592779,359.4700000000002,1.7150999999999998,68.03,1,5,3
CHEMBL592547,373.49700000000024,2.1052,68.03,1,5,3
CHEMBL605285,365.49900000000014,1.0719999999999996,74.02,1,6,3
CHEMBL589598,379.5260000000002,1.4621000000000002,74.02,1,6,3
CHEMBL590330,347.41500000000013,1.1548,77.26,1,6,3
CHEMBL600045,361.4420000000002,1.5448999999999997,77.26,1,6,3
CHEMBL590086,373.4970000000002,1.9610999999999998,68.03,1,5,3
CHEMBL590329,373.49700000000024,1.9610999999999998,68.03,1,5,3
CHEMBL590812,359.4700000000002,1.5710000000000002,68.03,1,5,3
CHEMBL601074,373.4970000000001,1.9610999999999998,68.03,1,5,4
CHEMBL591060,359.47000000000014,1.5710000000000002,68.03,1,5,3
CHEMBL1202080,491.5010000000003,0.20558000000000176,172.73999999999998,3,8,8
CHEMBL1202084,449.43900000000014,0.327480000000001,154.28,3,6,6
CHEMBL1202085,521.5270000000004,0.2141800000000028,181.96999999999997,3,9,9
CHEMBL1202087,449.43900000000014,0.327480000000001,154.28,3,6,6
CHEMBL1202088,449.43900000000014,0.327480000000001,154.28,3,6,6
CHEMBL1202094,491.50100000000026,0.20558000000000198,172.73999999999998,3,8,8
CHEMBL591982,366.50500000000005,3.680200000000002,47.72,1,4,4
CHEMBL591277,378.51600000000025,3.995200000000003,47.720000000000006,1,4,4
CHEMBL591278,380.5320000000002,4.241200000000004,47.720000000000006,1,4,4
CHEMBL591279,370.4680000000002,3.5873000000000026,47.720000000000006,1,4,4
CHEMBL601937,366.50500000000017,3.7346400000000033,47.720000000000006,1,4,3
CHEMBL590557,353.4660000000001,2.821220000000001,60.61000000000001,1,5,3
CHEMBL591289,359.4700000000002,1.7135,68.03,1,5,3
CHEMBL591290,359.4700000000002,1.5710000000000002,68.03,1,5,3
CHEMBL591291,359.4700000000002,1.5710000000000002,68.03,1,5,3
CHEMBL591118,377.4600000000002,1.5206,68.03,1,5,4
CHEMBL591117,377.4600000000002,1.5206,68.03,1,5,4
CHEMBL598754,353.4660000000001,2.821220000000001,60.61000000000001,1,5,3
CHEMBL598755,353.4660000000001,2.821220000000001,60.61000000000001,1,5,3
CHEMBL598470,371.45600000000013,2.9823000000000013,60.61000000000001,1,5,4
CHEMBL1086502,322.4090000000001,-0.14751999999999876,96.67000000000002,2,5,5
CHEMBL1082462,324.40000000000003,0.8296800000000002,76.44,1,4,5
CHEMBL1082463,340.39900000000006,-0.19951999999999837,96.67000000000002,2,5,5
CHEMBL1082464,340.39900000000006,-0.19951999999999837,96.67000000000002,2,5,5
CHEMBL1082465,342.39000000000004,0.7776800000000008,76.44,1,4,5
CHEMBL1086039,354.4260000000001,0.1905800000000013,96.67000000000002,2,5,6
CHEMBL1085579,338.427,1.21818,76.44,1,4,5
CHEMBL1085580,342.44000000000005,0.7401800000000003,76.44,1,5,5
CHEMBL1085074,338.427,1.2197799999999999,76.44,1,4,5
CHEMBL1085075,336.411,0.9957800000000001,76.44,1,4,5
CHEMBL1085332,352.4100000000001,0.3987800000000017,93.50999999999999,1,5,5
CHEMBL1085333,340.399,0.06608000000000214,85.67,1,5,5
CHEMBL1085595,417.5070000000002,-0.6889199999999962,113.82,1,6,6
CHEMBL1085596,353.4420000000001,-0.018719999999997183,79.68,1,5,5
CHEMBL1085597,411.4780000000002,0.5079800000000019,105.97999999999999,1,6,6
CHEMBL1085598,352.45400000000006,1.6098800000000004,76.44,1,4,5
CHEMBL1084601,350.43800000000005,1.36068,76.44,1,4,5
CHEMBL1084972,338.427,1.2660800000000005,85.23,2,4,6
CHEMBL1085305,406.45800000000014,1.8631799999999994,103.69000000000001,2,6,8
CHEMBL1085306,347.3940000000001,1.2409799999999997,98.12,2,5,6
CHEMBL1085552,377.4200000000001,1.2495799999999992,107.35000000000001,2,6,7
CHEMBL1085269,333.4360000000001,0.4825800000000007,79.68,1,4,3
CHEMBL1083589,313.82900000000006,1.0618799999999997,76.36,2,4,3
CHEMBL1082653,327.85600000000005,1.7159799999999998,65.36,1,4,4
CHEMBL1082654,341.883,2.10608,65.36,1,4,5
CHEMBL1082973,384.9080000000001,1.7677799999999997,85.67,1,5,4
CHEMBL1082974,412.96200000000016,2.5479800000000004,85.67,1,5,6
CHEMBL1083916,398.9350000000001,2.2041799999999996,94.46000000000001,2,5,5
CHEMBL1084473,412.96200000000016,2.594280000000001,94.46000000000001,2,5,4
CHEMBL1082345,432.95200000000017,3.3182800000000023,94.46000000000001,2,5,5
CHEMBL1082346,327.85600000000005,1.7159799999999998,65.36,1,4,4
CHEMBL1082347,327.85600000000005,1.7159799999999998,65.36,1,4,4
CHEMBL1082348,327.85600000000005,1.7159799999999998,65.36,1,4,4
CHEMBL1082350,355.86600000000004,1.63268,82.43,1,5,4
CHEMBL1082996,404.9130000000001,3.6907000000000023,49.410000000000004,1,2,6
CHEMBL1082997,306.41,0.8816800000000007,76.44,1,4,5
CHEMBL387050,288.1119999999999,-0.3545999999999997,81.08000000000001,2,4,3
CHEMBL1085522,347.46300000000014,0.918980000000001,88.47,2,4,4
CHEMBL1082707,359.4740000000003,1.016780000000001,79.67999999999999,1,4,3
CHEMBL1082708,373.5010000000003,1.4068800000000006,79.67999999999999,1,4,3
CHEMBL1082716,375.4730000000003,0.2531800000000015,88.91,1,5,3
CHEMBL1083031,320.39300000000003,0.56738,85.67,1,5,3
CHEMBL1083032,320.39300000000014,-0.6801199999999985,96.67,2,5,4
CHEMBL1086466,333.4360000000001,0.4825800000000007,79.68,1,4,3
CHEMBL1083287,347.46300000000014,0.8726800000000003,79.68,1,4,3
CHEMBL1083588,347.46300000000014,0.8726800000000003,79.68,1,4,3
CHEMBL1243184,385.22900000000016,-0.5733999999999986,110.17999999999999,3,5,4
CHEMBL1243372,326.40000000000003,1.2644799999999994,90.43,1,4,5
CHEMBL1275851,592.5710000000004,2.2327999999999992,153.71,3,6,9
CHEMBL1275852,592.5710000000004,2.2328,153.71,3,6,9
CHEMBL1275853,592.5710000000004,2.2327999999999997,153.71,3,6,9
CHEMBL1275854,622.5970000000003,2.2414000000000005,162.94,3,7,10
CHEMBL1276590,473.4040000000001,0.7385999999999998,150.47000000000003,3,6,6
CHEMBL1276591,472.42000000000013,0.3116000000000009,153.27,4,5,6
CHEMBL1276619,486.4470000000003,0.6538000000000007,144.48,3,5,6
CHEMBL1276620,500.4740000000002,1.0439000000000014,144.48,3,5,7
CHEMBL1276650,562.5450000000004,2.2242,144.48000000000002,3,5,8
CHEMBL1276682,580.5350000000003,2.3633,144.48000000000002,3,5,8
CHEMBL1287844,514.4290000000002,2.464300000000001,98.42000000000002,2,8,6
CHEMBL1287845,542.4830000000004,3.508500000000002,87.41999999999999,1,8,8
CHEMBL1287874,440.35000000000014,3.3152000000000017,69.08,1,6,3
CHEMBL1287875,430.91500000000013,2.533480000000001,92.87,1,7,3
CHEMBL1287901,419.9320000000001,2.9702200000000016,69.08,1,6,3
CHEMBL1287902,412.9250000000001,2.39438,92.87,1,7,3
CHEMBL1288231,403.91400000000016,1.8159999999999994,89.04999999999998,2,6,3
CHEMBL1288232,442.95100000000014,1.6980800000000003,101.97999999999999,1,8,3
CHEMBL1288260,470.37600000000015,2.618900000000001,78.19,1,7,3
CHEMBL1288261,449.95800000000014,2.27392,78.19,1,7,3
CHEMBL1288288,474.96800000000013,2.3200800000000004,101.97999999999999,1,8,4
CHEMBL1288289,541.4550000000004,2.170100000000001,98.5,1,8,5
CHEMBL1644844,500.10800000000035,5.363040000000005,91.07,2,4,8
CHEMBL3215611,530.5620000000004,4.0542400000000045,93.36,1,5,7
CHEMBL3215827,516.5130000000003,6.250040000000007,85.08,2,4,8
CHEMBL3215828,510.50600000000026,4.430240000000005,85.52,1,5,7
CHEMBL3216064,510.50600000000026,4.572740000000005,85.52,1,5,7
CHEMBL3216270,517.5010000000003,5.146340000000006,111.1,3,4,8
CHEMBL3216271,532.5120000000003,5.834040000000007,94.30999999999999,2,5,8
CHEMBL3216272,524.5140000000004,5.807140000000006,105.31,3,5,8
CHEMBL3216483,538.5410000000004,5.895540000000007,94.30999999999999,2,6,8
CHEMBL3216485,496.4790000000002,4.484340000000005,96.52,2,4,7
CHEMBL3216724,532.5120000000003,5.834040000000007,94.30999999999999,2,5,8
CHEMBL3216725,495.4950000000002,3.885040000000003,102.30999999999999,2,4,7
CHEMBL3216726,496.4790000000002,4.484340000000005,96.52,2,4,7
CHEMBL3216940,518.4850000000004,5.745640000000007,105.31,3,4,8
CHEMBL3216941,510.50600000000026,4.572740000000005,85.52,1,5,7
CHEMBL3217158,552.5680000000004,5.450940000000007,102.14999999999999,2,5,8
CHEMBL376359,339.39900000000006,0.3944800000000006,97.05000000000001,1,7,3
CHEMBL1614729,312.413,3.7208400000000026,76.21,2,3,5
CHEMBL1650411,339.39900000000006,1.09938,97.16999999999999,1,7,4
CHEMBL1650412,385.47100000000006,2.7577800000000012,87.94,1,6,4
CHEMBL1650413,363.4650000000002,1.9695799999999994,87.94,1,6,3
CHEMBL1650414,385.47100000000006,2.7577800000000012,87.94,1,6,4
CHEMBL1650415,399.49800000000016,3.066200000000001,87.94,1,6,4
CHEMBL1650416,403.46100000000007,2.8968800000000012,87.94,1,6,4
CHEMBL1650417,415.4970000000001,2.7663800000000007,97.16999999999999,1,7,5
CHEMBL1650418,375.4320000000001,2.3507800000000003,101.08000000000001,1,7,4
CHEMBL1650419,389.4590000000002,2.6592000000000002,101.08,1,7,4
CHEMBL1650420,374.44800000000004,2.0858799999999995,103.72999999999999,2,6,4
CHEMBL1650421,378.4800000000002,1.69098,91.18,1,7,4
CHEMBL1650422,333.3950000000001,1.0720799999999997,87.94,1,6,3
CHEMBL1650423,347.4220000000001,1.4621799999999998,87.94,1,6,3
CHEMBL1650424,363.4210000000001,0.4345799999999999,108.17000000000002,2,7,3
CHEMBL1650425,389.5030000000001,2.4883800000000003,87.94,1,6,3
CHEMBL1650426,335.41100000000006,1.7337799999999999,87.94,1,6,4
CHEMBL1650427,411.50900000000007,3.261180000000002,87.94,1,6,5
CHEMBL1650428,429.4990000000001,3.400280000000002,87.94,1,6,5
CHEMBL1650429,412.49700000000007,2.656180000000001,100.83000000000001,1,7,5
CHEMBL1650430,394.298,1.91478,87.94,1,7,3
CHEMBL1650431,345.35300000000007,1.3689799999999996,87.94,1,6,3
CHEMBL1650432,345.35300000000007,1.3689799999999996,87.94,1,6,3
CHEMBL1650433,361.80800000000005,1.8832799999999994,87.94,1,6,3
CHEMBL1650434,406.25900000000007,1.9923799999999996,87.94,1,6,3
CHEMBL1650435,325.372,0.38408000000000037,107.91,2,6,3
CHEMBL1650436,373.84400000000005,1.0478799999999997,97.05000000000001,1,7,3
CHEMBL1650437,353.42600000000004,0.8773799999999997,97.05000000000001,1,7,4
CHEMBL1650438,379.25800000000004,1.2749000000000006,84.12,2,5,3
CHEMBL1650439,393.285,1.2853000000000003,73.26,1,6,3
CHEMBL1650440,411.27500000000003,1.4244,73.26,1,6,3
CHEMBL1650441,366.824,1.3153000000000001,73.26,1,6,3
CHEMBL1650442,366.824,1.3153000000000001,73.26,1,6,3
CHEMBL1650443,357.38900000000007,0.5335800000000002,97.05000000000001,1,7,3
CHEMBL1650444,383.27900000000005,1.8296000000000001,73.26,1,6,3
CHEMBL1650445,384.814,1.4544,73.26,1,6,3
CHEMBL1650446,313.36100000000005,0.3204800000000004,105.83999999999997,2,7,6
CHEMBL1650447,353.42600000000004,1.0209799999999998,91.85,2,7,4
CHEMBL1650448,353.42600000000004,0.7845800000000002,97.05000000000001,1,7,3
CHEMBL1650449,371.41600000000005,0.9236800000000004,97.05000000000001,1,7,3
CHEMBL1651763,365.46200000000005,2.30548,87.94,1,7,3
CHEMBL1651764,379.4890000000001,2.613900000000001,87.94,1,7,3
CHEMBL1651765,433.45900000000006,3.3242800000000017,87.94,1,7,3
CHEMBL1651766,365.46200000000005,2.30548,87.94,1,7,3
CHEMBL1651767,379.4890000000002,2.6139,87.94,1,7,3
CHEMBL3216727,412.40500000000003,4.154740000000005,68.01,2,3,6
CHEMBL3216942,470.4410000000002,3.697940000000002,94.30999999999999,2,5,8
CHEMBL3217159,495.4950000000002,3.885040000000003,102.30999999999999,2,4,7
CHEMBL3217160,456.41400000000016,3.6095400000000026,105.31,3,4,8
CHEMBL1235761,388.269,1.8532799999999998,87.94,1,6,3
CHEMBL1650403,309.373,1.09078,87.94,1,6,3
CHEMBL1650404,327.363,1.2298799999999999,87.94,1,6,3
CHEMBL1650405,343.81800000000004,1.7441799999999998,87.94,1,6,3
CHEMBL1650406,402.2960000000001,2.1616999999999997,87.94,1,6,3
CHEMBL1650407,444.37700000000007,3.150780000000001,87.94,1,6,3
CHEMBL1650408,435.269,1.6953799999999999,87.94,1,6,3
CHEMBL1650409,337.42700000000013,1.7076199999999992,87.94,1,6,3
CHEMBL1650410,337.4270000000001,1.6531799999999996,87.94,1,6,4
CHEMBL1672127,372.5090000000001,3.469120000000002,107.71,2,3,6
CHEMBL1683476,384.807,1.7717000000000003,83.63000000000001,2,4,5
CHEMBL1683477,398.834,1.8600999999999996,72.63,1,5,5
CHEMBL1683478,441.85900000000015,0.8878999999999997,112.73,3,5,7
CHEMBL1683479,469.9130000000002,1.3664000000000005,101.73,2,6,8
CHEMBL1683480,411.877,1.7753,66.64,1,4,5
CHEMBL1683481,453.9140000000002,1.5459,75.87,1,5,5
CHEMBL1683482,452.9300000000002,1.1189,78.67,2,5,5
CHEMBL1683483,463.90900000000016,2.5965000000000007,88.57000000000001,2,5,7
CHEMBL1681806,473.94800000000015,3.0035000000000016,75.43,2,4,7
CHEMBL1683484,474.93600000000015,2.3985000000000003,88.32000000000001,2,5,7
CHEMBL1683485,489.9470000000002,2.709100000000001,95.66000000000001,3,5,7
CHEMBL1683486,517.9570000000002,2.7017000000000007,112.73,3,5,8
CHEMBL1683487,576.0370000000004,2.9454000000000016,110.96,2,7,11
CHEMBL1683488,547.9830000000003,2.4669000000000008,121.96000000000002,3,6,10
CHEMBL1683489,576.0370000000004,2.9454000000000007,110.96,2,7,11
CHEMBL1683490,547.9830000000003,2.4669000000000008,121.96000000000002,3,6,10
CHEMBL1683491,604.0470000000004,2.7064000000000017,120.19,2,8,9
CHEMBL1683492,575.9930000000004,2.2279,131.19000000000003,3,7,8
CHEMBL1683493,590.0200000000003,2.6639000000000004,120.19,2,8,9
CHEMBL1683494,561.9660000000003,2.1853999999999996,131.19000000000003,3,7,8
CHEMBL1683495,562.0100000000002,2.855400000000001,121.96,3,6,10
CHEMBL1683496,576.0370000000003,3.245500000000001,121.96,3,6,10
CHEMBL3142227,489.4470000000002,4.1738200000000045,88.32,2,4,5
CHEMBL3215606,441.44300000000015,5.844620000000007,76.21,2,3,6
CHEMBL3215607,413.38900000000007,4.8834400000000056,76.21,2,3,5
CHEMBL3215608,427.4160000000001,5.769520000000007,76.21,2,3,5
CHEMBL3215820,427.4160000000001,5.598620000000007,76.21,2,3,6
CHEMBL3215844,463.44900000000024,6.118320000000007,76.21,2,3,8
CHEMBL3215845,385.335,4.564440000000005,76.21,2,3,5
CHEMBL3216060,475.4600000000001,6.236920000000007,76.21,2,3,6
CHEMBL3216279,477.4760000000003,6.508420000000007,76.21,2,3,9
CHEMBL3216477,385.3350000000001,4.708540000000005,76.21,2,3,6
CHEMBL3216493,449.4220000000002,5.7282200000000065,76.21,2,3,7
CHEMBL3216495,491.5030000000003,6.8985200000000075,76.21,2,3,10
CHEMBL3216718,411.3730000000001,4.964040000000006,76.21,2,3,6
CHEMBL3216719,413.38900000000007,5.208520000000006,76.21,2,3,5
CHEMBL3216734,399.362,4.493340000000004,76.21,2,3,6
CHEMBL3216937,371.30800000000005,4.318440000000004,76.21,2,3,5
CHEMBL3216938,399.362,4.954540000000006,76.21,2,3,4
CHEMBL3216954,413.38900000000007,4.8834400000000056,76.21,2,3,7
CHEMBL1614845,552.6190000000003,3.102800000000001,124.76,4,6,11
CHEMBL1682975,408.5140000000001,3.714100000000003,63.4,1,3,6
CHEMBL1682976,476.51100000000014,4.732900000000003,63.4,1,3,6
CHEMBL1682977,433.52400000000017,3.5857800000000024,87.19,1,4,6
CHEMBL1682978,433.52400000000017,3.5857800000000024,87.19,1,4,6
CHEMBL1682979,423.52900000000017,3.2963000000000013,89.42,2,4,6
CHEMBL1682980,492.51000000000016,4.612700000000003,72.63,1,4,7
CHEMBL1682981,451.5390000000002,2.8130000000000006,106.49000000000001,2,4,7
CHEMBL1682982,451.5390000000002,2.8130000000000006,106.49000000000001,2,4,7
CHEMBL1682983,444.49400000000014,3.992300000000002,63.4,1,3,6
CHEMBL1682984,475.5610000000002,4.369100000000003,89.42999999999999,1,5,7
CHEMBL1682985,492.6170000000002,4.232600000000002,89.17999999999999,1,6,7
CHEMBL1683086,412.5060000000002,2.7456200000000006,92.08,2,4,6
CHEMBL1683087,412.50600000000014,2.4475999999999996,81.22,1,5,6
CHEMBL1683088,413.4900000000002,3.0105200000000014,89.43,1,5,6
CHEMBL1683089,486.61000000000024,3.4374200000000013,105.38999999999999,2,6,7
CHEMBL1683090,409.5020000000001,3.1091000000000015,76.28999999999999,1,4,6
CHEMBL1683091,427.51700000000017,3.3189400000000013,89.43,1,5,6
CHEMBL1683092,441.54400000000027,3.7090400000000026,89.42999999999999,1,5,7
CHEMBL1683093,503.6150000000003,4.889340000000004,89.43,1,5,8
CHEMBL1683094,523.5680000000002,5.031640000000005,89.43,1,5,9
CHEMBL1683095,360.47000000000014,2.674900000000001,63.4,1,3,6
CHEMBL1683096,422.5410000000002,3.8552000000000026,63.400000000000006,1,3,7
CHEMBL1683097,442.4940000000002,3.9975000000000023,63.400000000000006,1,3,8
CHEMBL1683098,310.3880000000001,2.8717000000000015,46.33,1,2,4
CHEMBL1683099,310.3880000000001,2.8717000000000015,46.33,1,2,4
CHEMBL1683100,338.44200000000006,3.5078000000000022,46.33,1,2,5
CHEMBL1683101,352.46900000000005,3.8979000000000026,46.33,1,2,4
CHEMBL1683102,339.43000000000006,2.2006000000000006,72.35,2,3,6
CHEMBL1683103,368.4240000000001,2.7166000000000006,83.63,2,3,7
CHEMBL1683104,373.44700000000006,3.5606000000000018,59.22,1,3,5
CHEMBL1683105,380.4640000000001,3.017100000000001,72.11,1,5,5
CHEMBL1683106,363.4080000000001,3.1536000000000017,72.36,1,4,5
CHEMBL1683107,411.4960000000002,4.646900000000004,62.120000000000005,2,2,5
CHEMBL1683497,638.1080000000003,4.0782000000000025,121.96000000000002,3,6,12
CHEMBL1683498,590.0640000000003,3.4915000000000016,121.96,3,6,11
CHEMBL1683499,618.1180000000003,3.970000000000003,110.96,2,7,12
CHEMBL1683500,603.1070000000003,3.548900000000002,115.96999999999998,3,6,11
CHEMBL1683501,631.1610000000004,4.027400000000004,104.97,2,7,12
CHEMBL1683502,575.0530000000003,3.2786000000000013,124.76,4,6,10
CHEMBL1683503,603.1070000000004,3.7571000000000017,113.76,3,7,11
CHEMBL1683504,589.0800000000003,3.5246000000000017,124.76,4,6,11
CHEMBL1683505,617.1340000000004,4.0031000000000025,113.76,3,7,12
CHEMBL1683506,589.0800000000003,3.5246000000000017,124.76,4,6,11
CHEMBL1683507,617.1340000000004,4.0031000000000025,113.76,3,7,12
CHEMBL1683508,552.6190000000003,3.102800000000001,124.76,4,6,11
CHEMBL1683641,580.6730000000003,3.5813000000000024,113.76,3,7,12
CHEMBL1683642,580.6730000000003,3.5813000000000024,113.76,3,7,12
CHEMBL1683643,552.6190000000003,3.102800000000001,124.76,4,6,11
CHEMBL1683644,580.6730000000003,3.5813000000000024,113.76,3,7,12
CHEMBL1683108,391.4620000000001,3.7704400000000025,72.36,1,4,5
CHEMBL1683109,376.4510000000001,2.8991000000000016,64.15,1,4,5
CHEMBL1683110,324.4150000000001,3.261800000000002,46.33,1,2,5
CHEMBL1683111,386.4860000000001,4.4421000000000035,46.33,1,2,6
CHEMBL1683112,406.43900000000014,4.584400000000004,46.33,1,2,7
CHEMBL1683113,344.3960000000001,3.7344000000000035,29.259999999999998,1,2,4
CHEMBL1683114,344.3960000000001,3.7344000000000035,29.259999999999998,1,2,4
CHEMBL1683115,429.4370000000001,3.5195000000000025,59.97,1,5,4
CHEMBL1681802,429.4370000000001,3.5195000000000025,59.97,1,5,4
CHEMBL1683116,322.44300000000015,3.8793000000000033,29.259999999999998,1,2,4
CHEMBL1683117,322.44300000000015,3.8793000000000033,29.259999999999998,1,2,4
CHEMBL1683118,365.46800000000013,2.5907,72.35000000000001,2,3,5
CHEMBL1683119,365.46800000000013,2.5907,72.35000000000001,2,3,5
CHEMBL1683120,365.46800000000013,2.5907,72.35000000000001,2,3,5
CHEMBL1683121,365.46800000000013,2.5907,72.35000000000001,2,3,5
CHEMBL1683122,381.46700000000016,2.953100000000001,81.58000000000001,2,4,5
CHEMBL1683123,338.4420000000001,2.850100000000001,49.489999999999995,2,3,4
CHEMBL1683124,364.40200000000004,4.3255000000000035,38.05,2,2,7
CHEMBL1683125,383.4860000000001,4.397080000000003,53.05,1,3,6
CHEMBL1683126,383.48600000000005,4.397080000000003,53.05,1,3,6
CHEMBL1683127,372.50300000000004,4.915500000000004,29.259999999999998,1,2,7
CHEMBL1683128,454.52700000000016,6.2381000000000055,29.259999999999998,1,2,9
CHEMBL1683129,282.33400000000006,2.0931,46.33,1,2,3
CHEMBL1683130,318.3890000000001,1.5062000000000002,63.400000000000006,1,3,4
CHEMBL1683131,317.38300000000004,3.146200000000002,42.15,1,3,4
CHEMBL1683132,317.38300000000004,3.146200000000002,42.15,1,3,4
CHEMBL1683133,317.38300000000004,3.146200000000002,42.15,1,3,4
CHEMBL1683134,342.3930000000001,3.0178800000000017,65.94,1,4,4
CHEMBL1683135,345.4370000000001,3.763040000000003,42.15,1,3,4
CHEMBL1683136,335.37300000000005,3.285300000000002,42.15,1,3,4
CHEMBL1683137,389.4460000000001,3.3229000000000015,68.45,1,5,6
CHEMBL1683138,376.4070000000001,2.1766999999999994,94.47,2,6,5
CHEMBL1683139,318.37100000000004,2.541200000000001,55.04,1,4,4
CHEMBL1683140,318.37100000000004,2.541200000000001,55.04,1,4,4
CHEMBL1683141,348.3970000000001,2.5498000000000003,64.27,1,5,5
CHEMBL1683142,334.37000000000006,2.2468000000000004,75.27,2,5,4
CHEMBL1683143,380.4790000000001,3.278400000000002,55.56,1,4,5
CHEMBL1683144,366.45200000000017,3.1900000000000013,66.56,2,3,5
CHEMBL1683145,365.46800000000013,2.5907,72.35000000000001,2,3,5
CHEMBL1683557,370.37800000000004,3.4920000000000027,55.04,1,4,3
CHEMBL1683558,377.3700000000002,1.6992,75.35,1,5,3
CHEMBL1683559,391.3970000000002,2.0893,75.35,1,5,3
CHEMBL1683560,362.43700000000007,1.9583999999999988,84.31,1,7,3
CHEMBL1683561,369.4290000000002,0.16559999999999908,104.62,1,8,3
CHEMBL1683562,383.45600000000024,0.5556999999999988,104.62,1,8,3
CHEMBL1683563,295.39,1.981999999999999,67.07,2,5,4
CHEMBL1683564,302.38200000000006,0.18919999999999937,87.38,2,6,4
CHEMBL1683565,316.4090000000001,0.579299999999999,87.38,2,6,4
CHEMBL1683566,368.4410000000001,1.0755999999999992,97.47,1,7,4
CHEMBL1683567,338.41500000000025,1.0669999999999995,88.24000000000001,1,6,3
CHEMBL214381,341.45200000000006,0.966300000000001,112.73,3,4,8
CHEMBL1683568,366.41600000000017,0.8503999999999996,78.59,1,6,3
CHEMBL1683569,367.40400000000017,0.2453999999999994,91.47999999999999,1,7,3
CHEMBL1683570,402.39600000000013,1.0955999999999995,78.59,1,6,3
CHEMBL1683571,403.3840000000001,0.4905999999999995,91.47999999999999,1,7,3
CHEMBL1683572,416.4230000000002,1.4040199999999992,78.59,1,6,3
CHEMBL1683977,455.39300000000014,0.7094999999999992,151.64000000000001,3,7,6
CHEMBL1681811,389.809,1.7279199999999995,77.04,1,5,4
CHEMBL1683978,425.78900000000016,2.3571,77.04,1,5,5
CHEMBL1683979,523.3900000000002,1.7282999999999997,151.64000000000001,3,7,6
CHEMBL1683980,433.81800000000004,1.2060999999999995,103.33999999999999,1,7,5
CHEMBL1683981,418.8070000000002,0.5183999999999995,120.13000000000001,2,6,5
CHEMBL1683982,446.86100000000005,1.1212999999999995,97.35000000000001,1,6,5
CHEMBL1683983,513.4130000000002,1.7361000000000009,154.8,4,6,5
CHEMBL1683984,531.4030000000002,1.8752000000000009,154.8,4,6,5
CHEMBL1683985,486.32500000000016,3.739900000000003,77.04,1,5,5
CHEMBL1683986,519.8770000000002,4.105300000000003,77.04,1,5,5
CHEMBL1683987,476.89000000000016,2.9581800000000014,100.83,1,6,5
CHEMBL1683988,509.9160000000002,2.8731000000000013,103.33999999999999,1,7,6
CHEMBL1683989,494.90500000000026,2.1854000000000005,120.13000000000001,2,6,6
CHEMBL1683990,522.9590000000003,2.7883000000000018,97.35000000000001,1,6,6
CHEMBL1683991,571.4490000000004,1.5227,181.09999999999997,4,8,6
CHEMBL1683992,495.88900000000024,2.784700000000001,114.34000000000002,2,6,6
CHEMBL1683993,529.9720000000003,2.4900000000000007,111.17999999999999,1,7,6
CHEMBL1683994,452.86800000000017,2.4815000000000005,89.93,1,6,5
CHEMBL1683995,532.4790000000004,1.7714999999999999,164.53,3,8,7
CHEMBL1683996,441.8410000000002,2.679500000000001,90.18,1,6,5
CHEMBL1683997,521.4520000000003,1.9695,164.78,3,8,7
CHEMBL1683998,457.90900000000016,3.1480000000000015,77.04,1,6,5
CHEMBL1683999,537.5200000000003,2.4379999999999997,151.64000000000001,3,8,7
CHEMBL1684000,522.4400000000003,1.3644999999999998,177.67,3,9,7
CHEMBL1688415,299.34900000000005,2.54702,68.01,2,3,4
CHEMBL1688416,313.37600000000003,2.8908200000000006,59.22,1,3,3
CHEMBL1688418,399.46600000000024,3.070120000000001,85.52,1,5,5
CHEMBL1688419,317.33900000000006,2.6861200000000007,68.01,2,3,4
CHEMBL1688423,358.3480000000001,3.342640000000001,94.04,2,5,4
CHEMBL1688425,310.1840000000001,2.9214200000000003,82.0,2,3,3
CHEMBL1688426,324.21100000000007,3.1821200000000003,68.01,2,3,3
CHEMBL1688428,364.2760000000001,4.058520000000003,59.22,1,3,3
CHEMBL1688431,349.22100000000006,3.0759000000000007,91.8,2,4,4
CHEMBL1761683,356.50600000000014,5.006200000000005,43.370000000000005,0,3,2
CHEMBL1761684,421.62500000000034,5.283600000000005,49.33,2,3,4
CHEMBL1761685,462.6300000000003,6.146100000000007,55.760000000000005,1,4,5
CHEMBL1761686,491.7160000000004,6.339500000000009,49.769999999999996,1,4,4
CHEMBL1761687,503.7710000000004,7.45430000000001,40.540000000000006,1,3,4
CHEMBL1765234,450.3890000000003,0.028800000000002712,136.2,4,6,7
CHEMBL1765235,430.3140000000002,-0.9448999999999972,136.2,4,6,7
CHEMBL1765236,672.5450000000002,-1.9131999999999896,234.77999999999997,7,9,15
CHEMBL1771583,533.1600000000003,7.904800000000005,37.38,0,2,4
CHEMBL1771584,533.1600000000003,7.904800000000005,37.38,0,2,4
CHEMBL1779688,329.322,0.6644,66.64,1,3,4
CHEMBL1779689,392.38100000000014,1.6341999999999992,79.53,1,4,5
CHEMBL1779690,481.51800000000026,3.9018000000000033,66.64000000000001,1,3,7
CHEMBL1779691,446.4330000000003,1.437,97.35000000000002,1,6,6
CHEMBL1779692,428.4550000000001,0.3668000000000031,79.11000000000001,1,5,7
CHEMBL1779693,405.4200000000002,2.2348,66.64000000000001,1,3,6
CHEMBL1779694,450.4170000000002,2.1430000000000007,109.78,1,5,7
CHEMBL1779695,450.41700000000026,2.1430000000000007,109.78,1,5,7
CHEMBL1779696,430.4300000000001,2.1064800000000004,90.43,1,4,6
CHEMBL1779697,473.4170000000002,3.2536000000000023,66.64000000000001,1,3,6
CHEMBL1779698,433.4740000000001,2.797200000000001,66.64,1,3,7
CHEMBL1779699,435.4460000000001,2.2434000000000003,75.87,1,4,7
CHEMBL1779700,423.4100000000002,2.373900000000001,66.64000000000001,1,3,6
CHEMBL1779701,531.3160000000003,2.8394000000000013,66.64000000000001,1,3,6
CHEMBL1779702,439.86500000000024,2.888200000000001,66.64000000000001,1,3,6
CHEMBL1779703,439.86500000000024,2.888200000000001,66.64000000000001,1,3,6
CHEMBL1779704,510.4690000000003,2.1601999999999997,128.24,1,7,9
CHEMBL1779705,345.321,-0.31689999999999996,95.66000000000001,3,4,5
CHEMBL1779706,359.348,0.3372000000000016,84.66,2,4,6
CHEMBL1779707,373.375,0.7273000000000013,84.66,2,4,7
CHEMBL1779708,413.4400000000001,1.6499999999999997,84.66000000000001,2,4,7
CHEMBL1779709,387.40200000000004,1.1158000000000001,84.66,2,4,7
CHEMBL1779710,401.4290000000001,1.5058999999999998,84.66,2,4,6
CHEMBL1779711,386.418,0.6425000000000017,78.67,2,4,7
CHEMBL1779712,400.44500000000005,1.0326000000000013,78.67,2,4,8
CHEMBL1779713,414.4280000000001,0.023000000000002574,87.9,2,5,6
CHEMBL1779714,417.49700000000007,2.2225,75.43,2,4,6
CHEMBL1808463,381.4510000000001,3.5622000000000007,91.23,2,4,7
CHEMBL1808464,377.48800000000017,3.7315200000000024,91.22999999999999,2,4,7
CHEMBL1808468,373.5000000000001,4.365920000000004,82.0,2,3,6
CHEMBL1808473,402.5420000000002,3.803620000000002,71.25,2,4,5
CHEMBL1808474,416.5250000000002,3.3302200000000015,88.32,2,4,5
CHEMBL1808475,415.9210000000002,3.069100000000001,100.34,2,5,7
CHEMBL1809262,363.46100000000007,3.4231000000000016,91.23,2,4,7
CHEMBL1809263,381.4510000000001,3.5622000000000007,91.23,2,4,7
CHEMBL1809264,377.48800000000017,3.7315200000000024,91.22999999999999,2,4,7
CHEMBL1812728,298.7730000000001,3.3176000000000014,48.019999999999996,1,3,2
CHEMBL1812729,349.26100000000014,3.781900000000003,48.019999999999996,1,3,3
CHEMBL1812733,312.80000000000007,3.800500000000002,48.019999999999996,1,3,3
CHEMBL1812734,326.8270000000001,4.190600000000003,48.019999999999996,1,3,4
CHEMBL1812735,340.8540000000001,4.580700000000004,48.019999999999996,1,3,5
CHEMBL1812736,340.8540000000001,4.436600000000004,48.019999999999996,1,3,4
CHEMBL1814760,408.9330000000002,3.0191000000000017,57.260000000000005,2,4,4
CHEMBL3215633,464.43700000000007,4.835820000000005,77.24,2,4,7
CHEMBL3215634,445.3980000000001,4.891120000000005,93.36999999999999,2,5,5
CHEMBL3215858,421.3680000000001,5.409220000000006,76.21,2,3,5
CHEMBL3215859,461.3930000000001,5.054320000000005,97.79999999999998,2,5,5
CHEMBL3216514,465.4210000000001,5.262820000000007,74.44,1,5,7
CHEMBL3216748,448.43800000000016,5.128920000000005,82.0,2,3,7
CHEMBL3216749,420.38400000000007,4.809920000000005,82.0,2,3,5
CHEMBL331950,344.24500000000006,4.763300000000003,64.92999999999999,2,3,3
CHEMBL122206,416.30800000000016,4.684700000000003,83.39,2,5,4
CHEMBL1812737,354.8810000000001,4.970800000000004,48.019999999999996,1,3,6
CHEMBL1812738,354.8810000000001,4.826700000000004,48.019999999999996,1,3,3
CHEMBL1812900,386.8790000000001,3.9032000000000022,85.32,2,4,5
CHEMBL1812901,385.89500000000015,3.303900000000002,91.10999999999999,2,4,5
CHEMBL1812902,367.88000000000005,4.076680000000003,71.81,1,4,4
CHEMBL1812903,385.89500000000015,3.303900000000002,91.10999999999999,2,4,5
CHEMBL1812904,399.92199999999997,3.5646000000000018,77.12,2,4,5
CHEMBL1812905,413.9490000000001,3.9068000000000027,68.33,1,4,5
CHEMBL1812906,358.8690000000001,3.9106000000000027,68.25,2,4,4
CHEMBL1812907,336.435,3.791800000000002,57.25,1,4,5
CHEMBL1812909,415.9210000000002,3.069100000000001,100.34,2,5,7
CHEMBL1812910,411.93300000000016,3.7035000000000022,91.10999999999999,2,4,6
CHEMBL1812911,413.9490000000001,3.6229000000000027,91.10999999999999,2,4,7
CHEMBL1819089,446.91400000000016,1.44708,101.97999999999999,1,8,3
CHEMBL1819090,424.4800000000001,1.4153799999999996,101.97999999999999,1,8,3
CHEMBL1819091,438.5070000000002,1.8054799999999998,101.97999999999999,1,8,4
CHEMBL1909975,381.2130000000001,4.436500000000001,77.82000000000001,2,4,3
CHEMBL1929387,419.9170000000001,1.0720999999999998,115.42,2,7,6
CHEMBL1929388,433.94400000000013,1.3805199999999997,115.42,2,7,6
CHEMBL1929389,487.91400000000016,2.0909,115.42,2,7,6
CHEMBL1929390,435.9160000000001,0.7776999999999996,135.65,3,8,6
CHEMBL1929391,476.02500000000015,2.3696000000000006,115.42,2,7,6
CHEMBL1929392,496.01500000000004,2.739100000000001,115.42,2,7,7
CHEMBL1929393,490.0520000000003,2.6780200000000014,115.42000000000002,2,7,6
CHEMBL1929394,510.0420000000003,3.047520000000001,115.42000000000002,2,7,7
CHEMBL1929395,447.9710000000002,1.6889399999999997,115.42,2,7,6
CHEMBL1951417,348.41,1.0645799999999994,78.88,1,7,3
CHEMBL1951418,482.5440000000003,2.41908,105.17999999999998,1,9,7
CHEMBL1951419,444.49500000000023,1.3940799999999987,105.18,1,9,6
CHEMBL1951420,460.53800000000035,2.3369799999999996,105.17999999999998,1,9,7
CHEMBL1951421,362.437,1.5824799999999994,92.87,1,7,3
CHEMBL1951422,496.57100000000037,2.936980000000001,119.16999999999999,1,9,7
CHEMBL1951423,496.57100000000037,2.936980000000001,119.16999999999999,1,9,7
CHEMBL1951424,489.58300000000025,3.641980000000002,105.75999999999999,1,8,5
CHEMBL1951425,458.5220000000003,1.9119799999999991,119.17000000000002,1,9,6
CHEMBL1951426,458.5220000000003,1.9119799999999991,119.17000000000002,1,9,6
CHEMBL1951427,451.5340000000002,2.61698,105.76000000000002,1,8,4
CHEMBL1951428,451.5340000000002,2.61698,105.76000000000002,1,8,4
CHEMBL1951429,474.5650000000004,2.8548800000000005,119.16999999999999,1,9,7
CHEMBL1951430,474.5650000000004,2.8548800000000005,119.16999999999999,1,9,7
CHEMBL1951431,467.5770000000002,3.5598800000000024,105.76000000000002,1,8,5
CHEMBL1951432,467.5770000000002,3.5598800000000024,105.76000000000002,1,8,5
CHEMBL1951433,482.59200000000027,3.263300000000002,118.65,1,9,5
CHEMBL1951434,468.5650000000002,2.954880000000001,118.65,1,9,5
CHEMBL1951435,340.4310000000001,1.5003799999999998,92.87,1,7,3
CHEMBL1951436,489.58300000000025,3.5141800000000014,91.77000000000001,1,8,5
CHEMBL1951437,467.5770000000002,3.432080000000002,91.76999999999998,1,8,5
CHEMBL1951438,451.5340000000002,2.4891799999999993,91.76999999999998,1,8,4
CHEMBL1951416,506.5700000000003,1.664559999999999,124.66999999999999,1,10,4
CHEMBL1951439,466.54900000000026,2.1925999999999997,104.66,1,9,4
CHEMBL1951440,452.5220000000002,1.884179999999999,104.66,1,9,4
CHEMBL1951595,526.5970000000003,2.2406800000000002,128.28,1,10,7
CHEMBL1951596,519.6090000000004,2.9456800000000003,114.87,1,9,5
CHEMBL1951597,392.46300000000014,0.8861799999999995,101.97999999999999,1,8,3
CHEMBL1951598,504.59100000000035,2.158579999999999,128.28,1,10,7
CHEMBL1951599,497.6030000000003,2.8635800000000007,114.87,1,9,5
CHEMBL1951600,512.6180000000003,2.567000000000001,127.75999999999999,1,10,5
CHEMBL1951601,498.5910000000003,2.2585800000000003,127.75999999999999,1,10,5
CHEMBL1951602,472.5530000000003,1.5820599999999998,138.66,1,10,5
CHEMBL1951603,488.5480000000003,1.2156799999999992,128.28,1,10,6
CHEMBL1951604,481.56000000000023,1.9206799999999993,114.87,1,9,4
CHEMBL1951605,496.5750000000003,1.6240999999999997,127.75999999999999,1,10,4
CHEMBL1951606,496.5750000000003,1.6240999999999997,127.75999999999999,1,10,4
CHEMBL1951607,504.59100000000035,2.030779999999999,114.28999999999999,1,10,7
CHEMBL1951608,497.6030000000003,2.735780000000001,100.88,1,9,5
CHEMBL1951609,512.6180000000003,2.4392000000000005,113.77000000000001,1,10,5
CHEMBL1951610,486.58000000000027,1.8352799999999996,105.28999999999999,1,10,5
CHEMBL1951611,522.6130000000003,2.6074600000000006,124.66999999999999,1,10,5
CHEMBL1949693,522.6130000000003,2.6074600000000006,124.67000000000002,1,10,5
CHEMBL1951612,481.56000000000023,1.7928799999999991,100.88,1,9,4
CHEMBL1951613,496.5750000000003,1.4962999999999995,113.77000000000001,1,10,4
CHEMBL1951614,506.5700000000003,1.6645599999999994,124.67000000000002,1,10,4
CHEMBL2011528,474.51100000000014,4.020800000000003,73.38,1,6,6
CHEMBL2011534,492.50100000000015,4.159900000000003,73.38,1,6,6
CHEMBL2011535,506.5280000000002,4.550000000000004,73.38,1,6,6
CHEMBL2022464,362.4370000000002,1.8804999999999998,103.72999999999999,2,6,3
CHEMBL2022467,427.30600000000004,2.33458,103.72999999999999,2,6,3
CHEMBL2022512,339.42,2.6594800000000003,73.2,1,4,4
CHEMBL2023066,425.4960000000001,2.634080000000001,116.62,2,7,4
CHEMBL2023067,427.30600000000004,2.33458,103.72999999999999,2,6,3
CHEMBL2058756,412.5190000000003,1.08488,88.64,1,8,3
CHEMBL2058757,403.5770000000003,1.6816999999999998,51.71000000000001,1,7,3
CHEMBL2058758,428.5870000000003,1.5533799999999998,75.5,1,8,3
CHEMBL2058759,465.5450000000003,2.6390000000000002,51.71000000000001,1,6,3
CHEMBL2058760,386.52500000000026,0.9483000000000004,67.5,2,6,3
CHEMBL2058761,420.9700000000003,1.6017,67.5,2,6,3
CHEMBL2058762,411.53500000000025,0.8199799999999999,91.28999999999999,2,7,3
CHEMBL2058967,387.50900000000024,1.2132,64.85000000000001,1,7,3
CHEMBL2058968,397.5480000000003,1.6202,51.71000000000001,1,6,3
CHEMBL2058969,397.5480000000003,1.6202,51.71000000000001,1,6,3
CHEMBL2058970,411.5750000000002,1.92862,51.71,1,6,3
CHEMBL2058971,465.5450000000003,2.6390000000000002,51.71000000000001,1,6,3
CHEMBL2058972,431.99300000000034,2.2736,51.71000000000001,1,6,3
CHEMBL2058973,397.5480000000003,1.6202,51.71000000000001,1,6,3
CHEMBL2058974,431.99300000000034,2.2736,51.71000000000001,1,6,3
CHEMBL2058975,422.5580000000003,1.4918799999999999,75.5,1,7,3
CHEMBL2063024,202.019,-2.692599999999998,107.02000000000001,4,5,2
CHEMBL2063025,202.019,-2.692599999999998,107.02000000000001,4,5,2
CHEMBL2063026,204.01,-1.7153999999999994,86.79,3,4,2
CHEMBL2063027,200.00300000000001,-2.484399999999998,103.86000000000001,3,5,2
CHEMBL2063028,220.465,-1.446099999999999,86.79,3,4,2
CHEMBL2063029,260.055,-2.847699999999997,144.32000000000002,5,6,5
CHEMBL2063030,260.055,-2.847699999999997,144.32000000000002,5,6,5
CHEMBL2063031,244.1,-1.6663999999999977,107.02000000000001,4,5,2
CHEMBL2063032,244.1,-1.6663999999999977,107.02000000000001,4,5,2
CHEMBL2063033,228.05700000000004,-2.2877999999999976,93.03000000000002,4,5,2
CHEMBL2063034,228.05700000000004,-2.2877999999999976,93.03000000000002,4,5,2
CHEMBL2063035,244.056,-3.3169999999999975,113.26,5,6,2
CHEMBL2063036,244.056,-3.3169999999999975,113.26,5,6,2
CHEMBL2063037,244.056,-3.3169999999999975,113.26,5,6,2
CHEMBL2063038,244.056,-3.3169999999999975,113.26,5,6,2
CHEMBL2063039,274.082,-2.4575999999999976,144.32000000000002,5,6,6
CHEMBL2063040,287.129,-3.4492299999999974,168.92,7,6,6
CHEMBL2069828,422.4070000000002,2.620800000000001,92.71000000000001,1,5,6
CHEMBL2069829,440.3970000000002,2.759900000000001,92.71000000000001,1,5,6
CHEMBL2069830,413.39000000000016,2.990800000000001,49.57000000000001,1,3,5
CHEMBL2069831,421.4630000000001,2.765900000000001,69.8,2,4,6
CHEMBL2069832,419.44700000000006,2.9152000000000013,66.64,1,4,6
CHEMBL2069833,453.50800000000027,4.3796000000000035,49.57000000000001,1,3,6
CHEMBL2069834,402.4200000000001,2.5842800000000006,73.36,1,4,5
CHEMBL2069835,402.4200000000001,2.5842800000000006,73.36,1,4,5
CHEMBL2069836,451.4890000000002,2.7254000000000005,68.03,1,5,8
CHEMBL2069837,503.51500000000027,4.5758000000000045,49.57000000000001,1,3,7
CHEMBL2069838,405.4200000000002,2.3484000000000007,66.64000000000001,1,3,5
CHEMBL2069839,423.4100000000002,2.4875000000000007,66.64000000000001,1,3,5
CHEMBL2069840,421.4190000000002,2.0540000000000003,86.87000000000002,2,4,5
CHEMBL2069841,489.4160000000002,3.2470000000000026,75.87000000000002,1,4,6
CHEMBL2069842,473.4170000000002,3.367200000000003,66.64000000000001,1,3,5
CHEMBL2069843,484.5000000000003,0.9958000000000004,126.80000000000001,2,5,6
CHEMBL2069844,449.4290000000002,2.0466000000000006,103.94000000000001,2,4,6
CHEMBL2069845,449.4290000000002,2.0466000000000006,103.94000000000001,2,4,6
CHEMBL2069846,503.56900000000024,2.1002,73.12,1,5,6
CHEMBL2069847,395.3810000000001,1.9414000000000007,79.78000000000002,1,4,5
CHEMBL2069848,456.46800000000025,2.896600000000002,79.53000000000002,1,4,5
CHEMBL2069849,475.4670000000002,3.103200000000002,89.01,1,5,6
CHEMBL2069850,406.4080000000002,1.7434000000000005,79.53000000000002,1,4,5
CHEMBL2069851,407.3960000000002,1.1384000000000003,92.42000000000002,1,5,5
CHEMBL2069852,422.4070000000002,1.4490000000000003,99.76000000000002,2,5,5
CHEMBL2069853,488.4660000000003,2.3078000000000003,119.99000000000002,3,6,5
CHEMBL2069854,461.50900000000024,3.563100000000003,66.64000000000001,1,4,5
CHEMBL2069855,458.48400000000015,2.8401000000000005,71.57000000000001,1,4,5
CHEMBL2069856,445.44100000000026,3.0946000000000016,79.78000000000002,1,4,5
CHEMBL2069308,457.45600000000024,2.2916,92.42000000000002,1,5,5
CHEMBL2069857,440.85300000000024,2.3968000000000007,79.53000000000002,1,4,5
CHEMBL2069858,500.49600000000027,3.5495000000000028,79.53000000000002,1,4,6
CHEMBL2069859,424.3980000000002,1.8825000000000003,79.53000000000002,1,4,5
CHEMBL2069860,442.3880000000002,2.0216000000000003,79.53000000000002,1,4,5
CHEMBL2086587,289.335,0.2828,92.5,2,3,5
CHEMBL2086588,319.361,0.2914000000000009,101.72999999999999,2,4,6
CHEMBL2086589,305.334,-0.011600000000000166,112.73,3,4,5
CHEMBL2086590,307.325,0.4218999999999998,92.5,2,3,5
CHEMBL2086591,314.34499999999997,0.15448000000000028,116.28999999999999,2,4,5
CHEMBL2086592,357.332,1.3015999999999994,92.5,2,3,5
CHEMBL2086593,303.362,0.5912200000000009,92.5,2,3,5
CHEMBL2086594,365.43300000000005,1.9497999999999993,92.5,2,3,6
CHEMBL2086595,303.36199999999997,0.6728999999999998,92.5,2,3,6
CHEMBL2086596,333.388,0.6815000000000005,101.72999999999999,2,4,7
CHEMBL2086597,319.361,0.3784999999999997,112.73,3,4,6
CHEMBL2086598,321.352,0.8119999999999994,92.5,2,3,6
CHEMBL2086599,328.37199999999996,0.54458,116.28999999999999,2,4,6
CHEMBL2086600,371.359,1.6916999999999993,92.5,2,3,6
CHEMBL2086601,317.389,0.9813199999999997,92.5,2,3,6
CHEMBL2086602,379.46000000000004,2.339899999999999,92.5,2,3,7
CHEMBL2086603,337.379,2.0287999999999995,92.5,2,3,4
CHEMBL2086604,367.4050000000001,2.0374,101.72999999999999,2,4,5
CHEMBL2086605,353.37800000000004,1.7343999999999995,112.73,3,4,4
CHEMBL2086606,355.369,2.1678999999999995,92.5,2,3,4
CHEMBL2086607,362.389,1.90048,116.28999999999999,2,4,4
CHEMBL2086608,405.37600000000003,3.047600000000001,92.5,2,3,4
CHEMBL2086609,351.40600000000006,2.3372200000000003,92.5,2,3,4
CHEMBL2086610,413.4770000000001,3.695800000000002,92.5,2,3,5
CHEMBL2086611,296.3299999999999,1.19276,96.99000000000001,1,4,4
CHEMBL2086612,339.317,2.33988,73.2,1,3,4
CHEMBL2086613,310.3569999999999,1.58286,96.99000000000001,1,4,5
CHEMBL2086614,353.344,2.7299800000000003,73.2,1,3,5
CHEMBL2086615,344.37399999999997,2.938760000000001,96.99000000000001,1,4,3
CHEMBL2086616,387.36100000000005,4.085880000000003,73.2,1,3,3
CHEMBL2147057,444.3660000000002,3.9288000000000025,79.94,2,5,3
CHEMBL2147070,520.3920000000002,3.776500000000002,106.38000000000001,2,7,4
CHEMBL2147702,429.6150000000003,2.1955,51.71000000000001,1,7,4
CHEMBL2147703,412.56300000000033,1.2576999999999996,56.64000000000001,1,7,4
CHEMBL2147704,414.5390000000003,0.04770000000000185,82.42,1,9,4
CHEMBL2147705,413.5510000000003,1.1051000000000002,79.17999999999999,1,8,4
CHEMBL2147706,420.58700000000033,0.5637000000000016,82.42,1,9,4
CHEMBL2147707,412.56300000000033,1.2576999999999996,56.64000000000001,1,7,4
CHEMBL2147709,480.5600000000003,2.2765000000000004,56.64000000000001,1,7,4
CHEMBL2147710,479.5720000000003,3.3339000000000016,53.400000000000006,1,6,4
CHEMBL2147711,444.5800000000002,1.7052199999999997,56.64,1,7,4
CHEMBL2147712,444.5800000000002,1.70522,56.64,1,7,4
CHEMBL2147713,444.5800000000002,1.7052200000000002,56.64,1,7,4
CHEMBL2147714,461.03500000000025,2.21952,56.64,1,7,4
CHEMBL2147715,451.60000000000025,1.4378000000000004,80.42999999999999,1,8,4
CHEMBL2147771,427.5780000000002,0.9611200000000013,69.53,1,8,4
CHEMBL2147772,427.5780000000002,0.9611200000000013,69.53,1,8,4
CHEMBL2147773,427.5780000000002,0.9611200000000013,69.53,1,8,4
CHEMBL2147774,452.58800000000025,0.8328000000000011,93.32,1,9,4
CHEMBL2147775,426.5900000000002,1.5661200000000006,56.64,1,7,4
CHEMBL2147777,426.5900000000002,1.5661200000000006,56.64,1,7,4
CHEMBL2147049,502.4020000000002,3.6374000000000013,106.38000000000001,2,7,4
CHEMBL2147056,499.9740000000002,3.4315200000000012,106.38,2,7,4
CHEMBL2147058,481.9840000000002,3.2924200000000012,106.38,2,7,4
CHEMBL2147059,497.9830000000001,2.992600000000001,115.60999999999999,2,8,5
CHEMBL2147060,485.9470000000002,3.123100000000001,106.38000000000001,2,7,4
CHEMBL2147062,497.98300000000023,2.9926000000000017,115.60999999999999,2,8,5
CHEMBL2147063,497.9830000000001,2.992600000000001,115.60999999999999,2,8,5
CHEMBL2147064,516.4290000000002,3.831800000000002,106.38000000000001,2,7,5
CHEMBL2147065,474.00500000000034,3.516000000000001,106.38000000000001,2,7,4
CHEMBL2147066,445.9510000000002,2.9019000000000017,106.38,2,7,4
CHEMBL2147067,429.9080000000001,1.9589999999999992,106.38,2,7,3
CHEMBL2147068,536.8470000000002,4.290800000000002,106.38000000000001,2,7,4
CHEMBL2147069,520.3920000000002,3.776500000000002,106.38000000000001,2,7,4
CHEMBL2147071,529.4720000000003,3.6410000000000013,89.39000000000001,1,7,4
CHEMBL2147072,446.94200000000006,3.3890800000000016,92.87,1,7,3
CHEMBL2147073,502.4020000000002,3.6374000000000013,106.38000000000001,2,7,4
CHEMBL2147074,516.4290000000002,3.566300000000002,106.38000000000001,2,7,5
CHEMBL2147075,488.41900000000004,3.947800000000002,78.31,1,7,4
CHEMBL2147076,472.42,4.247620000000003,69.08000000000001,1,6,3
CHEMBL2147077,476.38300000000015,4.078300000000002,69.08000000000001,1,6,3
CHEMBL2147078,524.3990000000001,4.540600000000003,78.31000000000002,1,7,5
CHEMBL2147079,516.4290000000002,3.7258000000000018,95.38,1,8,4
CHEMBL2147080,501.41800000000023,3.0381,112.17000000000002,2,7,4
CHEMBL2147081,529.4720000000002,3.6410000000000022,89.39000000000001,1,7,4
CHEMBL2147082,502.4020000000002,3.6374000000000013,106.38000000000001,2,7,4
CHEMBL2147083,516.4290000000002,3.566300000000002,106.38000000000001,2,7,5
CHEMBL2147084,502.4020000000002,3.6374000000000013,106.38000000000001,2,7,4
CHEMBL2147085,516.4290000000002,3.566300000000002,106.38000000000001,2,7,5
CHEMBL2147086,467.95700000000016,2.984000000000001,106.38000000000001,2,7,4
CHEMBL2147087,458.39300000000014,3.9392000000000023,69.08000000000001,1,6,3
CHEMBL2147183,451.9580000000001,3.0097000000000014,89.31000000000002,2,7,4
CHEMBL2147184,472.42,4.422100000000004,69.08000000000001,1,6,4
CHEMBL2147185,486.44700000000006,4.812200000000004,69.08000000000001,1,6,5
CHEMBL2147187,488.41900000000015,3.947800000000002,78.31,1,7,4
CHEMBL2147188,516.4290000000003,3.7258000000000018,95.38,1,8,4
CHEMBL2147189,502.4020000000002,3.6374000000000013,106.38000000000001,2,7,4
CHEMBL2147190,476.38300000000015,4.078300000000002,69.08000000000001,1,6,3
CHEMBL2147191,534.4910000000002,5.606200000000005,69.08000000000001,1,6,4
CHEMBL2147192,435.9590000000001,3.825820000000002,69.08000000000001,1,6,3
CHEMBL2147193,488.41900000000015,3.947800000000003,78.31,1,7,4
CHEMBL2147194,502.4460000000002,4.085600000000003,78.31,1,7,5
CHEMBL2147195,516.4290000000002,3.7258000000000018,95.38,1,8,4
CHEMBL2147196,501.41800000000023,3.0381,112.17000000000002,2,7,4
CHEMBL2153742,514.5190000000003,3.9548000000000023,126.07,3,7,8
CHEMBL2153743,516.4870000000004,3.611200000000002,120.47,1,9,8
CHEMBL2153744,658.6450000000001,2.6238,178.67,3,11,14
CHEMBL2159175,311.345,0.34009999999999957,108.92999999999998,2,7,2
CHEMBL2159176,329.33500000000004,0.4792,108.92999999999998,2,7,2
CHEMBL2159177,390.2410000000002,1.1025999999999998,108.92999999999998,2,7,2
CHEMBL2159178,341.37100000000004,0.3486999999999998,118.16,2,8,3
CHEMBL1185242,453.9670000000002,4.802100000000004,99.08,1,6,7
CHEMBL1186902,463.4560000000002,2.436700000000001,103.94000000000001,2,4,6
CHEMBL1194345,318.302,2.5158000000000005,56.730000000000004,1,4,1
CHEMBL1197118,395.4060000000001,2.524300000000001,77.98,1,5,2
CHEMBL1229644,372.44100000000014,0.7,111.72,3,7,6
CHEMBL1229820,370.4680000000002,3.5873000000000026,47.720000000000006,1,4,4
CHEMBL1229855,327.4440000000001,1.5572999999999992,66.64,1,3,4
CHEMBL1230015,458.5310000000002,0.9923000000000017,113.76,3,7,7
CHEMBL1230044,339.39900000000017,0.6514999999999989,92.42,1,5,2
CHEMBL2159179,341.37100000000004,0.34869999999999984,118.16,2,8,3
CHEMBL2159180,336.3550000000001,0.21177999999999975,132.72,2,8,2
CHEMBL2159181,345.7900000000001,0.9935,108.92999999999998,2,7,2
CHEMBL2159182,390.2410000000002,1.1025999999999998,108.92999999999998,2,7,2
CHEMBL2159183,380.2350000000001,1.6468999999999996,108.92999999999998,2,7,2
CHEMBL2159184,380.2350000000001,1.6468999999999996,108.92999999999998,2,7,2
CHEMBL2159185,380.2350000000001,1.6468999999999996,108.92999999999998,2,7,2
CHEMBL2159186,359.3610000000001,0.4878000000000001,118.16,2,8,3
CHEMBL2159187,363.7800000000001,1.1325999999999998,108.92999999999998,2,7,2
CHEMBL2159188,408.2310000000002,1.2416999999999998,108.92999999999998,2,7,2
CHEMBL2159189,409.2150000000002,1.3651,103.13999999999999,2,7,2
CHEMBL2159190,422.2580000000002,1.7011999999999996,94.94,2,7,3
CHEMBL2159191,436.28500000000025,2.0912999999999995,94.94,2,7,4
CHEMBL2159192,464.3390000000002,2.505700000000001,86.15,1,7,5
CHEMBL2159193,478.3220000000004,1.4960999999999998,95.38,1,8,3
CHEMBL2159194,491.3650000000003,1.4112999999999996,89.39000000000001,1,8,3
CHEMBL2203319,506.5500000000003,2.769800000000001,107.07999999999998,2,6,7
CHEMBL2206466,481.59300000000036,3.3679000000000023,102.15,2,5,7
CHEMBL2206467,487.62200000000036,3.429400000000002,102.15,2,6,7
CHEMBL2206468,487.62200000000036,3.429400000000002,102.15,2,6,7
CHEMBL2206469,523.6020000000004,3.707600000000003,102.15,2,6,7
CHEMBL2206470,470.5700000000003,2.6960000000000006,117.94,3,5,7
CHEMBL2206471,484.59700000000026,2.7064000000000004,107.07999999999998,2,6,7
CHEMBL2206472,501.6490000000002,3.737820000000003,102.15,2,6,7
CHEMBL2206473,570.7560000000004,4.244000000000003,114.18,3,7,8
CHEMBL2206474,487.62200000000036,3.429400000000002,102.15,2,6,7
CHEMBL2206475,523.6020000000004,3.707600000000002,102.15,2,6,7
CHEMBL2206476,517.6480000000004,3.4380000000000024,111.37999999999998,2,7,8
CHEMBL2206477,517.6480000000004,3.4380000000000024,111.37999999999998,2,7,8
CHEMBL2206478,553.628,3.7162000000000024,111.37999999999998,2,7,8
CHEMBL2206479,558.0470000000004,4.361000000000004,102.15,2,6,7
CHEMBL2206480,591.5990000000004,4.726400000000004,102.15,2,6,7
CHEMBL2206481,591.5990000000004,4.726400000000004,102.15,2,6,7
CHEMBL2206482,505.6120000000003,3.568500000000002,102.15,2,6,7
CHEMBL2206483,508.52200000000033,2.634100000000001,128.18,2,7,7
CHEMBL2206484,526.5120000000004,2.773200000000001,128.18,2,7,7
CHEMBL2206485,538.5480000000003,2.6427000000000014,137.41000000000003,2,8,8
CHEMBL2206486,520.5770000000002,2.9846000000000013,107.07999999999998,2,6,7
CHEMBL2206487,501.6490000000003,3.737820000000003,102.14999999999999,2,6,7
CHEMBL2206488,440.4870000000002,2.5841000000000003,89.25999999999999,2,4,6
CHEMBL2298396,315.4170000000001,1.157979999999999,90.35000000000001,2,4,2
CHEMBL226396,169.57500000000002,0.5884999999999998,80.48,2,4,0
CHEMBL1233461,207.012,2.3972,57.53,2,2,1
CHEMBL1236897,208.254,-1.6692999999999998,101.15,5,5,8
CHEMBL2333023,277.08900000000006,-1.1855999999999998,102.76,3,5,4
CHEMBL2333025,277.08900000000006,-1.1855999999999998,102.76,3,5,4
CHEMBL2346919,299.3780000000001,0.6857999999999994,69.08,1,6,2
CHEMBL2346920,364.24700000000007,1.4378999999999995,79.94,2,5,2
CHEMBL2346921,285.35100000000006,0.6753999999999998,79.94,2,5,2
CHEMBL2346922,377.45200000000017,0.9870999999999989,94.86000000000001,1,8,4
CHEMBL2346923,414.5130000000002,2.6784,84.87,2,6,4
CHEMBL2346924,415.5010000000002,2.0733999999999995,97.75999999999999,2,7,4
CHEMBL2346925,426.5240000000002,2.7453000000000003,81.97,1,7,4
CHEMBL2346926,426.5240000000002,2.7453000000000003,81.97,1,7,4
CHEMBL2346927,505.42000000000024,3.5078000000000014,81.97,1,7,4
CHEMBL2346928,460.9690000000003,3.3987000000000016,81.97,1,7,4
CHEMBL2346929,444.51400000000024,2.8844000000000003,81.97,1,7,4
CHEMBL2346930,440.5510000000003,3.053720000000001,81.97,1,7,4
CHEMBL2347035,460.9690000000003,3.3987000000000016,81.97,1,7,4
CHEMBL2347036,444.51400000000024,2.8844000000000003,81.97,1,7,4
CHEMBL2347037,427.5120000000002,2.140299999999999,94.86000000000001,1,8,4
CHEMBL2347038,441.53900000000027,2.44872,94.86000000000001,1,8,4
CHEMBL2347039,441.53900000000027,2.44872,94.86000000000001,1,8,4
CHEMBL2408638,453.54300000000023,2.1094999999999993,114.13999999999999,1,9,9
CHEMBL2408639,439.5160000000002,1.8618999999999997,114.13999999999999,1,9,8
CHEMBL2408642,358.44600000000014,0.19800000000000106,77.09,1,8,3
CHEMBL2408644,437.50000000000017,1.4864999999999993,100.15,1,9,7
CHEMBL2408646,437.50000000000017,1.4864999999999993,100.15,1,9,7
CHEMBL2408651,451.5270000000002,1.8765999999999996,100.15,1,9,8
CHEMBL2408655,462.55400000000026,1.5438999999999998,94.16,1,9,6
CHEMBL2408771,476.5810000000003,1.9339999999999995,94.16,1,9,6
CHEMBL2408774,462.55400000000026,1.5438999999999998,94.16,1,9,6
CHEMBL2418624,454.9370000000001,2.9386800000000015,100.83000000000001,1,6,6
CHEMBL2418625,454.9370000000001,2.9386800000000015,100.83000000000001,1,6,6
CHEMBL2418626,454.9370000000001,2.9386800000000015,100.83000000000001,1,6,6
CHEMBL2418627,471.39200000000017,3.452980000000002,100.83000000000001,1,6,6
CHEMBL2417563,471.39200000000017,3.452980000000002,100.83000000000001,1,6,6
CHEMBL2418628,471.39200000000017,3.452980000000002,100.83000000000001,1,6,6
CHEMBL2418629,466.9730000000001,2.8081800000000015,110.06,1,7,7
CHEMBL2418630,466.9730000000001,2.8081800000000015,110.06,1,7,7
CHEMBL2418631,466.9730000000001,2.8081800000000015,110.06,1,7,7
CHEMBL2418632,472.92700000000013,3.0777800000000015,100.83000000000001,1,6,6
CHEMBL2418633,505.8370000000002,4.106380000000002,100.83000000000001,1,6,6
CHEMBL2418634,496.9990000000002,2.816780000000001,119.29,1,8,8
CHEMBL2418635,360.84900000000005,1.2882799999999994,100.83,1,6,4
CHEMBL2418636,436.9470000000001,2.7995800000000006,100.83000000000001,1,6,6
CHEMBL2418637,450.97400000000016,2.9939800000000014,100.83000000000001,1,6,7
CHEMBL2418638,437.9350000000001,2.1945799999999993,113.72000000000001,1,7,6
CHEMBL2418639,442.9760000000001,2.861080000000001,100.83000000000001,1,7,6
CHEMBL2424672,276.34000000000003,-0.5021999999999986,73.25999999999999,1,6,2
CHEMBL2425882,314.38900000000007,-0.01589999999999958,73.25999999999999,1,6,3
CHEMBL200347,319.408,2.7379800000000003,70.12,1,3,4
CHEMBL2425059,416.3690000000001,3.8919000000000032,55.04,1,4,2
CHEMBL2425060,418.34100000000007,3.0858000000000017,64.27,1,5,2
CHEMBL2425061,390.409,2.944400000000001,64.27,1,5,3
CHEMBL2425062,388.39300000000003,3.756000000000003,65.96000000000001,1,5,3
CHEMBL2425063,403.3550000000001,2.2481999999999998,69.2,1,6,2
CHEMBL2425064,400.4730000000001,3.5404000000000018,64.27,1,5,3
CHEMBL2425065,400.47300000000007,3.5404000000000018,64.27,1,5,3
CHEMBL2425066,344.361,2.778100000000001,55.56,1,3,2
CHEMBL2425067,332.35,2.931700000000001,47.72,1,4,2
CHEMBL2425068,335.3540000000001,2.4343200000000005,64.52,1,5,2
CHEMBL2425069,388.34000000000003,2.8798000000000012,67.17,2,4,2
CHEMBL2425070,320.343,1.8609999999999998,67.17,2,4,2
CHEMBL2425071,318.808,2.2362,67.17,2,4,2
CHEMBL2425072,320.343,1.8609999999999995,67.17,2,4,2
CHEMBL2425073,354.788,2.514400000000001,67.17,2,4,2
CHEMBL2425074,336.798,2.3753,67.17,2,4,2
CHEMBL2425075,338.333,2.0000999999999998,67.17,2,4,2
CHEMBL2425076,320.343,1.8609999999999998,67.17,2,4,2
CHEMBL2425077,320.343,1.8609999999999998,67.17,2,4,2
CHEMBL2425078,320.343,1.8609999999999998,67.17,2,4,2
CHEMBL2425079,320.343,1.8609999999999998,67.17,2,4,2
CHEMBL2425080,320.343,1.8609999999999998,67.17,2,4,2
CHEMBL2425081,320.343,1.8609999999999998,67.17,2,4,2
CHEMBL2425884,354.41400000000004,-0.20089999999999897,99.03999999999999,1,8,4
CHEMBL2425885,392.4630000000001,0.8853999999999991,101.94,2,7,4
CHEMBL2425886,403.4860000000001,1.5572999999999992,86.15,1,7,4
CHEMBL2425887,453.54600000000016,2.7105000000000006,86.15,1,7,4
CHEMBL2425888,482.3820000000001,2.3198,86.15,1,7,4
CHEMBL2425889,437.9310000000001,2.210699999999999,86.15,1,7,4
CHEMBL2425890,421.4760000000001,1.6964,86.15,1,7,4
CHEMBL2425891,417.51300000000015,1.8657199999999994,86.15,1,7,4
CHEMBL2425892,433.51200000000017,1.5658999999999992,95.38,1,8,5
CHEMBL2425893,437.9310000000001,2.210699999999999,86.15,1,7,4
CHEMBL2425894,421.4760000000001,1.6963999999999995,86.15,1,7,4
CHEMBL2425895,437.93100000000015,2.2107,86.15,1,7,4
CHEMBL3093896,322.206,1.8334799999999996,70.12,1,3,3
CHEMBL3093897,257.33699999999993,1.3794000000000002,70.12,1,3,3
CHEMBL3093898,268.31999999999994,0.9426599999999997,93.91,1,4,3
CHEMBL3093899,311.307,2.0897799999999993,70.12,1,3,3
CHEMBL3093900,268.31999999999994,0.9426599999999999,93.91,1,4,3
CHEMBL3093901,311.307,2.0897799999999993,70.12,1,3,3
CHEMBL3093918,261.3,1.2100799999999994,70.12,1,3,3
CHEMBL3093919,257.337,1.3793999999999997,70.12,1,3,3
CHEMBL3093920,273.33599999999996,1.07958,79.35,1,4,4
CHEMBL3093921,258.325,0.6531799999999993,96.14,2,4,3
CHEMBL3093922,288.307,0.9791799999999996,113.26000000000002,1,5,4
CHEMBL3093923,268.31999999999994,0.9426599999999997,93.91,1,4,3
CHEMBL3093924,311.307,2.0897799999999997,70.12,1,3,3
CHEMBL3093925,277.755,1.7243799999999996,70.12,1,3,3
CHEMBL201268,243.31000000000003,1.0709799999999992,70.12,1,3,3
CHEMBL251958,300.31000000000006,3.0111000000000008,75.99000000000001,2,5,5
CHEMBL3093902,261.3,1.01898,70.12,1,3,3
CHEMBL3093903,279.28999999999996,1.15808,70.12,1,3,3
CHEMBL3093904,275.327,1.3273999999999995,70.12,1,3,3
CHEMBL3093905,291.32599999999996,1.0275799999999995,79.35,1,4,4
CHEMBL3093906,306.297,0.9271800000000002,113.26000000000002,1,5,4
CHEMBL3093907,286.30999999999995,0.8906599999999995,93.91,1,4,3
CHEMBL3093908,329.29699999999997,2.0377800000000006,70.12,1,3,3
CHEMBL3093909,317.40799999999996,2.3164800000000003,70.12,1,3,3
CHEMBL3093910,367.4240000000001,2.5979800000000006,79.35000000000001,1,4,6
CHEMBL3093911,286.30999999999995,0.8906600000000001,93.91,1,4,3
CHEMBL3093912,329.297,2.03778,70.12,1,3,3
CHEMBL3093913,297.28,1.29718,70.12,1,3,3
CHEMBL3093914,315.27,1.4362800000000004,70.12,1,3,3
CHEMBL3091488,315.27,1.43628,70.12,1,3,3
CHEMBL3093915,315.27,1.4362800000000002,70.12,1,3,3
CHEMBL3093916,261.3,1.2100799999999994,70.12,1,3,3
CHEMBL3093917,261.3,1.2100799999999996,70.12,1,3,3
CHEMBL3112957,317.8200000000001,2.908500000000002,60.910000000000004,1,4,3
CHEMBL3112958,331.8470000000001,3.216920000000002,60.91,1,4,3
CHEMBL3112959,393.9180000000001,4.5755000000000035,60.910000000000004,1,4,4
CHEMBL3112960,394.9060000000001,3.970500000000003,73.80000000000001,1,5,4
CHEMBL3112961,321.464,4.555700000000004,35.25,1,2,6
CHEMBL3112962,295.426,4.042500000000003,35.25,1,2,5
CHEMBL3112963,219.32800000000003,2.4721,35.25,1,2,3
CHEMBL3112964,253.77300000000002,3.1255000000000015,35.25,1,2,3
CHEMBL3112965,273.29800000000006,2.889400000000001,35.25,1,2,3
CHEMBL3112966,320.8640000000001,3.4916000000000027,46.33,1,2,3
CHEMBL3112967,427.8580000000001,3.245400000000002,77.03999999999999,1,5,3
CHEMBL3112968,478.9460000000002,4.863800000000005,72.11,1,4,4
CHEMBL3112969,306.8810000000001,3.9650000000000034,29.259999999999998,1,2,3
CHEMBL3112970,413.8750000000001,3.6052000000000026,59.97,1,5,3
CHEMBL3112971,464.9630000000002,5.223600000000006,55.04,1,4,4
CHEMBL3114069,315.4170000000001,1.157979999999999,90.35000000000001,2,4,2
CHEMBL3121246,330.33600000000007,3.046400000000001,96.22000000000001,3,6,3
CHEMBL3127979,233.27100000000002,0.6639799999999995,83.26,1,4,3
CHEMBL3127980,249.33900000000003,1.1324799999999995,70.12,1,4,3
CHEMBL3127981,299.39900000000006,2.28568,70.12,1,4,3
CHEMBL3127982,250.32700000000003,0.5274799999999996,83.01,1,5,3
CHEMBL3127983,244.29800000000003,0.4659799999999993,83.01,1,4,3
CHEMBL3127984,267.329,1.08048,70.12,1,4,3
CHEMBL3127985,317.389,2.2336800000000006,70.12,1,4,3
CHEMBL3127986,268.317,0.47548000000000046,83.01,1,5,3
CHEMBL3127987,282.34399999999994,0.7839000000000004,83.00999999999999,1,5,3
CHEMBL3127988,344.415,2.142480000000001,83.01,1,5,4
CHEMBL3127989,378.86000000000007,2.7958800000000013,83.01,1,5,4
CHEMBL3127990,412.41200000000003,3.1612800000000014,83.01,1,5,4
CHEMBL3127991,350.444,2.2039800000000005,83.01,1,6,4
CHEMBL3127992,384.2050000000001,1.5101800000000003,88.58000000000001,1,5,3
CHEMBL17347,208.213,1.6741,66.76,2,4,3
CHEMBL66879,164.16,1.49,57.53,2,2,2
CHEMBL75589,330.29200000000003,2.594000000000002,109.36000000000001,3,7,3
CHEMBL91933,276.407,5.017600000000002,17.07,0,4,3
CHEMBL221542,414.7180000000003,8.02480000000001,20.23,1,1,6
CHEMBL400359,349.38600000000014,4.202500000000004,40.160000000000004,0,5,2
CHEMBL508494,352.2980000000001,3.405900000000002,99.11000000000001,1,7,3
CHEMBL574038,356.3300000000001,2.3806000000000007,98.36000000000001,2,7,3
CHEMBL599763,418.39800000000014,0.17259999999999942,156.91,6,9,6
CHEMBL1724888,270.32800000000003,2.958700000000001,57.53,2,3,6
CHEMBL2048503,368.33800000000014,-0.5575000000000003,153.75,5,9,4
CHEMBL2105762,398.4350000000001,1.1421,90.45,1,7,3
CHEMBL3220151,254.32900000000004,3.9879000000000033,37.3,1,2,6
CHEMBL3220152,365.38500000000016,3.6934000000000022,60.39,1,6,2
CHEMBL3220153,827.2850000000001,12.047299999999984,105.45000000000002,3,7,24
CHEMBL3233843,374.34700000000004,1.7329799999999997,95.32,1,5,4
CHEMBL3236100,316.351,3.060200000000002,46.33,1,2,3
CHEMBL3236101,341.3610000000001,2.9318800000000014,70.12,1,3,3
CHEMBL3236102,334.341,3.199300000000002,46.33,1,2,3
CHEMBL3236103,384.34800000000007,4.079000000000003,46.33,1,2,3
CHEMBL3236104,346.37700000000007,3.0688000000000013,55.56,1,3,4
CHEMBL3236105,394.4430000000001,2.463700000000001,80.47,1,4,4
CHEMBL3236106,317.339,2.4552000000000005,59.22,1,3,3
CHEMBL3236107,347.36500000000007,2.4638,68.45,1,4,4
CHEMBL3236108,385.33600000000007,3.474000000000002,59.22,1,3,3
CHEMBL3236109,342.3490000000001,2.32688,83.01,1,4,3
CHEMBL3236110,330.378,3.0558000000000014,46.33,1,2,4
CHEMBL3236111,398.37500000000006,4.074600000000004,46.33,1,2,4
CHEMBL3236112,367.39900000000006,3.6084000000000023,59.22,1,3,3
CHEMBL3236113,358.35200000000003,1.4978999999999993,89.41,1,6,3
CHEMBL3236114,399.4010000000001,1.7715199999999998,93.59000000000002,1,6,3
CHEMBL3236115,344.40500000000003,3.098300000000001,46.33,1,2,5
CHEMBL3236116,345.39300000000003,2.4933000000000005,59.22,1,3,5
CHEMBL3236117,385.4180000000002,2.7197400000000007,76.52000000000001,1,5,3
CHEMBL3236118,372.3790000000001,1.80632,89.41000000000001,1,6,3
CHEMBL3236119,426.3490000000001,2.5167,89.41,1,6,3
CHEMBL3236120,426.3490000000001,2.5167,89.41,1,6,3
CHEMBL3236121,388.41400000000004,2.827000000000001,64.78999999999999,1,4,5
CHEMBL3236122,363.38300000000004,2.6324000000000005,59.22,1,3,5
CHEMBL3236123,403.4080000000002,2.8588400000000007,76.52000000000001,1,5,3
CHEMBL3236124,444.3390000000001,2.655800000000001,89.41,1,6,3
CHEMBL3236125,444.3390000000001,2.655800000000001,89.41,1,6,3
CHEMBL3236126,406.40400000000005,2.966100000000001,64.78999999999999,1,4,5
CHEMBL3236127,378.3030000000001,3.5219000000000023,59.22,1,3,5
CHEMBL3236128,418.32800000000026,3.7483400000000016,76.52000000000001,1,5,3
CHEMBL3236129,459.2590000000001,3.545300000000002,89.41,1,6,3
CHEMBL3236130,459.2590000000001,3.545300000000002,89.41,1,6,3
CHEMBL3236131,421.32400000000007,3.8556000000000026,64.78999999999999,1,4,5
CHEMBL3343902,292.45,5.351500000000002,9.23,0,4,4
CHEMBL3343903,306.47700000000003,5.741600000000003,9.23,0,4,5
CHEMBL90170,278.423,4.697400000000002,20.23,1,4,3
CHEMBL3310986,324.38400000000007,1.9922000000000004,92.31,4,6,4
CHEMBL3310987,352.4380000000001,2.783520000000001,92.31,4,6,5
CHEMBL3310988,297.171,3.041290000000001,28.78,1,2,2
CHEMBL3329624,349.3940000000002,1.8369799999999998,101.07999999999998,1,7,3
CHEMBL3329625,375.47600000000017,2.7051800000000004,86.25,1,5,3
CHEMBL3329626,348.4100000000002,1.57208,103.72999999999999,2,6,3
CHEMBL3329627,362.4370000000001,1.582479999999999,92.87,1,7,3
CHEMBL3329628,390.49100000000027,2.626380000000001,92.87,1,7,4
CHEMBL3329629,378.50500000000017,2.9517700000000007,75.8,1,7,3
CHEMBL3329630,390.44700000000023,0.9426799999999999,109.93999999999998,1,8,3
CHEMBL3329631,412.4970000000002,2.7356800000000003,92.87,1,7,3
CHEMBL3329632,363.4250000000001,0.9774799999999993,105.76,1,8,3
CHEMBL3329633,361.4490000000001,2.187479999999999,79.98,1,6,3
CHEMBL3329634,362.4370000000001,1.582479999999999,92.87,1,7,3
CHEMBL3329636,371.8720000000002,2.3641999999999994,69.08,1,6,3
CHEMBL3329637,355.4170000000001,1.849899999999999,69.08,1,6,3
CHEMBL3329638,396.88200000000023,2.23588,92.87,1,7,3
CHEMBL3329639,412.49700000000024,2.7356800000000003,92.87,1,7,3
CHEMBL3329641,348.4100000000001,1.1923799999999993,92.87,1,7,3
CHEMBL3329688,376.46400000000017,1.9725799999999993,92.87,1,7,3
CHEMBL3329689,348.4100000000001,1.0645799999999992,78.88,1,7,3
CHEMBL3329691,362.4370000000001,1.454679999999999,78.88,1,7,3
CHEMBL3329692,376.46400000000017,1.8431799999999998,78.88,1,7,4
CHEMBL3330054,401.22299999999996,2.01368,70.12,1,3,4
CHEMBL3330055,343.32399999999996,2.427880000000001,70.12,1,3,4
CHEMBL3343899,230.28799999999998,0.8275999999999999,40.46,2,3,1
CHEMBL3343900,280.36999999999995,1.6736,60.69,3,5,3
CHEMBL3343901,432.6070000000002,5.896800000000005,52.6,0,6,9
CHEMBL3357763,459.5120000000003,4.162200000000003,75.43,2,3,6
CHEMBL3357764,473.53900000000027,3.8399000000000028,75.43,2,3,7
CHEMBL3357765,423.4790000000001,2.802100000000001,75.43,2,3,6
CHEMBL3357766,437.50600000000014,3.0497000000000014,75.43,2,3,7
CHEMBL3357767,412.45200000000006,3.0866000000000007,72.63,1,4,6
CHEMBL3357768,384.39799999999997,2.6081000000000003,83.63000000000001,2,3,5
CHEMBL3357769,412.4520000000001,3.0866000000000007,72.63,1,4,6
CHEMBL3357770,438.4900000000001,3.476700000000001,72.63,1,4,7
CHEMBL3357771,452.51700000000017,3.8668000000000022,72.63,1,4,7
CHEMBL3357772,466.5440000000002,4.256900000000003,72.63,1,4,7
CHEMBL3357773,474.5230000000003,4.380500000000003,72.63,1,4,7
CHEMBL3357774,370.41499999999996,2.5158000000000005,66.56,2,3,5
CHEMBL3357775,411.4680000000001,2.659600000000001,75.43,2,3,6
CHEMBL3357776,437.50600000000014,3.0497000000000014,75.43,2,3,7
CHEMBL3357777,451.5330000000002,3.4398000000000017,75.43,2,3,7
CHEMBL3357778,465.56000000000023,3.829900000000002,75.43,2,3,7
CHEMBL3357779,473.53900000000027,3.9535000000000036,75.43,2,3,7
CHEMBL3357780,523.6210000000002,3.8104200000000024,92.5,2,4,8
CHEMBL3357781,447.52300000000014,2.0727,92.5,2,4,7
CHEMBL3357782,501.49300000000034,2.9627000000000008,92.5,2,4,7
CHEMBL3330049,275.327,1.4090799999999999,70.12,1,3,4
CHEMBL3330050,309.77200000000005,2.06248,70.12,1,3,4
CHEMBL3330051,289.3539999999999,1.7175,70.12,1,3,4
CHEMBL3330052,293.317,1.54818,70.12,1,3,4
CHEMBL3330053,293.317,1.54818,70.12,1,3,4
CHEMBL3330056,305.353,1.4176799999999996,79.35,1,4,5
CHEMBL3330057,344.217,2.715880000000001,70.12,1,3,4
CHEMBL3330058,344.217,2.715880000000001,70.12,1,3,4
CHEMBL3330059,311.30699999999996,1.6872800000000001,70.12,1,3,4
CHEMBL3330060,329.29699999999997,1.8263800000000003,70.12,1,3,4
CHEMBL3330061,275.327,1.4090799999999999,70.12,1,3,4
CHEMBL3330062,297.402,2.23968,70.12,1,3,4
CHEMBL3330063,331.847,2.893080000000001,70.12,1,3,4
CHEMBL3330064,311.4290000000001,2.5481000000000007,70.12,1,3,4
CHEMBL3330065,315.392,2.37878,70.12,1,3,4
CHEMBL3330066,315.392,2.37878,70.12,1,3,4
CHEMBL3330067,423.298,2.8442800000000013,70.12,1,3,4
CHEMBL3330068,365.399,3.2584800000000014,70.12,1,3,4
CHEMBL3330070,366.29200000000003,3.5464800000000016,70.12,1,3,4
CHEMBL3330071,366.29200000000003,3.5464800000000016,70.12,1,3,4
CHEMBL3330072,333.382,2.517880000000001,70.12,1,3,4
CHEMBL3330073,351.372,2.656980000000001,70.12,1,3,4
CHEMBL3400963,614.4860000000002,4.150820000000003,138.73,1,11,6
CHEMBL3400964,632.4760000000002,4.289920000000004,138.73,1,11,6
CHEMBL3400965,614.4860000000002,4.150820000000004,138.73,1,11,6
CHEMBL3400966,632.4760000000001,4.289920000000004,138.73,1,11,6
CHEMBL3402118,567.0020000000004,1.9705999999999997,165.68000000000004,3,10,7
CHEMBL3402120,522.9930000000004,2.2724,128.38,2,9,6
CHEMBL3402125,540.9830000000004,2.411500000000001,128.38,2,9,6
CHEMBL3402129,553.0190000000003,2.281,137.60999999999999,2,10,7
CHEMBL3425745,407.4400000000001,2.5928000000000004,77.04000000000002,1,5,4
CHEMBL3425746,407.4400000000001,2.5928000000000004,77.04000000000002,1,5,4
CHEMBL3425747,461.41000000000014,3.0101000000000013,77.04000000000002,1,5,4
CHEMBL3425748,461.41000000000014,3.0101000000000013,77.04000000000002,1,5,4
CHEMBL3425749,421.4670000000001,2.553700000000001,77.04,1,5,5
CHEMBL3425750,421.4670000000001,2.553700000000001,77.04,1,5,5
CHEMBL3425751,511.41700000000014,3.645400000000002,77.04000000000002,1,5,5
CHEMBL3425752,511.41700000000014,3.645400000000002,77.04000000000002,1,5,5
CHEMBL3425753,485.8600000000002,3.568020000000002,77.04,1,5,5
CHEMBL3425754,483.8440000000001,3.041800000000002,77.04000000000002,1,5,4
CHEMBL3580775,415.3660000000002,2.3647,77.04,1,5,3
CHEMBL3580776,385.41400000000016,2.6929000000000007,75.43,2,3,3
CHEMBL3580777,386.40200000000016,2.0879000000000003,88.32000000000001,2,4,3
CHEMBL3580778,387.39000000000016,1.4828999999999994,101.21000000000001,2,5,3
CHEMBL3580779,403.40400000000017,2.8320000000000007,75.43,2,3,3
CHEMBL3580780,415.44000000000017,2.701500000000001,84.66,2,4,4
CHEMBL3580781,453.41100000000023,3.711700000000002,75.43,2,3,3
CHEMBL3580782,464.31000000000023,3.455400000000002,75.43,2,3,3
CHEMBL3580783,410.42400000000015,2.5645800000000003,99.22,2,4,3
CHEMBL3580784,421.3940000000002,2.9711000000000007,75.43,2,3,3
CHEMBL537586,326.4220000000001,1.5487,85.16000000000001,0,6,3
CHEMBL3580785,371.4310000000001,3.1663000000000006,58.36000000000001,2,3,3
CHEMBL3580786,389.42100000000016,3.3054000000000014,58.36000000000001,2,3,3
CHEMBL3580787,439.4280000000002,4.185100000000004,58.36000000000001,2,3,3
CHEMBL3580788,399.44100000000014,2.717200000000001,66.64,1,3,3
CHEMBL3580789,417.43100000000015,2.856300000000001,66.64,1,3,3
CHEMBL3580790,413.46800000000013,3.1073000000000013,66.64,1,3,4
CHEMBL3580791,427.4950000000001,3.495800000000002,66.64,1,3,4
CHEMBL3580792,471.5040000000002,2.650500000000001,92.94,1,5,6
CHEMBL3616888,429.5060000000002,-0.6732999999999989,110.21000000000001,2,11,5
CHEMBL3616890,458.52600000000024,0.6295200000000003,102.87,1,10,4
CHEMBL3616891,498.59100000000024,1.5043199999999997,94.08000000000001,0,10,4
CHEMBL3616894,514.5900000000003,1.3248200000000003,119.94,1,10,5
CHEMBL3616896,502.5350000000003,-0.48297999999999797,140.17000000000002,2,11,5
CHEMBL3616900,444.4990000000002,0.32109999999999994,102.87,1,10,4
CHEMBL3616901,474.52500000000026,0.3297000000000003,112.10000000000002,1,11,5
CHEMBL3616902,443.5110000000002,0.9261000000000001,89.98000000000002,1,9,4
CHEMBL3616903,442.5230000000002,1.5310999999999997,77.09,1,8,4
CHEMBL3616904,392.46300000000014,0.3779000000000008,77.09,1,8,4
CHEMBL3616905,417.4730000000002,0.24958000000000058,100.88,1,9,4
CHEMBL3616906,493.57100000000025,1.91658,100.88,1,9,5
CHEMBL3616907,473.5410000000002,0.26702000000000203,107.80000000000001,1,11,5
CHEMBL3616908,458.5260000000002,0.5636000000000001,94.91,1,10,5
CHEMBL3616909,459.5140000000002,-0.04139999999999833,107.80000000000001,1,11,5
CHEMBL3616913,358.4460000000001,0.42840000000000056,91.08000000000001,1,8,3
CHEMBL3618032,344.4180000000001,3.805080000000002,52.71,0,5,2
CHEMBL3618036,303.32500000000005,2.27482,65.6,0,6,2
CHEMBL3618037,304.31300000000005,1.6698199999999999,78.49,0,7,2
CHEMBL3618038,317.3520000000001,2.583240000000001,65.6,0,6,2
CHEMBL3618039,382.22100000000006,3.037320000000001,65.6,0,6,2
CHEMBL3618134,347.3780000000001,2.5918400000000004,74.83000000000001,0,7,3
CHEMBL3618137,449.9230000000001,4.665320000000003,74.83000000000001,0,8,4
CHEMBL3618140,392.31200000000007,3.764500000000001,76.02000000000001,2,4,4
CHEMBL3632864,209.29299999999995,0.8743799999999998,70.12,1,3,3
CHEMBL3632865,227.28299999999996,0.82238,70.12,1,3,3
CHEMBL3632866,227.28299999999996,0.82238,70.12,1,3,3
CHEMBL3632867,245.27299999999994,1.11958,70.12,1,3,3
CHEMBL3644782,505.3660000000002,1.6924,112.65000000000002,2,6,4
CHEMBL3644783,505.3660000000002,1.6924,112.65000000000002,2,6,4
CHEMBL3644785,493.4770000000003,1.9711,112.64999999999999,2,6,4
CHEMBL3644786,491.4610000000002,1.9410999999999992,112.65000000000002,2,6,5
CHEMBL3644787,514.4550000000003,1.7355999999999994,125.54,2,7,5
CHEMBL3644788,503.4280000000003,1.9335999999999998,125.79,2,7,5
CHEMBL3644790,495.4490000000003,0.8625,121.88000000000001,2,7,7
CHEMBL3644791,495.4490000000003,0.8625,121.88000000000001,2,7,7
CHEMBL3644793,519.4960000000003,2.4021000000000012,112.65000000000002,2,7,5
CHEMBL3644794,531.4570000000003,2.4797000000000016,112.65000000000002,2,6,5
CHEMBL3644798,501.50600000000026,2.1049,112.65000000000002,2,7,5
CHEMBL3644799,461.46000000000026,1.3288999999999995,112.64999999999999,2,6,6
CHEMBL4296719,241.1,-2.0590999999999973,84.83000000000001,4,5,4
CHEMBL3644784,479.4500000000003,1.6260999999999999,112.64999999999999,2,6,6
CHEMBL3644789,503.4280000000003,1.9335999999999998,125.79,2,7,5
CHEMBL3644792,519.4960000000003,2.4021000000000012,112.65000000000002,2,7,5
CHEMBL3644795,503.35000000000025,1.9006,109.49000000000001,1,6,4
CHEMBL3644796,475.4870000000003,1.6739,112.64999999999999,2,6,4
CHEMBL3644797,485.4380000000003,1.6363999999999999,125.79,2,7,5
CHEMBL3644800,496.46500000000026,1.4383999999999995,125.54,2,7,5
CHEMBL3644803,514.4550000000003,1.7355999999999994,125.54,2,7,5
CHEMBL3645492,452.5270000000002,2.4549000000000003,90.45,1,7,4
CHEMBL3736188,452.4050000000002,2.0321,90.45,1,7,3
CHEMBL3735281,412.4620000000001,1.5322,90.45,1,7,4
CHEMBL3734912,426.48900000000015,1.9223,90.45,1,7,5
CHEMBL3735865,426.48900000000015,1.9206999999999996,90.45,1,7,4
CHEMBL3736190,424.4730000000001,1.6746999999999996,90.45,1,7,4
CHEMBL3735329,424.4730000000001,1.6746999999999996,90.45,1,7,4
CHEMBL3736085,452.52700000000016,2.4549000000000003,90.45,1,7,4
CHEMBL3735852,464.49800000000016,1.3048999999999995,108.27,1,9,4
CHEMBL3736423,464.49800000000016,1.3048999999999995,108.27,1,9,4
CHEMBL3736511,460.5060000000002,2.5714000000000006,90.45,1,7,4
CHEMBL3736067,528.5030000000003,3.590200000000002,90.45,1,7,4
CHEMBL3736135,391.42200000000014,2.2095000000000002,96.27,3,5,4
CHEMBL3734964,403.4330000000001,2.2094999999999994,96.27,3,5,4
CHEMBL3735129,446.48300000000023,2.5698,109.16,3,7,4
CHEMBL3735925,440.45400000000024,2.5083,109.16,3,6,4
CHEMBL3734769,413.45000000000016,1.2324999999999997,113.33999999999999,3,6,4
CHEMBL3734828,427.47700000000015,1.6225999999999996,113.33999999999999,3,6,5
CHEMBL3735461,481.4470000000002,2.164999999999999,113.33999999999999,3,6,5
CHEMBL3734999,439.4880000000002,1.7651,113.33999999999999,3,6,5
CHEMBL3735433,490.53600000000023,2.1978999999999997,126.22999999999999,3,7,6
CHEMBL3736137,465.4860000000002,1.3848999999999998,142.01999999999995,4,7,5
CHEMBL3735917,398.4350000000001,1.2644999999999997,101.31,2,6,3
CHEMBL3735694,426.48900000000015,2.0431,101.31,2,6,4
CHEMBL3735843,460.5060000000002,2.6938000000000004,101.30999999999999,2,6,4
CHEMBL3798441,723.6180000000006,3.942980000000002,168.26999999999995,3,7,6
CHEMBL3799388,584.5860000000004,3.4175000000000013,107.17999999999999,2,5,6
CHEMBL3798777,312.33199999999994,1.8615,83.63000000000001,2,3,3
CHEMBL3797842,721.6020000000005,3.863080000000002,168.26999999999995,3,7,6
CHEMBL3800113,696.5920000000006,3.970900000000003,144.48,3,6,6
CHEMBL3800380,337.29799999999994,1.5234999999999996,109.66000000000001,2,5,3
CHEMBL3797299,607.5800000000004,2.9195800000000007,130.96999999999997,2,6,6
CHEMBL3799074,335.32599999999996,1.3635800000000002,107.42,2,4,3
CHEMBL3805154,419.40700000000015,2.3337200000000005,88.91,2,7,2
CHEMBL3806310,419.40700000000015,2.3337200000000005,88.91,2,7,2
CHEMBL3805353,372.3790000000001,1.5756,81.57000000000001,1,7,2
CHEMBL3806052,372.379,1.5756,81.57000000000001,1,7,2
CHEMBL3806164,369.41900000000004,2.9867000000000017,59.45,1,5,2
CHEMBL3804854,401.43600000000015,3.4342200000000016,59.45,1,5,2
CHEMBL3804940,403.40800000000013,2.628120000000001,68.67999999999999,1,6,2
CHEMBL3805696,401.43600000000015,3.4342200000000016,59.45,1,5,2
CHEMBL3805235,403.40800000000013,2.628120000000001,68.67999999999999,1,6,2
CHEMBL584162,386.35600000000017,2.3892,107.59000000000002,2,8,4
CHEMBL3687977,479.43800000000016,1.7031,102.28,1,8,3
CHEMBL3687978,418.4610000000002,0.4168800000000006,126.07,1,9,3
CHEMBL3687979,429.43100000000015,0.8234,102.28,1,8,3
CHEMBL3687980,355.40200000000016,-0.47979999999999845,102.27999999999999,1,8,2
CHEMBL3687982,443.4580000000002,1.2135000000000005,102.28,1,8,4
CHEMBL3687983,493.4650000000002,2.0932,102.28,1,8,4
CHEMBL3687984,436.4510000000002,0.5559799999999995,126.07,1,9,3
CHEMBL3805226,383.44600000000014,3.2951200000000016,59.45,1,5,2
CHEMBL3804982,383.44600000000014,3.2951200000000016,59.45,1,5,2
CHEMBL3806157,383.44600000000014,3.2951200000000016,59.45,1,5,2
CHEMBL3805294,385.4180000000001,2.48902,68.67999999999999,1,6,2
CHEMBL3806179,383.44600000000014,3.2951200000000016,59.45,1,5,2
CHEMBL3805966,401.43600000000015,3.4342200000000016,59.45,1,5,2
CHEMBL3806029,403.40800000000013,2.628120000000001,68.67999999999999,1,6,2
CHEMBL3806023,402.4240000000001,2.8292200000000003,72.34,1,6,2
CHEMBL3805629,402.4240000000001,2.8292200000000003,72.34,1,6,2
CHEMBL3806041,428.46200000000016,3.398200000000001,72.34,1,6,3
CHEMBL3805346,428.46200000000016,3.398200000000001,72.34,1,6,3
CHEMBL3806026,369.41900000000004,2.9867000000000017,59.45,1,5,2
CHEMBL3806003,387.40900000000005,3.1258000000000017,59.45,1,5,2
CHEMBL3806216,371.3910000000001,2.1806,68.68,1,6,2
CHEMBL3806239,401.43600000000015,3.4342200000000016,59.45,1,5,2
CHEMBL3805751,403.40800000000013,2.628120000000001,68.67999999999999,1,6,2
CHEMBL3805400,385.4180000000001,2.489020000000001,68.67999999999999,1,6,2
CHEMBL3805871,455.40600000000023,4.144600000000003,59.45,1,5,2
CHEMBL3805502,457.3780000000002,3.3385000000000016,68.68,1,6,2
CHEMBL3804994,401.43600000000015,3.4342200000000016,59.45,1,5,2
CHEMBL3806021,403.40800000000013,2.628120000000001,68.67999999999999,1,6,2
CHEMBL3804950,385.4180000000001,2.48902,68.67999999999999,1,6,2
CHEMBL3805179,455.40600000000023,4.144600000000003,59.45,1,5,2
CHEMBL3805937,457.3780000000002,3.3385000000000025,68.68,1,6,2
CHEMBL3804996,469.4330000000002,4.453020000000003,59.45,1,5,2
CHEMBL3813856,450.47800000000024,0.9460799999999997,126.07,1,9,4
CHEMBL3890161,414.427,4.0972000000000035,47.72,1,4,2
CHEMBL3892233,408.21700000000004,5.023100000000002,35.25,1,2,1
CHEMBL3910262,483.5110000000002,5.331100000000005,69.39,1,4,3
CHEMBL3919178,408.21700000000004,5.023100000000002,35.25,1,2,1
CHEMBL3920234,354.3310000000001,4.1322800000000015,59.03999999999999,1,3,1
CHEMBL3926320,329.32099999999997,4.260600000000002,35.25,1,2,1
CHEMBL3928073,359.34700000000004,4.269200000000003,44.480000000000004,1,3,2
CHEMBL3929146,359.3470000000001,4.269200000000002,44.480000000000004,1,3,2
CHEMBL3932825,407.4130000000001,3.664100000000002,69.39,1,4,2
CHEMBL3934008,341.357,4.130100000000002,44.480000000000004,1,3,2
CHEMBL3942715,354.331,4.132280000000002,59.040000000000006,1,3,1
CHEMBL3950517,373.33,3.958800000000002,72.55000000000001,2,3,2
CHEMBL3952691,341.357,4.130100000000003,44.480000000000004,1,3,2
CHEMBL3952716,347.292,3.2138000000000018,65.46000000000001,1,4,1
CHEMBL3959221,422.42800000000017,3.632100000000001,81.42,2,4,3
CHEMBL3981442,323.367,3.9910000000000023,44.480000000000004,1,3,2
CHEMBL3645490,398.4350000000001,1.1421,90.45,1,7,3
CHEMBL3645491,416.4250000000001,1.2812,90.45,1,7,3
CHEMBL3645493,452.52700000000016,2.4549000000000003,90.45,1,7,4
CHEMBL3645494,470.51700000000017,2.5940000000000003,90.45,1,7,4
CHEMBL3645495,424.4730000000001,1.6746999999999996,90.45,1,7,4
CHEMBL3645496,442.46300000000014,1.8137999999999999,90.45,1,7,4
CHEMBL3645497,424.4730000000001,1.6746999999999996,90.45,1,7,4
CHEMBL3675618,483.58000000000027,1.9175199999999994,108.77,1,9,4
CHEMBL3675619,442.52700000000027,2.21669,87.35,1,7,4
CHEMBL3675620,557.6090000000003,3.220720000000002,108.77,1,9,5
CHEMBL3704833,303.362,0.5304799999999997,85.59,2,5,7
CHEMBL3892398,323.367,3.9910000000000023,44.480000000000004,1,3,2
CHEMBL3892718,527.6700000000004,0.9012000000000029,120.62000000000003,1,11,8
CHEMBL3896047,595.148,2.2417000000000016,123.42000000000002,2,10,8
CHEMBL3897118,512.6590000000004,0.03780000000000405,114.63000000000002,1,10,7
CHEMBL3898220,574.7300000000002,1.8967200000000022,123.42000000000002,2,10,8
CHEMBL3899590,553.7080000000004,1.4354000000000022,120.62000000000003,1,11,8
CHEMBL3901191,359.3470000000001,4.269200000000002,44.480000000000004,1,3,2
CHEMBL3901674,541.6970000000003,2.274800000000001,120.62000000000003,1,10,8
CHEMBL3902771,527.6700000000004,1.8847000000000012,120.62000000000003,1,10,7
CHEMBL3909049,513.6430000000005,0.38330000000000286,106.63000000000002,1,11,8
CHEMBL3910158,499.61600000000044,0.12260000000000337,120.62000000000003,1,11,7
CHEMBL3911786,499.6160000000004,1.1045000000000018,120.62000000000003,1,10,5
CHEMBL3915044,578.6930000000002,1.7274000000000016,123.42000000000002,2,10,8
CHEMBL3920718,541.6970000000003,1.2913000000000026,120.62000000000003,1,11,9
CHEMBL3924059,639.599,2.3508000000000013,123.42000000000002,2,10,8
CHEMBL3927979,527.6700000000004,0.7734000000000034,106.63000000000002,1,11,8
CHEMBL3929627,513.6430000000004,0.5111000000000032,120.62000000000003,1,11,7
CHEMBL3929764,361.3190000000001,3.5222200000000017,65.46,1,4,1
CHEMBL3933623,527.6700000000004,0.9028000000000027,120.62000000000003,1,11,9
CHEMBL3941804,389.37300000000005,4.277800000000003,53.71000000000001,1,4,3
CHEMBL3942843,452.4540000000002,3.6407000000000007,90.64999999999999,2,5,4
CHEMBL3944427,437.43900000000014,3.6727000000000016,78.62,1,5,3
CHEMBL3945617,585.7130000000001,1.4599800000000025,147.21,2,11,8
CHEMBL3955701,359.34700000000004,4.269200000000003,44.480000000000004,1,3,2
CHEMBL3959577,361.3190000000001,3.5222200000000017,65.46,1,4,1
CHEMBL3968249,561.6870000000004,1.5552000000000024,120.62000000000003,1,11,8
CHEMBL3968332,361.3190000000001,3.5222200000000017,65.46,1,4,1
CHEMBL3971196,361.3190000000001,3.5222200000000017,65.46,1,4,1
CHEMBL3972227,539.6810000000005,1.0453000000000026,120.62000000000003,1,11,8
CHEMBL3972474,339.822,4.505300000000003,44.480000000000004,1,3,2
CHEMBL3973741,513.6430000000004,1.4946000000000017,120.62000000000003,1,10,6
CHEMBL3976778,560.7030000000003,1.5883000000000027,123.42000000000002,2,10,8
CHEMBL3979508,408.21700000000004,5.023100000000002,35.25,1,2,1
CHEMBL3979866,567.7350000000005,1.825500000000002,120.62000000000003,1,11,8
CHEMBL3980269,513.6430000000005,0.512700000000003,120.62000000000003,1,11,8
CHEMBL3984849,590.7290000000002,1.5969000000000027,132.65000000000003,2,11,9
CHEMBL3644451,336.411,2.5776000000000012,57.94,2,4,2
CHEMBL3644452,354.401,2.7167000000000012,57.94,2,4,2
CHEMBL3644453,370.4,1.7322,81.0,2,4,2
CHEMBL3644454,386.399,1.3983,92.07999999999998,2,5,2
CHEMBL3644455,426.50800000000015,2.961000000000001,67.31,2,6,4
CHEMBL3644456,432.49300000000017,1.9977999999999998,81.22,1,7,3
CHEMBL3675621,578.6560000000003,3.3434000000000017,132.56,1,10,5
CHEMBL3675622,497.6070000000003,2.307619999999999,108.77,1,9,4
CHEMBL3675623,445.53100000000023,1.4312200000000013,108.77,1,9,3
CHEMBL3675624,499.62300000000033,2.8604200000000013,108.77,1,9,5
CHEMBL3675625,539.6190000000003,3.081620000000001,108.77,1,9,5
CHEMBL3675626,521.6290000000002,2.94252,108.77,1,9,5
CHEMBL3675627,485.59600000000034,2.304220000000001,108.77,1,9,5
CHEMBL3675628,461.5700000000003,2.064599999999999,92.22,1,8,5
CHEMBL3675629,341.4190000000001,0.1434000000000013,91.78,2,7,2
CHEMBL3675630,481.60400000000027,3.209200000000001,82.99,1,7,4
CHEMBL3675631,444.5030000000002,0.3275800000000011,132.56,1,10,4
CHEMBL3675632,442.5270000000002,1.5375799999999993,106.78,1,8,4
CHEMBL3675633,545.6480000000003,3.1431200000000015,108.77,1,10,5
CHEMBL3675634,521.5760000000002,2.5494200000000005,108.77,1,9,5
CHEMBL3675635,499.6230000000004,2.694320000000001,108.77,1,9,5
CHEMBL3675636,546.6390000000004,2.8142000000000005,132.56,1,10,5
CHEMBL3675637,497.60700000000026,2.3060199999999993,108.77,1,9,4
CHEMBL3680628,663.7830000000001,4.017100000000002,141.20000000000002,2,12,8
CHEMBL3680629,581.6770000000002,3.4866800000000024,127.18,1,10,5
CHEMBL3680630,634.7410000000002,4.072000000000003,129.17000000000002,1,11,6
CHEMBL3680631,582.6650000000002,2.881680000000001,140.07000000000002,1,11,5
CHEMBL3680632,590.6810000000003,2.8376,129.69000000000003,1,11,8
CHEMBL3680633,586.6970000000002,3.021840000000001,129.17000000000002,1,11,5
CHEMBL3680634,613.5130000000001,3.0589000000000004,120.46000000000001,1,10,6
CHEMBL3680635,596.6920000000001,3.190100000000001,140.07000000000002,1,11,5
CHEMBL3680636,584.6810000000002,2.918800000000001,129.17000000000002,1,11,6
CHEMBL3680637,579.6140000000003,2.2045999999999992,163.60000000000002,1,12,7
CHEMBL3694421,397.45100000000014,0.7150999999999995,93.25,2,7,3
CHEMBL3694422,441.4790000000001,1.3867999999999998,93.25,2,7,4
CHEMBL3694423,454.5030000000002,-0.08719999999999883,127.54999999999998,2,8,5
CHEMBL3694424,448.49300000000017,1.7167999999999997,81.49,2,5,4
CHEMBL3697938,429.4680000000001,1.1964000000000001,84.46,1,7,3
CHEMBL3697939,493.45800000000014,1.5163999999999995,101.53,1,7,3
CHEMBL3697940,441.5040000000002,0.41979999999999934,104.69,2,8,5
CHEMBL3697941,451.54300000000023,1.8374999999999995,84.46,1,7,5
CHEMBL3697942,457.5220000000002,1.7855000000000008,84.46,1,7,5
CHEMBL3697943,452.5000000000001,2.4874,64.42,2,5,5
CHEMBL3697944,427.5030000000001,2.1225999999999985,79.0,2,6,5
CHEMBL3697945,411.46000000000004,2.1365999999999996,86.96,2,6,4
CHEMBL3697946,489.5520000000002,1.4176999999999988,110.24,1,9,5
CHEMBL3697947,399.449,2.069699999999999,89.85999999999999,3,5,4
CHEMBL3697948,475.54300000000023,0.3871000000000012,118.6,1,8,4
CHEMBL3697949,477.54100000000017,1.3507999999999987,113.13999999999999,2,8,5
CHEMBL3697950,539.6120000000001,2.5709,110.24,1,9,5
CHEMBL494497,244.05599999999998,-1.818499999999998,124.09000000000002,4,5,5
CHEMBL3644457,428.49900000000014,3.938200000000003,47.08,1,5,4
CHEMBL3644458,414.50300000000016,1.8586999999999998,81.22,1,7,3
CHEMBL3644459,379.43600000000015,1.6764999999999999,101.03,3,5,3
CHEMBL3644460,361.4210000000001,2.449280000000001,81.73,2,5,2
CHEMBL3644461,404.408,3.5964000000000027,57.94,2,4,2
CHEMBL3639433,416.41900000000004,3.663300000000002,55.04,1,5,2
CHEMBL3644462,412.50900000000007,4.244600000000004,57.94,2,4,3
CHEMBL3644463,411.45300000000015,1.6754000000000002,90.17,2,6,4
CHEMBL3644464,350.4380000000001,2.8860200000000003,57.94,2,4,2
CHEMBL3644465,351.4220000000001,3.150920000000001,55.290000000000006,1,5,2
CHEMBL3650433,380.427,1.6731799999999997,92.87,1,7,3
CHEMBL3650434,363.42500000000007,0.9290799999999996,105.75999999999999,1,8,3
CHEMBL3650435,373.407,1.9405999999999997,69.08,1,6,3
CHEMBL3650436,355.417,1.8014999999999994,69.08,1,6,3
CHEMBL3650437,405.4370000000001,1.5448599999999995,116.66,1,8,3
CHEMBL3650438,522.5880000000002,3.4361000000000024,118.64999999999999,1,9,5
CHEMBL3650439,414.8720000000001,2.32658,92.87,1,7,3
CHEMBL3650440,362.437,1.5340799999999994,92.87,1,7,3
CHEMBL3654418,412.4620000000001,1.5321999999999996,90.45,1,7,3
CHEMBL3654419,412.44400000000013,2.5037000000000003,82.09,1,7,3
CHEMBL3654420,410.46800000000013,3.713700000000002,56.31,1,5,3
CHEMBL3654421,359.3800000000001,2.1227799999999997,90.96,2,5,2
CHEMBL3654422,377.3950000000001,1.3499999999999996,110.26,3,5,3
CHEMBL3654423,438.50000000000017,2.0647999999999995,90.45,1,7,4
CHEMBL3654424,466.5540000000002,2.763320000000001,90.45,1,7,4
CHEMBL3654425,470.5170000000002,2.594000000000001,90.45,1,7,4
CHEMBL3654426,386.446,3.195400000000001,64.27,1,5,3
CHEMBL3654427,428.53000000000014,2.2488,81.22,1,7,3
CHEMBL3686733,202.08800000000002,-0.8626000000000003,69.72,3,4,2
CHEMBL3686734,204.10400000000004,-0.7128,78.51,4,4,4
CHEMBL3639856,159.982,-2.1496999999999984,95.58000000000001,4,4,3
CHEMBL3686735,176.04999999999998,-1.3488999999999998,78.51,4,4,3
CHEMBL3686736,230.142,-0.2264999999999998,69.72,3,4,3
CHEMBL3686737,254.13899999999995,-0.10300000000000042,86.79,3,4,3
CHEMBL3686738,188.061,-1.2511000000000003,69.72,3,4,2
CHEMBL3686739,322.214,-0.3373000000000005,93.03,4,5,4
CHEMBL3686740,338.2820000000002,0.4634999999999992,75.96000000000001,4,5,4
CHEMBL3686741,262.118,-0.2208,72.80000000000001,3,4,5
CHEMBL3686742,278.18600000000004,0.5799999999999994,55.730000000000004,3,4,5
CHEMBL3686743,246.09699999999998,-1.4077999999999997,107.02000000000001,4,5,4
CHEMBL3686744,260.12399999999997,-1.0177,107.02000000000001,4,5,5
CHEMBL3686745,214.07399999999998,-0.8831999999999991,86.79,3,4,4
CHEMBL3686746,230.142,-0.08239999999999986,69.72,3,4,4
CHEMBL3686747,301.155,0.04070000000000007,102.58000000000001,4,4,4
CHEMBL3686748,317.223,0.8415000000000001,85.51,4,4,4
CHEMBL3686749,271.13,-2.420029999999997,148.69,6,5,6
CHEMBL3686750,287.198,-1.619229999999998,131.62,6,5,6
CHEMBL3686751,228.126,-0.4577999999999995,55.730000000000004,3,4,2
CHEMBL3686752,230.02899999999997,-2.2085999999999983,124.09000000000002,4,5,4
CHEMBL17041,184.28299999999993,0.9821999999999999,46.330000000000005,1,2,3
CHEMBL16709,170.25599999999994,0.5920999999999998,46.330000000000005,1,2,2
CHEMBL3654428,406.4770000000001,2.495400000000001,76.53999999999999,2,6,4
CHEMBL3654429,479.45300000000026,4.127500000000004,69.2,1,6,3
CHEMBL3654430,452.5270000000002,2.4549000000000003,90.45,1,7,4
CHEMBL3687981,550.5950000000004,2.51208,138.38,1,10,5
CHEMBL3704834,278.3520000000001,0.6382999999999988,61.800000000000004,2,4,7
CHEMBL3704835,320.43300000000016,1.6628999999999998,61.8,2,4,8
CHEMBL3704836,334.4600000000002,2.053,61.8,2,4,9
CHEMBL3889902,493.56800000000027,1.2416000000000005,137.25,2,10,7
CHEMBL3893759,523.5940000000003,0.4080000000000022,146.48000000000002,2,11,9
CHEMBL3896302,408.4740000000001,1.8040999999999991,81.22,1,6,3
CHEMBL3897624,507.59500000000037,1.032900000000001,137.25,2,10,7
CHEMBL3898310,471.5650000000002,1.7524199999999999,103.97000000000003,1,9,4
CHEMBL3903110,458.5260000000002,0.8390000000000004,116.86000000000001,1,10,4
CHEMBL3903674,519.6060000000002,1.3249000000000009,137.25,2,10,7
CHEMBL3903787,471.5650000000002,1.7524199999999999,103.97000000000003,1,9,4
CHEMBL3904065,473.58100000000024,2.3869000000000007,103.97000000000003,1,9,5
CHEMBL3912125,457.5790000000004,0.802900000000002,111.39000000000001,1,9,5
CHEMBL3912809,486.57600000000025,2.0576,100.31000000000003,1,9,5
CHEMBL3913618,417.4730000000001,0.3773800000000014,114.87,1,9,4
CHEMBL3913689,455.5220000000001,1.7333799999999997,114.87,1,9,4
CHEMBL3922613,464.5700000000002,2.2343,108.15,1,9,6
CHEMBL3926493,521.6220000000003,1.8777000000000001,137.25,2,10,8
CHEMBL3926627,408.4740000000001,1.8040999999999991,81.22,1,6,3
CHEMBL3931183,334.37000000000006,2.2511,67.17,2,4,2
CHEMBL3934913,474.56900000000024,1.7818999999999998,116.86000000000001,1,10,5
CHEMBL3935335,470.5170000000002,2.5940000000000003,90.45,1,7,4
CHEMBL3940772,412.4620000000001,1.5322,90.45,1,7,3
CHEMBL3942798,473.58100000000024,2.3869,103.97000000000003,1,9,5
CHEMBL3945052,437.50400000000013,0.3905800000000026,124.1,1,10,6
CHEMBL3950914,521.6220000000003,1.8777000000000001,137.25,2,10,8
CHEMBL3955534,535.6050000000002,0.24530000000000274,146.48000000000002,2,11,9
CHEMBL3957746,563.6590000000003,1.1457000000000017,137.69,1,11,7
CHEMBL3958450,436.5160000000002,1.2832,108.15,1,9,6
CHEMBL3965610,494.5520000000003,1.3715000000000006,145.45000000000002,2,10,7
CHEMBL3965981,523.5940000000003,0.4080000000000022,146.48000000000002,2,11,9
CHEMBL3966199,471.5650000000002,1.7524199999999999,103.97000000000003,1,9,4
CHEMBL3970322,547.5840000000001,2.7437999999999994,128.78,2,9,6
CHEMBL3974068,510.5950000000004,1.6905000000000003,126.61,1,11,8
CHEMBL3974699,492.53600000000034,0.5016000000000023,126.61000000000001,1,11,5
CHEMBL3979864,478.5090000000003,0.45910000000000184,126.61000000000001,1,11,5
CHEMBL3985360,457.5380000000002,1.4440000000000002,103.97000000000003,1,9,4
CHEMBL3986074,486.57600000000025,2.0576,100.31000000000003,1,9,5
CHEMBL3986470,487.56400000000025,0.747700000000002,113.08000000000001,1,10,4
CHEMBL3987141,521.6220000000003,1.8777000000000001,137.25,2,10,8
CHEMBL4106669,551.6410000000003,2.8926200000000017,119.88,1,8,5
CHEMBL4109453,498.01200000000017,2.158900000000001,103.97000000000003,1,10,4
CHEMBL4111229,463.5670000000002,1.5054999999999996,103.97000000000003,1,10,4
CHEMBL4113723,481.5570000000002,1.6445999999999998,103.97000000000003,1,10,4
CHEMBL1852708,349.43400000000014,2.8821000000000003,91.10999999999999,2,4,5
CHEMBL3911930,497.6030000000003,2.550320000000001,103.97000000000003,1,9,5
CHEMBL3917354,507.5450000000002,2.3816000000000006,103.97000000000003,1,9,5
CHEMBL3931178,525.5350000000002,2.4628000000000005,103.97000000000003,1,9,4
CHEMBL3938646,472.5530000000002,1.1474200000000006,116.86000000000001,1,10,4
CHEMBL3938789,544.0590000000002,3.4308200000000024,103.97000000000001,1,9,5
CHEMBL3939916,464.52600000000024,0.739000000000001,117.38000000000002,1,10,6
CHEMBL3948679,510.59800000000024,2.397400000000001,108.15,1,9,6
CHEMBL3953094,534.6240000000001,2.5060000000000002,116.86000000000001,1,10,5
CHEMBL3957200,474.5400000000002,2.1881000000000004,91.08000000000001,1,8,4
CHEMBL3958670,522.4780000000002,2.2564,91.08000000000001,1,8,5
CHEMBL3962719,588.5100000000001,3.539920000000002,103.97000000000001,1,9,5
CHEMBL3981831,481.56000000000023,1.9206799999999997,114.87,1,9,4
CHEMBL4059789,525.5170000000004,5.914040000000007,102.51,2,5,8
CHEMBL4059815,505.4860000000003,6.281240000000007,85.44,2,4,9
CHEMBL4063983,443.9010000000001,2.7215200000000013,77.04,1,5,4
CHEMBL4064424,397.4780000000001,3.815400000000002,91.22999999999999,2,4,7
CHEMBL4066703,461.41000000000014,3.0101000000000013,77.04000000000002,1,5,4
CHEMBL4067185,578.5880000000003,1.5982000000000023,162.06,5,6,13
CHEMBL4068446,504.4830000000001,6.532720000000006,89.10000000000001,2,5,6
CHEMBL4068477,453.43900000000025,4.780220000000005,94.89,2,5,6
CHEMBL4071166,471.42500000000024,4.887840000000005,102.51,2,5,9
CHEMBL4071958,479.44800000000026,5.9546200000000065,85.44000000000001,2,4,9
CHEMBL4072218,369.3060000000001,5.321500000000005,38.91,1,2,4
CHEMBL4072939,377.4880000000001,3.957300000000002,91.23,2,4,9
CHEMBL4075351,465.4210000000002,5.564520000000006,85.44000000000001,2,4,8
CHEMBL4077696,461.41000000000014,3.0101000000000013,77.04000000000002,1,5,4
CHEMBL4078049,507.50200000000035,6.734820000000007,85.44000000000001,2,4,11
CHEMBL4078112,606.6420000000003,2.378400000000002,162.06,5,6,15
CHEMBL4079304,385.30500000000006,4.545700000000004,48.019999999999996,1,3,4
CHEMBL4081713,519.4690000000003,5.921440000000007,102.51,2,5,8
CHEMBL4081741,419.5690000000003,4.901820000000004,91.22999999999999,2,4,10
CHEMBL4082445,451.3940000000002,5.174420000000006,85.44000000000001,2,4,7
CHEMBL4082680,519.4690000000003,5.921440000000007,102.51,2,5,8
CHEMBL4083433,363.46100000000007,3.5672000000000015,91.23,2,4,8
CHEMBL4085490,487.4270000000002,6.669220000000006,89.35,2,4,6
CHEMBL4085958,377.4880000000001,3.813200000000001,91.23,2,4,6
CHEMBL4086264,592.6150000000002,1.988300000000002,162.06,5,6,14
CHEMBL4087191,386.29300000000006,3.9407000000000023,60.910000000000004,1,4,4
CHEMBL4089584,393.4870000000002,2.9557200000000003,100.34,2,5,7
CHEMBL4089615,495.52000000000027,5.206840000000006,94.89,2,5,8
CHEMBL4090635,620.6690000000003,2.768500000000002,162.06,5,6,16
CHEMBL4092983,333.43500000000006,3.6579000000000015,82.0,2,3,5
CHEMBL4096274,452.4510000000001,5.883920000000005,68.87,1,5,6
CHEMBL4097306,494.4880000000002,6.1913400000000065,89.1,2,5,7
CHEMBL4098218,496.5040000000003,5.806140000000006,89.1,2,5,8
CHEMBL4098936,493.4750000000003,6.344720000000007,85.44000000000001,2,4,10
CHEMBL4100667,519.4690000000003,5.921440000000007,102.51,2,5,8
CHEMBL4101425,349.434,3.177100000000001,91.23,2,4,7
CHEMBL4105034,423.3440000000001,3.120700000000001,104.0,2,5,5
CHEMBL288114,170.11999999999998,0.5015999999999998,97.99000000000001,4,4,1
CHEMBL297453,458.37500000000017,2.233199999999999,197.36999999999998,8,11,3
CHEMBL91777,303.3620000000001,1.2631,108.21,4,3,6
CHEMBL257839,449.3880000000001,0.38199999999999973,191.59999999999997,8,10,4
CHEMBL592005,366.75300000000004,0.22450000000000037,110.68000000000002,4,6,3
CHEMBL2165586,596.5380000000005,-1.4596000000000007,245.28999999999996,9,15,6
CHEMBL4062977,506.96000000000015,3.475100000000002,89.93,1,6,5
CHEMBL4071607,527.0160000000003,3.845020000000003,89.93,1,7,5
CHEMBL4077174,519.9990000000003,4.003900000000003,77.04000000000002,1,5,6
CHEMBL4085550,471.9550000000001,3.5365000000000024,77.04,1,5,5
CHEMBL4090906,507.94800000000015,2.8701000000000008,102.82000000000002,1,7,5
CHEMBL4093298,551.0130000000003,3.8738000000000024,99.16000000000001,1,7,7
CHEMBL4098632,471.9550000000001,3.5365000000000024,77.04,1,5,5
CHEMBL4128052,493.53900000000027,2.06208,115.50999999999998,1,9,7
CHEMBL4128601,469.4670000000002,2.32308,97.05000000000001,1,7,5
CHEMBL4129968,461.5410000000002,2.6617200000000008,97.05000000000001,1,7,5
CHEMBL4161474,524.1920000000001,3.23618,103.72999999999999,2,6,3
CHEMBL4161924,520.5900000000004,2.7816800000000006,137.87,2,8,5
CHEMBL4162340,366.4000000000001,1.7111799999999995,103.72999999999999,2,6,3
CHEMBL4162532,444.4920000000002,0.9922799999999999,127.00999999999999,1,9,4
CHEMBL4162971,538.5800000000004,2.9207800000000006,137.87,2,8,5
CHEMBL4164470,460.48800000000017,3.5172800000000004,103.72999999999999,2,6,4
CHEMBL4164893,402.3800000000001,1.9893799999999993,103.72999999999999,2,6,3
CHEMBL4165359,548.6440000000003,3.5602800000000014,137.87,2,8,6
CHEMBL4165967,448.52700000000016,3.43968,103.72999999999999,2,7,4
CHEMBL4169403,445.2960000000001,2.47368,103.72999999999999,2,6,3
CHEMBL4169618,366.4000000000001,1.7111799999999995,103.72999999999999,2,6,3
CHEMBL4169845,520.5900000000004,2.7816800000000006,137.87,2,8,5
CHEMBL4172793,384.3900000000001,1.8502799999999995,103.72999999999999,2,6,3
CHEMBL4173215,499.52500000000026,3.243660000000001,116.66,1,8,5
CHEMBL4173272,521.5780000000002,2.0255799999999997,163.89,3,8,5
CHEMBL4173673,538.5800000000004,2.9207800000000006,137.87,2,8,5
CHEMBL4174924,381.4150000000001,1.11658,105.75999999999999,1,8,3
CHEMBL4175111,520.5900000000004,2.7816800000000006,137.87,2,8,5
CHEMBL4176189,214.07399999999998,-1.0272999999999988,86.79,3,4,3
CHEMBL4176578,448.52700000000016,3.43968,103.72999999999999,2,7,4
CHEMBL4177478,384.4400000000001,1.8395799999999995,100.83000000000001,1,8,3
CHEMBL4203639,323.40000000000003,1.4717999999999996,68.56,1,6,3
CHEMBL4204176,334.383,0.8255799999999998,78.36,1,7,3
CHEMBL4205100,367.4090000000001,1.17,105.86,2,7,4
CHEMBL4205581,366.8560000000002,2.7726800000000003,83.24000000000001,1,6,3
CHEMBL4207996,337.427,1.7802199999999997,68.56,1,6,3
CHEMBL4208513,309.37300000000005,0.9538999999999997,54.57000000000001,1,6,3
CHEMBL4210635,341.39000000000004,1.6108999999999998,68.56,1,6,3
CHEMBL4212367,368.3970000000001,1.38,111.70000000000002,1,8,4
CHEMBL4212894,323.40000000000003,1.2623199999999999,54.56999999999999,1,6,3
CHEMBL4213950,354.3700000000001,0.8620999999999999,97.71,1,8,4
CHEMBL4215849,348.41,1.3434799999999996,92.35000000000001,1,7,3
CHEMBL4216792,395.4630000000001,1.6485,94.86,1,8,5
CHEMBL4217326,354.37000000000006,0.8620999999999999,97.71,1,8,4
CHEMBL44,270.24,2.576800000000001,90.9,3,5,1
CHEMBL399121,302.28200000000004,2.518500000000001,96.22000000000001,3,6,2
CHEMBL511367,322.70000000000005,-0.08709999999999923,112.45,5,5,1
CHEMBL1976036,318.38000000000017,3.2056000000000013,70.14,2,3,3
CHEMBL4238169,303.40600000000006,1.4843799999999998,73.2,1,4,3
CHEMBL4238607,305.422,1.27618,76.36,2,4,3
CHEMBL4238698,594.4380000000001,6.5030200000000065,96.02,1,8,6
CHEMBL4239107,580.4110000000002,6.194600000000003,96.02,1,8,6
CHEMBL4240687,379.3860000000001,2.16322,63.050000000000004,1,5,3
CHEMBL4241199,329.3070000000001,-0.1647000000000003,89.35000000000001,1,7,3
CHEMBL4241283,216.34999999999994,0.9352000000000001,46.330000000000005,1,3,1
CHEMBL4241366,216.34999999999994,0.9352000000000001,46.330000000000005,1,3,3
CHEMBL4242321,289.423,2.3053799999999995,56.13,1,3,3
CHEMBL4242883,565.44,6.295000000000004,62.11,1,7,6
CHEMBL4245414,358.8730000000003,2.632600000000001,39.68000000000001,0,4,3
CHEMBL4246222,369.2730000000001,3.6427000000000014,65.09,2,4,4
CHEMBL4246674,447.54300000000023,1.7103799999999996,114.87,1,9,5
CHEMBL4246951,318.134,2.6166,68.24,1,6,1
CHEMBL4247286,334.3790000000002,2.911200000000001,90.37,3,4,3
CHEMBL4247480,405.4830000000002,3.669740000000002,92.4,2,8,5
CHEMBL4247814,289.423,2.3053799999999995,56.13,1,3,3
CHEMBL4249193,454.5150000000001,5.590000000000003,96.02,1,8,6
CHEMBL4249750,347.36900000000014,1.7156999999999996,63.050000000000004,1,5,3
CHEMBL4250492,347.34400000000005,2.7175000000000002,69.62,1,5,6
CHEMBL4250558,435.9330000000001,2.4956000000000005,95.58000000000001,2,4,6
CHEMBL4250956,216.34999999999994,0.9352000000000001,46.330000000000005,1,3,3
CHEMBL4434648,510.35100000000017,1.3822999999999992,132.48999999999998,1,8,8
CHEMBL4437841,538.4050000000002,2.1624999999999996,132.48999999999998,1,8,10
CHEMBL4441220,468.4890000000002,0.733100000000001,128.38000000000002,2,9,5
CHEMBL4446618,414.4370000000001,0.8463999999999996,110.56,2,7,5
CHEMBL4448186,484.9440000000002,1.2474000000000005,128.38000000000002,2,9,5
CHEMBL4452518,450.4990000000002,0.5940000000000012,128.38000000000002,2,9,5
CHEMBL4458307,493.40800000000013,1.9465,100.35,2,6,8
CHEMBL4458832,480.52500000000026,0.6026000000000016,137.61000000000004,2,10,6
CHEMBL4458949,484.9440000000002,1.2474000000000005,128.38000000000002,2,9,5
CHEMBL4461587,529.3950000000001,1.3565,128.38000000000002,2,9,5
CHEMBL4464592,507.4350000000002,2.3366,100.35,2,6,9
CHEMBL4465482,484.9440000000002,1.2474000000000005,128.38000000000002,2,9,5
CHEMBL4516388,521.4620000000002,2.726700000000001,100.35,2,6,10
CHEMBL4524414,566.4590000000003,2.942700000000001,132.48999999999998,1,8,12
CHEMBL4525051,257.231,-0.5366000000000006,122.66,2,9,4
CHEMBL4528994,468.4890000000002,0.733100000000001,128.38000000000002,2,9,5
CHEMBL4535549,721.9410000000001,1.1353000000000084,220.34,6,8,19
CHEMBL4535561,255.259,0.8794999999999997,102.43,1,8,3
CHEMBL4536341,529.3950000000001,1.3565000000000005,128.38000000000002,2,9,5
CHEMBL4537702,465.3540000000001,1.1662999999999994,100.35,2,6,6
CHEMBL4544024,529.3950000000001,1.3565000000000005,128.38000000000002,2,9,5
CHEMBL4554062,269.286,1.1270999999999998,102.43,1,8,4
CHEMBL4571225,351.77500000000003,2.3671999999999995,102.42999999999999,1,8,5
CHEMBL4577865,552.4320000000002,2.552600000000001,132.48999999999998,1,8,11
CHEMBL4435383,464.52600000000024,0.6824000000000006,117.38000000000002,1,10,5
CHEMBL4436620,410.47400000000016,0.7957000000000001,99.56,1,8,5
CHEMBL4438210,414.4370000000001,0.8463999999999996,110.56,2,7,5
CHEMBL4443070,470.5410000000003,1.4178000000000008,132.56,1,10,4
CHEMBL4445783,489.3700000000002,1.5582000000000003,99.56,1,8,5
CHEMBL4453917,428.46400000000017,0.9347999999999999,99.56,1,8,5
CHEMBL4454091,366.4250000000002,2.3782200000000007,75.86,0,7,3
CHEMBL4456228,326.35999999999996,-0.12919999999999904,98.81,3,6,3
CHEMBL4458152,498.97100000000023,1.3358000000000008,117.38000000000002,1,10,5
CHEMBL4460852,460.58500000000015,5.011320000000005,49.56,0,6,5
CHEMBL4464069,475.50900000000024,0.4656800000000009,152.17,2,10,5
CHEMBL4464819,513.6060000000003,1.8733200000000003,125.83999999999999,1,10,6
CHEMBL4465057,461.5700000000003,1.9626999999999997,94.44,1,9,5
CHEMBL4465374,543.4220000000001,1.4449000000000003,117.38000000000002,1,10,5
CHEMBL4465448,498.97100000000023,1.3357999999999999,117.38000000000002,1,10,5
CHEMBL4468423,410.47400000000016,0.6362000000000005,110.56,2,7,6
CHEMBL4468590,512.9980000000003,1.7259,117.38000000000002,1,10,6
CHEMBL4516443,442.5270000000002,1.5375799999999993,106.78,1,8,4
CHEMBL4516959,421.45700000000016,0.5789800000000005,134.35,2,8,5
CHEMBL4527363,475.34300000000013,1.4698,110.56,2,7,5
CHEMBL4528149,557.4490000000002,1.835,117.38000000000002,1,10,6
CHEMBL4529301,398.47000000000014,3.062120000000001,66.63000000000001,0,6,3
CHEMBL4530011,424.5010000000002,0.7246000000000008,99.56,1,8,6
CHEMBL4537708,481.60400000000027,3.1073000000000013,85.21,1,8,4
CHEMBL4538597,396.4470000000001,0.7072999999999998,110.56,2,7,5
CHEMBL4547171,402.4770000000001,3.561020000000002,49.56,0,6,4
CHEMBL4557196,497.6070000000003,2.2057199999999995,110.99,1,10,4
CHEMBL4558007,475.34300000000013,1.4698,110.56,2,7,5
CHEMBL4562685,430.89200000000017,1.3607,110.56,2,7,5
CHEMBL4563476,545.6480000000003,3.1431200000000015,108.77,1,10,5
CHEMBL4567320,498.97100000000023,1.3357999999999999,117.38000000000002,1,10,5
CHEMBL4568895,442.5270000000002,1.5375799999999993,106.78,1,8,4
CHEMBL4581959,426.4730000000002,0.7159000000000011,119.79000000000002,2,8,6
CHEMBL4588692,480.52500000000026,0.6026000000000016,137.61000000000004,2,10,6
CHEMBL4590999,482.51600000000025,0.8215000000000003,117.38000000000002,1,10,5
CHEMBL4591675,459.55400000000026,1.6368000000000003,102.28,1,9,5
CHEMBL4634272,474.4300000000001,2.979000000000002,82.61,1,7,4
CHEMBL4634474,520.5240000000001,3.3858000000000024,90.45,1,7,4
CHEMBL4635433,386.31100000000004,3.394000000000002,38.489999999999995,1,3,2
CHEMBL4636081,428.4970000000002,-1.3111999999999964,124.28,1,10,6
CHEMBL4636223,492.4700000000001,2.605600000000001,90.45,1,7,4
CHEMBL4640183,388.34000000000003,2.791900000000001,67.17,2,4,2
CHEMBL4640418,416.42500000000007,1.0900999999999998,90.45,1,7,3
CHEMBL4641140,301.41100000000006,3.6746200000000027,46.17,1,2,3
CHEMBL4641763,484.4220000000001,2.2120999999999995,90.45,1,7,3
CHEMBL4642801,492.4520000000002,4.543000000000003,92.94999999999999,2,6,5
CHEMBL4644314,445.3920000000001,1.9011999999999998,99.39999999999999,2,6,3
CHEMBL4646510,466.4320000000001,2.0729999999999995,90.45,1,7,3
CHEMBL4647761,432.5280000000002,1.569139999999999,99.03999999999999,1,8,4
CHEMBL4649110,480.4590000000001,2.4631000000000007,90.45,1,7,4
CHEMBL4632896,561.7220000000003,9.56372,68.39000000000001,1,4,8
CHEMBL4638352,421.9690000000003,2.8223800000000008,84.64,1,4,7
CHEMBL4638480,582.4270000000001,5.3068000000000035,95.16,2,8,6
CHEMBL4647956,386.8870000000001,2.0861799999999997,100.83000000000001,1,6,5
CHEMBL4649180,488.59600000000023,1.7059200000000019,111.26,1,8,3
CHEMBL4740282,601.7810000000001,2.183300000000001,110.45000000000002,1,12,8
CHEMBL4742337,585.7170000000001,0.8449000000000031,139.13,2,12,8
CHEMBL4743350,600.793,3.240700000000002,107.21000000000001,1,11,8
CHEMBL4743490,322.4160000000001,2.2689000000000004,71.48,2,6,4
CHEMBL4743516,323.404,2.10382,84.37,2,7,3
CHEMBL4744389,583.7410000000001,2.5073000000000016,123.0,2,10,8
CHEMBL4745231,383.37700000000007,3.3453000000000026,69.62,1,5,5
CHEMBL4745258,548.6960000000004,0.412200000000003,123.34,1,12,8
CHEMBL4745889,353.38600000000014,2.3086,114.61999999999999,2,8,4
CHEMBL4746458,503.53100000000023,1.8573,119.55000000000001,2,8,5
CHEMBL4747721,284.285,1.9639199999999999,56.730000000000004,1,4,5
CHEMBL4749117,538.6320000000003,-0.011099999999996557,123.34,1,12,7
CHEMBL4750352,347.34400000000005,2.7175000000000002,69.62,1,5,6
CHEMBL4750433,584.7250000000001,2.7722000000000007,120.35000000000002,1,11,8
CHEMBL4751384,588.639,0.8686000000000023,123.34,1,12,7
CHEMBL4751895,342.8340000000001,3.0538000000000016,71.48,2,6,3
CHEMBL4753503,377.2790000000001,3.707200000000002,71.48,2,6,3
CHEMBL4754343,405.3330000000001,3.6182000000000016,71.48,2,6,5
CHEMBL4760965,344.3690000000001,2.678600000000001,71.48,2,6,3
CHEMBL4761281,585.7130000000001,2.1672000000000002,133.24,1,12,8
CHEMBL4762199,584.7290000000002,1.8332000000000015,125.03,1,12,8
CHEMBL4763110,333.317,2.1921,69.62,1,5,5
CHEMBL4763718,338.4150000000001,1.9745,91.71,3,7,4
CHEMBL4764779,550.6680000000003,-0.14159999999999595,132.57000000000002,1,13,8
CHEMBL4764894,323.404,1.7731199999999996,83.50999999999999,3,7,3
CHEMBL4776485,562.7230000000004,0.8023000000000027,123.34,1,12,9
CHEMBL4776573,537.6140000000001,2.584200000000001,119.88,1,8,5
CHEMBL4779718,298.3540000000001,1.1234999999999993,100.16,3,7,3
CHEMBL4782382,586.7010000000001,1.1098000000000026,136.48000000000002,1,13,8
CHEMBL4783756,584.7250000000001,2.7722000000000016,120.35000000000002,1,11,8
CHEMBL4784857,586.7010000000001,1.1098000000000026,136.48000000000002,1,13,8
CHEMBL4785060,534.6690000000003,0.15822000000000314,123.34,1,12,7
CHEMBL4786137,327.3670000000001,1.9344999999999999,84.37,2,7,3
CHEMBL4787437,336.443,3.017240000000001,71.47999999999999,2,6,3
CHEMBL4789426,326.366,2.953000000000001,56.730000000000004,1,4,5
CHEMBL4790735,347.34400000000005,2.7175000000000002,69.62,1,5,6
CHEMBL4790799,333.317,2.1921,69.62,1,5,5
CHEMBL4791597,391.30600000000015,3.575700000000002,71.48,2,6,4
CHEMBL4792546,270.258,1.6554999999999995,56.730000000000004,1,4,5
CHEMBL4794801,343.8220000000001,2.4488000000000003,84.37,2,7,3
CHEMBL4795875,602.769,1.5783000000000018,123.34,1,13,8
CHEMBL4796411,585.7170000000001,1.0929000000000026,137.92000000000002,1,13,8
CHEMBL4798053,337.431,2.2910199999999996,97.49999999999999,3,7,3
CHEMBL4798357,383.37700000000007,3.3453000000000026,69.62,1,5,5
CHEMBL4799779,598.7560000000001,1.5539200000000024,115.38,1,12,8
CHEMBL2425883,352.43800000000005,1.0090999999999992,73.25999999999999,1,6,4
CHEMBL4747683,474.5690000000002,0.8313000000000024,115.80000000000001,1,10,4
CHEMBL4748662,452.5080000000001,1.96088,109.15,1,6,6
CHEMBL4748680,447.49200000000013,2.796660000000001,109.88,1,7,6
CHEMBL4749086,339.35900000000004,1.7906999999999995,100.63,2,8,4
CHEMBL4751873,469.31100000000015,2.9859800000000014,86.09,1,5,5
CHEMBL4752835,322.416,2.49934,57.489999999999995,2,6,3
CHEMBL4754461,309.37699999999995,1.5859199999999998,70.38,2,7,3
CHEMBL4755802,469.31100000000015,2.9859800000000014,86.09,1,5,5
CHEMBL4761499,457.4660000000002,1.8041800000000001,116.8,1,8,6
CHEMBL4764120,391.30600000000004,3.1003000000000007,57.489999999999995,2,6,5
CHEMBL4765147,363.25199999999995,3.189300000000001,57.489999999999995,2,6,3
CHEMBL4776878,308.38899999999995,1.9067999999999996,48.7,1,6,3
CHEMBL4779526,404.44200000000006,2.531900000000001,86.09,1,5,5
CHEMBL4781018,443.4790000000001,2.679660000000001,109.88,1,6,7
CHEMBL4782865,328.80699999999996,2.5359,57.489999999999995,2,6,3
CHEMBL4784434,344.36899999999997,2.0292,57.489999999999995,2,6,4
CHEMBL4789965,479.4900000000001,1.47826,144.01999999999998,1,8,6
CHEMBL4797479,468.5070000000001,1.6269799999999996,120.22999999999999,1,7,6
CHEMBL4798418,330.342,2.1606999999999994,57.489999999999995,2,6,3
CHEMBL4845890,444.9190000000002,1.4490999999999998,99.56,1,8,5
CHEMBL4846335,428.46400000000017,0.9347999999999999,99.56,1,8,5
CHEMBL4851477,489.3700000000002,1.5581999999999998,99.56,1,8,5
CHEMBL4852700,489.3700000000002,1.5581999999999998,99.56,1,8,5
CHEMBL4853464,415.4970000000001,1.9057799999999998,97.05000000000001,1,7,5
CHEMBL4856255,489.3700000000002,1.5581999999999998,99.56,1,8,5
CHEMBL4856337,475.34300000000013,1.4698,110.56,2,7,5
CHEMBL4856604,473.53300000000024,1.6923799999999998,123.35,1,9,6
CHEMBL4857729,414.4370000000001,0.8463999999999996,110.56,2,7,5
CHEMBL4858093,481.5530000000002,0.30040000000000244,128.66,2,9,7
CHEMBL4858682,467.5260000000002,0.21200000000000213,139.66,3,8,7
CHEMBL4859630,493.5640000000003,0.6983000000000021,130.87,2,8,6
CHEMBL4860737,475.34300000000013,1.4698,110.56,2,7,5
CHEMBL4862579,410.47400000000016,0.795700000000001,99.56,1,8,5
CHEMBL4863102,414.4370000000001,0.8464000000000005,110.56,2,7,5
CHEMBL4863369,489.3700000000002,1.5581999999999998,99.56,1,8,5
CHEMBL4864734,473.5330000000002,1.6923799999999993,123.35,1,9,6
CHEMBL4865204,430.89200000000017,1.3606999999999998,110.56,2,7,5
CHEMBL4867117,507.59100000000035,0.7867000000000024,119.87,1,9,6
CHEMBL4869930,453.4990000000002,-0.17649999999999794,139.66,3,8,7
CHEMBL4871141,428.46400000000017,0.9347999999999999,99.56,1,8,5
CHEMBL4871197,493.5640000000003,0.6983000000000021,130.87,2,8,6
CHEMBL4873862,475.34300000000013,1.4698,110.56,2,7,5
CHEMBL4874467,467.52600000000024,-0.08809999999999762,128.66,2,9,7
CHEMBL4876894,428.46400000000017,0.9347999999999999,99.56,1,8,5
CHEMBL5176469,456.99200000000013,3.314500000000002,85.89000000000001,2,6,10
CHEMBL5191973,390.42100000000016,2.6218000000000012,136.61,1,6,7
CHEMBL5194237,414.9110000000001,2.2883,85.89000000000001,2,6,8
CHEMBL5198237,450.4730000000002,2.6390000000000002,155.07,1,8,9
CHEMBL5206696,420.4470000000002,2.6304000000000007,145.84,1,7,8
CHEMBL1186023,517.5730000000002,3.0201000000000002,121.96,3,5,11
CHEMBL1929396,383.45600000000013,0.6503000000000008,115.42,2,7,6
CHEMBL3185489,407.31800000000015,2.0164999999999997,77.04,1,5,4
CHEMBL5177166,364.4230000000001,1.2702000000000009,113.87,2,6,6
CHEMBL5193531,394.4490000000002,1.2788000000000004,123.10000000000001,2,7,7
CHEMBL5205289,424.4750000000002,1.2873999999999999,132.33,2,8,8
CHEMBL5218500,283.372,0.510500000000001,98.64999999999999,2,5,7
CHEMBL5219299,198.22199999999995,-0.3771999999999997,72.63,1,4,3
CHEMBL5219451,274.32,1.1501999999999997,72.63000000000001,1,4,4
CHEMBL5219532,565.7520000000003,5.759100000000005,123.27000000000002,2,7,12
CHEMBL5219735,270.2849999999999,-0.4438999999999988,98.92999999999999,1,6,5
CHEMBL5219761,483.6060000000002,3.642500000000001,123.27000000000002,2,7,9
CHEMBL5219939,374.437,2.7162000000000006,84.94000000000001,1,5,5
CHEMBL5219966,557.6470000000004,3.4156000000000013,114.04,2,6,11
CHEMBL5219996,545.6770000000004,4.779800000000004,123.27000000000002,2,7,10
CHEMBL5220053,298.339,1.1887999999999999,84.94000000000001,1,5,4
CHEMBL5220348,365.5180000000002,2.6270999999999995,98.64999999999999,2,5,10
CHEMBL5220415,370.40200000000004,1.1220999999999997,111.24,1,7,6
CHEMBL5220474,410.47000000000014,2.6881000000000004,84.94000000000001,1,5,7
CHEMBL5220594,469.57900000000024,3.2524000000000006,123.27000000000002,2,7,9
CHEMBL5220613,541.6420000000003,3.1856999999999998,149.57,2,9,11
CHEMBL5220657,269.3449999999999,0.12040000000000128,98.64999999999999,2,5,7
CHEMBL5220750,345.443,1.6478000000000013,98.64999999999999,2,5,8
CHEMBL5266321,384.2050000000001,1.68268,88.58,1,5,3
CHEMBL5267474,279.29,1.15808,70.12,1,3,3
CHEMBL5267798,534.6290000000002,2.963700000000001,124.76,4,6,11
CHEMBL5268023,406.5340000000002,3.2247800000000018,100.83000000000001,1,6,6
CHEMBL5269668,536.6000000000003,0.9970600000000036,158.83999999999997,1,10,5
CHEMBL5269848,337.345,2.1243800000000004,70.12,1,3,3
CHEMBL5270099,276.315,0.6011799999999999,96.14,2,4,3
CHEMBL5270313,457.53500000000025,0.035300000000001885,110.15,1,8,2
CHEMBL5272450,340.196,1.7814800000000002,70.12,1,3,3
CHEMBL5273757,263.149,-2.2282000000000006,164.79999999999998,3,8,2
CHEMBL5274564,295.745,1.6723800000000002,70.12,1,3,3
CHEMBL5275453,585.6470000000004,2.8988000000000005,163.35999999999999,4,12,10
CHEMBL5275487,268.31699999999995,0.6479799999999999,83.01,1,5,3
CHEMBL5278252,490.54300000000023,1.3559399999999995,116.34,1,10,4
CHEMBL5278621,506.9980000000003,1.8702399999999997,116.34,1,10,4
CHEMBL5279581,279.29,1.1580800000000002,70.12,1,3,3
CHEMBL5280469,364.6350000000001,2.9791800000000013,70.12,1,3,3
CHEMBL5280972,304.238,-0.8775000000000004,115.65,1,8,4
CHEMBL5282739,364.4530000000001,2.0544799999999994,100.83000000000001,1,6,6
CHEMBL5284943,230.119,-1.4510200000000006,129.98000000000002,1,7,1
CHEMBL5285902,267.32899999999995,1.2529800000000002,70.12,1,4,3
CHEMBL5285907,331.308,-0.5258999999999993,118.44999999999999,2,7,3
CHEMBL5285955,277.17199999999997,-1.1460000000000001,132.49,1,8,3
CHEMBL5287917,516.5890000000003,3.0532000000000012,124.76,4,5,11
CHEMBL5288458,330.19000000000005,2.325780000000001,70.12,1,3,3
CHEMBL5289102,432.5280000000002,1.569139999999999,99.03999999999999,1,8,4
CHEMBL5291433,256.251,-1.3574000000000006,152.14999999999998,4,10,3
CHEMBL430,389.38700000000017,0.966,123.04,2,8,5
CHEMBL5265910,524.5650000000003,1.9194999999999998,135.59,3,5,7
CHEMBL5266197,457.8060000000001,2.999300000000001,77.04,1,5,4
CHEMBL5266542,338.41499999999996,1.25658,100.83,1,6,5
CHEMBL5266987,450.4580000000002,1.4727800000000004,136.95999999999998,2,6,5
CHEMBL5267229,352.40399999999994,3.7032000000000025,56.730000000000004,1,4,6
CHEMBL5267534,376.382,3.331100000000001,65.96000000000001,1,5,7
CHEMBL5267753,464.4980000000002,1.3049,108.27,1,9,4
CHEMBL5268418,452.4050000000002,2.0321,90.45,1,7,3
CHEMBL5268865,401.4520000000002,-0.517299999999999,119.35,1,10,3
CHEMBL5269746,542.5550000000003,2.0585999999999993,135.59,3,5,7
CHEMBL5269884,580.6730000000003,3.3026000000000026,112.80999999999999,2,5,10
CHEMBL5270627,434.9090000000002,0.7411000000000001,106.46000000000001,1,9,3
CHEMBL5270959,402.4400000000002,-1.1222999999999983,132.24,1,11,3
CHEMBL5271401,585.6470000000004,2.8988000000000005,163.35999999999999,4,12,10
CHEMBL5272644,505.5870000000003,2.5365,109.57000000000001,2,5,7
CHEMBL5273218,412.46200000000016,1.5322,90.45,1,7,4
CHEMBL5273793,598.6630000000004,3.4417000000000026,112.80999999999999,2,5,10
CHEMBL5273881,291.39500000000004,1.2941799999999999,65.36,1,4,4
CHEMBL5274068,328.3190000000001,1.2735,77.32000000000001,0,6,3
CHEMBL5274129,428.4830000000002,2.5280000000000005,88.32000000000001,2,4,6
CHEMBL5274711,446.49200000000013,2.42192,104.15,0,9,4
CHEMBL5274894,277.36800000000005,0.6400799999999991,76.36,2,4,3
CHEMBL5274971,338.39300000000003,-1.3113999999999988,129.24,2,9,2
CHEMBL5275046,589.7090000000003,2.0691000000000015,116.05,2,6,8
CHEMBL5275162,426.48900000000015,1.9222999999999995,90.45,1,7,5
CHEMBL5275234,447.48000000000013,1.8169199999999994,117.04000000000002,0,10,4
CHEMBL5276287,418.4760000000001,2.5168800000000005,100.83000000000001,1,6,6
CHEMBL5276298,610.6740000000004,3.5858000000000017,112.80999999999999,2,5,8
CHEMBL5276657,506.5750000000003,1.7804000000000002,135.59,3,5,7
CHEMBL5276887,528.5030000000003,3.590200000000003,90.45,1,7,4
CHEMBL5276961,436.4940000000003,0.35420000000000096,119.01,1,10,6
CHEMBL5277064,426.48900000000015,1.9206999999999996,90.45,1,7,4
CHEMBL5277115,370.43000000000006,2.14102,78.14000000000001,0,6,5
CHEMBL5277490,458.52600000000024,0.7573200000000002,116.86000000000001,1,10,4
CHEMBL5277626,350.34799999999996,2.0559999999999996,74.55,1,6,6
CHEMBL5277828,562.6830000000004,3.163500000000001,112.80999999999999,2,5,10
CHEMBL5278390,422.4790000000002,4.820900000000004,51.02,0,4,4
CHEMBL5279548,365.4240000000002,1.7932799999999993,90.35000000000001,2,4,2
CHEMBL5279910,398.4350000000001,1.1421,90.45,1,7,3
CHEMBL5282009,360.38300000000004,3.6309200000000015,56.730000000000004,1,4,6
CHEMBL5282933,436.3600000000001,2.1995000000000005,89.07000000000001,2,5,5
CHEMBL5283277,460.5060000000002,2.5714000000000006,90.45,1,7,4
CHEMBL5283569,419.47800000000007,1.9812999999999998,95.58000000000001,2,4,6
CHEMBL5285297,376.382,3.331100000000001,65.96000000000001,1,5,7
CHEMBL5285764,362.38000000000017,2.8595000000000015,71.25,1,5,3
CHEMBL5288509,314.267,1.3536999999999995,94.03,2,5,6
CHEMBL5289336,412.4270000000001,2.1567999999999996,138.35,3,6,7
CHEMBL5290009,346.35600000000005,3.3225000000000016,56.730000000000004,1,4,6
CHEMBL5290055,300.284,1.1477999999999995,76.96,2,5,6
CHEMBL1235760,388.8590000000001,0.5450000000000002,77.09,1,8,3
CHEMBL4242416,429.4810000000002,-0.8362999999999974,130.27,1,11,7
CHEMBL4297435,464.3660000000002,2.4081,90.45,1,6,5
CHEMBL5265966,237.306,2.76842,43.32,1,3,2
CHEMBL5268983,423.51700000000017,0.7588000000000013,102.35999999999999,2,7,6
CHEMBL5275484,489.3700000000002,1.5581999999999998,99.56,1,8,5
CHEMBL5279474,582.6200000000003,2.805600000000001,112.80999999999999,2,5,8
CHEMBL5279728,457.9620000000002,1.3643,93.57,1,7,5
CHEMBL5283810,415.4540000000002,-0.9246999999999967,141.27,2,10,7
CHEMBL5285191,438.5270000000002,5.4073000000000055,62.550000000000004,1,4,5
CHEMBL5286666,409.4900000000001,0.36870000000000164,102.35999999999999,2,7,5
CHEMBL5287906,419.4890000000001,0.5897999999999999,103.97,1,9,5
CHEMBL5288974,404.4950000000002,4.274740000000003,79.50999999999999,2,7,5
CHEMBL5289049,292.169,3.7668000000000017,43.31999999999999,1,3,2
CHEMBL5289339,612.6460000000004,2.4321,122.03999999999999,2,6,8
CHEMBL5289984,427.46500000000015,-0.7585999999999968,141.27,2,10,7
CHEMBL5397277,318.7560000000001,3.9589000000000025,55.760000000000005,1,4,5
CHEMBL5398811,318.7560000000001,3.9643200000000016,66.76,2,4,4
CHEMBL5399740,474.4810000000004,2.7791000000000006,153.92000000000002,2,11,5
CHEMBL5402568,445.48300000000035,2.5765000000000002,131.01,3,10,4
CHEMBL5404677,320.72800000000007,3.3615000000000013,86.99000000000001,3,5,4
CHEMBL5405820,474.4810000000004,2.7791000000000006,153.92000000000002,2,11,5
CHEMBL5405870,332.7830000000001,4.349000000000004,55.760000000000005,1,4,6
CHEMBL5407794,349.7260000000001,3.5641000000000016,109.9,2,6,5
CHEMBL5408495,342.3780000000001,0.9333000000000001,100.83000000000001,1,7,3
CHEMBL5408749,377.2340000000001,4.4581000000000035,55.760000000000005,1,4,6
CHEMBL5409066,443.51100000000037,3.1793200000000015,110.78,2,9,4
CHEMBL5410220,360.8370000000001,5.129200000000004,55.760000000000005,1,4,8
CHEMBL5411710,334.75500000000005,3.6645000000000025,75.99000000000001,2,5,5
CHEMBL5412386,391.2610000000001,4.848200000000005,55.760000000000005,1,4,7
CHEMBL5413637,334.7550000000001,3.6645000000000016,75.99000000000001,2,5,5
CHEMBL5414025,373.40500000000014,2.776300000000001,83.09,1,7,5
CHEMBL5414115,356.72700000000003,4.969100000000003,46.53,1,3,4
CHEMBL5414427,463.9290000000003,3.524300000000002,110.78,2,9,4
CHEMBL5414816,443.5110000000003,3.1793200000000015,110.78,2,9,4
CHEMBL5416545,304.72900000000004,3.6559000000000017,66.76,2,4,4
CHEMBL5418259,507.3850000000002,4.218200000000003,68.68,1,6,2
CHEMBL5418532,443.5110000000003,3.1793200000000015,110.78,2,9,4
CHEMBL5422010,304.72900000000004,3.6559000000000017,66.76,2,4,4
CHEMBL5423189,318.756,3.9589000000000025,55.760000000000005,1,4,5
CHEMBL5424118,346.81000000000006,4.739100000000004,55.760000000000005,1,4,7
CHEMBL5424574,463.9290000000003,3.524300000000002,110.78,2,9,4
CHEMBL5424840,463.9290000000003,3.524300000000001,110.78,2,9,4
CHEMBL5429047,367.62600000000003,4.712800000000002,46.53,1,3,4
CHEMBL5430453,368.4810000000002,2.1101,76.44,1,4,5
CHEMBL5430588,429.4840000000003,2.8709000000000007,110.78,2,9,4
CHEMBL5432172,287.4070000000001,2.059379999999999,56.13,1,3,3
CHEMBL5433150,445.48300000000035,2.5765000000000002,131.01,3,10,4
CHEMBL5435542,445.48300000000035,2.5765000000000002,131.01,3,10,4
CHEMBL5435689,474.4810000000004,2.7791000000000006,153.92000000000002,2,11,5
CHEMBL1201174,523.3270000000002,0.2631999999999995,186.29999999999998,4,6,4
CHEMBL2105754,475.47700000000026,0.4693800000000018,171.64999999999998,3,9,6
CHEMBL4550812,384.3570000000001,4.140880000000002,68.27,1,4,2
CHEMBL5425473,274.36400000000003,1.4071999999999993,66.56,2,3,2
CHEMBL5434074,460.5380000000002,3.5065800000000014,100.83000000000001,1,8,4
CHEMBL5523593,637.6690000000003,3.648200000000001,173.99,3,11,12
CHEMBL5527979,655.6590000000003,3.787300000000002,173.99,3,11,12
CHEMBL5596356,525.5170000000003,1.3193199999999992,88.14,1,7,4
CHEMBL5597715,464.5010000000002,2.3181000000000003,138.13,2,8,4
CHEMBL5598215,1332.9510000000002,-1.9712999999999918,509.46000000000015,10,18,14
CHEMBL5749167,414.427,4.0972000000000035,47.72,1,4,2
CHEMBL5750623,483.5110000000002,5.331100000000005,69.39,1,4,3
CHEMBL5756206,295.25999999999993,2.8130000000000015,55.480000000000004,2,3,1
CHEMBL5763347,409.4580000000001,1.7852999999999999,98.64999999999999,2,5,3
CHEMBL5786497,341.357,4.130100000000003,44.480000000000004,1,3,2
CHEMBL5790948,412.4620000000001,1.45052,90.45,1,7,3
CHEMBL5791601,409.2740000000001,3.900400000000003,38.489999999999995,1,3,2
CHEMBL5814595,323.367,3.9910000000000023,44.480000000000004,1,3,2
CHEMBL5826806,371.38300000000004,4.138700000000003,53.71000000000001,1,4,3
CHEMBL5828032,408.47000000000014,2.541400000000001,72.63,1,5,3
CHEMBL5829004,329.32099999999997,4.260600000000002,35.25,1,2,1
CHEMBL5834108,465.51400000000024,0.07740000000000213,130.27000000000004,1,11,5
CHEMBL5857197,373.33,3.7958000000000025,61.55,1,4,3
CHEMBL5881243,643.6420000000003,1.7967000000000009,137.15,3,9,7
CHEMBL5882105,422.42800000000017,3.632100000000001,81.42,2,4,3
CHEMBL5888255,616.5870000000003,3.3394000000000013,108.13000000000001,3,6,6
CHEMBL5891902,424.4730000000001,1.4585,90.45,1,7,2
CHEMBL5894572,434.50800000000015,3.0740000000000016,72.63,1,5,4
CHEMBL5896005,467.4800000000002,1.04568,114.87,1,9,4
CHEMBL5902002,374.26700000000005,5.158700000000003,44.480000000000004,1,3,2
CHEMBL5903124,659.1090000000003,2.9160000000000004,124.25999999999999,3,8,7
CHEMBL5914058,433.47600000000017,-0.4425199999999978,140.65,1,11,4
CHEMBL5914704,389.37300000000005,4.277800000000003,53.71000000000001,1,4,3
CHEMBL5916381,339.822,4.505300000000003,44.480000000000004,1,3,2
CHEMBL5939140,521.6220000000003,1.8777000000000001,137.25,2,10,8
CHEMBL5944167,354.3310000000001,4.1322800000000015,59.03999999999999,1,3,1
CHEMBL5958101,323.367,3.9910000000000023,44.480000000000004,1,3,2
CHEMBL5964362,661.6320000000003,1.9358000000000002,137.15,3,9,7
CHEMBL5964811,335.403,3.860500000000002,53.71000000000001,1,4,3
CHEMBL5976169,341.357,4.130100000000002,44.480000000000004,1,3,2
CHEMBL5980526,483.51100000000014,5.039000000000003,69.39,2,4,4
CHEMBL6000557,598.5970000000003,3.2003000000000013,108.13000000000001,3,6,6
CHEMBL6011250,347.292,3.2138000000000018,65.46000000000001,1,4,1
CHEMBL6013719,408.21700000000004,5.023100000000002,35.25,1,2,1
CHEMBL6033013,560.662,3.3039000000000014,116.86000000000001,1,10,6
CHEMBL6033078,354.331,4.132280000000002,59.040000000000006,1,3,1
CHEMBL6043018,380.416,2.8976000000000015,75.79,2,5,3
CHEMBL6051249,295.25999999999993,2.8130000000000015,55.480000000000004,2,3,1
CHEMBL6057630,404.2930000000001,5.167300000000004,53.71000000000001,1,4,3
CHEMBL6057823,449.4900000000002,0.9065799999999997,114.87,1,9,4
CHEMBL502153,250.31699999999995,2.0412999999999997,46.330000000000005,1,2,3
CHEMBL1814633,504.58100000000036,3.4582000000000024,69.88000000000001,1,4,6
CHEMBL5745532,294.135,0.5944,86.79,3,4,2
CHEMBL5759838,331.34200000000016,1.5613999999999995,63.050000000000004,1,5,3
CHEMBL5766821,248.301,1.8099999999999996,32.34,1,2,1
CHEMBL5768759,262.328,2.1853999999999996,46.330000000000005,1,2,2
CHEMBL5778991,240.11199999999997,-0.622499999999999,72.80000000000001,3,4,2
CHEMBL5790536,276.145,0.45529999999999987,86.79,3,4,4
CHEMBL5791516,263.316,0.7487999999999995,58.36000000000001,2,3,1
CHEMBL5795763,489.4820000000003,3.276080000000002,115.19,2,5,4
CHEMBL5804725,218.01799999999994,-2.351099999999998,124.09000000000002,4,5,6
CHEMBL5809136,226.085,-0.8831999999999993,86.79,3,4,3
CHEMBL5817549,254.13899999999998,-0.23239999999999938,72.80000000000001,3,4,2
CHEMBL5818540,566.4870000000002,1.787799999999999,135.6,3,8,6
CHEMBL5824868,228.10099999999997,-0.637199999999999,86.79,3,4,4
CHEMBL5837755,280.108,0.2042999999999997,86.79,3,4,3
CHEMBL5848496,226.08499999999998,-1.0125999999999997,72.80000000000001,3,4,2
CHEMBL5855171,276.145,0.45529999999999987,86.79,3,4,4
CHEMBL5857344,450.44500000000016,3.399980000000002,95.32,1,5,5
CHEMBL5858632,565.4990000000003,2.3928000000000003,122.71000000000001,3,7,6
CHEMBL5859631,580.4190000000003,3.282300000000002,122.71000000000001,3,7,6
CHEMBL5861052,657.0930000000002,3.278100000000001,133.91,3,8,7
CHEMBL5863326,473.48300000000023,3.8830800000000023,91.02000000000001,1,5,4
CHEMBL5870057,401.776,2.111,80.12,1,5,3
CHEMBL5874851,496.9450000000002,5.069380000000004,86.09,1,4,5
CHEMBL5884216,529.5190000000002,2.1145999999999994,122.71000000000001,3,7,6
CHEMBL5892398,230.073,-2.056499999999998,107.02000000000001,4,5,3
CHEMBL5893114,504.9240000000002,5.197980000000004,86.09,1,4,4
CHEMBL5914544,598.4090000000003,3.421400000000002,122.71000000000001,3,7,6
CHEMBL5918829,548.3990000000005,2.011300000000001,110.34000000000002,3,6,7
CHEMBL5925037,280.05500000000006,-0.3408000000000002,86.79,3,4,3
CHEMBL5951803,350.304,1.62288,86.84,1,6,3
CHEMBL5957037,322.2140000000001,-0.35199999999999987,107.02000000000001,4,5,3
CHEMBL5961410,547.5090000000002,2.2536999999999994,122.71000000000001,3,7,6
CHEMBL5968328,254.13899999999998,-0.10299999999999998,86.79,3,4,3
CHEMBL5968423,279.31500000000005,0.4735000000000001,66.64,1,3,3
CHEMBL5968543,598.4090000000003,3.421400000000002,122.71000000000001,3,7,6
CHEMBL5980162,228.29199999999994,-0.4778999999999995,83.63000000000001,2,4,4
CHEMBL5981431,268.166,0.2870999999999997,86.79,3,4,3
CHEMBL5993643,324.2050000000001,0.6251999999999995,86.79,3,4,3
CHEMBL5993878,564.9520000000002,2.1629999999999994,135.6,3,8,6
CHEMBL5996478,447.44500000000016,3.289780000000002,98.98,1,5,5
CHEMBL5998893,548.4970000000002,1.6486999999999992,135.6,3,8,6
CHEMBL6004569,232.064,-0.9351999999999996,86.79,3,4,3
CHEMBL6020304,340.6600000000001,0.8944999999999994,86.79,3,4,3
CHEMBL6039540,290.38200000000006,2.965600000000001,46.330000000000005,1,2,2
CHEMBL6054858,563.9640000000003,2.7680000000000007,122.71000000000001,3,7,6
CHEMBL6055810,230.073,-2.056499999999998,107.02000000000001,4,5,3
CHEMBL6059875,306.2150000000001,0.5330999999999995,86.79,3,4,3
CHEMBL6061339,450.44900000000024,2.9227800000000013,103.91,1,6,5
CHEMBL1894963,355.398,0.31859999999999933,74.28999999999999,0,8,3
CHEMBL5411258,385.4240000000001,0.3272000000000006,83.52000000000001,0,9,4
CHEMBL5764368,489.4820000000003,2.6772800000000014,115.19,2,5,4
CHEMBL5843472,503.50900000000024,3.0194800000000015,106.4,1,5,4
CHEMBL5846428,242.12800000000001,-0.424399999999999,64.01,2,4,4
CHEMBL5874480,236.28999999999996,1.6511999999999996,46.330000000000005,1,2,2
CHEMBL5963388,475.4990000000003,3.749480000000003,98.12,2,5,4
CHEMBL6014809,250.31699999999995,2.0412999999999997,46.330000000000005,1,2,3
CHEMBL6060914,250.31699999999995,2.0412999999999997,46.330000000000005,1,2,1
CHEMBL6091758,385.42700000000013,2.1734,85.61000000000001,0,7,4
CHEMBL6091879,545.3930000000003,4.538400000000005,88.12,0,8,6
CHEMBL6102689,397.43800000000016,2.513980000000001,85.60999999999999,0,7,6
CHEMBL6132632,418.36900000000014,2.0437799999999995,148.84,1,9,5
CHEMBL6133561,400.3950000000001,0.22679999999999922,117.43,0,10,4
CHEMBL6133644,511.4940000000003,3.6841000000000017,131.26,0,10,7
CHEMBL6133793,375.81600000000003,0.9615999999999998,85.15,1,7,3
CHEMBL6134099,495.4680000000003,0.6910000000000001,157.02999999999997,1,10,5
CHEMBL6142442,456.3750000000001,2.6355000000000004,92.15,2,5,3
CHEMBL6142483,473.49700000000036,2.3521,156.72000000000003,3,11,5
CHEMBL6143955,499.48700000000025,3.083120000000001,139.97,0,11,7
CHEMBL6146224,423.37600000000026,1.2199999999999998,142.36999999999998,2,7,5
CHEMBL6146627,408.3890000000002,2.2258999999999993,88.12,0,8,5
CHEMBL6146956,459.28900000000027,3.393600000000002,88.12,0,8,5
CHEMBL6147355,408.4090000000003,1.0940999999999999,131.08999999999997,2,7,4
CHEMBL6147781,534.5280000000002,3.8823000000000025,118.33000000000001,0,10,6
CHEMBL6148404,373.38800000000003,0.4576999999999991,74.28999999999999,0,8,3
CHEMBL6148637,451.45500000000015,1.5293999999999999,113.4,2,6,4
CHEMBL6150022,508.49400000000026,3.5654800000000018,137.98000000000002,0,10,7
CHEMBL6160468,262.313,0.8663799999999999,85.23,2,3,2
CHEMBL6160472,476.27600000000024,3.489300000000002,114.19,0,9,5
CHEMBL6162166,356.3080000000001,1.3510400000000002,97.03000000000002,1,7,3
CHEMBL6162308,264.32899999999995,0.64804,92.34000000000002,2,5,3
CHEMBL6162422,358.32400000000007,1.0045000000000002,92.15,2,5,2
CHEMBL6162868,499.4000000000002,1.6474999999999995,129.93999999999997,2,8,4
CHEMBL6164012,403.3890000000002,1.5093800000000002,123.01999999999998,2,6,4
CHEMBL6164347,494.48000000000025,0.5413999999999997,151.18999999999994,2,9,5
CHEMBL6164548,609.0630000000002,6.659400000000007,121.97999999999999,1,8,6
CHEMBL6164601,260.29699999999997,1.2129199999999998,90.11,1,5,3
CHEMBL6167214,266.34499999999997,0.3015000000000009,87.46000000000001,3,3,2
CHEMBL6167668,364.396,1.9324999999999999,87.46000000000001,3,3,3
CHEMBL6167712,360.36400000000003,2.4973799999999997,85.23,2,3,3
CHEMBL6168838,422.3880000000002,1.0703999999999998,136.52999999999997,3,6,5
CHEMBL6169485,407.4210000000002,0.9445000000000009,125.24999999999997,3,6,4
CHEMBL6170772,353.4040000000001,-0.10159999999999936,113.4,2,6,3
CHEMBL6170809,404.37700000000024,1.65898,128.85999999999999,1,7,4
CHEMBL6171671,351.38800000000015,0.24493999999999966,118.28000000000002,1,8,4
CHEMBL6173511,500.38800000000026,1.7971000000000001,135.77999999999997,1,9,4
CHEMBL6188802,328.36600000000004,3.101720000000001,56.730000000000004,1,4,5
CHEMBL6191350,372.41900000000004,3.500420000000002,65.96000000000001,1,5,7
CHEMBL6192039,282.294,0.9270199999999995,76.96000000000001,2,5,5
CHEMBL6189534,358.392,3.1103200000000015,65.96000000000001,1,5,6
CHEMBL6190034,332.329,2.9324000000000012,56.730000000000004,1,4,5
CHEMBL6190892,286.25699999999995,0.7577,76.96,2,5,5
CHEMBL6192284,362.355,2.9410000000000016,65.96000000000001,1,5,6
