molecule_chembl_id,relation,standard_relation,standard_units,standard_value,units,value,target
CHEMBL341591,=,=,nM,7100.0,uM,7.1,aromatase
CHEMBL2111947,>,>,nM,50000.0,uM,50.0,aromatase
CHEMBL431859,=,=,nM,238.0,uM,0.238,aromatase
CHEMBL113637,=,=,nM,57.0,uM,0.057,aromatase
CHEMBL112021,=,=,nM,54.0,uM,0.054,aromatase
CHEMBL324070,=,=,nM,5400.0,uM,5.4,aromatase
CHEMBL41761,=,=,nM,41.0,uM,0.041,aromatase
CHEMBL111868,=,=,nM,78.5,uM,0.0785,aromatase
CHEMBL111888,=,=,nM,51.8,uM,0.0518,aromatase
CHEMBL112074,=,=,nM,205.0,uM,0.205,aromatase
CHEMBL324326,=,=,nM,50.0,uM,0.05,aromatase
CHEMBL37321,=,=,nM,6600.0,uM,6.6,aromatase
CHEMBL353068,=,=,nM,51000.0,uM,51.0,aromatase
CHEMBL41066,=,=,nM,3200.0,uM,3.2,aromatase
CHEMBL166709,>,>,nM,250000.0,uM,250.0,aromatase
CHEMBL424556,=,=,nM,103000.0,uM,103.0,aromatase
CHEMBL1630273,=,=,nM,6800.0,uM,6.8,aromatase
CHEMBL1630261,=,=,nM,50.0,uM,0.05,aromatase
CHEMBL169251,=,=,nM,170.0,uM,0.17,aromatase
CHEMBL168636,=,=,nM,9200.0,uM,9.2,aromatase
CHEMBL90585,=,=,nM,4600.0,uM,4.6,aromatase
CHEMBL1629805,=,=,nM,49.0,uM,0.049,aromatase
CHEMBL433728,>,>,nM,250000.0,uM,250.0,aromatase
CHEMBL38877,=,=,nM,31000.0,uM,31.0,aromatase
CHEMBL169449,>,>,nM,250000.0,uM,250.0,aromatase
CHEMBL39275,=,=,nM,40000.0,uM,40.0,aromatase
CHEMBL39513,=,=,nM,21000.0,uM,21.0,aromatase
CHEMBL2112738,=,=,nM,11000.0,uM,11.0,aromatase
CHEMBL289116,=,=,nM,10000.0,uM,10.0,aromatase
CHEMBL289116,=,=,nM,45000.0,uM,45.0,aromatase
CHEMBL39782,=,=,nM,30000.0,uM,30.0,aromatase
CHEMBL304903,=,=,nM,370.0,uM,0.37,aromatase
CHEMBL488,=,=,nM,8000.0,uM,8.0,aromatase
CHEMBL488,=,=,nM,14000.0,uM,14.0,aromatase
CHEMBL168434,=,=,nM,260.0,uM,0.26,aromatase
CHEMBL352645,=,=,nM,600.0,uM,0.6,aromatase
CHEMBL2112739,=,=,nM,1000.0,uM,1.0,aromatase
CHEMBL440930,=,=,nM,13000.0,uM,13.0,aromatase
CHEMBL1630274,=,=,nM,31.0,uM,0.031,aromatase
CHEMBL1629804,=,=,nM,60.0,uM,0.06,aromatase
CHEMBL39661,=,=,nM,800.0,uM,0.8,aromatase
CHEMBL39661,=,=,nM,5000.0,uM,5.0,aromatase
CHEMBL38550,=,=,nM,3000.0,uM,3.0,aromatase
CHEMBL39152,=,=,nM,3600.0,uM,3.6,aromatase
CHEMBL166789,>,>,nM,250000.0,uM,250.0,aromatase
CHEMBL3349856,=,=,nM,860.0,uM,0.86,aromatase
CHEMBL1630275,=,=,nM,150000.0,uM,150.0,aromatase
CHEMBL1630267,=,=,nM,940.0,uM,0.94,aromatase
CHEMBL38439,=,=,nM,1500.0,uM,1.5,aromatase
CHEMBL38510,=,=,nM,245000.0,uM,245.0,aromatase
CHEMBL415753,=,=,nM,18000.0,uM,18.0,aromatase
CHEMBL3349864,=,=,nM,280.0,uM,0.28,aromatase
CHEMBL1629806,=,=,nM,190.0,uM,0.19,aromatase
CHEMBL169664,>,>,nM,250000.0,uM,250.0,aromatase
CHEMBL168762,>,>,nM,250000.0,uM,250.0,aromatase
CHEMBL275594,=,=,nM,6000.0,uM,6.0,aromatase
CHEMBL39781,=,=,nM,385000.0,uM,385.0,aromatase
CHEMBL413344,=,=,nM,38000.0,uM,38.0,aromatase
CHEMBL168444,=,=,nM,27000.0,uM,27.0,aromatase
CHEMBL288712,=,=,nM,2500.0,uM,2.5,aromatase
CHEMBL169086,=,=,nM,1100.0,uM,1.1,aromatase
CHEMBL168700,>,>,nM,250000.0,uM,250.0,aromatase
CHEMBL355681,>,>,nM,250000.0,uM,250.0,aromatase
CHEMBL289766,=,=,nM,2400.0,uM,2.4,aromatase
CHEMBL1630266,=,=,nM,1400.0,uM,1.4,aromatase
CHEMBL2111917,=,=,nM,700.0,uM,0.7,aromatase
CHEMBL39840,=,=,nM,10000.0,uM,10.0,aromatase
CHEMBL424203,>,>,nM,250000.0,uM,250.0,aromatase
CHEMBL1630911,=,=,nM,6900.0,uM,6.9,aromatase
CHEMBL40125,=,=,nM,4000.0,uM,4.0,aromatase
CHEMBL28689,>,>,nM,250000.0,uM,250.0,aromatase
CHEMBL166974,>,>,nM,250000.0,uM,250.0,aromatase
CHEMBL2311169,=,=,nM,660.0,uM,0.66,aromatase
CHEMBL38472,=,=,nM,330.0,uM,0.33,aromatase
CHEMBL38472,=,=,nM,600.0,uM,0.6,aromatase
CHEMBL276140,>,>,nM,100000.0,uM,100.0,aromatase
CHEMBL297784,>,>,nM,100000.0,uM,100.0,aromatase
CHEMBL14563,>,>,nM,100000.0,uM,100.0,aromatase
CHEMBL274318,=,=,nM,28500.0,uM,28.5,aromatase
CHEMBL113739,=,=,nM,187.5,nM,187.5,aromatase
CHEMBL113121,=,=,nM,176.0,nM,176.0,aromatase
CHEMBL10137,=,=,nM,620.0,uM,0.62,aromatase
CHEMBL10072,=,=,nM,3300.0,uM,3.3,aromatase
CHEMBL113082,=,=,nM,31.0,nM,31.0,aromatase
CHEMBL9687,=,=,nM,8000.0,uM,8.0,aromatase
CHEMBL10026,=,=,nM,800.0,uM,0.8,aromatase
CHEMBL2105261,=,=,nM,56.2,nM,56.2,aromatase
CHEMBL488,=,=,nM,5200.0,uM,5.2,aromatase
CHEMBL109211,=,=,nM,275.0,nM,275.0,aromatase
CHEMBL267508,=,=,nM,1600.0,uM,1.6,aromatase
CHEMBL27879,=,=,nM,225.0,uM,0.225,aromatase
CHEMBL27386,=,=,nM,1000.0,uM,1.0,aromatase
CHEMBL287574,=,=,nM,1800.0,uM,1.8,aromatase
CHEMBL488,=,=,nM,1900.0,uM,1.9,aromatase
CHEMBL488,=,=,nM,13000.0,uM,13.0,aromatase
CHEMBL281947,=,=,nM,5.0,uM,0.005,aromatase
CHEMBL281947,=,=,nM,230.0,uM,0.23,aromatase
CHEMBL26543,=,=,nM,2000.0,uM,2.0,aromatase
CHEMBL27546,=,=,nM,97.0,uM,0.097,aromatase
CHEMBL286506,=,=,nM,62.0,uM,0.062,aromatase
CHEMBL281947,=,=,nM,150.0,uM,0.15,aromatase
CHEMBL281947,=,=,nM,12.0,uM,0.012,aromatase
CHEMBL281947,=,=,nM,780.0,uM,0.78,aromatase
CHEMBL26651,=,=,nM,23.0,uM,0.023,aromatase
CHEMBL27591,=,=,nM,31.0,uM,0.031,aromatase
CHEMBL28173,=,=,nM,49.0,uM,0.049,aromatase
CHEMBL28290,=,=,nM,240.0,uM,0.24,aromatase
CHEMBL27467,=,=,nM,13.0,uM,0.013,aromatase
CHEMBL27467,=,=,nM,70.0,uM,0.07,aromatase
CHEMBL27698,=,=,nM,111.0,uM,0.111,aromatase
CHEMBL27767,=,=,nM,777000.0,uM,777.0,aromatase
CHEMBL29482,=,=,nM,3.5,nM,3.5,aromatase
CHEMBL311077,=,=,nM,38000.0,uM,38.0,aromatase
CHEMBL424162,=,=,nM,1000.0,M,0.000001,aromatase
CHEMBL349514,>,>,nM,1000.0,M,0.000001,aromatase
CHEMBL2112309,=,=,nM,26000.0,uM,26.0,aromatase
CHEMBL349704,=,=,nM,12.0,M,1.2E-8,aromatase
CHEMBL165279,>,>,nM,1000.0,M,0.000001,aromatase
CHEMBL443530,=,=,nM,44000.0,uM,44.0,aromatase
CHEMBL488,=,=,nM,1900.0,nM,1900.0,aromatase
CHEMBL352891,>,>,nM,1000.0,M,0.000001,aromatase
CHEMBL81255,=,=,nM,100000.0,uM,100.0,aromatase
CHEMBL31760,=,=,nM,0.7,nM,0.7,aromatase
CHEMBL309656,=,=,nM,4000.0,uM,4.0,aromatase
CHEMBL83835,=,=,nM,1200.0,uM,1.2,aromatase
CHEMBL349919,>,>,nM,10000.0,M,0.00001,aromatase
CHEMBL349963,=,=,nM,400.0,M,4E-7,aromatase
CHEMBL353571,=,=,nM,570.0,M,5.7E-7,aromatase
CHEMBL164746,>,>,nM,10000.0,M,0.00001,aromatase
CHEMBL1629805,=,=,nM,270.0,uM,0.27,aromatase
CHEMBL166017,>,>,nM,10000.0,M,0.00001,aromatase
CHEMBL164821,>,>,nM,1000.0,M,0.000001,aromatase
CHEMBL164993,=,=,nM,42.0,M,4.2E-8,aromatase
CHEMBL165925,=,=,nM,10000.0,M,0.00001,aromatase
CHEMBL165218,=,=,nM,870.0,M,8.7E-7,aromatase
CHEMBL350713,=,=,nM,330.0,M,3.3E-7,aromatase
CHEMBL81134,=,=,nM,5900.0,uM,5.9,aromatase
CHEMBL31456,=,=,nM,7.7,nM,7.7,aromatase
CHEMBL347302,,,nM,,nM,,aromatase
CHEMBL31215,=,=,nM,3.2,nM,3.2,aromatase
CHEMBL350074,=,=,nM,22.0,M,2.2E-8,aromatase
CHEMBL166032,>,>,nM,1000.0,M,0.000001,aromatase
CHEMBL164543,=,=,nM,50.0,M,5E-8,aromatase
CHEMBL82981,=,=,nM,62000.0,uM,62.0,aromatase
CHEMBL165552,>,>,nM,1000.0,M,0.000001,aromatase
CHEMBL151096,,,nM,,nM,,aromatase
CHEMBL1629804,=,=,nM,530.0,uM,0.53,aromatase
CHEMBL285809,=,=,nM,233.0,nM,233.0,aromatase
CHEMBL351850,>,>,nM,1000.0,M,0.000001,aromatase
CHEMBL166148,>,>,nM,1000.0,M,0.000001,aromatase
CHEMBL287677,=,=,nM,680.0,nM,680.0,aromatase
CHEMBL31224,=,=,nM,2.9,nM,2.9,aromatase
CHEMBL81948,,,nM,,nM,,aromatase
CHEMBL351526,=,=,nM,270.0,M,2.7E-7,aromatase
CHEMBL351226,>,>,nM,1000.0,M,0.000001,aromatase
CHEMBL349851,>,>,nM,1000.0,M,0.000001,aromatase
CHEMBL440691,=,=,nM,2300.0,uM,2.3,aromatase
CHEMBL83422,=,=,nM,4100.0,uM,4.1,aromatase
CHEMBL132530,=,=,nM,410.0,uM,0.41,aromatase
CHEMBL166060,>,>,nM,10000.0,M,0.00001,aromatase
CHEMBL439950,=,=,nM,7300.0,uM,7.3,aromatase
CHEMBL165106,=,=,nM,50.0,M,5E-8,aromatase
CHEMBL423096,>,>,nM,1000.0,M,0.000001,aromatase
CHEMBL424185,>,>,nM,10000.0,M,0.00001,aromatase
CHEMBL166079,>,>,nM,1000.0,M,0.000001,aromatase
CHEMBL165342,=,=,nM,7400.0,M,0.0000074,aromatase
CHEMBL93828,=,=,nM,210.0,uM,0.21,aromatase
CHEMBL91992,=,=,nM,8600.0,uM,8.6,aromatase
CHEMBL419131,=,=,nM,13000.0,uM,13.0,aromatase
CHEMBL313774,=,=,nM,3000.0,uM,3.0,aromatase
CHEMBL91818,=,=,nM,6200.0,uM,6.2,aromatase
CHEMBL90585,=,=,nM,9300.0,uM,9.3,aromatase
CHEMBL88233,=,=,nM,3300.0,uM,3.3,aromatase
CHEMBL488,=,=,nM,37000.0,uM,37.0,aromatase
CHEMBL488,=,=,nM,37000.0,uM,37.0,aromatase
CHEMBL90077,=,=,nM,4900.0,uM,4.9,aromatase
CHEMBL93666,=,=,nM,9600.0,uM,9.6,aromatase
CHEMBL93828,=,=,nM,170.0,uM,0.17,aromatase
CHEMBL91101,=,=,nM,6300.0,uM,6.3,aromatase
CHEMBL328217,=,=,nM,8900.0,uM,8.9,aromatase
CHEMBL93666,=,=,nM,7900.0,uM,7.9,aromatase
CHEMBL93828,=,=,nM,200.0,uM,0.2,aromatase
CHEMBL92065,=,=,nM,4300.0,uM,4.3,aromatase
CHEMBL93666,=,=,nM,8500.0,uM,8.5,aromatase
CHEMBL92488,=,=,nM,690.0,uM,0.69,aromatase
CHEMBL90427,=,=,nM,2200.0,uM,2.2,aromatase
CHEMBL1629804,=,=,nM,0.06,nM,0.06,aromatase
CHEMBL307006,>,>,nM,50.0,nM,50.0,aromatase
CHEMBL73367,=,=,nM,1.6,nM,1.6,aromatase
CHEMBL305630,=,=,nM,9.0,nM,9.0,aromatase
CHEMBL70317,=,=,nM,0.44,nM,0.44,aromatase
CHEMBL307690,=,=,nM,0.32,nM,0.32,aromatase
CHEMBL73279,=,=,nM,0.36,nM,0.36,aromatase
CHEMBL69891,=,=,nM,14.0,nM,14.0,aromatase
CHEMBL72056,>,>,nM,50.0,nM,50.0,aromatase
CHEMBL307643,=,=,nM,0.19,nM,0.19,aromatase
CHEMBL310735,=,=,nM,0.037,nM,0.037,aromatase
CHEMBL73368,>,>,nM,50.0,nM,50.0,aromatase
CHEMBL308537,=,=,nM,0.13,nM,0.13,aromatase
CHEMBL307581,=,=,nM,0.12,nM,0.12,aromatase
CHEMBL70959,=,=,nM,3.7,nM,3.7,aromatase
CHEMBL305205,=,=,nM,0.049,nM,0.049,aromatase
CHEMBL73071,=,=,nM,43.0,nM,43.0,aromatase
CHEMBL72415,=,=,nM,12.0,nM,12.0,aromatase
CHEMBL74295,>,>,nM,50.0,nM,50.0,aromatase
CHEMBL70436,=,=,nM,0.11,nM,0.11,aromatase
CHEMBL72538,>,>,nM,50.0,nM,50.0,aromatase
CHEMBL306022,=,=,nM,3.3,nM,3.3,aromatase
CHEMBL72228,=,=,nM,0.16,nM,0.16,aromatase
CHEMBL73993,=,=,nM,0.05,nM,0.05,aromatase
CHEMBL304770,=,=,nM,0.26,nM,0.26,aromatase
CHEMBL73219,>,>,nM,50.0,nM,50.0,aromatase
CHEMBL74339,=,=,nM,1.3,nM,1.3,aromatase
CHEMBL304305,=,=,nM,0.23,nM,0.23,aromatase
CHEMBL430879,=,=,nM,100.0,nM,100.0,aromatase
CHEMBL325346,=,=,nM,39.0,nM,39.0,aromatase
CHEMBL488,=,=,mg kg-1,250.0,mg kg-1,250.0,aromatase
CHEMBL322322,=,=,nM,2.3,nM,2.3,aromatase
CHEMBL108483,=,=,nM,0.82,nM,0.82,aromatase
CHEMBL99057,=,=,nM,3300.0,uM,3.3,aromatase
CHEMBL108425,=,=,nM,0.5,nM,0.5,aromatase
CHEMBL317581,=,=,nM,30.0,uM,0.03,aromatase
CHEMBL108646,=,=,nM,12.0,nM,12.0,aromatase
CHEMBL134748,>,>,nM,20000.0,uM,20.0,aromatase
CHEMBL134442,=,=,nM,440.0,uM,0.44,aromatase
CHEMBL135095,=,=,nM,1700.0,uM,1.7,aromatase
CHEMBL134509,=,=,nM,9100.0,uM,9.1,aromatase
CHEMBL3084923,=,=,nM,40000.0,uM,40.0,aromatase
CHEMBL134169,=,=,nM,35000.0,uM,35.0,aromatase
CHEMBL131984,=,=,nM,5600.0,uM,5.6,aromatase
CHEMBL132072,=,=,nM,120.0,uM,0.12,aromatase
CHEMBL135037,=,=,nM,8900.0,uM,8.9,aromatase
CHEMBL337251,=,=,nM,30000.0,uM,30.0,aromatase
CHEMBL3084924,=,=,nM,10800.0,uM,10.8,aromatase
CHEMBL132380,=,=,nM,55000.0,uM,55.0,aromatase
CHEMBL444068,=,=,nM,80500.0,uM,80.5,aromatase
CHEMBL133724,=,=,nM,1320.0,uM,1.32,aromatase
CHEMBL135070,=,=,nM,3850.0,uM,3.85,aromatase
CHEMBL336102,=,=,nM,3960.0,uM,3.96,aromatase
CHEMBL132066,=,=,nM,8900.0,uM,8.9,aromatase
CHEMBL488,=,=,nM,18500.0,uM,18.5,aromatase
CHEMBL41429,=,=,nM,2900.0,uM,2.9,aromatase
CHEMBL63297,=,=,nM,190.0,uM,0.19,aromatase
CHEMBL416616,=,=,nM,62.0,uM,0.062,aromatase
CHEMBL294361,=,=,nM,30.0,uM,0.03,aromatase
CHEMBL65328,=,=,nM,590.0,uM,0.59,aromatase
CHEMBL294361,=,=,nM,10000.0,uM,10.0,aromatase
CHEMBL63336,=,=,nM,4300.0,uM,4.3,aromatase
CHEMBL41761,=,=,nM,41.0,uM,0.041,aromatase
CHEMBL304222,=,=,nM,330.0,uM,0.33,aromatase
CHEMBL39423,=,=,nM,200.0,uM,0.2,aromatase
CHEMBL419619,=,=,nM,1400.0,uM,1.4,aromatase
CHEMBL488,=,=,nM,18500.0,uM,18.5,aromatase
CHEMBL288695,=,=,nM,110.0,uM,0.11,aromatase
CHEMBL66673,=,=,nM,3350.0,uM,3.35,aromatase
CHEMBL291646,=,=,nM,200.0,uM,0.2,aromatase
CHEMBL287950,=,=,nM,90.0,uM,0.09,aromatase
CHEMBL39403,=,=,nM,61.5,uM,0.0615,aromatase
CHEMBL488,=,=,nM,18500.0,uM,18.5,aromatase
CHEMBL285193,=,=,nM,70.0,uM,0.07,aromatase
CHEMBL67842,=,=,nM,69.0,uM,0.069,aromatase
CHEMBL304788,=,=,nM,880.0,uM,0.88,aromatase
CHEMBL294360,=,=,nM,2170.0,uM,2.17,aromatase
CHEMBL287967,=,=,nM,170.0,uM,0.17,aromatase
CHEMBL65590,=,=,nM,5000.0,uM,5.0,aromatase
CHEMBL304583,=,=,nM,66.0,uM,0.066,aromatase
CHEMBL294361,=,=,nM,61.0,uM,0.061,aromatase
CHEMBL66867,=,=,nM,370.0,uM,0.37,aromatase
CHEMBL289945,=,=,nM,55.0,uM,0.055,aromatase
CHEMBL288804,=,=,nM,63.0,uM,0.063,aromatase
CHEMBL419619,=,=,nM,920.0,uM,0.92,aromatase
CHEMBL65549,=,=,nM,52020.0,uM,52.02,aromatase
CHEMBL294357,=,=,nM,3000.0,uM,3.0,aromatase
CHEMBL419619,=,=,nM,2800.0,uM,2.8,aromatase
CHEMBL304903,=,=,nM,185.0,uM,0.185,aromatase
CHEMBL422610,=,=,nM,950.0,nM,950.0,aromatase
CHEMBL131414,=,=,nM,800.0,nM,800.0,aromatase
CHEMBL129883,=,=,nM,490.0,nM,490.0,aromatase
CHEMBL132530,=,=,nM,370.0,nM,370.0,aromatase
CHEMBL336383,=,=,nM,658.0,nM,658.0,aromatase
CHEMBL133240,=,=,nM,342.0,nM,342.0,aromatase
CHEMBL132563,=,=,nM,236.0,nM,236.0,aromatase
CHEMBL130546,=,=,nM,245.0,nM,245.0,aromatase
CHEMBL176452,=,=,nM,1000.0,uM,1.0,aromatase
CHEMBL176452,=,=,nM,700.0,uM,0.7,aromatase
CHEMBL172263,=,=,nM,2000.0,uM,2.0,aromatase
CHEMBL172263,=,=,nM,4000.0,uM,4.0,aromatase
CHEMBL174308,=,=,nM,200.0,uM,0.2,aromatase
CHEMBL174407,=,=,nM,200.0,uM,0.2,aromatase
CHEMBL174407,=,=,nM,600.0,uM,0.6,aromatase
CHEMBL368631,=,=,nM,440.0,uM,0.44,aromatase
CHEMBL368631,=,=,nM,200.0,uM,0.2,aromatase
CHEMBL26651,=,=,nM,140.0,uM,0.14,aromatase
CHEMBL26651,=,=,nM,85.0,uM,0.085,aromatase
CHEMBL287574,=,=,nM,7000.0,uM,7.0,aromatase
CHEMBL287574,=,=,nM,11000.0,uM,11.0,aromatase
CHEMBL369603,=,=,nM,2000.0,uM,2.0,aromatase
CHEMBL369603,=,=,nM,7000.0,uM,7.0,aromatase
CHEMBL174909,=,=,nM,150.0,uM,0.15,aromatase
CHEMBL174909,=,=,nM,40.0,uM,0.04,aromatase
CHEMBL354401,=,=,nM,2500.0,uM,2.5,aromatase
CHEMBL354401,=,=,nM,7000.0,uM,7.0,aromatase
CHEMBL176539,=,=,nM,2000.0,uM,2.0,aromatase
CHEMBL488,=,=,nM,8000.0,uM,8.0,aromatase
CHEMBL488,=,=,nM,14000.0,uM,14.0,aromatase
CHEMBL368732,=,=,nM,2500.0,uM,2.5,aromatase
CHEMBL368732,=,=,nM,14000.0,uM,14.0,aromatase
CHEMBL268918,=,=,nM,60.0,nM,60.0,aromatase
CHEMBL268209,=,=,nM,250.0,nM,250.0,aromatase
CHEMBL8333,=,=,nM,270.0,nM,270.0,aromatase
CHEMBL266532,=,=,nM,280.0,nM,280.0,aromatase
CHEMBL1078534,=,=,nM,300.0,nM,300.0,aromatase
CHEMBL267668,=,=,nM,140.0,nM,140.0,aromatase
CHEMBL8254,=,=,nM,60.0,nM,60.0,aromatase
CHEMBL8417,=,=,nM,180.0,nM,180.0,aromatase
CHEMBL1078534,=,=,nM,530.0,nM,530.0,aromatase
CHEMBL8315,=,=,nM,520.0,nM,520.0,aromatase
CHEMBL274878,=,=,nM,620.0,nM,620.0,aromatase
CHEMBL8646,=,=,nM,200.0,nM,200.0,aromatase
CHEMBL8498,=,=,nM,250.0,nM,250.0,aromatase
CHEMBL8313,=,=,nM,54.0,nM,54.0,aromatase
CHEMBL440832,=,=,nM,54.0,nM,54.0,aromatase
CHEMBL266350,=,=,nM,76.0,nM,76.0,aromatase
CHEMBL2112301,>,>,nM,20000.0,uM,20.0,aromatase
CHEMBL23334,=,=,nM,3700.0,uM,3.7,aromatase
CHEMBL23394,=,=,nM,1300.0,uM,1.3,aromatase
CHEMBL283782,=,=,nM,14000.0,uM,14.0,aromatase
CHEMBL26279,=,=,nM,3400.0,uM,3.4,aromatase
CHEMBL24233,=,=,nM,1200.0,uM,1.2,aromatase
CHEMBL442262,=,=,nM,4800.0,uM,4.8,aromatase
CHEMBL288093,=,=,nM,23000.0,uM,23.0,aromatase
CHEMBL23485,=,=,nM,1000.0,uM,1.0,aromatase
CHEMBL24115,=,=,nM,6400.0,uM,6.4,aromatase
CHEMBL432751,=,=,nM,1800.0,uM,1.8,aromatase
CHEMBL23646,=,=,nM,240.0,uM,0.24,aromatase
CHEMBL279940,=,=,nM,750.0,uM,0.75,aromatase
CHEMBL285155,=,=,nM,6300.0,uM,6.3,aromatase
CHEMBL23484,=,=,nM,17000.0,uM,17.0,aromatase
CHEMBL285973,=,=,nM,5500.0,uM,5.5,aromatase
CHEMBL23364,=,=,nM,530.0,uM,0.53,aromatase
CHEMBL84230,>,>,nM,50000.0,uM,50.0,aromatase
CHEMBL24014,=,=,nM,1900.0,uM,1.9,aromatase
CHEMBL23148,=,=,nM,590.0,uM,0.59,aromatase
CHEMBL2112299,>,>,nM,20000.0,uM,20.0,aromatase
CHEMBL22485,=,=,nM,4200.0,uM,4.2,aromatase
CHEMBL23365,=,=,nM,4300.0,uM,4.3,aromatase
CHEMBL24593,=,=,nM,2400.0,uM,2.4,aromatase
CHEMBL284934,=,=,nM,22000.0,uM,22.0,aromatase
CHEMBL26065,>,>,nM,19000.0,uM,19.0,aromatase
CHEMBL23097,=,=,nM,230.0,uM,0.23,aromatase
CHEMBL254328,>,>,nM,20000.0,uM,20.0,aromatase
CHEMBL23150,=,=,nM,25000.0,uM,25.0,aromatase
CHEMBL24279,=,=,nM,9300.0,uM,9.3,aromatase
CHEMBL301106,=,=,nM,350.0,uM,0.35,aromatase
CHEMBL159073,=,=,nM,40.0,uM,0.04,aromatase
CHEMBL351167,=,=,nM,1100.0,uM,1.1,aromatase
CHEMBL288242,=,=,nM,3500.0,uM,3.5,aromatase
CHEMBL163420,=,=,nM,92.9,nM,92.9,aromatase
CHEMBL460382,=,=,nM,3560.0,uM,3.56,aromatase
CHEMBL2113619,=,=,nM,3700.0,uM,3.7,aromatase
CHEMBL9298,=,=,nM,39.0,nM,39.0,aromatase
CHEMBL442373,=,=,nM,2300.0,uM,2.3,aromatase
CHEMBL488,=,=,nM,18500.0,uM,18.5,aromatase
CHEMBL55144,=,=,nM,920.0,uM,0.92,aromatase
CHEMBL291700,=,=,nM,440.0,uM,0.44,aromatase
CHEMBL349822,=,=,nM,15.0,nM,15.0,aromatase
CHEMBL421149,=,=,nM,43.0,uM,0.043,aromatase
CHEMBL293122,=,=,nM,500.0,uM,0.5,aromatase
CHEMBL299066,=,=,nM,3060.0,uM,3.06,aromatase
CHEMBL41517,=,=,nM,800.0,uM,0.8,aromatase
CHEMBL41033,=,=,nM,3800.0,uM,3.8,aromatase
CHEMBL57513,=,=,nM,680.0,uM,0.68,aromatase
CHEMBL301608,=,=,nM,111000.0,uM,111.0,aromatase
CHEMBL350922,=,=,nM,390.0,uM,0.39,aromatase
CHEMBL1203766,=,=,nM,7.6,nM,7.6,aromatase
CHEMBL54803,=,=,nM,350.0,uM,0.35,aromatase
CHEMBL307160,=,=,nM,970.0,uM,0.97,aromatase
CHEMBL53644,=,=,nM,700.0,uM,0.7,aromatase
CHEMBL163413,>,>,nM,1000.0,nM,1000.0,aromatase
CHEMBL1203760,=,=,nM,21.0,nM,21.0,aromatase
CHEMBL442542,=,=,nM,860.0,uM,0.86,aromatase
CHEMBL158635,=,=,nM,550.0,uM,0.55,aromatase
CHEMBL162496,=,=,nM,15.0,nM,15.0,aromatase
CHEMBL161530,=,=,nM,2100.0,uM,2.1,aromatase
CHEMBL290309,=,=,nM,4400.0,uM,4.4,aromatase
CHEMBL292899,=,=,nM,380.0,uM,0.38,aromatase
CHEMBL298720,=,=,nM,1380.0,uM,1.38,aromatase
CHEMBL355905,=,=,nM,860.0,uM,0.86,aromatase
CHEMBL1203757,=,=,nM,17.6,nM,17.6,aromatase
CHEMBL468419,=,=,nM,6.4,nM,6.4,aromatase
CHEMBL468419,=,=,nM,0.03,nM,0.03,aromatase
CHEMBL53290,=,=,nM,220.0,uM,0.22,aromatase
CHEMBL40432,=,=,nM,940.0,uM,0.94,aromatase
CHEMBL78322,=,=,nM,940.0,uM,0.94,aromatase
CHEMBL56059,=,=,nM,6000.0,uM,6.0,aromatase
CHEMBL2113524,=,=,nM,2700.0,uM,2.7,aromatase
CHEMBL291279,=,=,nM,10000.0,uM,10.0,aromatase
CHEMBL55083,=,=,nM,2400.0,uM,2.4,aromatase
CHEMBL161230,=,=,nM,240.0,uM,0.24,aromatase
CHEMBL52509,=,=,nM,6400.0,uM,6.4,aromatase
CHEMBL55558,=,=,nM,3900.0,uM,3.9,aromatase
CHEMBL9298,=,=,nM,52.0,uM,0.052,aromatase
CHEMBL1203762,=,=,nM,2.0,nM,2.0,aromatase
CHEMBL39248,=,=,nM,4400.0,uM,4.4,aromatase
CHEMBL132530,=,=,nM,370.0,uM,0.37,aromatase
CHEMBL421829,=,=,nM,89.0,uM,0.089,aromatase
CHEMBL300109,=,=,nM,160.0,uM,0.16,aromatase
CHEMBL162834,=,=,nM,14.1,nM,14.1,aromatase
CHEMBL488,=,=,nM,1700.0,M,0.0000017,aromatase
CHEMBL488,=,=,nM,30000.0,uM,30.0,aromatase
CHEMBL288190,=,=,nM,350.0,uM,0.35,aromatase
CHEMBL39434,=,=,nM,1200.0,uM,1.2,aromatase
CHEMBL53068,=,=,nM,170.0,uM,0.17,aromatase
CHEMBL158984,=,=,nM,100.0,uM,0.1,aromatase
CHEMBL157925,=,=,nM,3700.0,uM,3.7,aromatase
CHEMBL348913,=,=,nM,14.3,nM,14.3,aromatase
CHEMBL9298,=,=,nM,4.6,nM,4.6,aromatase
CHEMBL123494,=,=,nM,4100.0,uM,4.1,aromatase
CHEMBL70901,=,=,nM,4600.0,uM,4.6,aromatase
CHEMBL2051951,=,=,nM,19000.0,uM,19.0,aromatase
CHEMBL124230,=,=,nM,23000.0,uM,23.0,aromatase
CHEMBL9687,=,=,nM,8000.0,uM,8.0,aromatase
CHEMBL488,=,=,nM,6130.0,uM,6.13,aromatase
CHEMBL488,=,=,nM,8300.0,uM,8.3,aromatase
CHEMBL9298,=,=,nM,200.0,uM,0.2,aromatase
CHEMBL357775,=,=,nM,16600.0,uM,16.6,aromatase
CHEMBL357775,=,=,nM,10040.0,uM,10.04,aromatase
CHEMBL338746,=,=,nM,26000.0,uM,26.0,aromatase
CHEMBL88412,=,=,nM,1600.0,uM,1.6,aromatase
CHEMBL333185,=,=,nM,8700.0,uM,8.7,aromatase
CHEMBL9165,=,=,nM,200.0,uM,0.2,aromatase
CHEMBL305483,=,=,nM,1200.0,uM,1.2,aromatase
CHEMBL9179,=,=,nM,800.0,uM,0.8,aromatase
CHEMBL95109,=,=,nM,91.0,uM,0.091,aromatase
CHEMBL124118,=,=,nM,93000.0,uM,93.0,aromatase
CHEMBL269761,>,>,nM,200000.0,uM,200.0,aromatase
CHEMBL331522,=,=,nM,2400.0,uM,2.4,aromatase
CHEMBL330452,=,=,nM,63000.0,uM,63.0,aromatase
CHEMBL1394757,=,=,nM,370000.0,uM,370.0,aromatase
CHEMBL488,=,=,nM,5200.0,uM,5.2,aromatase
CHEMBL151212,=,=,nM,13500.0,uM,13.5,aromatase
CHEMBL151212,=,=,nM,8400.0,uM,8.4,aromatase
CHEMBL1096024,=,=,nM,3500.0,uM,3.5,aromatase
CHEMBL331522,=,=,nM,2800.0,uM,2.8,aromatase
CHEMBL97542,=,=,nM,3800.0,uM,3.8,aromatase
CHEMBL488,=,=,nM,37000.0,uM,37.0,aromatase
CHEMBL151691,=,=,nM,15660.0,uM,15.66,aromatase
CHEMBL151691,=,=,nM,10040.0,uM,10.04,aromatase
CHEMBL2111801,=,=,nM,3000.0,uM,3.0,aromatase
CHEMBL70901,=,=,nM,300.0,uM,0.3,aromatase
CHEMBL70901,=,=,nM,150.0,uM,0.15,aromatase
CHEMBL149238,=,=,nM,12500.0,uM,12.5,aromatase
CHEMBL149238,=,=,nM,10040.0,uM,10.04,aromatase
CHEMBL148903,=,=,nM,20000.0,uM,20.0,aromatase
CHEMBL148903,=,=,nM,10200.0,uM,10.2,aromatase
CHEMBL95919,=,=,nM,41.0,uM,0.041,aromatase
CHEMBL113647,=,=,nM,8000.0,uM,8.0,aromatase
CHEMBL114019,,,nM,,uM,,aromatase
CHEMBL110524,=,=,nM,5600.0,uM,5.6,aromatase
CHEMBL112908,=,=,nM,20000.0,uM,20.0,aromatase
CHEMBL112292,=,=,nM,16000.0,uM,16.0,aromatase
CHEMBL112509,=,=,nM,4600.0,uM,4.6,aromatase
CHEMBL157101,=,=,nM,16000.0,uM,16.0,aromatase
CHEMBL317935,=,=,nM,13000.0,uM,13.0,aromatase
CHEMBL114447,=,=,nM,1500.0,uM,1.5,aromatase
CHEMBL110257,,,nM,,uM,,aromatase
CHEMBL113242,=,=,nM,580.0,uM,0.58,aromatase
CHEMBL325461,=,=,nM,36000.0,uM,36.0,aromatase
CHEMBL109347,=,=,nM,3200.0,uM,3.2,aromatase
CHEMBL431843,=,=,nM,51000.0,uM,51.0,aromatase
CHEMBL309113,=,=,nM,1200.0,uM,1.2,aromatase
CHEMBL323546,=,=,nM,13900.0,uM,13.9,aromatase
CHEMBL102981,=,=,nM,2100.0,uM,2.1,aromatase
CHEMBL441404,=,=,nM,3600.0,uM,3.6,aromatase
CHEMBL89046,=,=,nM,245000.0,uM,245.0,aromatase
CHEMBL313485,=,=,nM,3200.0,uM,3.2,aromatase
CHEMBL25700,=,=,nM,1900.0,uM,1.9,aromatase
CHEMBL24021,=,=,nM,260.0,uM,0.26,aromatase
CHEMBL105298,=,=,nM,240.0,uM,0.24,aromatase
CHEMBL24897,=,=,nM,4000.0,uM,4.0,aromatase
CHEMBL24410,=,=,nM,320.0,uM,0.32,aromatase
CHEMBL321729,=,=,nM,2000.0,uM,2.0,aromatase
CHEMBL104126,=,=,nM,9700.0,uM,9.7,aromatase
CHEMBL314351,=,=,nM,31000.0,uM,31.0,aromatase
CHEMBL274826,=,=,nM,300.0,uM,0.3,aromatase
CHEMBL1629804,=,=,nM,110.0,uM,0.11,aromatase
CHEMBL104047,=,=,nM,89.0,uM,0.089,aromatase
CHEMBL312960,=,=,nM,21000.0,uM,21.0,aromatase
CHEMBL302741,=,=,nM,56000.0,uM,56.0,aromatase
CHEMBL105044,=,=,nM,3200.0,uM,3.2,aromatase
CHEMBL102536,=,=,nM,97.0,uM,0.097,aromatase
CHEMBL334391,=,=,nM,530.0,uM,0.53,aromatase
CHEMBL2311169,=,=,nM,660.0,uM,0.66,aromatase
CHEMBL71117,=,=,nM,18000.0,uM,18.0,aromatase
CHEMBL308829,=,=,nM,62000.0,uM,62.0,aromatase
CHEMBL330452,=,=,nM,10000.0,uM,10.0,aromatase
CHEMBL488,=,=,nM,30000.0,uM,30.0,aromatase
CHEMBL39661,=,=,nM,800.0,uM,0.8,aromatase
CHEMBL24946,=,=,nM,790.0,uM,0.79,aromatase
CHEMBL321729,=,=,nM,150.0,uM,0.15,aromatase
CHEMBL105298,=,=,nM,310.0,uM,0.31,aromatase
CHEMBL314991,=,=,nM,30000.0,uM,30.0,aromatase
CHEMBL104566,=,=,nM,2000.0,uM,2.0,aromatase
CHEMBL89102,=,=,nM,2500.0,uM,2.5,aromatase
CHEMBL302249,=,=,nM,42000.0,uM,42.0,aromatase
CHEMBL71736,=,=,nM,9000.0,uM,9.0,aromatase
CHEMBL25695,=,=,nM,390.0,uM,0.39,aromatase
CHEMBL336387,=,=,nM,190.0,uM,0.19,aromatase
CHEMBL102884,=,=,nM,310.0,uM,0.31,aromatase
CHEMBL91363,=,=,nM,2400.0,uM,2.4,aromatase
CHEMBL71152,=,=,nM,340.0,uM,0.34,aromatase
CHEMBL103685,=,=,nM,13000.0,uM,13.0,aromatase
CHEMBL71612,=,=,nM,33000.0,uM,33.0,aromatase
CHEMBL102409,=,=,nM,300.0,uM,0.3,aromatase
CHEMBL262723,=,=,nM,1800.0,uM,1.8,aromatase
CHEMBL302530,=,=,nM,60000.0,uM,60.0,aromatase
CHEMBL281871,=,=,nM,1700.0,uM,1.7,aromatase
CHEMBL314125,=,=,nM,1500.0,uM,1.5,aromatase
CHEMBL103040,=,=,nM,870.0,uM,0.87,aromatase
CHEMBL282673,=,=,nM,240.0,uM,0.24,aromatase
CHEMBL24037,=,=,nM,510.0,uM,0.51,aromatase
CHEMBL25588,=,=,nM,350.0,uM,0.35,aromatase
CHEMBL71363,=,=,nM,55000.0,uM,55.0,aromatase
CHEMBL88412,=,=,nM,330.0,uM,0.33,aromatase
CHEMBL289116,=,=,nM,5000.0,uM,5.0,aromatase
CHEMBL24580,=,=,nM,1100.0,uM,1.1,aromatase
CHEMBL88421,=,=,nM,3000.0,uM,3.0,aromatase
CHEMBL71169,=,=,nM,60000.0,uM,60.0,aromatase
CHEMBL311400,=,=,nM,42000.0,uM,42.0,aromatase
CHEMBL25059,=,=,nM,140.0,uM,0.14,aromatase
CHEMBL101743,=,=,nM,120.0,uM,0.12,aromatase
CHEMBL88842,=,=,nM,4000.0,uM,4.0,aromatase
CHEMBL319026,=,=,nM,96.0,uM,0.096,aromatase
CHEMBL24387,=,=,nM,1100.0,uM,1.1,aromatase
CHEMBL319026,=,=,nM,120.0,uM,0.12,aromatase
CHEMBL421491,=,=,nM,140000.0,uM,140.0,aromatase
CHEMBL71082,=,=,nM,28000.0,uM,28.0,aromatase
CHEMBL323585,=,=,nM,11800.0,uM,11.8,aromatase
CHEMBL316262,=,=,nM,6600.0,uM,6.6,aromatase
CHEMBL90856,=,=,nM,10000.0,uM,10.0,aromatase
CHEMBL102536,=,=,nM,290.0,uM,0.29,aromatase
CHEMBL68674,=,=,nM,30000.0,uM,30.0,aromatase
CHEMBL335408,=,=,nM,1650.0,uM,1.65,aromatase
CHEMBL25473,=,=,nM,1400.0,uM,1.4,aromatase
CHEMBL1630911,=,=,nM,6900.0,uM,6.9,aromatase
CHEMBL284238,=,=,nM,720.0,uM,0.72,aromatase
CHEMBL3245349,=,=,nM,650.0,uM,0.65,aromatase
CHEMBL328546,=,=,nM,40000.0,uM,40.0,aromatase
CHEMBL105289,=,=,nM,2300.0,uM,2.3,aromatase
CHEMBL444844,=,=,nM,6000.0,uM,6.0,aromatase
CHEMBL88918,=,=,nM,800.0,uM,0.8,aromatase
CHEMBL102510,>,>,nM,20000.0,uM,20.0,aromatase
CHEMBL70367,=,=,nM,1800.0,uM,1.8,aromatase
CHEMBL302305,=,=,nM,11000.0,uM,11.0,aromatase
CHEMBL25523,=,=,nM,660.0,uM,0.66,aromatase
CHEMBL103040,=,=,nM,340.0,uM,0.34,aromatase
CHEMBL327239,=,=,nM,385000.0,uM,385.0,aromatase
CHEMBL157101,=,=,nM,39600.0,uM,39.6,aromatase
CHEMBL328863,=,=,nM,38300.0,uM,38.3,aromatase
CHEMBL319160,=,=,nM,3980.0,uM,3.98,aromatase
CHEMBL157101,=,=,nM,110000.0,uM,110.0,aromatase
CHEMBL28880,>,>,nM,300000.0,uM,300.0,aromatase
CHEMBL29521,=,=,nM,600.0,uM,0.6,aromatase
CHEMBL488,=,=,nM,37000.0,uM,37.0,aromatase
CHEMBL29863,=,=,nM,2300.0,uM,2.3,aromatase
CHEMBL39661,=,=,nM,9000.0,uM,9.0,aromatase
CHEMBL29338,=,=,nM,1700.0,uM,1.7,aromatase
CHEMBL25735,=,=,nM,1300.0,uM,1.3,aromatase
CHEMBL287647,=,=,nM,1100.0,uM,1.1,aromatase
CHEMBL282573,=,=,nM,16000.0,uM,16.0,aromatase
CHEMBL28669,=,=,nM,3000.0,uM,3.0,aromatase
CHEMBL29138,=,=,nM,135000.0,uM,135.0,aromatase
CHEMBL28668,=,=,nM,3000.0,uM,3.0,aromatase
CHEMBL29864,=,=,nM,11000.0,uM,11.0,aromatase
CHEMBL29230,=,=,nM,400.0,uM,0.4,aromatase
CHEMBL29339,=,=,nM,1500.0,uM,1.5,aromatase
CHEMBL177468,=,=,nM,955.0,uM,0.955,aromatase
CHEMBL178036,=,=,nM,130.0,uM,0.13,aromatase
CHEMBL177413,=,=,nM,970.0,uM,0.97,aromatase
CHEMBL177274,=,=,nM,810.0,uM,0.81,aromatase
CHEMBL367483,=,=,nM,125.0,uM,0.125,aromatase
CHEMBL177921,=,=,nM,119.0,uM,0.119,aromatase
CHEMBL175091,=,=,nM,15.0,uM,0.015,aromatase
CHEMBL175144,=,=,nM,120.0,uM,0.12,aromatase
CHEMBL359817,=,=,nM,218.0,uM,0.218,aromatase
CHEMBL362187,=,=,nM,226.0,uM,0.226,aromatase
CHEMBL367719,=,=,nM,190.0,uM,0.19,aromatase
CHEMBL179247,=,=,nM,20.0,uM,0.02,aromatase
CHEMBL177692,=,=,nM,330.0,uM,0.33,aromatase
CHEMBL175688,=,=,nM,39.0,uM,0.039,aromatase
CHEMBL177293,=,=,nM,27.0,uM,0.027,aromatase
CHEMBL174579,=,=,nM,100.0,uM,0.1,aromatase
CHEMBL9298,=,=,nM,5.0,uM,0.005,aromatase
CHEMBL157101,,,nM,,uM,,aromatase
CHEMBL176118,=,=,nM,7370.0,nM,7370.0,aromatase
CHEMBL176609,=,=,nM,4310.0,nM,4310.0,aromatase
CHEMBL176101,=,=,nM,5570.0,nM,5570.0,aromatase
CHEMBL362441,=,=,nM,1130.0,nM,1130.0,aromatase
CHEMBL176098,=,=,nM,4000.0,nM,4000.0,aromatase
CHEMBL366772,=,=,nM,6360.0,nM,6360.0,aromatase
CHEMBL366669,=,=,nM,980.0,nM,980.0,aromatase
CHEMBL425323,=,=,nM,7080.0,nM,7080.0,aromatase
CHEMBL176886,=,=,nM,7680.0,nM,7680.0,aromatase
CHEMBL177268,>,>,nM,36000.0,nM,36000.0,aromatase
CHEMBL175550,=,=,nM,3930.0,nM,3930.0,aromatase
CHEMBL366570,=,=,nM,4600.0,nM,4600.0,aromatase
CHEMBL368305,=,=,nM,4720.0,nM,4720.0,aromatase
CHEMBL176009,=,=,nM,12630.0,nM,12630.0,aromatase
CHEMBL366490,=,=,nM,1810.0,nM,1810.0,aromatase
CHEMBL176076,=,=,nM,180.0,nM,180.0,aromatase
CHEMBL176287,=,=,nM,130.0,nM,130.0,aromatase
CHEMBL369623,=,=,nM,230.0,nM,230.0,aromatase
CHEMBL175791,=,=,nM,9740.0,nM,9740.0,aromatase
CHEMBL157101,,,nM,,nM,,aromatase
CHEMBL9298,=,=,nM,30.0,nM,30.0,aromatase
CHEMBL175962,=,=,nM,6700.0,nM,6700.0,aromatase
CHEMBL179149,=,=,nM,12730.0,nM,12730.0,aromatase
CHEMBL360026,=,=,nM,650.0,nM,650.0,aromatase
CHEMBL424960,=,=,nM,1550.0,nM,1550.0,aromatase
CHEMBL179144,=,=,nM,800.0,nM,800.0,aromatase
CHEMBL175554,=,=,nM,5430.0,nM,5430.0,aromatase
CHEMBL175799,=,=,nM,1990.0,nM,1990.0,aromatase
CHEMBL366773,>,>,nM,36000.0,nM,36000.0,aromatase
CHEMBL179222,=,=,nM,3400.0,nM,3400.0,aromatase
CHEMBL359942,=,=,nM,3960.0,nM,3960.0,aromatase
CHEMBL175609,=,=,nM,3720.0,nM,3720.0,aromatase
CHEMBL175979,=,=,nM,800.0,nM,800.0,aromatase
CHEMBL185165,=,=,nM,1400.0,uM,1.4,aromatase
CHEMBL184952,=,=,nM,31600.0,uM,31.6,aromatase
CHEMBL187185,=,=,nM,430.0,uM,0.43,aromatase
CHEMBL95109,=,=,nM,90.0,uM,0.09,aromatase
CHEMBL95919,=,=,nM,40.0,uM,0.04,aromatase
CHEMBL185966,>,>,nM,100000.0,uM,100.0,aromatase
CHEMBL361872,>,>,nM,100000.0,uM,100.0,aromatase
CHEMBL264724,>,>,nM,100000.0,uM,100.0,aromatase
CHEMBL189170,>,>,nM,100000.0,uM,100.0,aromatase
CHEMBL185809,=,=,nM,1600.0,uM,1.6,aromatase
CHEMBL185819,=,=,nM,9200.0,uM,9.2,aromatase
CHEMBL362906,>,>,nM,100000.0,uM,100.0,aromatase
CHEMBL184051,=,=,nM,3000.0,uM,3.0,aromatase
CHEMBL361653,=,=,nM,3100.0,uM,3.1,aromatase
CHEMBL188664,=,=,nM,210.0,uM,0.21,aromatase
CHEMBL186079,=,=,nM,530.0,uM,0.53,aromatase
CHEMBL186626,,,nM,,uM,,aromatase
CHEMBL186208,,,nM,,uM,,aromatase
CHEMBL184700,,,nM,,uM,,aromatase
CHEMBL184749,=,=,nM,610.0,uM,0.61,aromatase
CHEMBL364326,=,=,nM,3600.0,uM,3.6,aromatase
CHEMBL185950,=,=,nM,280.0,uM,0.28,aromatase
CHEMBL187068,=,=,nM,220.0,uM,0.22,aromatase
CHEMBL488,=,=,nM,2800.0,uM,2.8,aromatase
CHEMBL131921,=,=,nM,34000.0,uM,34.0,aromatase
CHEMBL192306,=,=,nM,770.0,uM,0.77,aromatase
CHEMBL192306,=,=,nM,776247116628.69,,2.89,aromatase
CHEMBL189472,=,=,nM,2000.0,uM,2.0,aromatase
CHEMBL189472,=,=,nM,1949844599758.04,,3.29,aromatase
CHEMBL363493,=,=,nM,520.0,uM,0.52,aromatase
CHEMBL363493,=,=,nM,512861383991.37,,2.71,aromatase
CHEMBL189274,=,=,nM,4700.0,uM,4.7,aromatase
CHEMBL189274,=,=,nM,4677351412871.98,,3.67,aromatase
CHEMBL190099,=,=,nM,18000.0,uM,18.0,aromatase
CHEMBL190099,=,=,nM,18197008586099.82,,4.26,aromatase
CHEMBL191488,>,>,nM,50000.0,uM,50.0,aromatase
CHEMBL190848,>,>,nM,50000.0,uM,50.0,aromatase
CHEMBL190208,>,>,nM,50000.0,uM,50.0,aromatase
CHEMBL488,=,=,nM,2800.0,uM,2.8,aromatase
CHEMBL488,=,=,nM,2818382931264.45,,3.45,aromatase
CHEMBL131921,=,=,nM,34000.0,uM,34.0,aromatase
CHEMBL131921,=,=,nM,33884415613920.34,,4.53,aromatase
CHEMBL363621,=,=,nM,3550.0,nM,3550.0,aromatase
CHEMBL193606,=,=,nM,6580.0,nM,6580.0,aromatase
CHEMBL365120,=,=,nM,3790.0,nM,3790.0,aromatase
CHEMBL193997,=,=,nM,2540.0,nM,2540.0,aromatase
CHEMBL383806,=,=,nM,2490.0,nM,2490.0,aromatase
CHEMBL383807,=,=,nM,4260.0,nM,4260.0,aromatase
CHEMBL193652,=,=,nM,4050.0,nM,4050.0,aromatase
CHEMBL194440,=,=,nM,7830.0,nM,7830.0,aromatase
CHEMBL193496,=,=,nM,1010.0,nM,1010.0,aromatase
CHEMBL365314,=,=,nM,280.0,nM,280.0,aromatase
CHEMBL370281,=,=,nM,770.0,nM,770.0,aromatase
CHEMBL193858,=,=,nM,90.0,nM,90.0,aromatase
CHEMBL371742,=,=,nM,1280.0,nM,1280.0,aromatase
CHEMBL192077,=,=,nM,1710.0,nM,1710.0,aromatase
CHEMBL192155,=,=,nM,4330.0,nM,4330.0,aromatase
CHEMBL195354,=,=,nM,4830.0,nM,4830.0,aromatase
CHEMBL195248,=,=,nM,7450.0,nM,7450.0,aromatase
CHEMBL364956,=,=,nM,790.0,nM,790.0,aromatase
CHEMBL195580,>,>,nM,36000.0,nM,36000.0,aromatase
CHEMBL195653,>,>,nM,36000.0,nM,36000.0,aromatase
CHEMBL370530,=,=,nM,720.0,nM,720.0,aromatase
CHEMBL363849,=,=,nM,1940.0,nM,1940.0,aromatase
CHEMBL371509,>,>,nM,36000.0,nM,36000.0,aromatase
CHEMBL371275,>,>,nM,36000.0,nM,36000.0,aromatase
CHEMBL194928,=,=,nM,4810.0,nM,4810.0,aromatase
CHEMBL370317,=,=,nM,3630.0,nM,3630.0,aromatase
CHEMBL383145,=,=,nM,2740.0,nM,2740.0,aromatase
CHEMBL381194,=,=,nM,100.0,nM,100.0,aromatase
CHEMBL195688,=,=,nM,3680.0,nM,3680.0,aromatase
CHEMBL373074,=,=,nM,2800.0,nM,2800.0,aromatase
CHEMBL193555,=,=,nM,4060.0,nM,4060.0,aromatase
CHEMBL194047,,,nM,,nM,,aromatase
CHEMBL364080,=,=,nM,2040.0,nM,2040.0,aromatase
CHEMBL365735,=,=,nM,5727.0,nM,5727.0,aromatase
CHEMBL362968,=,=,nM,586.0,nM,586.0,aromatase
CHEMBL195571,>,>,nM,36000.0,nM,36000.0,aromatase
CHEMBL193534,>,>,nM,36000.0,nM,36000.0,aromatase
CHEMBL193343,=,=,nM,6638.0,nM,6638.0,aromatase
CHEMBL197150,,,nM,,nM,,aromatase
CHEMBL194565,,,nM,,nM,,aromatase
CHEMBL196796,>,>,nM,36000.0,nM,36000.0,aromatase
CHEMBL197576,=,=,nM,1805.0,nM,1805.0,aromatase
CHEMBL196328,=,=,nM,9107.0,nM,9107.0,aromatase
CHEMBL197723,,,nM,,nM,,aromatase
CHEMBL381014,=,=,nM,970.0,nM,970.0,aromatase
CHEMBL193863,,,nM,,nM,,aromatase
CHEMBL371430,>,>,nM,36000.0,nM,36000.0,aromatase
CHEMBL363626,,,nM,,nM,,aromatase
CHEMBL438802,=,=,nM,1252.0,nM,1252.0,aromatase
CHEMBL197840,,,nM,,nM,,aromatase
CHEMBL371455,,,nM,,nM,,aromatase
CHEMBL178453,,,nM,,nM,,aromatase
CHEMBL197899,,,nM,,nM,,aromatase
CHEMBL194515,,,nM,,nM,,aromatase
CHEMBL194277,,,nM,,nM,,aromatase
CHEMBL195996,=,=,nM,2821.0,nM,2821.0,aromatase
CHEMBL194472,=,=,nM,129.0,nM,129.0,aromatase
CHEMBL195629,,,nM,,nM,,aromatase
CHEMBL193556,,,nM,,nM,,aromatase
CHEMBL370822,,,nM,,nM,,aromatase
CHEMBL193653,,,nM,,nM,,aromatase
CHEMBL197044,,,nM,,nM,,aromatase
CHEMBL372256,,,nM,,nM,,aromatase
CHEMBL372087,,,nM,,nM,,aromatase
CHEMBL157101,,,nM,,nM,,aromatase
CHEMBL9298,=,=,nM,30.0,nM,30.0,aromatase
CHEMBL194641,=,=,nM,225.0,uM,0.225,aromatase
CHEMBL1629802,=,=,nM,145.0,uM,0.145,aromatase
CHEMBL1630280,=,=,nM,670.0,uM,0.67,aromatase
CHEMBL132530,=,=,nM,42.0,uM,0.042,aromatase
CHEMBL197451,=,=,nM,1850.0,uM,1.85,aromatase
CHEMBL1399,=,=,nM,600.0,uM,0.6,aromatase
CHEMBL202231,=,=,nM,60.0,uM,0.06,aromatase
CHEMBL202226,=,=,nM,20.0,uM,0.02,aromatase
CHEMBL446706,=,=,nM,1460.0,uM,1.46,aromatase
CHEMBL371663,=,=,nM,1230.0,uM,1.23,aromatase
CHEMBL202065,=,=,nM,130.0,uM,0.13,aromatase
CHEMBL201831,=,=,nM,100.0,uM,0.1,aromatase
CHEMBL199334,=,=,nM,600.0,uM,0.6,aromatase
CHEMBL197650,=,=,nM,10.0,uM,0.01,aromatase
CHEMBL379019,=,=,nM,130.0,uM,0.13,aromatase
CHEMBL382902,=,=,nM,44.0,uM,0.044,aromatase
CHEMBL198291,=,=,nM,49.0,uM,0.049,aromatase
CHEMBL382500,=,=,nM,130.0,uM,0.13,aromatase
CHEMBL202020,=,=,nM,160.0,uM,0.16,aromatase
CHEMBL202612,=,=,nM,49.0,uM,0.049,aromatase
CHEMBL372999,=,=,nM,44.0,uM,0.044,aromatase
CHEMBL7162,=,=,nM,680.0,uM,0.68,aromatase
CHEMBL372835,>,>,nM,25000.0,uM,25.0,aromatase
CHEMBL381883,>,>,nM,25000.0,uM,25.0,aromatase
CHEMBL202452,=,=,nM,4490.0,uM,4.49,aromatase
CHEMBL202471,=,=,nM,2670.0,uM,2.67,aromatase
CHEMBL202470,=,=,nM,3960.0,uM,3.96,aromatase
CHEMBL202469,=,=,nM,910.0,uM,0.91,aromatase
CHEMBL202030,=,=,nM,230.0,uM,0.23,aromatase
CHEMBL202474,=,=,nM,300.0,uM,0.3,aromatase
CHEMBL202473,=,=,nM,440.0,uM,0.44,aromatase
CHEMBL437497,=,=,nM,870.0,uM,0.87,aromatase
CHEMBL204502,=,=,nM,960.0,uM,0.96,aromatase
CHEMBL204501,=,=,nM,1210.0,uM,1.21,aromatase
CHEMBL203869,=,=,nM,2810.0,uM,2.81,aromatase
CHEMBL274387,=,=,nM,5870.0,uM,5.87,aromatase
CHEMBL382482,=,=,nM,760.0,uM,0.76,aromatase
CHEMBL204184,=,=,nM,2510.0,uM,2.51,aromatase
CHEMBL204183,=,=,nM,470.0,uM,0.47,aromatase
CHEMBL204039,=,=,nM,9.0,uM,0.009,aromatase
CHEMBL382679,=,=,nM,23.7,uM,0.0237,aromatase
CHEMBL488,=,=,nM,29750.0,uM,29.75,aromatase
CHEMBL204483,=,=,nM,29.7,uM,0.0297,aromatase
CHEMBL205177,=,=,nM,19.3,uM,0.0193,aromatase
CHEMBL41761,=,=,nM,40.0,uM,0.04,aromatase
CHEMBL203981,=,=,nM,26.3,uM,0.0263,aromatase
CHEMBL204039,=,=,nM,15.3,uM,0.0153,aromatase
CHEMBL204039,=,=,nM,45.0,uM,0.045,aromatase
CHEMBL205782,>,>,nM,36000.0,nM,36000.0,aromatase
CHEMBL206070,=,=,nM,3551.0,nM,3551.0,aromatase
CHEMBL206550,=,=,nM,1787.0,nM,1787.0,aromatase
CHEMBL205503,=,=,nM,1507.0,nM,1507.0,aromatase
CHEMBL206283,=,=,nM,6045.0,nM,6045.0,aromatase
CHEMBL206351,=,=,nM,814.0,nM,814.0,aromatase
CHEMBL206300,>,>,nM,36000.0,nM,36000.0,aromatase
CHEMBL205881,=,=,nM,4073.0,nM,4073.0,aromatase
CHEMBL9298,=,=,nM,30.0,nM,30.0,aromatase
CHEMBL157101,=,=,nM,40.0,nM,40.0,aromatase
CHEMBL206125,,,,,,,aromatase
CHEMBL207829,,,,,,,aromatase
CHEMBL207751,,,,,,,aromatase
CHEMBL208471,,,,,,,aromatase
CHEMBL377576,,,,,,,aromatase
CHEMBL425054,,,,,,,aromatase
CHEMBL205250,,,,,,,aromatase
CHEMBL206273,,,,,,,aromatase
CHEMBL212473,=,=,nM,79.43,,-7.1,aromatase
CHEMBL212473,=,=,nM,80.0,uM,0.08,aromatase
CHEMBL9298,=,=,nM,52.0,uM,0.052,aromatase
CHEMBL209731,=,=,nM,69.0,uM,0.069,aromatase
CHEMBL377766,=,=,nM,440.0,uM,0.44,aromatase
CHEMBL213588,=,=,nM,44.67,,-7.35,aromatase
CHEMBL213588,=,=,nM,45.0,uM,0.045,aromatase
CHEMBL213587,=,=,nM,71.0,uM,0.071,aromatase
CHEMBL377626,=,=,nM,1819.7,,-5.74,aromatase
CHEMBL377626,=,=,nM,1800.0,uM,1.8,aromatase
CHEMBL209047,=,=,nM,4073.8,,-5.39,aromatase
CHEMBL209047,=,=,nM,4100.0,uM,4.1,aromatase
CHEMBL212168,=,=,nM,467.74,,-6.33,aromatase
CHEMBL212168,=,=,nM,470.0,uM,0.47,aromatase
CHEMBL158635,=,=,nM,550.0,uM,0.55,aromatase
CHEMBL158635,=,=,nM,549.54,,-6.26,aromatase
CHEMBL213587,=,=,nM,70.79,,-7.15,aromatase
CHEMBL377766,=,=,nM,436.52,,-6.36,aromatase
CHEMBL209731,=,=,nM,69.18,,-7.16,aromatase
CHEMBL376473,=,=,nM,28300.0,uM,28.3,aromatase
CHEMBL222250,=,=,nM,810.0,uM,0.81,aromatase
CHEMBL376649,=,=,nM,1780.0,uM,1.78,aromatase
CHEMBL222260,=,=,nM,2330.0,uM,2.33,aromatase
CHEMBL223368,=,=,nM,330.0,uM,0.33,aromatase
CHEMBL374535,=,=,nM,2680.0,uM,2.68,aromatase
CHEMBL376303,=,=,nM,490.0,uM,0.49,aromatase
CHEMBL56367,=,=,nM,27000.0,uM,27.0,aromatase
CHEMBL157101,=,=,nM,900.0,uM,0.9,aromatase
CHEMBL375292,=,=,nM,2850.0,uM,2.85,aromatase
CHEMBL387518,=,=,nM,26630.0,uM,26.63,aromatase
CHEMBL225447,=,=,nM,2850.0,uM,2.85,aromatase
CHEMBL223874,=,=,nM,74.0,uM,0.074,aromatase
CHEMBL387892,=,=,nM,2820.0,uM,2.82,aromatase
CHEMBL427247,=,=,nM,2100.0,uM,2.1,aromatase
CHEMBL225472,=,=,nM,280.0,uM,0.28,aromatase
CHEMBL388604,=,=,nM,3600.0,uM,3.6,aromatase
CHEMBL225178,=,=,nM,760.0,uM,0.76,aromatase
CHEMBL437731,=,=,nM,51.0,uM,0.051,aromatase
CHEMBL375046,=,=,nM,168.0,uM,0.168,aromatase
CHEMBL224228,=,=,nM,144.0,uM,0.144,aromatase
CHEMBL224649,=,=,nM,680.0,uM,0.68,aromatase
CHEMBL224786,=,=,nM,5130.0,uM,5.13,aromatase
CHEMBL224787,=,=,nM,106.0,uM,0.106,aromatase
CHEMBL225499,=,=,nM,150.0,uM,0.15,aromatase
CHEMBL224600,=,=,nM,1130.0,uM,1.13,aromatase
CHEMBL375292,=,=,nM,2818.38,,-5.55,aromatase
CHEMBL387518,=,=,nM,26915.35,,-4.57,aromatase
CHEMBL225447,=,=,nM,2818.38,,-5.55,aromatase
CHEMBL223874,=,=,nM,74.13,,-7.13,aromatase
CHEMBL376371,=,=,nM,3981.07,,-5.4,aromatase
CHEMBL387892,=,=,nM,2818.38,,-5.55,aromatase
CHEMBL427247,=,=,nM,2089.3,,-5.68,aromatase
CHEMBL225472,=,=,nM,281.84,,-6.55,aromatase
CHEMBL388604,=,=,nM,3630.78,,-5.44,aromatase
CHEMBL225178,=,=,nM,758.58,,-6.12,aromatase
CHEMBL375497,=,=,nM,100000.0,,-4.0,aromatase
CHEMBL437731,=,=,nM,51.29,,-7.29,aromatase
CHEMBL375046,=,=,nM,169.82,,-6.77,aromatase
CHEMBL224228,=,=,nM,144.54,,-6.84,aromatase
CHEMBL224649,=,=,nM,676.08,,-6.17,aromatase
CHEMBL223929,=,=,nM,31622.78,,-4.5,aromatase
CHEMBL390152,=,=,nM,31622.78,,-4.5,aromatase
CHEMBL223983,=,=,nM,31622.78,,-4.5,aromatase
CHEMBL224786,=,=,nM,5128.61,,-5.29,aromatase
CHEMBL224787,=,=,nM,107.15,,-6.97,aromatase
CHEMBL225499,=,=,nM,151.36,,-6.82,aromatase
CHEMBL224600,=,=,nM,1122.02,,-5.95,aromatase
CHEMBL390569,=,=,nM,17000.0,uM,17.0,aromatase
CHEMBL376371,=,=,nM,4000.0,uM,4.0,aromatase
CHEMBL31215,=,=,nM,16.98,,7.77,aromatase
CHEMBL224665,=,=,nM,2.3,nM,2.3,aromatase
CHEMBL224665,=,=,nM,2.291,,8.64,aromatase
CHEMBL31215,=,=,nM,17.0,nM,17.0,aromatase
CHEMBL26065,=,=,nM,21877.62,,4.66,aromatase
CHEMBL451201,=,=,nM,630.0,nM,630.0,aromatase
CHEMBL451201,=,=,nM,630.96,,6.2,aromatase
CHEMBL225079,=,=,nM,110.0,nM,110.0,aromatase
CHEMBL225079,=,=,nM,109.65,,6.96,aromatase
CHEMBL376786,=,=,nM,290.0,nM,290.0,aromatase
CHEMBL376786,=,=,nM,288.4,,6.54,aromatase
CHEMBL522917,=,=,nM,49.0,nM,49.0,aromatase
CHEMBL522917,=,=,nM,48.98,,7.31,aromatase
CHEMBL525379,=,=,nM,96.0,nM,96.0,aromatase
CHEMBL525379,=,=,nM,95.5,,7.02,aromatase
CHEMBL285155,=,=,nM,6309.57,,5.2,aromatase
CHEMBL442262,=,=,nM,4786.3,,5.32,aromatase
CHEMBL23334,=,=,nM,3715.35,,5.43,aromatase
CHEMBL288093,=,=,nM,22908.68,,4.64,aromatase
CHEMBL285973,=,=,nM,5495.41,,5.26,aromatase
CHEMBL23150,=,=,nM,25118.86,,4.6,aromatase
CHEMBL376039,=,=,nM,10000.0,,5.0,aromatase
CHEMBL388959,=,=,nM,12022.64,,4.92,aromatase
CHEMBL419131,=,=,nM,3019.95,,5.52,aromatase
CHEMBL91992,=,=,nM,8709.64,,5.06,aromatase
CHEMBL92488,=,=,nM,691.83,,6.16,aromatase
CHEMBL419131,=,=,nM,12882.5,,4.89,aromatase
CHEMBL328217,=,=,nM,8912.51,,5.05,aromatase
CHEMBL91101,=,=,nM,6309.57,,5.2,aromatase
CHEMBL90585,=,=,nM,9332.54,,5.03,aromatase
CHEMBL225378,=,=,nM,870.96,,6.06,aromatase
CHEMBL225360,=,=,nM,147.91,,6.83,aromatase
CHEMBL388515,=,=,nM,95.5,,7.02,aromatase
CHEMBL225550,=,=,nM,61.66,,7.21,aromatase
CHEMBL224462,=,=,nM,93.33,,7.03,aromatase
CHEMBL388187,=,=,nM,43.65,,7.36,aromatase
CHEMBL223555,=,=,nM,95.5,,7.02,aromatase
CHEMBL223554,=,=,nM,58.88,,7.23,aromatase
CHEMBL223452,=,=,nM,288.4,,6.54,aromatase
CHEMBL224790,=,=,nM,5.754,,8.24,aromatase
CHEMBL224789,=,=,nM,57.54,,7.24,aromatase
CHEMBL1444,=,=,nM,52.48,,7.28,aromatase
CHEMBL225053,=,=,nM,37.15,,7.43,aromatase
CHEMBL225128,=,=,nM,95.5,,7.02,aromatase
CHEMBL349822,=,=,nM,1096.48,,5.96,aromatase
CHEMBL13784,=,=,nM,28.18,,7.55,aromatase
CHEMBL223176,=,=,nM,47.86,,7.32,aromatase
CHEMBL211207,=,=,nM,338.84,,6.47,aromatase
CHEMBL163922,=,=,nM,3715.35,,5.43,aromatase
CHEMBL374934,=,=,nM,47.86,,7.32,aromatase
CHEMBL224391,=,=,nM,18.2,,7.74,aromatase
CHEMBL375043,=,=,nM,10.96,,7.96,aromatase
CHEMBL31456,=,=,nM,38.02,,7.42,aromatase
CHEMBL29482,=,=,nM,18.2,,7.74,aromatase
CHEMBL285809,=,=,nM,870.96,,6.06,aromatase
CHEMBL31224,=,=,nM,15.49,,7.81,aromatase
CHEMBL31760,=,=,nM,4.169,,8.38,aromatase
CHEMBL287677,=,=,nM,2290.87,,5.64,aromatase
CHEMBL350922,=,=,nM,389.05,,6.41,aromatase
CHEMBL78322,=,=,nM,933.25,,6.03,aromatase
CHEMBL307160,=,=,nM,977.24,,6.01,aromatase
CHEMBL442373,=,=,nM,2290.87,,5.64,aromatase
CHEMBL421829,=,=,nM,89.13,,7.05,aromatase
CHEMBL159073,=,=,nM,39.81,,7.4,aromatase
CHEMBL421149,=,=,nM,42.66,,7.37,aromatase
CHEMBL158635,=,=,nM,549.54,,6.26,aromatase
CHEMBL223607,=,=,nM,3715.35,,5.43,aromatase
CHEMBL158984,=,=,nM,100.0,,7.0,aromatase
CHEMBL161530,=,=,nM,2089.3,,5.68,aromatase
CHEMBL351167,=,=,nM,1096.48,,5.96,aromatase
CHEMBL161230,=,=,nM,239.88,,6.62,aromatase
CHEMBL2096873,=,=,nM,2818.38,,5.55,aromatase
CHEMBL225497,=,=,nM,933.25,,6.03,aromatase
CHEMBL2096872,=,=,nM,10000.0,,5.0,aromatase
CHEMBL223717,=,=,nM,30.2,,7.52,aromatase
CHEMBL519436,=,=,nM,3.981,,8.4,aromatase
CHEMBL224060,=,=,nM,1.413,,8.85,aromatase
CHEMBL389433,=,=,nM,44.67,,7.35,aromatase
CHEMBL1399,=,=,nM,15.14,,7.82,aromatase
CHEMBL229944,>,>,nM,242400.0,uM,242.4,aromatase
CHEMBL488,=,=,nM,270.0,uM,0.27,aromatase
CHEMBL228985,=,=,nM,28650.0,uM,28.65,aromatase
CHEMBL390364,>,>,nM,271400.0,uM,271.4,aromatase
CHEMBL229908,=,=,nM,1860.0,uM,1.86,aromatase
CHEMBL229907,>,>,nM,351700.0,uM,351.7,aromatase
CHEMBL229906,=,=,nM,4670.0,uM,4.67,aromatase
CHEMBL229905,>,>,nM,310200.0,uM,310.2,aromatase
CHEMBL1162951,=,=,nM,12100.0,uM,12.1,aromatase
CHEMBL388375,>,>,nM,310170.0,uM,310.17,aromatase
CHEMBL229635,=,=,nM,3670.0,uM,3.67,aromatase
CHEMBL229633,>,>,nM,283750.0,uM,283.75,aromatase
CHEMBL388374,=,=,nM,4750.0,uM,4.75,aromatase
CHEMBL229841,>,>,nM,295500.0,uM,295.5,aromatase
CHEMBL229790,=,=,nM,25140.0,uM,25.14,aromatase
CHEMBL390731,>,>,nM,261500.0,uM,261.5,aromatase
CHEMBL229789,=,=,nM,4080.0,uM,4.08,aromatase
CHEMBL389925,=,=,nM,82940.0,uM,82.94,aromatase
CHEMBL425670,=,=,nM,7670.0,uM,7.67,aromatase
CHEMBL229893,>,>,nM,261500.0,uM,261.5,aromatase
CHEMBL558103,=,=,nM,40950.0,uM,40.95,aromatase
CHEMBL229885,>,>,nM,308300.0,uM,308.3,aromatase
CHEMBL229945,=,=,nM,13950.0,uM,13.95,aromatase
CHEMBL229094,=,=,nM,54670.0,uM,54.67,aromatase
CHEMBL229861,>,>,nM,100000.0,uM,100.0,aromatase
CHEMBL108425,=,=,nM,0.5,nM,0.5,aromatase
CHEMBL226999,=,=,nM,0.4,nM,0.4,aromatase
CHEMBL388093,=,=,nM,1.2,nM,1.2,aromatase
CHEMBL226947,=,=,nM,0.5,nM,0.5,aromatase
CHEMBL226946,=,=,nM,0.18,nM,0.18,aromatase
CHEMBL390079,=,=,nM,0.6,nM,0.6,aromatase
CHEMBL390078,=,=,nM,2.8,nM,2.8,aromatase
CHEMBL226945,=,=,nM,12.0,nM,12.0,aromatase
CHEMBL226893,=,=,nM,3.9,nM,3.9,aromatase
CHEMBL390077,=,=,nM,0.92,nM,0.92,aromatase
CHEMBL226892,=,=,nM,0.77,nM,0.77,aromatase
CHEMBL226891,=,=,nM,159.0,nM,159.0,aromatase
CHEMBL226843,=,=,nM,7.6,nM,7.6,aromatase
CHEMBL388507,=,=,nM,0.51,nM,0.51,aromatase
CHEMBL226842,=,=,nM,0.88,nM,0.88,aromatase
CHEMBL226841,=,=,nM,24.0,nM,24.0,aromatase
CHEMBL226791,=,=,nM,2.8,nM,2.8,aromatase
CHEMBL226790,=,=,nM,0.33,nM,0.33,aromatase
CHEMBL388506,=,=,nM,1.1,nM,1.1,aromatase
CHEMBL226789,=,=,nM,2.5,nM,2.5,aromatase
CHEMBL226738,=,=,nM,2.9,nM,2.9,aromatase
CHEMBL388291,=,=,nM,23.0,nM,23.0,aromatase
CHEMBL390717,=,=,nM,2.9,nM,2.9,aromatase
CHEMBL226737,=,=,nM,27.0,nM,27.0,aromatase
CHEMBL226736,=,=,nM,42.0,nM,42.0,aromatase
CHEMBL390496,=,=,nM,1.5,nM,1.5,aromatase
CHEMBL286738,,,,,,,aromatase
CHEMBL244795,=,=,nM,560.0,nM,560.0,aromatase
CHEMBL9298,=,=,nM,52.0,nM,52.0,aromatase
CHEMBL242454,=,=,nM,400.0,nM,400.0,aromatase
CHEMBL243756,=,=,nM,17.7,nM,17.7,aromatase
CHEMBL243755,=,=,nM,25.9,nM,25.9,aromatase
CHEMBL388930,=,=,nM,31.0,nM,31.0,aromatase
CHEMBL223176,=,=,nM,252.0,nM,252.0,aromatase
CHEMBL243961,=,=,nM,5.3,nM,5.3,aromatase
CHEMBL243960,=,=,nM,260.0,nM,260.0,aromatase
CHEMBL397728,=,=,nM,7.3,nM,7.3,aromatase
CHEMBL274318,=,=,nM,28000.0,uM,28.0,aromatase
CHEMBL283196,=,=,nM,2000.0,uM,2.0,aromatase
CHEMBL404225,=,=,nM,4300.0,uM,4.3,aromatase
CHEMBL97542,=,=,nM,3800.0,uM,3.8,aromatase
CHEMBL9687,=,=,nM,8000.0,uM,8.0,aromatase
CHEMBL256665,=,=,nM,630.0,uM,0.63,aromatase
CHEMBL439241,=,=,nM,610.0,uM,0.61,aromatase
CHEMBL255108,=,=,nM,1540.0,uM,1.54,aromatase
CHEMBL258257,=,=,nM,1370.0,uM,1.37,aromatase
CHEMBL252642,=,=,nM,2100.0,uM,2.1,aromatase
CHEMBL255110,=,=,nM,3400.0,uM,3.4,aromatase
CHEMBL402970,=,=,nM,3700.0,uM,3.7,aromatase
CHEMBL256407,=,=,nM,3500.0,uM,3.5,aromatase
CHEMBL7162,=,=,nM,680.0,uM,0.68,aromatase
CHEMBL271794,=,=,nM,120.0,uM,0.12,aromatase
CHEMBL270283,=,=,nM,1070.0,uM,1.07,aromatase
CHEMBL409271,=,=,nM,440.0,uM,0.44,aromatase
CHEMBL270915,=,=,nM,690.0,uM,0.69,aromatase
CHEMBL271129,=,=,nM,690.0,uM,0.69,aromatase
CHEMBL270917,=,=,nM,250.0,uM,0.25,aromatase
CHEMBL443066,=,=,nM,1770.0,uM,1.77,aromatase
CHEMBL272456,=,=,nM,16670.0,uM,16.67,aromatase
CHEMBL272398,=,=,nM,1100.0,uM,1.1,aromatase
CHEMBL272464,=,=,nM,17370.0,uM,17.37,aromatase
CHEMBL405881,=,=,nM,2170.0,uM,2.17,aromatase
CHEMBL270488,>,>,nM,25000.0,uM,25.0,aromatase
CHEMBL269877,>,>,nM,25000.0,uM,25.0,aromatase
CHEMBL407092,>,>,nM,25000.0,uM,25.0,aromatase
CHEMBL273049,>,>,nM,25000.0,uM,25.0,aromatase
CHEMBL260098,>,>,nM,25000.0,uM,25.0,aromatase
CHEMBL270301,>,>,nM,25000.0,uM,25.0,aromatase
CHEMBL409448,>,>,nM,25000.0,uM,25.0,aromatase
CHEMBL404981,=,=,nM,1180.0,uM,1.18,aromatase
CHEMBL260955,>,>,nM,25000.0,uM,25.0,aromatase
CHEMBL407953,>,>,nM,25000.0,uM,25.0,aromatase
CHEMBL222189,=,=,nM,1170.0,uM,1.17,aromatase
CHEMBL220885,=,=,nM,5740.0,uM,5.74,aromatase
CHEMBL436515,=,=,nM,520.0,uM,0.52,aromatase
CHEMBL374651,=,=,nM,230.0,uM,0.23,aromatase
CHEMBL373377,=,=,nM,650.0,uM,0.65,aromatase
CHEMBL426541,=,=,nM,850.0,uM,0.85,aromatase
CHEMBL220793,=,=,nM,330.0,uM,0.33,aromatase
CHEMBL220829,=,=,nM,5850.0,uM,5.85,aromatase
CHEMBL220792,=,=,nM,2400.0,uM,2.4,aromatase
CHEMBL220774,=,=,nM,290.0,uM,0.29,aromatase
CHEMBL376649,=,=,nM,1780.0,uM,1.78,aromatase
CHEMBL373427,=,=,nM,580.0,uM,0.58,aromatase
CHEMBL223421,=,=,nM,7450.0,uM,7.45,aromatase
CHEMBL224037,=,=,nM,470.0,uM,0.47,aromatase
CHEMBL223369,=,=,nM,7820.0,uM,7.82,aromatase
CHEMBL222260,=,=,nM,2330.0,uM,2.33,aromatase
CHEMBL387386,=,=,nM,1750.0,uM,1.75,aromatase
CHEMBL223368,=,=,nM,330.0,uM,0.33,aromatase
CHEMBL223162,=,=,nM,260.0,uM,0.26,aromatase
CHEMBL374535,=,=,nM,2680.0,uM,2.68,aromatase
CHEMBL223161,=,=,nM,2170.0,uM,2.17,aromatase
CHEMBL376303,=,=,nM,490.0,uM,0.49,aromatase
CHEMBL223109,=,=,nM,400.0,uM,0.4,aromatase
CHEMBL222250,=,=,nM,810.0,uM,0.81,aromatase
CHEMBL223108,=,=,nM,2140.0,uM,2.14,aromatase
CHEMBL203869,=,=,nM,2810.0,uM,2.81,aromatase
CHEMBL274387,=,=,nM,5870.0,uM,5.87,aromatase
CHEMBL202470,=,=,nM,3960.0,uM,3.96,aromatase
CHEMBL202469,=,=,nM,910.0,uM,0.91,aromatase
CHEMBL202452,=,=,nM,4490.0,uM,4.49,aromatase
CHEMBL202471,=,=,nM,2670.0,uM,2.67,aromatase
CHEMBL382482,=,=,nM,760.0,uM,0.76,aromatase
CHEMBL204184,=,=,nM,2510.0,uM,2.51,aromatase
CHEMBL202030,=,=,nM,230.0,uM,0.23,aromatase
CHEMBL202474,=,=,nM,300.0,uM,0.3,aromatase
CHEMBL204502,=,=,nM,960.0,uM,0.96,aromatase
CHEMBL204501,=,=,nM,1210.0,uM,1.21,aromatase
CHEMBL202473,=,=,nM,440.0,uM,0.44,aromatase
CHEMBL437497,=,=,nM,870.0,uM,0.87,aromatase
CHEMBL372835,>,>,nM,25000.0,uM,25.0,aromatase
CHEMBL381883,>,>,nM,25000.0,uM,25.0,aromatase
CHEMBL204183,=,=,nM,470.0,uM,0.47,aromatase
CHEMBL220886,=,=,nM,370.0,uM,0.37,aromatase
CHEMBL206300,=,=,nM,5700.0,uM,5.7,aromatase
CHEMBL67842,=,=,nM,69.0,uM,0.069,aromatase
CHEMBL3084324,=,=,nM,160.0,uM,0.16,aromatase
CHEMBL225472,=,=,nM,280.0,uM,0.28,aromatase
CHEMBL201831,=,=,nM,100.0,uM,0.1,aromatase
CHEMBL53068,=,=,nM,1500.0,uM,1.5,aromatase
CHEMBL65590,=,=,nM,5000.0,uM,5.0,aromatase
CHEMBL24593,=,=,nM,2400.0,uM,2.4,aromatase
CHEMBL225447,=,=,nM,2800.0,uM,2.8,aromatase
CHEMBL195571,=,=,nM,2700.0,uM,2.7,aromatase
CHEMBL298720,=,=,nM,5400.0,uM,5.4,aromatase
CHEMBL157925,=,=,nM,3700.0,uM,3.7,aromatase
CHEMBL195996,=,=,nM,2800.0,uM,2.8,aromatase
CHEMBL438549,=,=,nM,1600.0,uM,1.6,aromatase
CHEMBL465435,>,>,ug.mL-1,40.0,ug ml-1,40.0,aromatase
CHEMBL165,>,>,ug.mL-1,40.0,ug ml-1,40.0,aromatase
CHEMBL442813,>,>,ug.mL-1,40.0,ug ml-1,40.0,aromatase
CHEMBL227113,>,>,ug.mL-1,40.0,ug ml-1,40.0,aromatase
CHEMBL512578,>,>,ug.mL-1,40.0,ug ml-1,40.0,aromatase
CHEMBL463435,>,>,ug.mL-1,40.0,ug ml-1,40.0,aromatase
CHEMBL463241,>,>,ug.mL-1,40.0,ug ml-1,40.0,aromatase
CHEMBL394855,>,>,ug.mL-1,40.0,ug ml-1,40.0,aromatase
CHEMBL253467,>,>,ug.mL-1,40.0,ug ml-1,40.0,aromatase
CHEMBL464428,>,>,ug.mL-1,40.0,ug ml-1,40.0,aromatase
CHEMBL115452,>,>,ug.mL-1,40.0,ug ml-1,40.0,aromatase
CHEMBL465845,>,>,ug.mL-1,40.0,ug ml-1,40.0,aromatase
CHEMBL464472,>,>,ug.mL-1,40.0,ug ml-1,40.0,aromatase
CHEMBL463454,>,>,ug.mL-1,40.0,ug ml-1,40.0,aromatase
CHEMBL463453,>,>,ug.mL-1,40.0,ug ml-1,40.0,aromatase
CHEMBL463452,>,>,ug.mL-1,40.0,ug ml-1,40.0,aromatase
CHEMBL9323,>,>,ug.mL-1,40.0,ug ml-1,40.0,aromatase
CHEMBL469444,>,>,ug.mL-1,40.0,ug ml-1,40.0,aromatase
CHEMBL463256,>,>,ug.mL-1,40.0,ug ml-1,40.0,aromatase
CHEMBL463168,>,>,ug.mL-1,40.0,ug ml-1,40.0,aromatase
CHEMBL463255,>,>,ug.mL-1,40.0,ug ml-1,40.0,aromatase
CHEMBL463254,>,>,ug.mL-1,40.0,ug ml-1,40.0,aromatase
CHEMBL457263,>,>,ug.mL-1,40.0,ug ml-1,40.0,aromatase
CHEMBL453448,>,>,ug.mL-1,40.0,ug ml-1,40.0,aromatase
CHEMBL456062,>,>,ug.mL-1,40.0,ug ml-1,40.0,aromatase
CHEMBL457262,>,>,ug.mL-1,40.0,ug ml-1,40.0,aromatase
CHEMBL457261,>,>,ug.mL-1,40.0,ug ml-1,40.0,aromatase
CHEMBL488,=,=,nM,6400.0,uM,6.4,aromatase
CHEMBL454705,=,=,nM,7500.0,uM,7.5,aromatase
CHEMBL465881,=,=,nM,31100.0,uM,31.1,aromatase
CHEMBL465880,=,=,nM,4600.0,uM,4.6,aromatase
CHEMBL465879,=,=,nM,30000.0,uM,30.0,aromatase
CHEMBL9352,=,=,nM,17000.0,uM,17.0,aromatase
CHEMBL464007,=,=,nM,9700.0,uM,9.7,aromatase
CHEMBL457686,=,=,nM,3400.0,uM,3.4,aromatase
CHEMBL458395,=,=,nM,2200.0,uM,2.2,aromatase
CHEMBL457680,=,=,nM,400.0,uM,0.4,aromatase
CHEMBL457679,=,=,nM,100.0,uM,0.1,aromatase
CHEMBL457678,=,=,nM,100.0,uM,0.1,aromatase
CHEMBL458188,=,=,nM,31100.0,uM,31.1,aromatase
CHEMBL514745,=,=,nM,500.0,uM,0.5,aromatase
CHEMBL463638,=,=,nM,7100.0,uM,7.1,aromatase
CHEMBL458187,=,=,nM,24000.0,uM,24.0,aromatase
CHEMBL9298,=,=,nM,30.0,nM,30.0,aromatase
CHEMBL169,=,=,nM,32000.0,uM,32.0,aromatase
CHEMBL487887,>,>,nM,500000.0,uM,500.0,aromatase
CHEMBL132530,=,=,nM,800.0,uM,0.8,aromatase
CHEMBL264924,>,>,nM,500000.0,uM,500.0,aromatase
CHEMBL270215,>,>,nM,500000.0,uM,500.0,aromatase
CHEMBL454421,>,>,nM,500000.0,uM,500.0,aromatase
CHEMBL486853,>,>,nM,500000.0,uM,500.0,aromatase
CHEMBL487888,>,>,nM,500000.0,uM,500.0,aromatase
CHEMBL28,=,=,nM,10000.0,uM,10.0,aromatase
CHEMBL169,=,=,ug.mL-1,14.0,ug ml-1,14.0,aromatase
CHEMBL410525,=,=,ug.mL-1,42.7,ug ml-1,42.7,aromatase
CHEMBL459502,=,=,nM,25.0,nM,25.0,aromatase
CHEMBL459503,=,=,nM,24.9,nM,24.9,aromatase
CHEMBL513615,=,=,nM,5.3,nM,5.3,aromatase
CHEMBL496777,=,=,nM,190.3,nM,190.3,aromatase
CHEMBL495565,=,=,nM,96.0,nM,96.0,aromatase
CHEMBL495563,=,=,nM,3100.0,nM,3100.0,aromatase
CHEMBL495566,=,=,nM,46700.0,nM,46700.0,aromatase
CHEMBL495567,=,=,nM,76.0,nM,76.0,aromatase
CHEMBL523231,=,=,nM,29800.0,nM,29800.0,aromatase
CHEMBL495777,=,=,nM,1400.0,nM,1400.0,aromatase
CHEMBL523232,=,=,nM,2100.0,nM,2100.0,aromatase
CHEMBL509750,=,=,nM,47.7,nM,47.7,aromatase
CHEMBL497614,=,=,nM,5600.0,nM,5600.0,aromatase
CHEMBL495574,=,=,nM,37600.0,nM,37600.0,aromatase
CHEMBL1444,=,=,nM,6.1,nM,6.1,aromatase
CHEMBL224665,=,=,nM,2.3,uM,0.0023,aromatase
CHEMBL159073,=,=,nM,40.0,uM,0.04,aromatase
CHEMBL421149,=,=,nM,43.0,uM,0.043,aromatase
CHEMBL213588,=,=,nM,45.0,uM,0.045,aromatase
CHEMBL522917,=,=,nM,49.0,uM,0.049,aromatase
CHEMBL437731,=,=,nM,51.0,uM,0.051,aromatase
CHEMBL209731,=,=,nM,69.0,uM,0.069,aromatase
CHEMBL213587,=,=,nM,71.0,uM,0.071,aromatase
CHEMBL223874,=,=,nM,74.0,uM,0.074,aromatase
CHEMBL212473,=,=,nM,80.0,uM,0.08,aromatase
CHEMBL421829,=,=,nM,89.0,uM,0.089,aromatase
CHEMBL525379,=,=,nM,96.0,uM,0.096,aromatase
CHEMBL158984,=,=,nM,100.0,uM,0.1,aromatase
CHEMBL224787,=,=,nM,106.0,uM,0.106,aromatase
CHEMBL225079,=,=,nM,110.0,uM,0.11,aromatase
CHEMBL224228,=,=,nM,144.0,uM,0.144,aromatase
CHEMBL225499,=,=,nM,150.0,uM,0.15,aromatase
CHEMBL375046,=,=,nM,168.0,uM,0.168,aromatase
CHEMBL53068,=,=,nM,170.0,uM,0.17,aromatase
CHEMBL188664,=,=,nM,210.0,uM,0.21,aromatase
CHEMBL496375,=,=,nM,220.0,uM,0.22,aromatase
CHEMBL53290,=,=,nM,220.0,uM,0.22,aromatase
CHEMBL161230,=,=,nM,240.0,uM,0.24,aromatase
CHEMBL185950,=,=,nM,280.0,uM,0.28,aromatase
CHEMBL225472,=,=,nM,280.0,uM,0.28,aromatase
CHEMBL376786,=,=,nM,290.0,uM,0.29,aromatase
CHEMBL54803,=,=,nM,350.0,uM,0.35,aromatase
CHEMBL350922,=,=,nM,390.0,uM,0.39,aromatase
CHEMBL377766,=,=,nM,440.0,uM,0.44,aromatase
CHEMBL212168,=,=,nM,470.0,uM,0.47,aromatase
CHEMBL293122,=,=,nM,500.0,uM,0.5,aromatase
CHEMBL363493,=,=,nM,520.0,uM,0.52,aromatase
CHEMBL186079,=,=,nM,530.0,uM,0.53,aromatase
CHEMBL158635,=,=,nM,550.0,uM,0.55,aromatase
CHEMBL184749,=,=,nM,610.0,uM,0.61,aromatase
CHEMBL451201,=,=,nM,630.0,uM,0.63,aromatase
CHEMBL224649,=,=,nM,680.0,uM,0.68,aromatase
CHEMBL57513,=,=,nM,680.0,uM,0.68,aromatase
CHEMBL225178,=,=,nM,760.0,uM,0.76,aromatase
CHEMBL192306,=,=,nM,770.0,uM,0.77,aromatase
CHEMBL78322,=,=,nM,940.0,uM,0.94,aromatase
CHEMBL307160,=,=,nM,970.0,uM,0.97,aromatase
CHEMBL351167,=,=,nM,1100.0,uM,1.1,aromatase
CHEMBL224228,=,=,nM,1130.0,uM,1.13,aromatase
CHEMBL298720,=,=,nM,1380.0,uM,1.38,aromatase
CHEMBL185809,=,=,nM,1600.0,uM,1.6,aromatase
CHEMBL377626,=,=,nM,1800.0,uM,1.8,aromatase
CHEMBL189472,=,=,nM,2000.0,uM,2.0,aromatase
CHEMBL427247,=,=,nM,2100.0,uM,2.1,aromatase
CHEMBL161530,=,=,nM,2100.0,uM,2.1,aromatase
CHEMBL442373,=,=,nM,2300.0,uM,2.3,aromatase
CHEMBL56059,=,=,nM,2400.0,uM,2.4,aromatase
CHEMBL387892,=,=,nM,2820.0,uM,2.82,aromatase
CHEMBL225447,=,=,nM,2850.0,uM,2.85,aromatase
CHEMBL184051,=,=,nM,3000.0,uM,3.0,aromatase
CHEMBL299066,=,=,nM,3060.0,uM,3.06,aromatase
CHEMBL361653,=,=,nM,3100.0,uM,3.1,aromatase
CHEMBL460382,=,=,nM,3560.0,uM,3.56,aromatase
CHEMBL364326,=,=,nM,3600.0,uM,3.6,aromatase
CHEMBL388604,=,=,nM,3600.0,uM,3.6,aromatase
CHEMBL157925,=,=,nM,3700.0,uM,3.7,aromatase
CHEMBL55558,=,=,nM,3900.0,uM,3.9,aromatase
CHEMBL376371,=,=,nM,4000.0,uM,4.0,aromatase
CHEMBL209047,=,=,nM,4100.0,uM,4.1,aromatase
CHEMBL189274,=,=,nM,4700.0,uM,4.7,aromatase
CHEMBL224786,=,=,nM,5130.0,uM,5.13,aromatase
CHEMBL185819,=,=,nM,9200.0,uM,9.2,aromatase
CHEMBL448463,=,=,nM,17000.0,uM,17.0,aromatase
CHEMBL190099,=,=,nM,18000.0,uM,18.0,aromatase
CHEMBL387518,=,=,nM,26600.0,uM,26.6,aromatase
CHEMBL190208,>,>,nM,50000.0,uM,50.0,aromatase
CHEMBL191488,>,>,nM,50000.0,uM,50.0,aromatase
CHEMBL362906,>,>,nM,100000.0,uM,100.0,aromatase
CHEMBL522733,=,=,nM,55.0,nM,55.0,aromatase
CHEMBL482693,>,>,nM,98490.0,uM,98.49,aromatase
CHEMBL450666,>,>,nM,98400.0,uM,98.4,aromatase
CHEMBL476126,>,>,nM,91290.0,uM,91.29,aromatase
CHEMBL424414,>,>,nM,125700.0,uM,125.7,aromatase
CHEMBL60376,>,>,nM,115600.0,uM,115.6,aromatase
CHEMBL453417,>,>,nM,105800.0,uM,105.8,aromatase
CHEMBL45,,,,,,,aromatase
CHEMBL165,,,,,,,aromatase
CHEMBL503538,=,=,nM,31500.0,uM,31.5,aromatase
CHEMBL493174,=,=,nM,26800.0,uM,26.8,aromatase
CHEMBL454226,=,=,nM,18470.0,uM,18.47,aromatase
CHEMBL493181,=,=,nM,14800.0,uM,14.8,aromatase
CHEMBL453233,=,=,nM,5760.0,uM,5.76,aromatase
CHEMBL493182,=,=,nM,5680.0,uM,5.68,aromatase
CHEMBL492762,=,=,nM,3920.0,uM,3.92,aromatase
CHEMBL492382,=,=,nM,2720.0,uM,2.72,aromatase
CHEMBL506858,=,=,nM,2020.0,uM,2.02,aromatase
CHEMBL492763,=,=,nM,1250.0,uM,1.25,aromatase
CHEMBL490867,=,=,nM,960.0,uM,0.96,aromatase
CHEMBL493173,=,=,nM,960.0,uM,0.96,aromatase
CHEMBL455593,=,=,nM,760.0,uM,0.76,aromatase
CHEMBL488,=,=,nM,270.0,uM,0.27,aromatase
CHEMBL449065,=,=,nM,100.0,uM,0.1,aromatase
CHEMBL494713,=,=,nM,38.0,nM,38.0,aromatase
CHEMBL9298,=,=,nM,30.0,nM,30.0,aromatase
CHEMBL462879,=,=,nM,5200.0,uM,5.2,aromatase
CHEMBL260553,=,=,nM,6900.0,uM,6.9,aromatase
CHEMBL323197,=,=,nM,20700.0,uM,20.7,aromatase
CHEMBL454580,=,=,nM,25100.0,uM,25.1,aromatase
CHEMBL260553,=,=,nM,4970.0,uM,4.97,aromatase
CHEMBL389924,=,=,nM,600.0,uM,0.6,aromatase
CHEMBL389924,=,=,nM,62000.0,uM,62.0,aromatase
CHEMBL389924,=,=,nM,40950.0,uM,40.95,aromatase
CHEMBL451532,=,=,nM,5000.0,uM,5.0,aromatase
CHEMBL157101,=,=,nM,3000.0,uM,3.0,aromatase
CHEMBL252642,=,=,nM,340.0,uM,0.34,aromatase
CHEMBL253570,=,=,nM,11000.0,uM,11.0,aromatase
CHEMBL164,=,=,nM,10000.0,uM,10.0,aromatase
CHEMBL28,=,=,nM,1000.0,uM,1.0,aromatase
CHEMBL478647,=,=,nM,4590.0,uM,4.59,aromatase
CHEMBL518586,=,=,nM,870.0,uM,0.87,aromatase
CHEMBL475944,=,=,nM,1070.0,uM,1.07,aromatase
CHEMBL514514,=,=,nM,2490.0,uM,2.49,aromatase
CHEMBL475943,=,=,nM,9960.0,uM,9.96,aromatase
CHEMBL517347,=,=,nM,320.0,uM,0.32,aromatase
CHEMBL476143,=,=,nM,1060.0,uM,1.06,aromatase
CHEMBL476979,=,=,nM,1040.0,uM,1.04,aromatase
CHEMBL9298,=,=,nM,50.0,uM,0.05,aromatase
CHEMBL517816,=,=,nM,9230.0,uM,9.23,aromatase
CHEMBL478024,=,=,nM,5060.0,uM,5.06,aromatase
CHEMBL478023,=,=,nM,17300.0,uM,17.3,aromatase
CHEMBL491010,=,=,nM,13040.0,uM,13.04,aromatase
CHEMBL489360,=,=,nM,260.0,uM,0.26,aromatase
CHEMBL489359,=,=,nM,1240.0,uM,1.24,aromatase
CHEMBL490584,=,=,nM,1680.0,uM,1.68,aromatase
CHEMBL521600,=,=,nM,510.0,uM,0.51,aromatase
CHEMBL523813,=,=,nM,110.0,uM,0.11,aromatase
CHEMBL522089,=,=,nM,1320.0,uM,1.32,aromatase
CHEMBL489189,=,=,nM,1370.0,uM,1.37,aromatase
CHEMBL489188,=,=,nM,1090.0,uM,1.09,aromatase
CHEMBL489187,=,=,nM,1040.0,uM,1.04,aromatase
CHEMBL491222,=,=,nM,950.0,uM,0.95,aromatase
CHEMBL491023,=,=,nM,1000.0,uM,1.0,aromatase
CHEMBL523973,=,=,nM,580.0,uM,0.58,aromatase
CHEMBL491825,=,=,nM,1520.0,uM,1.52,aromatase
CHEMBL491824,=,=,nM,350.0,uM,0.35,aromatase
CHEMBL490194,=,=,nM,3650.0,uM,3.65,aromatase
CHEMBL491215,=,=,nM,1530.0,uM,1.53,aromatase
CHEMBL491214,=,=,nM,1510.0,uM,1.51,aromatase
CHEMBL491213,=,=,nM,190.0,uM,0.19,aromatase
CHEMBL491013,=,=,nM,1180.0,uM,1.18,aromatase
CHEMBL490187,=,=,nM,2200.0,uM,2.2,aromatase
CHEMBL489986,=,=,nM,460.0,uM,0.46,aromatase
CHEMBL521591,=,=,nM,300.0,uM,0.3,aromatase
CHEMBL490795,=,=,nM,2960.0,uM,2.96,aromatase
CHEMBL490794,=,=,nM,1200.0,uM,1.2,aromatase
CHEMBL516275,=,=,nM,2160.0,uM,2.16,aromatase
CHEMBL478648,=,=,nM,4000.0,uM,4.0,aromatase
CHEMBL8659,=,=,nM,32700.0,uM,32.7,aromatase
CHEMBL367149,=,=,nM,33200.0,uM,33.2,aromatase
CHEMBL496634,=,=,nM,16800.0,uM,16.8,aromatase
CHEMBL460026,=,=,nM,53200.0,uM,53.2,aromatase
CHEMBL15594,=,=,nM,28200.0,uM,28.2,aromatase
CHEMBL8739,=,=,nM,44200.0,uM,44.2,aromatase
CHEMBL267476,=,=,nM,48000.0,uM,48.0,aromatase
CHEMBL469260,=,=,nM,11.5,uM,0.0115,aromatase
CHEMBL1399,=,=,nM,10.0,nM,10.0,aromatase
CHEMBL1444,=,=,nM,11.5,nM,11.5,aromatase
CHEMBL488,=,=,nM,29750.0,uM,29.75,aromatase
CHEMBL468419,=,=,nM,30.0,uM,0.03,aromatase
CHEMBL513168,=,=,nM,1620.0,uM,1.62,aromatase
CHEMBL468410,=,=,nM,18.7,uM,0.0187,aromatase
CHEMBL512994,=,=,nM,93.8,uM,0.0938,aromatase
CHEMBL205177,=,=,nM,19.3,nM,19.3,aromatase
CHEMBL480321,=,=,nM,14.3,nM,14.3,aromatase
CHEMBL479942,=,=,nM,3044.0,nM,3044.0,aromatase
CHEMBL1444,=,=,nM,0.89,nM,0.89,aromatase
CHEMBL479559,=,=,nM,3.2,nM,3.2,aromatase
CHEMBL518761,=,=,nM,3.0,nM,3.0,aromatase
CHEMBL479551,=,=,nM,12.0,nM,12.0,aromatase
CHEMBL479366,=,=,nM,13.0,nM,13.0,aromatase
CHEMBL479928,=,=,nM,43.0,nM,43.0,aromatase
CHEMBL479737,=,=,nM,99.0,nM,99.0,aromatase
CHEMBL286738,=,=,nM,300.0,nM,300.0,aromatase
CHEMBL500976,=,=,nM,3.4,nM,3.4,aromatase
CHEMBL453736,=,=,nM,0.6,nM,0.6,aromatase
CHEMBL481091,=,=,nM,1.8,nM,1.8,aromatase
CHEMBL479385,=,=,nM,5.5,nM,5.5,aromatase
CHEMBL519937,=,=,nM,7.2,nM,7.2,aromatase
CHEMBL480516,=,=,nM,215.0,nM,215.0,aromatase
CHEMBL480515,=,=,nM,169.0,nM,169.0,aromatase
CHEMBL480451,=,=,nM,10.0,nM,10.0,aromatase
CHEMBL480514,=,=,nM,178.0,nM,178.0,aromatase
CHEMBL455832,=,=,nM,2457.0,nM,2457.0,aromatase
CHEMBL481092,=,=,nM,3.2,nM,3.2,aromatase
CHEMBL100749,=,=,nM,2.59,nM,2.59,aromatase
CHEMBL224060,=,=,nM,44.2,nM,44.2,aromatase
CHEMBL519436,=,=,nM,1.38,nM,1.38,aromatase
CHEMBL480718,=,=,nM,680.0,nM,680.0,aromatase
CHEMBL365735,=,=,nM,5700.0,uM,5.7,aromatase
CHEMBL362968,=,=,nM,600.0,uM,0.6,aromatase
CHEMBL196796,>,>,nM,36000.0,uM,36.0,aromatase
CHEMBL9298,=,=,nM,30.0,nM,30.0,aromatase
CHEMBL13784,=,=,nM,130.0,uM,0.13,aromatase
CHEMBL377770,=,=,nM,880.0,uM,0.88,aromatase
CHEMBL441367,=,=,nM,70.0,uM,0.07,aromatase
CHEMBL349822,=,=,nM,1200.0,uM,1.2,aromatase
CHEMBL212741,=,=,nM,24500.0,uM,24.5,aromatase
CHEMBL76904,=,=,nM,70600.0,uM,70.6,aromatase
CHEMBL441367,=,=,nM,70.0,nM,70.0,aromatase
CHEMBL586557,=,=,nM,24400.0,uM,24.4,aromatase
CHEMBL576579,=,=,nM,16500.0,uM,16.5,aromatase
CHEMBL157101,=,=,nM,800.0,uM,0.8,aromatase
CHEMBL574960,=,=,nM,9800.0,uM,9.8,aromatase
CHEMBL572637,=,=,nM,678.0,uM,0.678,aromatase
CHEMBL583989,=,=,nM,15500.0,uM,15.5,aromatase
CHEMBL582837,=,=,nM,126000.0,uM,126.0,aromatase
CHEMBL583310,=,=,nM,176000.0,uM,176.0,aromatase
CHEMBL488,=,=,nM,10000.0,uM,10.0,aromatase
CHEMBL132530,=,=,nM,92.0,uM,0.092,aromatase
CHEMBL583076,=,=,nM,274.0,uM,0.274,aromatase
CHEMBL604716,=,=,nM,0.3,nM,0.3,aromatase
CHEMBL599239,=,=,nM,0.35,nM,0.35,aromatase
CHEMBL596779,=,=,nM,0.5,nM,0.5,aromatase
CHEMBL592131,=,=,nM,0.5,nM,0.5,aromatase
CHEMBL1444,=,=,nM,0.89,nM,0.89,aromatase
CHEMBL1399,=,=,nM,1.5,nM,1.5,aromatase
CHEMBL598212,=,=,nM,1.9,nM,1.9,aromatase
CHEMBL598199,=,=,nM,2.0,nM,2.0,aromatase
CHEMBL599238,=,=,nM,2.4,nM,2.4,aromatase
CHEMBL597403,=,=,nM,17.5,nM,17.5,aromatase
CHEMBL598009,=,=,nM,70.0,nM,70.0,aromatase
CHEMBL598628,=,=,nM,80.0,nM,80.0,aromatase
CHEMBL599442,=,=,nM,146.0,nM,146.0,aromatase
CHEMBL592376,=,=,nM,176.0,nM,176.0,aromatase
CHEMBL598629,=,=,nM,275.0,nM,275.0,aromatase
CHEMBL598627,=,=,nM,280.0,nM,280.0,aromatase
CHEMBL609618,=,=,nM,284.0,nM,284.0,aromatase
CHEMBL286738,=,=,nM,300.0,nM,300.0,aromatase
CHEMBL598211,=,=,nM,571.0,nM,571.0,aromatase
CHEMBL592852,=,=,nM,0.2,nM,0.2,aromatase
CHEMBL597606,=,=,nM,0.2,nM,0.2,aromatase
CHEMBL597808,=,=,nM,0.15,nM,0.15,aromatase
CHEMBL599864,=,=,nM,0.22,nM,0.22,aromatase
CHEMBL589247,=,=,nM,14.4,nM,14.4,aromatase
CHEMBL609332,=,=,nM,74.0,nM,74.0,aromatase
CHEMBL599455,=,=,nM,29.3,nM,29.3,aromatase
CHEMBL599456,=,=,nM,19.0,nM,19.0,aromatase
CHEMBL609333,=,=,nM,52.0,nM,52.0,aromatase
CHEMBL601840,=,=,nM,112.0,nM,112.0,aromatase
CHEMBL598846,=,=,nM,24.0,nM,24.0,aromatase
CHEMBL598847,=,=,nM,210.0,nM,210.0,aromatase
CHEMBL608153,=,=,nM,4.6,nM,4.6,aromatase
CHEMBL607855,=,=,nM,920.0,nM,920.0,aromatase
CHEMBL598020,=,=,nM,380.0,nM,380.0,aromatase
CHEMBL589738,=,=,nM,1.7,nM,1.7,aromatase
CHEMBL598223,=,=,nM,0.8,nM,0.8,aromatase
CHEMBL598224,=,=,nM,0.5,nM,0.5,aromatase
CHEMBL605418,=,=,nM,6.0,nM,6.0,aromatase
CHEMBL597416,=,=,nM,0.1,nM,0.1,aromatase
CHEMBL589974,=,=,nM,0.22,nM,0.22,aromatase
CHEMBL1088570,>,>,nM,100000.0,uM,100.0,aromatase
CHEMBL224060,=,=,nM,1.38,nM,1.38,aromatase
CHEMBL516643,=,=,nM,2.3,nM,2.3,aromatase
CHEMBL29482,=,=,nM,3.0,nM,3.0,aromatase
CHEMBL9298,=,=,nM,5.0,nM,5.0,aromatase
CHEMBL1097041,=,=,nM,13.0,nM,13.0,aromatase
CHEMBL1399,=,=,nM,15.0,nM,15.0,aromatase
CHEMBL1097042,=,=,nM,20.0,nM,20.0,aromatase
CHEMBL1097043,=,=,nM,32.0,nM,32.0,aromatase
CHEMBL1095413,=,=,nM,40.0,nM,40.0,aromatase
CHEMBL294361,=,=,nM,61.0,nM,61.0,aromatase
CHEMBL1094426,=,=,nM,71.8,nM,71.8,aromatase
CHEMBL223874,=,=,nM,74.0,nM,74.0,aromatase
CHEMBL1094427,=,=,nM,85.0,nM,85.0,aromatase
CHEMBL1094428,=,=,nM,102.0,nM,102.0,aromatase
CHEMBL1098737,=,=,nM,110.0,nM,110.0,aromatase
CHEMBL1098424,=,=,nM,160.0,nM,160.0,aromatase
CHEMBL1098425,=,=,nM,160.0,nM,160.0,aromatase
CHEMBL300109,=,=,nM,160.0,nM,160.0,aromatase
CHEMBL1098426,=,=,nM,200.0,nM,200.0,aromatase
CHEMBL389433,=,=,nM,5.0,nM,5.0,aromatase
CHEMBL1444,=,=,nM,11.5,nM,11.5,aromatase
CHEMBL283196,=,=,nM,70.0,nM,70.0,aromatase
CHEMBL93828,=,=,nM,200.0,nM,200.0,aromatase
CHEMBL1096744,=,=,nM,210.0,nM,210.0,aromatase
CHEMBL214932,=,=,nM,310.0,nM,310.0,aromatase
CHEMBL91,=,=,nM,600.0,nM,600.0,aromatase
CHEMBL28,=,=,nM,900.0,nM,900.0,aromatase
CHEMBL1098382,=,=,nM,1.0,nM,1.0,aromatase
CHEMBL117,=,=,nM,1.0,nM,1.0,aromatase
CHEMBL104,=,=,nM,1.8,nM,1.8,aromatase
CHEMBL1097371,=,=,nM,2.0,nM,2.0,aromatase
CHEMBL294878,=,=,nM,2.0,nM,2.0,aromatase
CHEMBL9352,=,=,nM,2.9,nM,2.9,aromatase
CHEMBL1096024,=,=,nM,3.5,nM,3.5,aromatase
CHEMBL488,=,=,nM,5.2,nM,5.2,aromatase
CHEMBL1096439,=,=,nM,6.9,nM,6.9,aromatase
CHEMBL50,=,=,nM,12.0,nM,12.0,aromatase
CHEMBL275638,=,=,nM,8.0,nM,8.0,aromatase
CHEMBL300814,=,=,nM,8.7,nM,8.7,aromatase
CHEMBL1097980,=,=,nM,8.8,nM,8.8,aromatase
CHEMBL441260,=,=,nM,15.0,nM,15.0,aromatase
CHEMBL1097763,=,=,nM,17.2,nM,17.2,aromatase
CHEMBL1097764,=,=,nM,55.0,nM,55.0,aromatase
CHEMBL157101,=,=,nM,60.0,nM,60.0,aromatase
CHEMBL1099308,=,=,nM,7.0,nM,7.0,aromatase
CHEMBL131921,=,=,nM,10.2,nM,10.2,aromatase
CHEMBL1094331,=,=,nM,13.7,nM,13.7,aromatase
CHEMBL1094149,=,=,nM,17.2,nM,17.2,aromatase
CHEMBL276915,=,=,nM,30.5,nM,30.5,aromatase
CHEMBL369471,=,=,nM,6.0,nM,6.0,aromatase
CHEMBL1094154,=,=,nM,6.0,nM,6.0,aromatase
CHEMBL9165,=,=,nM,200.0,nM,200.0,aromatase
CHEMBL52,=,=,nM,11.0,nM,11.0,aromatase
CHEMBL1083353,=,=,nM,3.98,nM,3.98,aromatase
CHEMBL1085936,=,=,nM,5.59,nM,5.59,aromatase
CHEMBL1083653,=,=,nM,11.45,nM,11.45,aromatase
CHEMBL1083665,=,=,nM,16.5,nM,16.5,aromatase
CHEMBL1083971,=,=,nM,17.0,nM,17.0,aromatase
CHEMBL159073,=,=,nM,40.0,nM,40.0,aromatase
CHEMBL9298,=,=,nM,52.0,nM,52.0,aromatase
CHEMBL1083663,=,=,nM,53.0,nM,53.0,aromatase
CHEMBL1083970,=,=,nM,101.0,nM,101.0,aromatase
CHEMBL1083652,=,=,nM,150.0,nM,150.0,aromatase
CHEMBL1082760,=,=,nM,389.2,nM,389.2,aromatase
CHEMBL350922,=,=,nM,390.0,nM,390.0,aromatase
CHEMBL1083664,=,=,nM,1900.0,nM,1900.0,aromatase
CHEMBL1083354,=,=,nM,7900.0,nM,7900.0,aromatase
CHEMBL324290,=,=,nM,590.0,uM,0.59,aromatase
CHEMBL1170662,=,=,nM,760.0,uM,0.76,aromatase
CHEMBL1173641,=,=,nM,11140.0,uM,11.14,aromatase
CHEMBL1173699,=,=,nM,1820.0,uM,1.82,aromatase
CHEMBL1173700,=,=,nM,980.0,uM,0.98,aromatase
CHEMBL1172937,=,=,nM,14510.0,uM,14.51,aromatase
CHEMBL1173001,,,,,,,aromatase
CHEMBL1173002,,,,,,,aromatase
CHEMBL1173003,,,,,,,aromatase
CHEMBL314774,,,,,,,aromatase
CHEMBL1173065,=,=,nM,16420.0,uM,16.42,aromatase
CHEMBL1173066,,,,,,,aromatase
CHEMBL87477,=,=,nM,900.0,uM,0.9,aromatase
CHEMBL1173067,=,=,nM,3570.0,uM,3.57,aromatase
CHEMBL1170663,=,=,nM,2280.0,uM,2.28,aromatase
CHEMBL1173129,=,=,nM,21860.0,uM,21.86,aromatase
CHEMBL1173130,=,=,nM,8490.0,uM,8.49,aromatase
CHEMBL1173131,=,=,nM,8330.0,uM,8.33,aromatase
CHEMBL1173509,,,,,,,aromatase
CHEMBL1173573,=,=,nM,3080.0,uM,3.08,aromatase
CHEMBL1173574,,,,,,,aromatase
CHEMBL210300,,,,,,,aromatase
CHEMBL1172907,,,,,,,aromatase
CHEMBL1172908,,,,,,,aromatase
CHEMBL1172973,,,,,,,aromatase
CHEMBL179374,,,,,,,aromatase
CHEMBL1172974,,,,,,,aromatase
CHEMBL1173611,,,,,,,aromatase
CHEMBL1171818,=,=,nM,2760.0,uM,2.76,aromatase
CHEMBL1171680,=,=,nM,670.0,uM,0.67,aromatase
CHEMBL86928,=,=,nM,2790.0,uM,2.79,aromatase
CHEMBL1172396,=,=,nM,3210.0,uM,3.21,aromatase
CHEMBL1171628,=,=,nM,7470.0,uM,7.47,aromatase
CHEMBL1171091,=,=,nM,8510.0,uM,8.51,aromatase
CHEMBL231936,,,,,,,aromatase
CHEMBL83527,,,,,,,aromatase
CHEMBL1172400,=,=,nM,2940.0,uM,2.94,aromatase
CHEMBL1172401,,,,,,,aromatase
CHEMBL1172402,=,=,nM,5000.0,uM,5.0,aromatase
CHEMBL490673,,,,,,,aromatase
CHEMBL162549,=,=,nM,190.0,uM,0.19,aromatase
CHEMBL162431,=,=,nM,1840.0,uM,1.84,aromatase
CHEMBL1170678,=,=,nM,70.0,uM,0.07,aromatase
CHEMBL1170893,=,=,nM,36.0,uM,0.036,aromatase
CHEMBL1172882,=,=,nM,663.0,nM,663.0,aromatase
CHEMBL1173259,=,=,nM,12000.0,nM,12000.0,aromatase
CHEMBL1173260,=,=,nM,1670.0,nM,1670.0,aromatase
CHEMBL1173335,=,=,nM,5750.0,nM,5750.0,aromatase
CHEMBL1172779,=,=,nM,2440.0,nM,2440.0,aromatase
CHEMBL1172847,=,=,nM,9500.0,nM,9500.0,aromatase
CHEMBL1171987,=,=,nM,2830.0,nM,2830.0,aromatase
CHEMBL1173326,=,=,nM,5060.0,nM,5060.0,aromatase
CHEMBL1171991,=,=,nM,49500.0,nM,49500.0,aromatase
CHEMBL1172842,=,=,nM,48700.0,nM,48700.0,aromatase
CHEMBL157101,>,>,nM,50000.0,nM,50000.0,aromatase
CHEMBL254328,>,>,nM,50000.0,nM,50000.0,aromatase
CHEMBL1173327,=,=,nM,24560.0,nM,24560.0,aromatase
CHEMBL1215664,=,=,nM,3070.0,nM,3070.0,aromatase
CHEMBL1215665,=,=,nM,24500.0,nM,24500.0,aromatase
CHEMBL1171987,=,=,nM,2830.0,nM,2830.0,aromatase
CHEMBL1173327,>,>,nM,25000.0,nM,25000.0,aromatase
CHEMBL1172882,=,=,nM,663.0,nM,663.0,aromatase
CHEMBL1172779,=,=,nM,2440.0,nM,2440.0,aromatase
CHEMBL1173260,=,=,nM,2693.0,nM,2693.0,aromatase
CHEMBL1215730,,,,,,,aromatase
CHEMBL1215732,,,,,,,aromatase
CHEMBL1214660,,,,,,,aromatase
CHEMBL1214735,,,,,,,aromatase
CHEMBL1214736,,,,,,,aromatase
CHEMBL1214737,,,,,,,aromatase
CHEMBL1214739,,,,,,,aromatase
CHEMBL364080,=,=,nM,2040.0,uM,2.04,aromatase
CHEMBL363621,=,=,nM,3550.0,uM,3.55,aromatase
CHEMBL193606,=,=,nM,6580.0,uM,6.58,aromatase
CHEMBL365120,=,=,nM,3790.0,uM,3.79,aromatase
CHEMBL193997,=,=,nM,2540.0,uM,2.54,aromatase
CHEMBL383806,=,=,nM,2490.0,uM,2.49,aromatase
CHEMBL383807,=,=,nM,4260.0,uM,4.26,aromatase
CHEMBL193652,=,=,nM,4050.0,uM,4.05,aromatase
CHEMBL194440,=,=,nM,7830.0,uM,7.83,aromatase
CHEMBL176118,=,=,nM,7370.0,uM,7.37,aromatase
CHEMBL176609,=,=,nM,4310.0,uM,4.31,aromatase
CHEMBL176101,=,=,nM,5570.0,uM,5.57,aromatase
CHEMBL362441,=,=,nM,1130.0,uM,1.13,aromatase
CHEMBL176098,=,=,nM,4000.0,uM,4.0,aromatase
CHEMBL366669,=,=,nM,980.0,uM,0.98,aromatase
CHEMBL425323,=,=,nM,7080.0,uM,7.08,aromatase
CHEMBL176886,=,=,nM,7680.0,uM,7.68,aromatase
CHEMBL175550,=,=,nM,3930.0,uM,3.93,aromatase
CHEMBL366570,=,=,nM,4600.0,uM,4.6,aromatase
CHEMBL368305,=,=,nM,4720.0,uM,4.72,aromatase
CHEMBL176009,=,=,nM,12630.0,uM,12.63,aromatase
CHEMBL366490,=,=,nM,1810.0,uM,1.81,aromatase
CHEMBL176076,=,=,nM,180.0,uM,0.18,aromatase
CHEMBL176287,=,=,nM,130.0,uM,0.13,aromatase
CHEMBL369623,=,=,nM,230.0,uM,0.23,aromatase
CHEMBL175962,=,=,nM,6700.0,uM,6.7,aromatase
CHEMBL179149,=,=,nM,12730.0,uM,12.73,aromatase
CHEMBL360026,=,=,nM,650.0,uM,0.65,aromatase
CHEMBL424960,=,=,nM,1550.0,uM,1.55,aromatase
CHEMBL179144,=,=,nM,800.0,uM,0.8,aromatase
CHEMBL175554,=,=,nM,5430.0,uM,5.43,aromatase
CHEMBL175799,=,=,nM,1990.0,uM,1.99,aromatase
CHEMBL366773,=,=,nM,3400.0,uM,3.4,aromatase
CHEMBL179222,=,=,nM,3960.0,uM,3.96,aromatase
CHEMBL175609,=,=,nM,3720.0,uM,3.72,aromatase
CHEMBL175979,=,=,nM,800.0,uM,0.8,aromatase
CHEMBL193496,=,=,nM,1010.0,uM,1.01,aromatase
CHEMBL365314,=,=,nM,280.0,uM,0.28,aromatase
CHEMBL370281,=,=,nM,770.0,uM,0.77,aromatase
CHEMBL193858,=,=,nM,90.0,uM,0.09,aromatase
CHEMBL371742,=,=,nM,1280.0,uM,1.28,aromatase
CHEMBL192077,=,=,nM,1710.0,uM,1.71,aromatase
CHEMBL192155,=,=,nM,4330.0,uM,4.33,aromatase
CHEMBL195354,=,=,nM,4830.0,uM,4.83,aromatase
CHEMBL195248,=,=,nM,7450.0,uM,7.45,aromatase
CHEMBL370530,=,=,nM,720.0,uM,0.72,aromatase
CHEMBL363849,=,=,nM,1940.0,uM,1.94,aromatase
CHEMBL194928,=,=,nM,4810.0,uM,4.81,aromatase
CHEMBL383145,=,=,nM,2740.0,uM,2.74,aromatase
CHEMBL370317,=,=,nM,3680.0,uM,3.68,aromatase
CHEMBL373074,=,=,nM,2800.0,uM,2.8,aromatase
CHEMBL193555,=,=,nM,4060.0,uM,4.06,aromatase
CHEMBL364080,=,=,nM,2041737.94,,2.69,aromatase
CHEMBL363621,=,=,nM,3548133.89,,2.45,aromatase
CHEMBL193606,=,=,nM,6576578.37,,2.182,aromatase
CHEMBL365120,=,=,nM,3793149.85,,2.421,aromatase
CHEMBL193997,=,=,nM,2540972.71,,2.595,aromatase
CHEMBL383806,=,=,nM,2488857.32,,2.604,aromatase
CHEMBL383807,=,=,nM,4255984.13,,2.371,aromatase
CHEMBL193652,=,=,nM,4045758.92,,2.393,aromatase
CHEMBL194440,=,=,nM,7834296.43,,2.106,aromatase
CHEMBL176118,=,=,nM,7362070.97,,2.133,aromatase
CHEMBL176609,=,=,nM,4305266.1,,2.366,aromatase
CHEMBL176101,=,=,nM,5571857.49,,2.254,aromatase
CHEMBL362441,=,=,nM,1129795.91,,2.947,aromatase
CHEMBL176098,=,=,nM,3999447.5,,2.398,aromatase
CHEMBL366669,=,=,nM,979489.99,,3.009,aromatase
CHEMBL425323,=,=,nM,7079457.84,,2.15,aromatase
CHEMBL176886,=,=,nM,7673614.89,,2.115,aromatase
CHEMBL175550,=,=,nM,3926449.35,,2.406,aromatase
CHEMBL366570,=,=,nM,4602565.74,,2.337,aromatase
CHEMBL368305,=,=,nM,4720630.41,,2.326,aromatase
CHEMBL176009,=,=,nM,12618275.35,,1.899,aromatase
CHEMBL366490,=,=,nM,1811340.09,,2.742,aromatase
CHEMBL176076,=,=,nM,179887.09,,3.745,aromatase
CHEMBL176287,=,=,nM,130016.96,,3.886,aromatase
CHEMBL369623,=,=,nM,230144.18,,3.638,aromatase
CHEMBL175962,=,=,nM,6698846.09,,2.174,aromatase
CHEMBL179149,=,=,nM,12735030.81,,1.895,aromatase
CHEMBL360026,=,=,nM,650129.69,,3.187,aromatase
CHEMBL424960,=,=,nM,1548816.62,,2.81,aromatase
CHEMBL179144,=,=,nM,799834.26,,3.097,aromatase
CHEMBL175554,=,=,nM,5432503.31,,2.265,aromatase
CHEMBL175799,=,=,nM,1990673.34,,2.701,aromatase
CHEMBL366773,=,=,nM,3396252.73,,2.469,aromatase
CHEMBL179222,=,=,nM,3962780.34,,2.402,aromatase
CHEMBL175609,=,=,nM,3723917.06,,2.429,aromatase
CHEMBL175979,=,=,nM,799834.26,,3.097,aromatase
CHEMBL193496,=,=,nM,1009252.89,,2.996,aromatase
CHEMBL365314,=,=,nM,279898.13,,3.553,aromatase
CHEMBL370281,=,=,nM,769130.44,,3.114,aromatase
CHEMBL193858,=,=,nM,89949.76,,4.046,aromatase
CHEMBL371742,=,=,nM,1279381.3,,2.893,aromatase
CHEMBL192077,=,=,nM,1710015.32,,2.767,aromatase
CHEMBL192155,=,=,nM,4325138.31,,2.364,aromatase
CHEMBL195354,=,=,nM,4830588.02,,2.316,aromatase
CHEMBL195248,=,=,nM,7447319.74,,2.128,aromatase
CHEMBL370530,=,=,nM,719448.98,,3.143,aromatase
CHEMBL363849,=,=,nM,1940885.88,,2.712,aromatase
CHEMBL194928,=,=,nM,4808393.48,,2.318,aromatase
CHEMBL383145,=,=,nM,2741574.17,,2.562,aromatase
CHEMBL370317,=,=,nM,3681289.74,,2.434,aromatase
CHEMBL373074,=,=,nM,2798981.32,,2.553,aromatase
CHEMBL193555,=,=,nM,4064433.29,,2.391,aromatase
CHEMBL1629800,=,=,nM,225.0,uM,0.225,aromatase
CHEMBL1629801,=,=,nM,30000.0,uM,30.0,aromatase
CHEMBL1629802,=,=,nM,145.0,uM,0.145,aromatase
CHEMBL1629803,=,=,nM,6500.0,uM,6.5,aromatase
CHEMBL132530,=,=,nM,42.0,uM,0.042,aromatase
CHEMBL1629804,=,=,nM,60.0,uM,0.06,aromatase
CHEMBL1629805,=,=,nM,49.0,uM,0.049,aromatase
CHEMBL1629806,=,=,nM,190.0,uM,0.19,aromatase
CHEMBL1630261,=,=,nM,50.0,uM,0.05,aromatase
CHEMBL1630260,=,=,nM,1500.0,uM,1.5,aromatase
CHEMBL1630262,=,=,nM,1800.0,uM,1.8,aromatase
CHEMBL1630263,=,=,nM,640.0,uM,0.64,aromatase
CHEMBL1630264,=,=,nM,660.0,uM,0.66,aromatase
CHEMBL1630265,=,=,nM,3600.0,uM,3.6,aromatase
CHEMBL1630266,=,=,nM,1000.0,uM,1.0,aromatase
CHEMBL1630267,=,=,nM,940.0,uM,0.94,aromatase
CHEMBL1630268,=,=,nM,280.0,uM,0.28,aromatase
CHEMBL1630269,=,=,nM,700.0,uM,0.7,aromatase
CHEMBL1630270,=,=,nM,1000.0,uM,1.0,aromatase
CHEMBL1630271,=,=,nM,11000.0,uM,11.0,aromatase
CHEMBL1630272,=,=,nM,860.0,uM,0.86,aromatase
CHEMBL1630273,=,=,nM,6800.0,uM,6.8,aromatase
CHEMBL1630274,=,=,nM,31.0,uM,0.031,aromatase
CHEMBL1630275,=,=,nM,150000.0,uM,150.0,aromatase
CHEMBL1630276,=,=,nM,1800.0,uM,1.8,aromatase
CHEMBL1630277,=,=,nM,4500.0,uM,4.5,aromatase
CHEMBL1630278,=,=,nM,5500.0,uM,5.5,aromatase
CHEMBL1630279,=,=,nM,2400.0,uM,2.4,aromatase
CHEMBL1630280,=,=,nM,670.0,uM,0.67,aromatase
CHEMBL1630909,=,=,nM,1850.0,uM,1.85,aromatase
CHEMBL1630910,=,=,nM,660.0,uM,0.66,aromatase
CHEMBL1630911,=,=,nM,6900.0,uM,6.9,aromatase
CHEMBL9298,=,=,nM,30.0,nM,30.0,aromatase
CHEMBL488513,>,>,nM,16200.0,uM,16.2,aromatase
CHEMBL1668326,>,>,nM,16900.0,uM,16.9,aromatase
CHEMBL1668327,>,>,nM,16100.0,uM,16.1,aromatase
CHEMBL1668328,>,>,nM,16800.0,uM,16.8,aromatase
CHEMBL488848,>,>,nM,15300.0,uM,15.3,aromatase
CHEMBL1668329,>,>,nM,16200.0,uM,16.2,aromatase
CHEMBL157101,=,=,nM,2400.0,uM,2.4,aromatase
CHEMBL108425,=,=,nM,0.5,nM,0.5,aromatase
CHEMBL430879,=,=,nM,100.0,nM,100.0,aromatase
CHEMBL108483,=,=,nM,0.82,nM,0.82,aromatase
CHEMBL598199,=,=,nM,2.0,nM,2.0,aromatase
CHEMBL592131,=,=,nM,0.5,nM,0.5,aromatase
CHEMBL1672974,=,=,nM,0.1,nM,0.1,aromatase
CHEMBL1672975,=,=,nM,0.05,nM,0.05,aromatase
CHEMBL1672976,=,=,nM,0.21,nM,0.21,aromatase
CHEMBL1672977,=,=,nM,0.15,nM,0.15,aromatase
CHEMBL1672978,=,=,nM,0.015,nM,0.015,aromatase
CHEMBL1672979,=,=,nM,0.018,nM,0.018,aromatase
CHEMBL1672980,=,=,nM,0.015,nM,0.015,aromatase
CHEMBL1672981,=,=,nM,0.47,nM,0.47,aromatase
CHEMBL1672982,=,=,nM,0.75,nM,0.75,aromatase
CHEMBL225499,=,=,nM,150.0,uM,0.15,aromatase
CHEMBL1688893,=,=,nM,114.0,uM,0.114,aromatase
CHEMBL1688891,=,=,nM,113.0,uM,0.113,aromatase
CHEMBL1688890,=,=,nM,130.0,uM,0.13,aromatase
CHEMBL1688892,=,=,nM,235.0,uM,0.235,aromatase
CHEMBL1688894,=,=,nM,207.0,uM,0.207,aromatase
CHEMBL1688895,=,=,nM,141.0,uM,0.141,aromatase
CHEMBL1688896,=,=,nM,267.0,uM,0.267,aromatase
CHEMBL1688897,=,=,nM,178.0,uM,0.178,aromatase
CHEMBL1688898,=,=,nM,127.0,uM,0.127,aromatase
CHEMBL1688899,=,=,nM,481.0,uM,0.481,aromatase
CHEMBL1688900,=,=,nM,169.0,uM,0.169,aromatase
CHEMBL1688901,=,=,nM,165.0,uM,0.165,aromatase
CHEMBL437731,=,=,nM,51.0,uM,0.051,aromatase
CHEMBL1688902,=,=,nM,72.0,uM,0.072,aromatase
CHEMBL1688903,=,=,nM,72.0,uM,0.072,aromatase
CHEMBL1688904,=,=,nM,292.0,uM,0.292,aromatase
CHEMBL1688905,=,=,nM,690.0,uM,0.69,aromatase
CHEMBL1688906,=,=,nM,112.0,uM,0.112,aromatase
CHEMBL1688907,=,=,nM,164.0,uM,0.164,aromatase
CHEMBL1688908,=,=,nM,296.0,uM,0.296,aromatase
CHEMBL1688909,=,=,nM,81.0,uM,0.081,aromatase
CHEMBL1688910,=,=,nM,70.0,uM,0.07,aromatase
CHEMBL1688911,=,=,nM,47.0,uM,0.047,aromatase
CHEMBL1688912,=,=,nM,105.0,uM,0.105,aromatase
CHEMBL1688913,=,=,nM,3750.0,uM,3.75,aromatase
CHEMBL225472,=,=,nM,280.0,uM,0.28,aromatase
CHEMBL1688914,=,=,nM,455.0,uM,0.455,aromatase
CHEMBL1688915,=,=,nM,67.0,uM,0.067,aromatase
CHEMBL1688916,=,=,nM,317.0,uM,0.317,aromatase
CHEMBL1688917,=,=,nM,532.0,uM,0.532,aromatase
CHEMBL1688918,=,=,nM,4010.0,uM,4.01,aromatase
CHEMBL387892,=,=,nM,2820.0,uM,2.82,aromatase
CHEMBL1688919,=,=,nM,313.0,uM,0.313,aromatase
CHEMBL9298,=,=,nM,52.0,uM,0.052,aromatase
CHEMBL1689257,=,=,nM,30700.0,uM,30.7,aromatase
CHEMBL1689258,=,=,nM,32300.0,uM,32.3,aromatase
CHEMBL1689259,=,=,nM,26800.0,uM,26.8,aromatase
CHEMBL518414,=,=,nM,35300.0,uM,35.3,aromatase
CHEMBL9298,=,=,nM,30.0,nM,30.0,aromatase
CHEMBL1444,=,=,nM,18.0,uM,0.018,aromatase
CHEMBL488,=,=,nM,5800.0,uM,5.8,aromatase
CHEMBL404225,=,=,nM,4300.0,uM,4.3,aromatase
CHEMBL255108,=,=,nM,1540.0,uM,1.54,aromatase
CHEMBL256665,=,=,nM,630.0,uM,0.63,aromatase
CHEMBL1783176,=,=,nM,36.0,uM,0.036,aromatase
CHEMBL1783178,=,=,nM,534.0,uM,0.534,aromatase
CHEMBL1783178,=,=,nM,34.0,uM,0.034,aromatase
CHEMBL1783178,=,=,nM,78.0,uM,0.078,aromatase
CHEMBL1783177,=,=,nM,32.0,uM,0.032,aromatase
CHEMBL95109,=,=,nM,91.0,uM,0.091,aromatase
CHEMBL95109,=,=,nM,60.0,uM,0.06,aromatase
CHEMBL95109,=,=,nM,600.0,uM,0.6,aromatase
CHEMBL1444,=,=,nM,4.2,nM,4.2,aromatase
CHEMBL1784788,=,=,nM,441.0,nM,441.0,aromatase
CHEMBL1485809,=,=,nM,16.5,nM,16.5,aromatase
CHEMBL1784789,=,=,nM,119.0,nM,119.0,aromatase
CHEMBL1784790,=,=,nM,21700.0,nM,21700.0,aromatase
CHEMBL1784791,=,=,nM,59.2,nM,59.2,aromatase
CHEMBL1784792,=,=,nM,5790.0,nM,5790.0,aromatase
CHEMBL1784793,=,=,nM,991.0,nM,991.0,aromatase
CHEMBL1784794,=,=,nM,10600.0,nM,10600.0,aromatase
CHEMBL1784795,>,>,nM,25000.0,nM,25000.0,aromatase
CHEMBL1784796,=,=,nM,3500.0,nM,3500.0,aromatase
CHEMBL1784797,=,=,nM,3100.0,nM,3100.0,aromatase
CHEMBL1784798,=,=,nM,248.0,nM,248.0,aromatase
CHEMBL1784800,=,=,nM,3100.0,nM,3100.0,aromatase
CHEMBL1784801,=,=,nM,9.4,nM,9.4,aromatase
CHEMBL1784803,=,=,nM,498.0,nM,498.0,aromatase
CHEMBL1784804,=,=,nM,78.8,nM,78.8,aromatase
CHEMBL1784805,=,=,nM,66.5,nM,66.5,aromatase
CHEMBL1521315,=,=,nM,1000.0,nM,1000.0,aromatase
CHEMBL1389987,=,=,nM,10600.0,nM,10600.0,aromatase
CHEMBL1784806,=,=,nM,761.0,nM,761.0,aromatase
CHEMBL1303900,=,=,nM,172.0,nM,172.0,aromatase
CHEMBL1784807,=,=,nM,61.6,nM,61.6,aromatase
CHEMBL1351273,=,=,nM,63.7,nM,63.7,aromatase
CHEMBL1784808,=,=,nM,440.0,nM,440.0,aromatase
CHEMBL1538978,=,=,nM,2500.0,nM,2500.0,aromatase
CHEMBL1784809,=,=,nM,100.0,nM,100.0,aromatase
CHEMBL1784810,=,=,nM,13200.0,nM,13200.0,aromatase
CHEMBL1784811,=,=,nM,34.5,nM,34.5,aromatase
CHEMBL1784812,=,=,nM,46.7,nM,46.7,aromatase
CHEMBL1784813,=,=,nM,499.0,nM,499.0,aromatase
CHEMBL224789,=,=,nM,8.0,uM,0.008,aromatase
CHEMBL1824742,=,=,nM,4700.0,uM,4.7,aromatase
CHEMBL1824743,=,=,nM,5070.0,uM,5.07,aromatase
CHEMBL1824744,=,=,nM,10600.0,uM,10.6,aromatase
CHEMBL1824745,=,=,nM,16020.0,uM,16.02,aromatase
CHEMBL1824746,=,=,nM,19320.0,uM,19.32,aromatase
CHEMBL1824747,=,=,nM,10330.0,uM,10.33,aromatase
CHEMBL1824748,=,=,nM,10970.0,uM,10.97,aromatase
CHEMBL1824749,=,=,nM,16110.0,uM,16.11,aromatase
CHEMBL1824750,=,=,nM,4640.0,uM,4.64,aromatase
CHEMBL1824751,=,=,nM,7730.0,uM,7.73,aromatase
CHEMBL1824752,=,=,nM,10950.0,uM,10.95,aromatase
CHEMBL1824753,=,=,nM,12160.0,uM,12.16,aromatase
CHEMBL1824754,=,=,nM,13350.0,uM,13.35,aromatase
CHEMBL1824755,=,=,nM,4580.0,uM,4.58,aromatase
CHEMBL1824756,=,=,nM,10960.0,uM,10.96,aromatase
CHEMBL1824757,=,=,nM,14830.0,uM,14.83,aromatase
CHEMBL1824758,=,=,nM,19360.0,uM,19.36,aromatase
CHEMBL1824759,=,=,nM,13540.0,uM,13.54,aromatase
CHEMBL1824760,=,=,nM,13720.0,uM,13.72,aromatase
CHEMBL1824761,=,=,nM,12940.0,uM,12.94,aromatase
CHEMBL1824762,=,=,nM,31260.0,uM,31.26,aromatase
CHEMBL1824763,=,=,nM,13370.0,uM,13.37,aromatase
CHEMBL1824764,=,=,nM,16410.0,uM,16.41,aromatase
CHEMBL1824765,=,=,nM,11610.0,uM,11.61,aromatase
CHEMBL1824766,=,=,nM,26770.0,uM,26.77,aromatase
CHEMBL1824767,=,=,nM,15210.0,uM,15.21,aromatase
CHEMBL1824768,=,=,nM,15480.0,uM,15.48,aromatase
CHEMBL1824769,=,=,nM,100.0,uM,0.1,aromatase
CHEMBL1825017,=,=,nM,12200.0,uM,12.2,aromatase
CHEMBL1825018,=,=,nM,11880.0,uM,11.88,aromatase
CHEMBL1825019,=,=,nM,16310.0,uM,16.31,aromatase
CHEMBL1825020,=,=,nM,150.0,uM,0.15,aromatase
CHEMBL349822,=,=,nM,7.0,uM,0.007,aromatase
CHEMBL1825021,=,=,nM,4110.0,uM,4.11,aromatase
CHEMBL14192,=,=,nM,150.0,uM,0.15,aromatase
CHEMBL1825022,=,=,nM,79980.0,uM,79.98,aromatase
CHEMBL1444,=,=,nM,8.0,uM,0.008,aromatase
CHEMBL29482,=,=,nM,4.0,uM,0.004,aromatase
CHEMBL1825023,=,=,nM,12010.0,uM,12.01,aromatase
CHEMBL1825024,=,=,nM,1100.0,uM,1.1,aromatase
CHEMBL336638,=,=,nM,20.0,uM,0.02,aromatase
CHEMBL1825025,=,=,nM,4370.0,uM,4.37,aromatase
CHEMBL1825026,=,=,nM,5260.0,uM,5.26,aromatase
CHEMBL1825027,=,=,nM,3070.0,uM,3.07,aromatase
CHEMBL1825028,=,=,nM,7880.0,uM,7.88,aromatase
CHEMBL1825029,=,=,nM,10700.0,uM,10.7,aromatase
CHEMBL1825030,=,=,nM,3380.0,uM,3.38,aromatase
CHEMBL1825031,=,=,nM,6090.0,uM,6.09,aromatase
CHEMBL1825032,=,=,nM,3910.0,uM,3.91,aromatase
CHEMBL1825033,=,=,nM,9160.0,uM,9.16,aromatase
CHEMBL1825034,=,=,nM,5620.0,uM,5.62,aromatase
CHEMBL1825035,=,=,nM,4170.0,uM,4.17,aromatase
CHEMBL1825036,=,=,nM,2340.0,uM,2.34,aromatase
CHEMBL1825037,=,=,nM,11570.0,uM,11.57,aromatase
CHEMBL1825038,=,=,nM,12630.0,uM,12.63,aromatase
CHEMBL1825039,=,=,nM,7470.0,uM,7.47,aromatase
CHEMBL1825040,=,=,nM,9530.0,uM,9.53,aromatase
CHEMBL1825041,=,=,nM,6400.0,uM,6.4,aromatase
CHEMBL1825042,=,=,nM,7980.0,uM,7.98,aromatase
CHEMBL1825043,=,=,nM,9770.0,uM,9.77,aromatase
CHEMBL272339,=,=,nM,10600.0,uM,10.6,aromatase
CHEMBL1825044,=,=,nM,5040.0,uM,5.04,aromatase
CHEMBL1825045,=,=,nM,1360.0,uM,1.36,aromatase
CHEMBL1825046,=,=,nM,2780.0,uM,2.78,aromatase
CHEMBL1825047,=,=,nM,2270.0,uM,2.27,aromatase
CHEMBL1825048,=,=,nM,17340.0,uM,17.34,aromatase
CHEMBL1825049,=,=,nM,10700.0,uM,10.7,aromatase
CHEMBL1098737,=,=,nM,110.0,uM,0.11,aromatase
CHEMBL9165,=,=,nM,150.0,uM,0.15,aromatase
CHEMBL1915151,=,=,nM,44800.0,uM,44.8,aromatase
CHEMBL1915152,=,=,nM,64500.0,uM,64.5,aromatase
CHEMBL1915156,=,=,nM,63200.0,uM,63.2,aromatase
CHEMBL1915159,=,=,nM,68100.0,uM,68.1,aromatase
CHEMBL1915161,=,=,nM,58600.0,uM,58.6,aromatase
CHEMBL1915167,=,=,nM,47300.0,uM,47.3,aromatase
CHEMBL1915176,=,=,nM,72000.0,uM,72.0,aromatase
CHEMBL1915401,=,=,nM,57400.0,uM,57.4,aromatase
CHEMBL1915403,=,=,nM,10500.0,uM,10.5,aromatase
CHEMBL9352,=,=,nM,230.0,uM,0.23,aromatase
CHEMBL264401,>,>,nM,50000.0,uM,50.0,aromatase
CHEMBL1939366,=,=,nM,200.0,uM,0.2,aromatase
CHEMBL1454842,=,=,nM,800.0,uM,0.8,aromatase
CHEMBL1939519,>,>,nM,50000.0,uM,50.0,aromatase
CHEMBL1939520,>,>,nM,50000.0,uM,50.0,aromatase
CHEMBL1939521,>,>,nM,50000.0,uM,50.0,aromatase
CHEMBL1939522,>,>,nM,50000.0,uM,50.0,aromatase
CHEMBL1939523,>,>,nM,50000.0,uM,50.0,aromatase
CHEMBL1939524,>,>,nM,50000.0,uM,50.0,aromatase
CHEMBL1939525,>,>,nM,50000.0,uM,50.0,aromatase
CHEMBL1939526,>,>,nM,50000.0,uM,50.0,aromatase
CHEMBL1939527,>,>,nM,50000.0,uM,50.0,aromatase
CHEMBL1939528,>,>,nM,50000.0,uM,50.0,aromatase
CHEMBL1939529,>,>,nM,50000.0,uM,50.0,aromatase
CHEMBL1939530,>,>,nM,50000.0,uM,50.0,aromatase
CHEMBL1939531,>,>,nM,50000.0,uM,50.0,aromatase
CHEMBL1939532,>,>,nM,50000.0,uM,50.0,aromatase
CHEMBL1939533,>,>,nM,50000.0,uM,50.0,aromatase
CHEMBL1939534,>,>,nM,50000.0,uM,50.0,aromatase
CHEMBL1939535,>,>,nM,50000.0,uM,50.0,aromatase
CHEMBL1939536,>,>,nM,50000.0,uM,50.0,aromatase
CHEMBL1939537,>,>,nM,50000.0,uM,50.0,aromatase
CHEMBL1939538,>,>,nM,50000.0,uM,50.0,aromatase
CHEMBL1939539,>,>,nM,50000.0,uM,50.0,aromatase
CHEMBL1939540,>,>,nM,50000.0,uM,50.0,aromatase
CHEMBL1939541,>,>,nM,50000.0,uM,50.0,aromatase
CHEMBL1939542,>,>,nM,50000.0,uM,50.0,aromatase
CHEMBL1939543,>,>,nM,50000.0,uM,50.0,aromatase
CHEMBL1939544,>,>,nM,50000.0,uM,50.0,aromatase
CHEMBL1939545,>,>,nM,50000.0,uM,50.0,aromatase
CHEMBL1939546,>,>,nM,50000.0,uM,50.0,aromatase
CHEMBL1939547,>,>,nM,50000.0,uM,50.0,aromatase
CHEMBL1939548,>,>,nM,50000.0,uM,50.0,aromatase
CHEMBL1939549,>,>,nM,50000.0,uM,50.0,aromatase
CHEMBL1939550,>,>,nM,50000.0,uM,50.0,aromatase
CHEMBL1939551,>,>,nM,50000.0,uM,50.0,aromatase
CHEMBL503399,>,>,nM,50000.0,uM,50.0,aromatase
CHEMBL1939552,=,=,nM,26500.0,uM,26.5,aromatase
CHEMBL165,=,=,nM,25000.0,uM,25.0,aromatase
CHEMBL87333,>,>,nM,50000.0,uM,50.0,aromatase
CHEMBL111234,>,>,nM,50000.0,uM,50.0,aromatase
CHEMBL9352,=,=,nM,230.0,uM,0.23,aromatase
CHEMBL1956171,=,=,nM,289.0,uM,0.289,aromatase
CHEMBL1728910,=,=,nM,5030.0,uM,5.03,aromatase
CHEMBL1956175,=,=,nM,986.0,uM,0.986,aromatase
CHEMBL1956179,=,=,nM,304.0,uM,0.304,aromatase
CHEMBL1956180,=,=,nM,229.0,uM,0.229,aromatase
CHEMBL1955869,=,=,nM,93.0,uM,0.093,aromatase
CHEMBL1956183,=,=,nM,523.0,uM,0.523,aromatase
CHEMBL1956186,=,=,nM,59.0,uM,0.059,aromatase
CHEMBL1956188,=,=,nM,114.0,uM,0.114,aromatase
CHEMBL1444,=,=,nM,1.0,nM,1.0,aromatase
CHEMBL1957208,=,=,nM,6730.0,uM,6.73,aromatase
CHEMBL1957209,=,=,nM,14900.0,uM,14.9,aromatase
CHEMBL1601919,=,=,nM,900.0,uM,0.9,aromatase
CHEMBL1957210,=,=,nM,17580.0,uM,17.58,aromatase
CHEMBL1957211,=,=,nM,2390.0,uM,2.39,aromatase
CHEMBL1957212,=,=,nM,7920.0,uM,7.92,aromatase
CHEMBL1957213,=,=,nM,18000.0,uM,18.0,aromatase
CHEMBL1957214,=,=,nM,4.0,uM,0.004,aromatase
CHEMBL1957215,=,=,nM,11210.0,uM,11.21,aromatase
CHEMBL1957216,=,=,nM,164.0,uM,0.164,aromatase
CHEMBL1957217,=,=,nM,23.0,uM,0.023,aromatase
CHEMBL1957218,=,=,nM,78.0,uM,0.078,aromatase
CHEMBL1957219,=,=,nM,2680.0,uM,2.68,aromatase
CHEMBL1957220,=,=,nM,7410.0,uM,7.41,aromatase
CHEMBL1957221,=,=,nM,1040.0,uM,1.04,aromatase
CHEMBL1957222,=,=,nM,1360.0,uM,1.36,aromatase
CHEMBL1957223,=,=,nM,590.0,uM,0.59,aromatase
CHEMBL165,=,=,nM,25000.0,uM,25.0,aromatase
CHEMBL1444,=,=,nM,2.0,uM,0.002,aromatase
CHEMBL1399,=,=,nM,8.0,uM,0.008,aromatase
CHEMBL9298,=,=,nM,3.0,uM,0.003,aromatase
CHEMBL1399,=,=,nM,12.0,nM,12.0,aromatase
CHEMBL117,=,=,nM,1500.0,uM,1.5,aromatase
CHEMBL131921,=,=,nM,113000.0,uM,113.0,aromatase
CHEMBL2011191,=,=,nM,170000.0,uM,170.0,aromatase
CHEMBL2011192,=,=,nM,160000.0,uM,160.0,aromatase
CHEMBL2011193,>=,>=,nM,200000.0,uM,200.0,aromatase
CHEMBL274826,>=,>=,nM,260.0,uM,0.26,aromatase
CHEMBL2011171,=,=,nM,29000.0,uM,29.0,aromatase
CHEMBL2011172,=,=,nM,44000.0,uM,44.0,aromatase
CHEMBL2011173,=,=,nM,18000.0,uM,18.0,aromatase
CHEMBL2011174,=,=,nM,20000.0,uM,20.0,aromatase
CHEMBL2011175,=,=,nM,41000.0,uM,41.0,aromatase
CHEMBL2011176,=,=,nM,20000.0,uM,20.0,aromatase
CHEMBL2011177,=,=,nM,2400.0,uM,2.4,aromatase
CHEMBL2011178,,,,,,,aromatase
CHEMBL2011179,,,,,,,aromatase
CHEMBL2011180,=,=,nM,260.0,uM,0.26,aromatase
CHEMBL1165711,=,=,nM,41000.0,uM,41.0,aromatase
CHEMBL2011181,=,=,nM,97000.0,uM,97.0,aromatase
CHEMBL2011182,=,=,nM,99000.0,uM,99.0,aromatase
CHEMBL2011183,=,=,nM,24000.0,uM,24.0,aromatase
CHEMBL2011184,=,=,nM,11000.0,uM,11.0,aromatase
CHEMBL2011185,=,=,nM,30000.0,uM,30.0,aromatase
CHEMBL2011186,=,=,nM,5800.0,uM,5.8,aromatase
CHEMBL2011187,=,=,nM,32000.0,uM,32.0,aromatase
CHEMBL2011188,=,=,nM,5100.0,uM,5.1,aromatase
CHEMBL2011189,=,=,nM,29000.0,uM,29.0,aromatase
CHEMBL2011190,=,=,nM,61000.0,uM,61.0,aromatase
CHEMBL157101,=,=,nM,1300.0,uM,1.3,aromatase
CHEMBL1077603,=,=,nM,183.0,uM,0.183,aromatase
CHEMBL1629804,=,=,nM,135.0,uM,0.135,aromatase
CHEMBL2058266,=,=,nM,970.0,uM,0.97,aromatase
CHEMBL1629800,=,=,nM,225.0,uM,0.225,aromatase
CHEMBL1629802,=,=,nM,145.0,uM,0.145,aromatase
CHEMBL2058267,=,=,nM,1733.0,uM,1.733,aromatase
CHEMBL2058268,=,=,nM,1150.0,uM,1.15,aromatase
CHEMBL132530,=,=,nM,42.0,uM,0.042,aromatase
CHEMBL2163638,>,>,nM,500.0,nM,500.0,aromatase
CHEMBL2163639,=,=,nM,228.0,nM,228.0,aromatase
CHEMBL2163646,=,=,nM,43.0,nM,43.0,aromatase
CHEMBL9298,=,=,nM,41.0,nM,41.0,aromatase
CHEMBL2163641,=,=,nM,17.0,nM,17.0,aromatase
CHEMBL9298,=,=,nM,52.0,nM,52.0,aromatase
CHEMBL2165325,=,=,nM,275.0,nM,275.0,aromatase
CHEMBL2165324,=,=,nM,954.0,nM,954.0,aromatase
CHEMBL2165323,=,=,nM,394.0,nM,394.0,aromatase
CHEMBL2165322,=,=,nM,2901.0,nM,2901.0,aromatase
CHEMBL2165321,=,=,nM,11.0,nM,11.0,aromatase
CHEMBL2165320,=,=,nM,35.0,nM,35.0,aromatase
CHEMBL2165319,=,=,nM,22.0,nM,22.0,aromatase
CHEMBL2165318,=,=,nM,162.0,nM,162.0,aromatase
CHEMBL2165317,=,=,nM,48.0,nM,48.0,aromatase
CHEMBL2165316,=,=,nM,488.0,nM,488.0,aromatase
CHEMBL2165315,=,=,nM,49.0,nM,49.0,aromatase
CHEMBL2165314,=,=,nM,447.0,nM,447.0,aromatase
CHEMBL446083,=,=,nM,426.0,nM,426.0,aromatase
CHEMBL2165313,=,=,nM,3073.0,nM,3073.0,aromatase
CHEMBL62811,>,>,nM,5000.0,nM,5000.0,aromatase
CHEMBL1083653,=,=,nM,12.0,nM,12.0,aromatase
CHEMBL1444,=,=,nM,9.9,nM,9.9,aromatase
CHEMBL132530,=,=,nM,48.6,nM,48.6,aromatase
CHEMBL1200374,=,=,nM,50.1,nM,50.1,aromatase
CHEMBL2179114,=,=,nM,20.0,nM,20.0,aromatase
CHEMBL2179113,=,=,nM,2180.0,nM,2180.0,aromatase
CHEMBL2179112,=,=,nM,181.1,nM,181.1,aromatase
CHEMBL2179111,=,=,nM,83.0,nM,83.0,aromatase
CHEMBL2179110,=,=,nM,11.8,nM,11.8,aromatase
CHEMBL2179109,=,=,nM,112.3,nM,112.3,aromatase
CHEMBL2179108,=,=,nM,18100.0,nM,18100.0,aromatase
CHEMBL2179107,=,=,nM,5200.0,nM,5200.0,aromatase
CHEMBL9352,=,=,nM,230.0,uM,0.23,aromatase
CHEMBL2208141,>,>,nM,50000.0,uM,50.0,aromatase
CHEMBL2208140,>,>,nM,50000.0,uM,50.0,aromatase
CHEMBL2208131,>,>,nM,50000.0,uM,50.0,aromatase
CHEMBL1939530,>,>,nM,50000.0,uM,50.0,aromatase
CHEMBL264401,>,>,nM,32700.0,uM,32.7,aromatase
CHEMBL165,=,=,nM,25400.0,uM,25.4,aromatase
CHEMBL488,=,=,nM,28500.0,uM,28.5,aromatase
CHEMBL2235953,=,=,nM,700.0,uM,0.7,aromatase
CHEMBL2235952,=,=,nM,1100.0,uM,1.1,aromatase
CHEMBL2235951,=,=,nM,1340.0,uM,1.34,aromatase
CHEMBL2235950,=,=,nM,550.0,uM,0.55,aromatase
CHEMBL488,=,=,nM,28500.0,uM,28.5,aromatase
CHEMBL2282047,=,=,nM,11900.0,uM,11.9,aromatase
CHEMBL2282050,=,=,nM,4400.0,uM,4.4,aromatase
CHEMBL2282053,=,=,nM,9100.0,uM,9.1,aromatase
CHEMBL2312963,=,=,nM,246.0,nM,246.0,aromatase
CHEMBL2312962,=,=,nM,32.0,nM,32.0,aromatase
CHEMBL2312961,=,=,nM,55.0,nM,55.0,aromatase
CHEMBL2312960,=,=,nM,19.0,nM,19.0,aromatase
CHEMBL2312959,=,=,nM,116.0,nM,116.0,aromatase
CHEMBL2312958,=,=,nM,74.0,nM,74.0,aromatase
CHEMBL2312957,=,=,nM,92.0,nM,92.0,aromatase
CHEMBL2312957,=,=,nM,273.0,nM,273.0,aromatase
CHEMBL2312957,=,=,nM,124.0,nM,124.0,aromatase
CHEMBL2312956,=,=,nM,59.0,nM,59.0,aromatase
CHEMBL2312955,=,=,nM,81.0,nM,81.0,aromatase
CHEMBL2312954,=,=,nM,880.0,nM,880.0,aromatase
CHEMBL2312953,=,=,nM,105.0,nM,105.0,aromatase
CHEMBL2312952,=,=,nM,74.0,nM,74.0,aromatase
CHEMBL2312951,=,=,nM,889.0,nM,889.0,aromatase
CHEMBL2312950,=,=,nM,1500.0,nM,1500.0,aromatase
CHEMBL2312949,=,=,nM,565.0,nM,565.0,aromatase
CHEMBL2311553,=,=,nM,2130.0,nM,2130.0,aromatase
CHEMBL2312948,>,>,nM,5000.0,nM,5000.0,aromatase
CHEMBL1444,=,=,nM,36.0,nM,36.0,aromatase
CHEMBL9298,=,=,nM,41.0,nM,41.0,aromatase
CHEMBL2163639,=,=,nM,228.0,nM,228.0,aromatase
CHEMBL2312972,=,=,nM,140.0,nM,140.0,aromatase
CHEMBL2312971,=,=,nM,1350.0,nM,1350.0,aromatase
CHEMBL2312970,>,>,nM,5000.0,nM,5000.0,aromatase
CHEMBL2312969,=,=,nM,3660.0,nM,3660.0,aromatase
CHEMBL2312968,=,=,nM,2130.0,nM,2130.0,aromatase
CHEMBL2312967,>,>,nM,5000.0,nM,5000.0,aromatase
CHEMBL2312966,>,>,nM,5000.0,nM,5000.0,aromatase
CHEMBL2312965,=,=,nM,3340.0,nM,3340.0,aromatase
CHEMBL2312964,>,>,nM,5000.0,nM,5000.0,aromatase
CHEMBL254328,>,>,nM,5000.0,nM,5000.0,aromatase
CHEMBL9298,=,=,nM,41.0,nM,41.0,aromatase
CHEMBL2333337,=,=,nM,6393.0,nM,6393.0,aromatase
CHEMBL2333336,=,=,nM,170.0,nM,170.0,aromatase
CHEMBL2333335,=,=,nM,260.0,nM,260.0,aromatase
CHEMBL2333334,=,=,nM,565.0,nM,565.0,aromatase
CHEMBL2333333,=,=,nM,575.0,nM,575.0,aromatase
CHEMBL2333332,=,=,nM,837.0,nM,837.0,aromatase
CHEMBL2333331,=,=,nM,400.0,nM,400.0,aromatase
CHEMBL2333330,=,=,nM,1973.0,nM,1973.0,aromatase
CHEMBL2333329,=,=,nM,1100.0,nM,1100.0,aromatase
CHEMBL2333328,=,=,nM,300.0,nM,300.0,aromatase
CHEMBL2333327,=,=,nM,460.0,nM,460.0,aromatase
CHEMBL2333326,=,=,nM,480.0,nM,480.0,aromatase
CHEMBL442373,=,=,nM,2300.0,nM,2300.0,aromatase
CHEMBL78322,=,=,nM,940.0,nM,940.0,aromatase
CHEMBL307160,=,=,nM,970.0,nM,970.0,aromatase
CHEMBL1444,=,=,nM,16.53,nM,16.53,aromatase
CHEMBL2336855,=,=,nM,217.43,nM,217.43,aromatase
CHEMBL2336854,=,=,nM,235.33,nM,235.33,aromatase
CHEMBL2336853,=,=,nM,203.34,nM,203.34,aromatase
CHEMBL2336852,=,=,nM,111.09,nM,111.09,aromatase
CHEMBL2336851,=,=,nM,57.43,nM,57.43,aromatase
CHEMBL2336850,=,=,nM,46.92,nM,46.92,aromatase
CHEMBL2336849,=,=,nM,25.56,nM,25.56,aromatase
CHEMBL2336848,=,=,nM,48.93,nM,48.93,aromatase
CHEMBL2336847,=,=,nM,6.23,nM,6.23,aromatase
CHEMBL2336865,=,=,nM,27.01,nM,27.01,aromatase
CHEMBL2336864,=,=,nM,56.83,nM,56.83,aromatase
CHEMBL2336863,=,=,nM,138.72,nM,138.72,aromatase
CHEMBL2336862,=,=,nM,164.01,nM,164.01,aromatase
CHEMBL2336861,=,=,nM,21.39,nM,21.39,aromatase
CHEMBL2336860,=,=,nM,16.58,nM,16.58,aromatase
CHEMBL2336859,=,=,nM,4.93,nM,4.93,aromatase
CHEMBL2336858,=,=,nM,77.36,nM,77.36,aromatase
CHEMBL2336857,=,=,nM,148.93,nM,148.93,aromatase
CHEMBL2336856,=,=,nM,9.01,nM,9.01,aromatase
CHEMBL2137046,=,=,nM,530000.0,uM,530.0,aromatase
CHEMBL1093458,=,=,nM,6000.0,uM,6.0,aromatase
CHEMBL2386286,=,=,nM,9257.0,nM,9257.0,aromatase
CHEMBL149791,=,=,nM,24880.0,nM,24880.0,aromatase
CHEMBL2386284,=,=,nM,1029.0,nM,1029.0,aromatase
CHEMBL2386285,=,=,nM,76.8,nM,76.8,aromatase
CHEMBL3350384,=,=,nM,102.2,nM,102.2,aromatase
CHEMBL2386285,=,=,nM,90.0,nM,90.0,aromatase
CHEMBL3350384,=,=,nM,90.0,nM,90.0,aromatase
CHEMBL2420688,>,>,nM,2000.0,nM,2000.0,aromatase
CHEMBL2420687,>,>,nM,2000.0,nM,2000.0,aromatase
CHEMBL2420686,>,>,nM,2000.0,nM,2000.0,aromatase
CHEMBL2420685,>,>,nM,2000.0,nM,2000.0,aromatase
CHEMBL2420684,>,>,nM,2000.0,nM,2000.0,aromatase
CHEMBL2420683,>,>,nM,2000.0,nM,2000.0,aromatase
CHEMBL2420682,>,>,nM,2000.0,nM,2000.0,aromatase
CHEMBL2420681,>,>,nM,2000.0,nM,2000.0,aromatase
CHEMBL2420680,>,>,nM,2000.0,nM,2000.0,aromatase
CHEMBL2420679,>,>,nM,2000.0,nM,2000.0,aromatase
CHEMBL2420678,>,>,nM,2000.0,nM,2000.0,aromatase
CHEMBL2420677,>,>,nM,2000.0,nM,2000.0,aromatase
CHEMBL2420676,>,>,nM,2000.0,nM,2000.0,aromatase
CHEMBL2420675,>,>,nM,2000.0,nM,2000.0,aromatase
CHEMBL2420674,>,>,nM,2000.0,nM,2000.0,aromatase
CHEMBL371430,>,>,nM,2000.0,nM,2000.0,aromatase
CHEMBL193863,>,>,nM,2000.0,nM,2000.0,aromatase
CHEMBL365735,>,>,nM,2000.0,nM,2000.0,aromatase
CHEMBL9352,=,=,nM,1200.0,uM,1.2,aromatase
CHEMBL2430197,=,=,nM,3200.0,uM,3.2,aromatase
CHEMBL2430196,=,=,nM,2600.0,uM,2.6,aromatase
CHEMBL9352,=,=,nM,3300.0,uM,3.3,aromatase
CHEMBL2431527,=,=,nM,10900.0,uM,10.9,aromatase
CHEMBL2431526,=,=,nM,3900.0,uM,3.9,aromatase
CHEMBL2431525,=,=,nM,47000.0,uM,47.0,aromatase
CHEMBL2431524,=,=,nM,29100.0,uM,29.1,aromatase
CHEMBL132530,=,=,nM,58600.0,uM,58.6,aromatase
CHEMBL1444,=,=,nM,3.4,nM,3.4,aromatase
CHEMBL2442766,=,=,nM,590.0,nM,590.0,aromatase
CHEMBL2442765,=,=,nM,1472.0,nM,1472.0,aromatase
CHEMBL2442764,=,=,nM,6195.0,nM,6195.0,aromatase
CHEMBL2442763,>,>,nM,10000.0,nM,10000.0,aromatase
CHEMBL2442762,=,=,nM,13.3,nM,13.3,aromatase
CHEMBL2442761,>,>,nM,10000.0,nM,10000.0,aromatase
CHEMBL2442760,=,=,nM,3.1,nM,3.1,aromatase
CHEMBL2442759,=,=,nM,6.0,nM,6.0,aromatase
CHEMBL2442758,=,=,nM,5.3,nM,5.3,aromatase
CHEMBL2442757,=,=,nM,454.0,nM,454.0,aromatase
CHEMBL2442756,=,=,nM,11.4,nM,11.4,aromatase
CHEMBL2442755,>,>,nM,10000.0,nM,10000.0,aromatase
CHEMBL2442754,=,=,nM,4152.0,nM,4152.0,aromatase
CHEMBL2442753,>,>,nM,10000.0,nM,10000.0,aromatase
CHEMBL2440145,=,=,nM,922.0,nM,922.0,aromatase
CHEMBL2442772,=,=,nM,2112.0,nM,2112.0,aromatase
CHEMBL2442771,>,>,nM,10000.0,nM,10000.0,aromatase
CHEMBL2442770,>,>,nM,10000.0,nM,10000.0,aromatase
CHEMBL2442769,>,>,nM,10000.0,nM,10000.0,aromatase
CHEMBL2442768,>,>,nM,10000.0,nM,10000.0,aromatase
CHEMBL2442767,>,>,nM,10000.0,nM,10000.0,aromatase
CHEMBL3099735,=,=,nM,650.0,uM,0.65,aromatase
CHEMBL1095413,=,=,nM,1600.0,uM,1.6,aromatase
CHEMBL3099734,=,=,nM,3000.0,uM,3.0,aromatase
CHEMBL3099695,=,=,nM,6000.0,uM,6.0,aromatase
CHEMBL3099686,=,=,nM,50.0,uM,0.05,aromatase
CHEMBL3099683,=,=,nM,1100.0,uM,1.1,aromatase
CHEMBL287677,=,=,nM,6000.0,uM,6.0,aromatase
CHEMBL2011186,=,=,nM,44000.0,uM,44.0,aromatase
CHEMBL2011177,=,=,nM,17000.0,uM,17.0,aromatase
CHEMBL366460,,,,,,,aromatase
CHEMBL274318,=,=,nM,8000.0,uM,8.0,aromatase
CHEMBL275638,=,=,nM,10000.0,uM,10.0,aromatase
CHEMBL1444,=,=,nM,2.8,uM,0.0028,aromatase
CHEMBL3105528,=,=,nM,800.0,uM,0.8,aromatase
CHEMBL3105527,=,=,nM,67100.0,uM,67.1,aromatase
CHEMBL3105526,=,=,nM,2500.0,uM,2.5,aromatase
CHEMBL3105525,,,,,,,aromatase
CHEMBL3105524,=,=,nM,190000.0,uM,190.0,aromatase
CHEMBL3105523,,,,,,,aromatase
CHEMBL3105522,=,=,nM,20000.0,uM,20.0,aromatase
CHEMBL3105521,=,=,nM,33000.0,uM,33.0,aromatase
CHEMBL3105520,=,=,nM,35000.0,uM,35.0,aromatase
CHEMBL3105519,=,=,nM,24000.0,uM,24.0,aromatase
CHEMBL3105518,,,,,,,aromatase
CHEMBL3105517,=,=,nM,15000.0,uM,15.0,aromatase
CHEMBL3134108,=,=,nM,1800.0,uM,1.8,aromatase
CHEMBL3134107,=,=,nM,3300.0,uM,3.3,aromatase
CHEMBL399910,=,=,nM,900.0,uM,0.9,aromatase
CHEMBL117,=,=,nM,800.0,uM,0.8,aromatase
CHEMBL53343,>,>,nM,12500.0,nM,12500.0,aromatase
CHEMBL3134111,=,=,nM,10700.0,nM,10700.0,aromatase
CHEMBL3134115,=,=,nM,600.0,nM,600.0,aromatase
CHEMBL3134110,=,=,nM,1010.0,nM,1010.0,aromatase
CHEMBL3134114,=,=,nM,150.0,nM,150.0,aromatase
CHEMBL3134112,=,=,nM,90.0,nM,90.0,aromatase
CHEMBL3134109,=,=,nM,40.0,nM,40.0,aromatase
CHEMBL3134113,=,=,nM,80.0,nM,80.0,aromatase
CHEMBL1444,=,=,nM,1.1,nM,1.1,aromatase
CHEMBL3134228,>,>,nM,300000.0,uM,300.0,aromatase
CHEMBL3221175,=,=,nM,5300.0,uM,5.3,aromatase
CHEMBL3219070,=,=,nM,14.4,nM,14.4,aromatase
CHEMBL3219071,,,,,,,aromatase
CHEMBL1444,=,=,nM,36.2,nM,36.2,aromatase
CHEMBL934,,,,,,,aromatase
CHEMBL159073,=,=,nM,40.0,nM,40.0,aromatase
CHEMBL1083665,=,=,nM,16.5,nM,16.5,aromatase
CHEMBL3219600,=,=,nM,41.0,uM,0.041,aromatase
CHEMBL451168,=,=,nM,9600.0,uM,9.6,aromatase
CHEMBL132530,=,=,nM,470.0,uM,0.47,aromatase
CHEMBL934,=,=,nM,0.0,nM,0.0,aromatase
CHEMBL3359965,=,=,nM,31813.0,nM,31813.0,aromatase
CHEMBL3359964,=,=,nM,8299.0,nM,8299.0,aromatase
CHEMBL3359963,=,=,nM,4566.0,nM,4566.0,aromatase
CHEMBL3359962,=,=,nM,3708.0,nM,3708.0,aromatase
CHEMBL3359961,=,=,nM,5855.0,nM,5855.0,aromatase
CHEMBL3359960,=,=,nM,4490.0,nM,4490.0,aromatase
CHEMBL3359959,=,=,nM,17464.0,nM,17464.0,aromatase
CHEMBL3359958,=,=,nM,349.0,nM,349.0,aromatase
CHEMBL3359957,=,=,nM,445.0,nM,445.0,aromatase
CHEMBL1688901,=,=,nM,165.0,nM,165.0,aromatase
CHEMBL1688900,=,=,nM,169.0,nM,169.0,aromatase
CHEMBL3359956,=,=,nM,639.0,nM,639.0,aromatase
CHEMBL3359955,=,=,nM,584.0,nM,584.0,aromatase
CHEMBL3359954,=,=,nM,477.0,nM,477.0,aromatase
CHEMBL1688898,=,=,nM,127.0,nM,127.0,aromatase
CHEMBL3359953,=,=,nM,387.0,nM,387.0,aromatase
CHEMBL1688899,=,=,nM,481.0,nM,481.0,aromatase
CHEMBL1688897,=,=,nM,178.0,nM,178.0,aromatase
CHEMBL3359952,=,=,nM,549.0,nM,549.0,aromatase
CHEMBL1688895,=,=,nM,141.0,nM,141.0,aromatase
CHEMBL1688894,=,=,nM,207.0,nM,207.0,aromatase
CHEMBL1688892,=,=,nM,235.0,nM,235.0,aromatase
CHEMBL1688890,=,=,nM,130.0,nM,130.0,aromatase
CHEMBL1688891,=,=,nM,113.0,nM,113.0,aromatase
CHEMBL1688893,=,=,nM,114.0,nM,114.0,aromatase
CHEMBL225499,=,=,nM,150.0,nM,150.0,aromatase
CHEMBL437731,=,=,nM,47.0,nM,47.0,aromatase
CHEMBL3099695,=,=,nM,856.0,nM,856.0,aromatase
CHEMBL9298,=,=,nM,4.5,nM,4.5,aromatase
CHEMBL3315157,=,=,nM,34400.0,uM,34.4,aromatase
CHEMBL9352,=,=,nM,1200.0,uM,1.2,aromatase
CHEMBL465881,=,=,nM,31100.0,uM,31.1,aromatase
CHEMBL488,=,=,nM,6400.0,uM,6.4,aromatase
CHEMBL9298,=,=,nM,30.0,nM,30.0,aromatase
CHEMBL1200374,=,=,nM,900.0,uM,0.9,aromatase
CHEMBL3407539,=,=,nM,980.0,uM,0.98,aromatase
CHEMBL3407538,=,=,nM,250.0,uM,0.25,aromatase
CHEMBL3407537,=,=,nM,1180.0,uM,1.18,aromatase
CHEMBL3407536,=,=,nM,730.0,uM,0.73,aromatase
CHEMBL1200374,=,=,nM,50.0,uM,0.05,aromatase
CHEMBL3407539,=,=,nM,670.0,uM,0.67,aromatase
CHEMBL3407538,=,=,nM,100.0,uM,0.1,aromatase
CHEMBL3407537,=,=,nM,810.0,uM,0.81,aromatase
CHEMBL3407536,=,=,nM,620.0,uM,0.62,aromatase
CHEMBL3415152,>,>,nM,10000.0,uM,10.0,aromatase
CHEMBL3415153,>,>,nM,10000.0,uM,10.0,aromatase
CHEMBL3415154,>,>,nM,10000.0,uM,10.0,aromatase
CHEMBL3415155,>,>,nM,10000.0,uM,10.0,aromatase
CHEMBL3415156,>,>,nM,10000.0,uM,10.0,aromatase
CHEMBL3415157,>,>,nM,10000.0,uM,10.0,aromatase
CHEMBL3415158,>,>,nM,10000.0,uM,10.0,aromatase
CHEMBL3415159,>,>,nM,10000.0,uM,10.0,aromatase
CHEMBL3415160,>,>,nM,10000.0,uM,10.0,aromatase
CHEMBL3415161,>,>,nM,10000.0,uM,10.0,aromatase
CHEMBL3415162,>,>,nM,10000.0,uM,10.0,aromatase
CHEMBL3415163,>,>,nM,10000.0,uM,10.0,aromatase
CHEMBL3415164,>,>,nM,10000.0,uM,10.0,aromatase
CHEMBL3415165,>,>,nM,10000.0,uM,10.0,aromatase
CHEMBL3415166,>,>,nM,10000.0,uM,10.0,aromatase
CHEMBL3415167,>,>,nM,10000.0,uM,10.0,aromatase
CHEMBL3415168,>,>,nM,10000.0,uM,10.0,aromatase
CHEMBL3415169,>,>,nM,10000.0,uM,10.0,aromatase
CHEMBL3415170,>,>,nM,10000.0,uM,10.0,aromatase
CHEMBL2331699,>,>,nM,10000.0,uM,10.0,aromatase
CHEMBL3415171,>,>,nM,10000.0,uM,10.0,aromatase
CHEMBL3415172,>,>,nM,10000.0,uM,10.0,aromatase
CHEMBL3313969,>,>,nM,10000.0,uM,10.0,aromatase
CHEMBL3415173,>,>,nM,10000.0,uM,10.0,aromatase
CHEMBL3415174,>,>,nM,10000.0,uM,10.0,aromatase
CHEMBL3415175,>,>,nM,10000.0,uM,10.0,aromatase
CHEMBL428780,>,>,nM,5000.0,nM,5000.0,aromatase
CHEMBL2417553,>,>,nM,5000.0,nM,5000.0,aromatase
CHEMBL2165320,=,=,nM,35.0,nM,35.0,aromatase
CHEMBL934,>,>,nM,5000.0,nM,5000.0,aromatase
CHEMBL3421765,=,=,nM,146.0,nM,146.0,aromatase
CHEMBL3421766,=,=,nM,75.0,nM,75.0,aromatase
CHEMBL3421767,=,=,nM,137.0,nM,137.0,aromatase
CHEMBL3421768,=,=,nM,2425.0,nM,2425.0,aromatase
CHEMBL3421769,=,=,nM,1894.0,nM,1894.0,aromatase
CHEMBL3421770,=,=,nM,4993.0,nM,4993.0,aromatase
CHEMBL3421778,=,=,nM,2090.0,nM,2090.0,aromatase
CHEMBL3421779,=,=,nM,165.0,nM,165.0,aromatase
CHEMBL3421780,=,=,nM,1546.0,nM,1546.0,aromatase
CHEMBL3421785,=,=,nM,128.0,nM,128.0,aromatase
CHEMBL3421786,=,=,nM,157.0,nM,157.0,aromatase
CHEMBL3421764,=,=,nM,447.0,nM,447.0,aromatase
CHEMBL3422044,=,=,nM,699.0,nM,699.0,aromatase
CHEMBL3422043,=,=,nM,715.0,nM,715.0,aromatase
CHEMBL3422042,=,=,nM,174.0,nM,174.0,aromatase
CHEMBL3422041,=,=,nM,16.9,nM,16.9,aromatase
CHEMBL3422040,=,=,nM,48.9,nM,48.9,aromatase
CHEMBL3422039,=,=,nM,1930.0,nM,1930.0,aromatase
CHEMBL3422038,=,=,nM,328.0,nM,328.0,aromatase
CHEMBL3422037,=,=,nM,261.0,nM,261.0,aromatase
CHEMBL3422036,=,=,nM,143.0,nM,143.0,aromatase
CHEMBL3422035,=,=,nM,337.0,nM,337.0,aromatase
CHEMBL3422034,=,=,nM,6290.0,nM,6290.0,aromatase
CHEMBL3422033,=,=,nM,48.1,nM,48.1,aromatase
CHEMBL3422032,=,=,nM,53.1,nM,53.1,aromatase
CHEMBL3422031,=,=,nM,913.0,nM,913.0,aromatase
CHEMBL3422030,=,=,nM,1320.0,nM,1320.0,aromatase
CHEMBL3422029,=,=,nM,1020.0,nM,1020.0,aromatase
CHEMBL3422028,=,=,nM,45.0,nM,45.0,aromatase
CHEMBL3422045,=,=,nM,493.0,nM,493.0,aromatase
CHEMBL3422046,=,=,nM,30500.0,nM,30500.0,aromatase
CHEMBL3422047,=,=,nM,3680.0,nM,3680.0,aromatase
CHEMBL3422050,=,=,nM,1240.0,nM,1240.0,aromatase
CHEMBL3422051,=,=,nM,7340.0,nM,7340.0,aromatase
CHEMBL3422052,=,=,nM,491.0,nM,491.0,aromatase
CHEMBL2386285,=,=,nM,102.0,nM,102.0,aromatase
CHEMBL1444,=,=,nM,5.3,nM,5.3,aromatase
CHEMBL3582472,=,=,nM,4513.0,nM,4513.0,aromatase
CHEMBL3582477,=,=,nM,1268.0,nM,1268.0,aromatase
CHEMBL3582478,=,=,nM,1021.0,nM,1021.0,aromatase
CHEMBL3582481,,,,,,,aromatase
CHEMBL2430505,=,=,nM,12500.0,uM,12.5,aromatase
CHEMBL2430506,=,=,nM,9400.0,uM,9.4,aromatase
CHEMBL2430509,=,=,nM,8000.0,uM,8.0,aromatase
CHEMBL2430510,=,=,nM,7900.0,uM,7.9,aromatase
CHEMBL2430511,=,=,nM,2900.0,uM,2.9,aromatase
CHEMBL2430512,=,=,nM,3400.0,uM,3.4,aromatase
CHEMBL2430507,=,=,nM,3400.0,uM,3.4,aromatase
CHEMBL2430508,=,=,nM,1300.0,uM,1.3,aromatase
CHEMBL2430497,=,=,nM,12500.0,uM,12.5,aromatase
CHEMBL2430498,=,=,nM,1800.0,uM,1.8,aromatase
CHEMBL2430499,=,=,nM,4600.0,uM,4.6,aromatase
CHEMBL2430501,=,=,nM,2700.0,uM,2.7,aromatase
CHEMBL3264672,=,=,nM,12500.0,uM,12.5,aromatase
CHEMBL3264675,=,=,nM,12500.0,uM,12.5,aromatase
CHEMBL3264684,=,=,nM,12500.0,uM,12.5,aromatase
CHEMBL3264679,=,=,nM,12500.0,uM,12.5,aromatase
CHEMBL3264682,=,=,nM,12500.0,uM,12.5,aromatase
CHEMBL3264681,=,=,nM,12500.0,uM,12.5,aromatase
CHEMBL3264685,=,=,nM,12500.0,uM,12.5,aromatase
CHEMBL3589964,=,=,nM,12500.0,uM,12.5,aromatase
CHEMBL3589965,=,=,nM,200.0,uM,0.2,aromatase
CHEMBL3589966,=,=,nM,1800.0,uM,1.8,aromatase
CHEMBL157101,=,=,nM,2600.0,uM,2.6,aromatase
CHEMBL1444,=,=,nM,3.3,uM,0.0033,aromatase
CHEMBL430879,=,=,nM,100.0,nM,100.0,aromatase
CHEMBL3622054,=,=,nM,0.28,nM,0.28,aromatase
CHEMBL3622055,=,=,nM,0.26,nM,0.26,aromatase
CHEMBL3622056,=,=,nM,0.42,nM,0.42,aromatase
CHEMBL3622057,=,=,nM,0.45,nM,0.45,aromatase
CHEMBL3622058,=,=,nM,0.51,nM,0.51,aromatase
CHEMBL3622059,=,=,nM,0.73,nM,0.73,aromatase
CHEMBL3622060,=,=,nM,15.0,nM,15.0,aromatase
CHEMBL3622061,=,=,nM,5.2,nM,5.2,aromatase
CHEMBL3622062,=,=,nM,31.0,nM,31.0,aromatase
CHEMBL3622063,=,=,nM,2.1,nM,2.1,aromatase
CHEMBL3622064,=,=,nM,0.25,nM,0.25,aromatase
CHEMBL3622065,=,=,nM,2.7,nM,2.7,aromatase
CHEMBL3622066,=,=,nM,2.3,nM,2.3,aromatase
CHEMBL3622067,=,=,nM,4.0,nM,4.0,aromatase
CHEMBL1444,=,=,nM,0.89,nM,0.89,aromatase
CHEMBL479942,=,=,nM,3044.0,nM,3044.0,aromatase
CHEMBL518761,=,=,nM,3.0,nM,3.0,aromatase
CHEMBL479559,=,=,nM,3.2,nM,3.2,aromatase
CHEMBL480321,=,=,nM,14.3,nM,14.3,aromatase
CHEMBL224060,=,=,nM,29.0,nM,29.0,aromatase
CHEMBL3622363,=,=,nM,29.0,nM,29.0,aromatase
CHEMBL592131,=,=,nM,0.12,nM,0.12,aromatase
CHEMBL597808,=,=,nM,0.15,nM,0.15,aromatase
CHEMBL1399,=,=,nM,1.5,nM,1.5,aromatase
CHEMBL3622069,=,=,nM,2.3,nM,2.3,aromatase
CHEMBL3622070,=,=,nM,3.5,nM,3.5,aromatase
CHEMBL3622071,=,=,nM,4.2,nM,4.2,aromatase
CHEMBL3622072,=,=,nM,5.0,nM,5.0,aromatase
CHEMBL3622073,=,=,nM,20.7,nM,20.7,aromatase
CHEMBL3622075,=,=,nM,3.4,nM,3.4,aromatase
CHEMBL3622076,=,=,nM,5.5,nM,5.5,aromatase
CHEMBL3622077,=,=,nM,25.5,nM,25.5,aromatase
CHEMBL108425,=,=,nM,0.12,nM,0.12,aromatase
CHEMBL3623218,=,=,nM,970.0,uM,0.97,aromatase
CHEMBL3623217,=,=,nM,170.0,uM,0.17,aromatase
CHEMBL3623216,=,=,nM,1000.0,uM,1.0,aromatase
CHEMBL3623215,=,=,nM,510.0,uM,0.51,aromatase
CHEMBL2282050,=,=,nM,4400.0,uM,4.4,aromatase
CHEMBL3623214,=,=,nM,160.0,uM,0.16,aromatase
CHEMBL3623213,=,=,nM,180.0,uM,0.18,aromatase
CHEMBL2003274,=,=,nM,5200.0,uM,5.2,aromatase
CHEMBL3621226,=,=,nM,220.0,uM,0.22,aromatase
CHEMBL3623209,=,=,nM,250.0,uM,0.25,aromatase
CHEMBL3623208,=,=,nM,420.0,uM,0.42,aromatase
CHEMBL3623219,=,=,nM,480.0,uM,0.48,aromatase
CHEMBL3623222,=,=,nM,44000.0,uM,44.0,aromatase
CHEMBL3623223,=,=,nM,470.0,uM,0.47,aromatase
CHEMBL2179110,=,=,nM,12.0,uM,0.012,aromatase
CHEMBL3219600,=,=,nM,41.0,uM,0.041,aromatase
CHEMBL293122,=,=,nM,500.0,uM,0.5,aromatase
CHEMBL3623225,=,=,nM,100.0,uM,0.1,aromatase
CHEMBL41761,=,=,nM,40.0,uM,0.04,aromatase
CHEMBL3623229,=,=,nM,6200.0,uM,6.2,aromatase
CHEMBL3623230,=,=,nM,2700.0,uM,2.7,aromatase
CHEMBL117,=,=,nM,500.0,uM,0.5,aromatase
CHEMBL28,=,=,nM,1200.0,uM,1.2,aromatase
CHEMBL275638,=,=,nM,8000.0,uM,8.0,aromatase
CHEMBL274318,=,=,nM,8000.0,uM,8.0,aromatase
CHEMBL50,=,=,nM,12000.0,uM,12.0,aromatase
CHEMBL131921,=,=,nM,113000.0,uM,113.0,aromatase
CHEMBL294361,=,=,nM,30.0,uM,0.03,aromatase
CHEMBL3623226,=,=,nM,190.0,uM,0.19,aromatase
CHEMBL294361,=,=,nM,10000.0,uM,10.0,aromatase
CHEMBL188664,=,=,nM,210000.0,uM,210.0,aromatase
CHEMBL3623227,=,=,nM,41.0,uM,0.041,aromatase
CHEMBL3623228,=,=,nM,12100.0,uM,12.1,aromatase
CHEMBL421149,=,=,nM,43.0,uM,0.043,aromatase
CHEMBL159073,=,=,nM,40.0,uM,0.04,aromatase
CHEMBL437731,=,=,nM,51.0,uM,0.051,aromatase
CHEMBL479942,=,=,nM,3000.0,uM,3.0,aromatase
CHEMBL518761,=,=,nM,3.0,uM,0.003,aromatase
CHEMBL3623231,=,=,nM,0.1,uM,0.0001,aromatase
CHEMBL3623232,=,=,nM,0.2,uM,0.0002,aromatase
CHEMBL3623212,=,=,nM,2400.0,uM,2.4,aromatase
CHEMBL3623220,=,=,nM,31000.0,uM,31.0,aromatase
CHEMBL3623221,=,=,nM,28000.0,uM,28.0,aromatase
CHEMBL3622434,=,=,nM,21.0,nM,21.0,aromatase
CHEMBL3622437,>,>,nM,10000.0,nM,10000.0,aromatase
CHEMBL2331704,=,=,nM,11160.0,nM,11160.0,aromatase
CHEMBL3622445,>,>,nM,30000.0,nM,30000.0,aromatase
CHEMBL3747562,=,=,nM,3400.0,uM,3.4,aromatase
CHEMBL3752414,=,=,nM,690.0,uM,0.69,aromatase
CHEMBL3753169,=,=,nM,89.0,uM,0.089,aromatase
CHEMBL3753307,=,=,nM,550.0,uM,0.55,aromatase
CHEMBL3753403,=,=,nM,250.0,uM,0.25,aromatase
CHEMBL132530,=,=,nM,1200.0,uM,1.2,aromatase
CHEMBL3754183,=,=,nM,580.0,uM,0.58,aromatase
CHEMBL3753352,=,=,nM,710.0,uM,0.71,aromatase
CHEMBL3753611,=,=,nM,140.0,uM,0.14,aromatase
CHEMBL3754516,=,=,nM,1700.0,uM,1.7,aromatase
CHEMBL3752351,=,=,nM,1700.0,uM,1.7,aromatase
CHEMBL3752280,=,=,nM,1700.0,uM,1.7,aromatase
CHEMBL3754241,=,=,nM,190.0,uM,0.19,aromatase
CHEMBL3754489,=,=,nM,1650.0,uM,1.65,aromatase
CHEMBL484584,=,=,nM,530.0,uM,0.53,aromatase
CHEMBL2113524,=,=,nM,2700.0,uM,2.7,aromatase
CHEMBL3752892,=,=,nM,800.0,uM,0.8,aromatase
CHEMBL3754724,=,=,nM,940.0,uM,0.94,aromatase
CHEMBL3754538,=,=,nM,990.0,nM,990.0,aromatase
CHEMBL1629804,=,=,nM,130.0,uM,0.13,aromatase
CHEMBL1629802,=,=,nM,180.0,uM,0.18,aromatase
CHEMBL1077603,=,=,nM,140.0,uM,0.14,aromatase
CHEMBL3623217,=,=,nM,169.3,nM,169.3,aromatase
CHEMBL3753645,=,=,nM,2800.0,uM,2.8,aromatase
CHEMBL1200374,=,=,nM,230.0,uM,0.23,aromatase
CHEMBL3751946,=,=,nM,910.0,uM,0.91,aromatase
CHEMBL3753463,=,=,nM,2500.0,uM,2.5,aromatase
CHEMBL3752191,=,=,nM,10000.0,uM,10.0,aromatase
CHEMBL3623213,=,=,nM,180.0,uM,0.18,aromatase
CHEMBL3623214,=,=,nM,168.0,uM,0.168,aromatase
CHEMBL3753842,=,=,nM,400.0,uM,0.4,aromatase
CHEMBL3753778,=,=,nM,3100.0,uM,3.1,aromatase
CHEMBL3752381,=,=,nM,12000.0,uM,12.0,aromatase
CHEMBL3623223,=,=,nM,470.0,uM,0.47,aromatase
CHEMBL3753182,=,=,nM,26000.0,uM,26.0,aromatase
CHEMBL3752510,=,=,nM,12.0,nM,12.0,aromatase
CHEMBL3753104,=,=,nM,50.0,nM,50.0,aromatase
CHEMBL3751861,=,=,nM,120500.0,uM,120.5,aromatase
CHEMBL3752050,=,=,nM,1889.0,uM,1.889,aromatase
CHEMBL3752637,=,=,nM,18570.0,uM,18.57,aromatase
CHEMBL3623216,=,=,nM,1019.8,nM,1019.8,aromatase
CHEMBL3623215,=,=,nM,512.0,nM,512.0,aromatase
CHEMBL3752216,=,=,nM,1820.0,uM,1.82,aromatase
CHEMBL3754253,=,=,nM,1820.0,uM,1.82,aromatase
CHEMBL3754378,=,=,nM,1820.0,uM,1.82,aromatase
CHEMBL3752689,=,=,nM,4400.0,uM,4.4,aromatase
CHEMBL3623212,=,=,nM,2400.0,uM,2.4,aromatase
CHEMBL3754157,=,=,nM,42300.0,uM,42.3,aromatase
CHEMBL3751913,=,=,nM,245.0,nM,245.0,aromatase
CHEMBL3751984,=,=,nM,236.0,nM,236.0,aromatase
CHEMBL2003274,=,=,nM,5200.0,uM,5.2,aromatase
CHEMBL3752285,=,=,nM,6400.0,uM,6.4,aromatase
CHEMBL3752166,=,=,nM,1820.0,uM,1.82,aromatase
CHEMBL3794430,=,=,nM,6100.0,uM,6.1,aromatase
CHEMBL3793091,=,=,nM,5000.0,uM,5.0,aromatase
CHEMBL3794417,>,>,nM,10000.0,uM,10.0,aromatase
CHEMBL3793530,=,=,nM,7900.0,uM,7.9,aromatase
CHEMBL3793576,=,=,nM,3100.0,uM,3.1,aromatase
CHEMBL3799363,=,=,nM,250.0,uM,0.25,aromatase
CHEMBL3800417,=,=,nM,530.0,uM,0.53,aromatase
CHEMBL3798461,=,=,nM,110.0,uM,0.11,aromatase
CHEMBL3623223,=,=,nM,470.0,uM,0.47,aromatase
CHEMBL3799189,=,=,nM,12310.0,uM,12.31,aromatase
CHEMBL3805021,=,=,nM,53.0,nM,53.0,aromatase
CHEMBL3805310,=,=,nM,24.0,nM,24.0,aromatase
CHEMBL3805173,=,=,nM,14.0,nM,14.0,aromatase
CHEMBL3806301,=,=,nM,9.0,nM,9.0,aromatase
CHEMBL3805481,=,=,nM,14.0,nM,14.0,aromatase
CHEMBL3805211,=,=,nM,13.0,nM,13.0,aromatase
CHEMBL3806151,=,=,nM,54.0,nM,54.0,aromatase
CHEMBL3805851,=,=,nM,7.0,nM,7.0,aromatase
CHEMBL3804849,=,=,nM,339.0,nM,339.0,aromatase
CHEMBL3805678,=,=,nM,131.0,nM,131.0,aromatase
CHEMBL3806282,=,=,nM,79.0,nM,79.0,aromatase
CHEMBL3806159,=,=,nM,43.0,nM,43.0,aromatase
CHEMBL3806046,=,=,nM,36.0,nM,36.0,aromatase
CHEMBL3805839,=,=,nM,46.0,nM,46.0,aromatase
CHEMBL3805814,=,=,nM,6.0,nM,6.0,aromatase
CHEMBL3805149,=,=,nM,42.0,nM,42.0,aromatase
CHEMBL3805048,=,=,nM,51.0,nM,51.0,aromatase
CHEMBL3806185,=,=,nM,48.0,nM,48.0,aromatase
CHEMBL3804993,=,=,nM,129.0,nM,129.0,aromatase
CHEMBL3805657,=,=,nM,48.0,nM,48.0,aromatase
CHEMBL3805008,=,=,nM,16.0,nM,16.0,aromatase
CHEMBL3805388,=,=,nM,45.0,nM,45.0,aromatase
CHEMBL3806075,=,=,nM,21.0,nM,21.0,aromatase
CHEMBL3805820,=,=,nM,59.0,nM,59.0,aromatase
CHEMBL3805539,=,=,nM,22.0,nM,22.0,aromatase
CHEMBL3805733,=,=,nM,14.0,nM,14.0,aromatase
CHEMBL1444,=,=,nM,4.0,nM,4.0,aromatase
CHEMBL1784801,=,=,nM,9.0,nM,9.0,aromatase
CHEMBL100749,=,=,nM,1.4,nM,1.4,aromatase
CHEMBL1093458,=,=,nM,6000.0,uM,6.0,aromatase
CHEMBL2386284,=,=,nM,30.0,nM,30.0,aromatase
CHEMBL489,=,=,nM,530000.0,uM,530.0,aromatase
CHEMBL3818343,=,=,nM,0.9,nM,0.9,aromatase
CHEMBL3623232,=,=,nM,0.2,nM,0.2,aromatase
CHEMBL3818279,=,=,nM,800.0,uM,0.8,aromatase
CHEMBL3623217,=,=,nM,169.3,nM,169.3,aromatase
CHEMBL3623216,=,=,nM,1019.8,nM,1019.8,aromatase
CHEMBL3818442,=,=,nM,512.0,nM,512.0,aromatase
CHEMBL3818725,=,=,nM,168.0,uM,0.168,aromatase
CHEMBL3819184,=,=,nM,180.0,uM,0.18,aromatase
CHEMBL3623223,=,=,nM,470.0,uM,0.47,aromatase
CHEMBL3819549,=,=,nM,450.0,uM,0.45,aromatase
CHEMBL3818338,=,=,nM,750.0,uM,0.75,aromatase
CHEMBL3818728,=,=,nM,590.0,uM,0.59,aromatase
CHEMBL1399,=,=,nM,3.6,nM,3.6,aromatase
CHEMBL9298,=,=,nM,0.004,pM,4.0,aromatase
CHEMBL132530,=,=,nM,30.0,nM,30.0,aromatase
CHEMBL488,=,=,nM,10000.0,uM,10.0,aromatase
CHEMBL3818720,=,=,nM,80.0,uM,0.08,aromatase
CHEMBL9352,=,=,nM,5100.0,uM,5.1,aromatase
CHEMBL437731,=,=,nM,51.0,uM,0.051,aromatase
CHEMBL3623228,=,=,nM,12100.0,uM,12.1,aromatase
CHEMBL3827037,=,=,nM,12100.0,uM,12.1,aromatase
CHEMBL9352,=,=,nM,1000.0,uM,1.0,aromatase
CHEMBL3942918,=,=,nM,9257.0,nM,9257.0,aromatase
CHEMBL3961452,=,=,nM,286.9,nM,286.9,aromatase
CHEMBL3961033,=,=,nM,645.3,nM,645.3,aromatase
CHEMBL3925065,=,=,nM,9724.0,nM,9724.0,aromatase
CHEMBL3944017,=,=,nM,13.4,nM,13.4,aromatase
CHEMBL3916057,=,=,nM,177.1,nM,177.1,aromatase
CHEMBL3948254,=,=,nM,8.8,nM,8.8,aromatase
CHEMBL3977491,=,=,nM,230.0,nM,230.0,aromatase
CHEMBL3350384,=,=,nM,102.2,nM,102.2,aromatase
CHEMBL2386285,=,=,nM,76.8,nM,76.8,aromatase
CHEMBL2386284,=,=,nM,1029.0,nM,1029.0,aromatase
CHEMBL149791,=,=,nM,24880.0,nM,24880.0,aromatase
CHEMBL3905734,=,=,nM,62.2,nM,62.2,aromatase
CHEMBL3984531,=,=,nM,220.8,nM,220.8,aromatase
CHEMBL1444,=,=,nM,5.3,nM,5.3,aromatase
CHEMBL157101,=,=,nM,1600.0,nM,1600.0,aromatase
CHEMBL3983734,=,=,nM,970.0,nM,970.0,aromatase
CHEMBL3913908,=,=,nM,1600.0,nM,1600.0,aromatase
CHEMBL3894912,=,=,nM,1200.0,nM,1200.0,aromatase
CHEMBL3922888,=,=,nM,1820.0,nM,1820.0,aromatase
CHEMBL3964421,=,=,nM,10000.0,nM,10000.0,aromatase
CHEMBL3931836,=,=,nM,1240.0,nM,1240.0,aromatase
CHEMBL3938615,=,=,nM,790.0,nM,790.0,aromatase
CHEMBL3968178,=,=,nM,3800.0,nM,3800.0,aromatase
CHEMBL3952032,=,=,nM,2800.0,nM,2800.0,aromatase
CHEMBL3980889,=,=,nM,1000.0,nM,1000.0,aromatase
CHEMBL3960724,=,=,nM,10000.0,nM,10000.0,aromatase
CHEMBL3891718,=,=,nM,10000.0,nM,10000.0,aromatase
CHEMBL3923127,=,=,nM,7700.0,nM,7700.0,aromatase
CHEMBL3893614,=,=,nM,2200.0,nM,2200.0,aromatase
CHEMBL3948337,=,=,nM,790.0,nM,790.0,aromatase
CHEMBL3951973,=,=,nM,2300.0,nM,2300.0,aromatase
CHEMBL3924257,=,=,nM,420.0,nM,420.0,aromatase
CHEMBL3919759,=,=,nM,120.0,nM,120.0,aromatase
CHEMBL3959541,=,=,nM,5089.0,uM,5.089,aromatase
CHEMBL3941042,=,=,nM,12530.0,uM,12.53,aromatase
CHEMBL3914106,=,=,nM,9520.0,uM,9.52,aromatase
CHEMBL3924170,=,=,nM,6070.0,uM,6.07,aromatase
CHEMBL3926174,=,=,nM,4660.0,uM,4.66,aromatase
CHEMBL1444,=,=,nM,29500.0,uM,29.5,aromatase
CHEMBL365735,=,=,nM,5727.0,nM,5727.0,aromatase
CHEMBL362968,=,=,nM,586.0,nM,586.0,aromatase
CHEMBL193343,=,=,nM,6639.0,nM,6639.0,aromatase
CHEMBL197576,=,=,nM,1805.0,nM,1805.0,aromatase
CHEMBL196328,=,=,nM,9107.0,nM,9107.0,aromatase
CHEMBL381014,=,=,nM,970.0,nM,970.0,aromatase
CHEMBL438802,=,=,nM,1252.0,nM,1252.0,aromatase
CHEMBL195996,=,=,nM,2821.0,nM,2821.0,aromatase
CHEMBL194472,=,=,nM,129.0,nM,129.0,aromatase
CHEMBL9298,=,=,nM,30.0,nM,30.0,aromatase
CHEMBL205881,=,=,nM,4.073,nM,4.073,aromatase
CHEMBL206351,=,=,nM,814.0,nM,814.0,aromatase
CHEMBL206283,=,=,nM,6045.0,nM,6045.0,aromatase
CHEMBL205503,=,=,nM,1507.0,nM,1507.0,aromatase
CHEMBL206550,=,=,nM,1787.0,nM,1787.0,aromatase
CHEMBL206070,=,=,nM,3551.0,nM,3551.0,aromatase
CHEMBL9298,=,=,nM,30.0,nM,30.0,aromatase
CHEMBL9298,=,=,nM,29.5,nM,29.5,aromatase
CHEMBL488,=,=,nM,7000.0,uM,7.0,aromatase
CHEMBL4070331,=,=,nM,28.7,uM,0.0287,aromatase
CHEMBL4091260,>,>,nM,10000.0,uM,10.0,aromatase
CHEMBL4080965,=,=,nM,2600.0,uM,2.6,aromatase
CHEMBL4098990,=,=,nM,30.3,uM,0.0303,aromatase
CHEMBL4099909,>,>,nM,10000.0,uM,10.0,aromatase
CHEMBL1650711,>,>,nM,10000.0,uM,10.0,aromatase
CHEMBL1650709,>,>,nM,10000.0,uM,10.0,aromatase
CHEMBL49732,>,>,nM,10000.0,uM,10.0,aromatase
CHEMBL4100188,>,>,nM,10000.0,uM,10.0,aromatase
CHEMBL4074186,>,>,nM,10000.0,uM,10.0,aromatase
CHEMBL4105495,>,>,nM,10000.0,uM,10.0,aromatase
CHEMBL4087613,=,=,nM,3100.0,uM,3.1,aromatase
CHEMBL4063099,>,>,nM,10000.0,uM,10.0,aromatase
CHEMBL4095313,>,>,nM,10000.0,uM,10.0,aromatase
CHEMBL4078790,=,=,nM,1100.0,uM,1.1,aromatase
CHEMBL4103066,=,=,nM,1100.0,uM,1.1,aromatase
CHEMBL1430816,>,>,nM,10000.0,uM,10.0,aromatase
CHEMBL488,=,=,nM,9000.0,uM,9.0,aromatase
CHEMBL1200374,=,=,nM,42.5,nM,42.5,aromatase
CHEMBL4098297,=,=,nM,6300.0,nM,6300.0,aromatase
CHEMBL4080256,=,=,nM,6200.0,nM,6200.0,aromatase
CHEMBL4071689,=,=,nM,5400.0,nM,5400.0,aromatase
CHEMBL4080420,=,=,nM,6900.0,nM,6900.0,aromatase
CHEMBL4067000,=,=,nM,4600.0,nM,4600.0,aromatase
CHEMBL4060208,=,=,nM,5670.0,uM,5.67,aromatase
CHEMBL4077259,=,=,nM,9670.0,uM,9.67,aromatase
CHEMBL4098604,=,=,nM,6700.0,uM,6.7,aromatase
CHEMBL4068601,=,=,nM,8900.0,uM,8.9,aromatase
CHEMBL1444,=,=,nM,29500.0,uM,29.5,aromatase
CHEMBL1397,=,=,nM,8400.0,uM,8.4,aromatase
CHEMBL106,=,=,nM,22000.0,uM,22.0,aromatase
CHEMBL4077246,>,>,nM,100000.0,uM,100.0,aromatase
CHEMBL157101,=,=,nM,1600.0,nM,1600.0,aromatase
CHEMBL4129721,=,=,nM,10000.0,nM,10000.0,aromatase
CHEMBL4126284,=,=,nM,10000.0,nM,10000.0,aromatase
CHEMBL4128368,=,=,nM,1000.0,nM,1000.0,aromatase
CHEMBL4170393,=,=,nM,11900.0,uM,11.9,aromatase
CHEMBL4172955,=,=,nM,11200.0,uM,11.2,aromatase
CHEMBL4165064,=,=,nM,3500.0,uM,3.5,aromatase
CHEMBL4174637,=,=,nM,2700.0,uM,2.7,aromatase
CHEMBL4163983,=,=,nM,3500.0,uM,3.5,aromatase
CHEMBL4159524,=,=,nM,4000.0,uM,4.0,aromatase
CHEMBL4167430,=,=,nM,5500.0,uM,5.5,aromatase
CHEMBL4167841,=,=,nM,9800.0,uM,9.8,aromatase
CHEMBL4175698,=,=,nM,15300.0,uM,15.3,aromatase
CHEMBL4171198,=,=,nM,2700.0,uM,2.7,aromatase
CHEMBL4160591,=,=,nM,3400.0,uM,3.4,aromatase
CHEMBL4169756,=,=,nM,7600.0,uM,7.6,aromatase
CHEMBL4159101,=,=,nM,5400.0,uM,5.4,aromatase
CHEMBL4167098,=,=,nM,4400.0,uM,4.4,aromatase
CHEMBL4159184,=,=,nM,3800.0,uM,3.8,aromatase
CHEMBL4163649,=,=,nM,3200.0,uM,3.2,aromatase
CHEMBL4174326,=,=,nM,2300.0,uM,2.3,aromatase
CHEMBL4173941,=,=,nM,700.0,uM,0.7,aromatase
CHEMBL4166016,=,=,nM,1400.0,uM,1.4,aromatase
CHEMBL4170504,=,=,nM,1300.0,uM,1.3,aromatase
CHEMBL4162572,=,=,nM,2300.0,uM,2.3,aromatase
CHEMBL4162163,=,=,nM,4100.0,uM,4.1,aromatase
CHEMBL4172837,=,=,nM,2800.0,uM,2.8,aromatase
CHEMBL4161859,=,=,nM,800.0,uM,0.8,aromatase
CHEMBL4169784,=,=,nM,4200.0,uM,4.2,aromatase
CHEMBL4176982,=,=,nM,1700.0,uM,1.7,aromatase
CHEMBL4166364,=,=,nM,4600.0,uM,4.6,aromatase
CHEMBL4173619,=,=,nM,2500.0,uM,2.5,aromatase
CHEMBL4162907,=,=,nM,8800.0,uM,8.8,aromatase
CHEMBL4170175,=,=,nM,3900.0,uM,3.9,aromatase
CHEMBL4159550,=,=,nM,2800.0,uM,2.8,aromatase
CHEMBL4166769,=,=,nM,8300.0,uM,8.3,aromatase
CHEMBL4174670,=,=,nM,11900.0,uM,11.9,aromatase
CHEMBL4168266,=,=,nM,9800.0,uM,9.8,aromatase
CHEMBL157101,=,=,nM,2600.0,uM,2.6,aromatase
CHEMBL1444,=,=,nM,1.9,uM,0.0019,aromatase
CHEMBL1444,=,=,nM,49.5,nM,49.5,aromatase
CHEMBL4175438,=,=,nM,51.2,nM,51.2,aromatase
CHEMBL4167569,=,=,nM,82.9,nM,82.9,aromatase
CHEMBL4171996,=,=,nM,32.3,nM,32.3,aromatase
CHEMBL4164126,=,=,nM,260.8,nM,260.8,aromatase
CHEMBL4163704,=,=,nM,36.1,nM,36.1,aromatase
CHEMBL4174373,=,=,nM,276.8,nM,276.8,aromatase
CHEMBL4160335,=,=,nM,108.7,nM,108.7,aromatase
CHEMBL4170941,=,=,nM,1058.0,nM,1058.0,aromatase
CHEMBL4161789,=,=,nM,210.6,nM,210.6,aromatase
CHEMBL4172433,=,=,nM,2635.0,nM,2635.0,aromatase
CHEMBL4176600,=,=,nM,54.4,nM,54.4,aromatase
CHEMBL4165988,=,=,nM,217.4,nM,217.4,aromatase
CHEMBL4161492,=,=,nM,96.9,nM,96.9,aromatase
CHEMBL4169419,=,=,nM,207.5,nM,207.5,aromatase
CHEMBL4169808,=,=,nM,14.1,nM,14.1,aromatase
CHEMBL4159159,=,=,nM,196.5,nM,196.5,aromatase
CHEMBL4173231,=,=,nM,237.6,nM,237.6,aromatase
CHEMBL4162549,=,=,nM,7772.0,nM,7772.0,aromatase
CHEMBL4162931,=,=,nM,58.3,nM,58.3,aromatase
CHEMBL4170868,=,=,nM,677.4,nM,677.4,aromatase
CHEMBL129795,=,=,nM,3800.0,uM,3.8,aromatase
CHEMBL4210489,=,=,nM,1610.0,uM,1.61,aromatase
CHEMBL4209034,=,=,nM,3050.0,uM,3.05,aromatase
CHEMBL469266,=,=,nM,9000.0,uM,9.0,aromatase
CHEMBL4216885,=,=,nM,3880.0,uM,3.88,aromatase
CHEMBL4212655,=,=,nM,6870.0,uM,6.87,aromatase
CHEMBL1424243,=,=,nM,22810.0,uM,22.81,aromatase
CHEMBL509962,=,=,nM,3340.0,uM,3.34,aromatase
CHEMBL4204862,=,=,nM,39710.0,uM,39.71,aromatase
CHEMBL4207850,=,=,nM,11500.0,uM,11.5,aromatase
CHEMBL1444,=,=,nM,9.95,nM,9.95,aromatase
CHEMBL3099695,=,=,nM,1584.89,,5.8,aromatase
CHEMBL287677,=,=,nM,794.33,,6.1,aromatase
CHEMBL446083,=,=,nM,100.0,,7.0,aromatase
CHEMBL4207995,<,>,nM,31622.78,,4.5,aromatase
CHEMBL4212612,<,>,nM,31622.78,,4.5,aromatase
CHEMBL4211193,<,>,nM,19952.62,,4.7,aromatase
CHEMBL4212918,<,>,nM,31622.78,,4.5,aromatase
CHEMBL4214618,<,>,nM,31622.78,,4.5,aromatase
CHEMBL4207348,<,>,nM,19952.62,,4.7,aromatase
CHEMBL165,=,=,nM,25000.0,uM,25.0,aromatase
CHEMBL264401,>,>,nM,50000.0,uM,50.0,aromatase
CHEMBL1939366,=,=,nM,240.0,uM,0.24,aromatase
CHEMBL118266,=,=,nM,4.0,uM,0.004,aromatase
CHEMBL1399,=,=,nM,1.5,nM,1.5,aromatase
CHEMBL4227385,=,=,nM,0.42,uM,0.00042,aromatase
CHEMBL4227979,=,=,nM,3045.68,uM,3.04568,aromatase
CHEMBL4227126,=,=,nM,5715.79,uM,5.71579,aromatase
CHEMBL4228236,=,=,nM,3591.14,uM,3.59114,aromatase
CHEMBL4229074,=,=,nM,3000.88,uM,3.00088,aromatase
CHEMBL4228495,=,=,nM,3565.19,uM,3.56519,aromatase
CHEMBL4224728,=,=,nM,1181.36,uM,1.18136,aromatase
CHEMBL4228753,=,=,nM,176.82,uM,0.17682,aromatase
CHEMBL4224993,=,=,nM,3187.68,uM,3.18768,aromatase
CHEMBL4229012,=,=,nM,1703.22,uM,1.70322,aromatase
CHEMBL4225257,=,=,nM,3253.28,uM,3.25328,aromatase
CHEMBL4229272,=,=,nM,3409.25,uM,3.40925,aromatase
CHEMBL4225521,=,=,nM,1092.68,uM,1.09268,aromatase
CHEMBL4228303,=,=,nM,3321.79,uM,3.32179,aromatase
CHEMBL4227458,=,=,nM,935.46,uM,0.93546,aromatase
CHEMBL4224875,=,=,nM,2600.71,uM,2.60071,aromatase
CHEMBL4227725,=,=,nM,3482.15,uM,3.48215,aromatase
CHEMBL4228819,=,=,nM,3345.23,uM,3.34523,aromatase
CHEMBL4225998,=,=,nM,1804.56,uM,1.80456,aromatase
CHEMBL4228031,=,=,nM,1984.4,uM,1.9844,aromatase
CHEMBL4228244,=,=,nM,999.74,uM,0.99974,aromatase
CHEMBL157101,=,=,nM,951.48,uM,0.95148,aromatase
CHEMBL4129721,=,=,nM,10000.0,nM,10000.0,aromatase
CHEMBL4126996,=,=,nM,10000.0,nM,10000.0,aromatase
CHEMBL4288256,=,=,nM,10000.0,nM,10000.0,aromatase
CHEMBL4126284,=,=,nM,10000.0,nM,10000.0,aromatase
CHEMBL4128368,=,=,nM,1000.0,nM,1000.0,aromatase
CHEMBL4291002,,,,,,,aromatase
CHEMBL4289930,=,=,nM,350.0,nM,350.0,aromatase
CHEMBL4439573,=,=,nM,6445.0,uM,6.445,aromatase
CHEMBL4516755,=,=,nM,490.0,uM,0.49,aromatase
CHEMBL4537791,=,=,nM,160.0,uM,0.16,aromatase
CHEMBL4464506,=,=,nM,750.0,uM,0.75,aromatase
CHEMBL1371590,=,=,nM,200.0,uM,0.2,aromatase
CHEMBL1444,=,=,nM,1.9,nM,1.9,aromatase
CHEMBL4564431,=,=,nM,8720.0,uM,8.72,aromatase
CHEMBL4449929,=,=,nM,130.0,uM,0.13,aromatase
CHEMBL4436270,=,=,nM,3200.0,uM,3.2,aromatase
CHEMBL4462178,=,=,nM,210.0,uM,0.21,aromatase
CHEMBL4531367,=,=,nM,11600.0,uM,11.6,aromatase
CHEMBL4556427,=,=,nM,430.0,uM,0.43,aromatase
CHEMBL4536389,=,=,nM,2190.0,uM,2.19,aromatase
CHEMBL4460718,=,=,nM,50.0,uM,0.05,aromatase
CHEMBL4590541,=,=,nM,60.0,uM,0.06,aromatase
CHEMBL4444996,=,=,nM,160.0,uM,0.16,aromatase
CHEMBL4567479,=,=,nM,280.0,uM,0.28,aromatase
CHEMBL2299369,=,=,nM,5500.0,uM,5.5,aromatase
CHEMBL4555477,=,=,nM,3670.0,uM,3.67,aromatase
CHEMBL4439561,=,=,nM,2750.0,uM,2.75,aromatase
CHEMBL4448018,=,=,nM,3300.0,uM,3.3,aromatase
CHEMBL4585518,>,>,nM,12500.0,uM,12.5,aromatase
CHEMBL4527809,=,=,nM,660.0,uM,0.66,aromatase
CHEMBL4543747,=,=,nM,530.0,uM,0.53,aromatase
CHEMBL4446561,=,=,nM,780.0,uM,0.78,aromatase
CHEMBL1444,=,=,nM,1.9,uM,0.0019,aromatase
CHEMBL4570681,=,=,nM,370.0,uM,0.37,aromatase
CHEMBL2299368,=,=,nM,800.0,uM,0.8,aromatase
CHEMBL1444,=,=,nM,10.0,uM,0.01,aromatase
CHEMBL1093458,=,=,nM,6100.0,uM,6.1,aromatase
CHEMBL4437198,=,=,nM,5100.0,uM,5.1,aromatase
CHEMBL4568316,=,=,nM,11000.0,uM,11.0,aromatase
CHEMBL4474808,=,=,nM,20900.0,uM,20.9,aromatase
CHEMBL1991089,=,=,nM,95300.0,uM,95.3,aromatase
CHEMBL4453737,=,=,nM,21700.0,uM,21.7,aromatase
CHEMBL4514728,=,=,nM,105.0,uM,0.105,aromatase
CHEMBL4468497,=,=,nM,520.0,uM,0.52,aromatase
CHEMBL487113,=,=,nM,270.0,uM,0.27,aromatase
CHEMBL3754471,=,=,nM,60.0,uM,0.06,aromatase
CHEMBL4451962,=,=,nM,405.0,uM,0.405,aromatase
CHEMBL3751881,=,=,nM,170.0,uM,0.17,aromatase
CHEMBL4460869,=,=,nM,175.0,uM,0.175,aromatase
CHEMBL4564333,=,=,nM,560.0,uM,0.56,aromatase
CHEMBL4575994,=,=,nM,55.0,uM,0.055,aromatase
CHEMBL4454575,=,=,nM,110.0,uM,0.11,aromatase
CHEMBL4520056,=,=,nM,210.0,uM,0.21,aromatase
CHEMBL4515880,=,=,nM,840.0,uM,0.84,aromatase
CHEMBL4520027,=,=,nM,880.0,uM,0.88,aromatase
CHEMBL29863,=,=,nM,2300.0,uM,2.3,aromatase
CHEMBL28669,=,=,nM,3000.0,uM,3.0,aromatase
CHEMBL28668,=,=,nM,3000.0,uM,3.0,aromatase
CHEMBL25735,=,=,nM,1300.0,uM,1.3,aromatase
CHEMBL29230,=,=,nM,400.0,uM,0.4,aromatase
CHEMBL287647,=,=,nM,1100.0,uM,1.1,aromatase
CHEMBL29521,=,=,nM,600.0,uM,0.6,aromatase
CHEMBL29339,=,=,nM,1500.0,uM,1.5,aromatase
CHEMBL29338,=,=,nM,1700.0,uM,1.7,aromatase
CHEMBL421149,=,=,nM,43.0,nM,43.0,aromatase
CHEMBL159073,=,=,nM,40.0,nM,40.0,aromatase
CHEMBL31760,=,=,nM,0.7,nM,0.7,aromatase
CHEMBL10026,=,=,nM,800.0,uM,0.8,aromatase
CHEMBL10137,=,=,nM,620.0,uM,0.62,aromatase
CHEMBL4583456,=,=,nM,91.0,uM,0.091,aromatase
CHEMBL4540847,=,=,nM,41.0,uM,0.041,aromatase
CHEMBL3622055,=,=,nM,0.26,nM,0.26,aromatase
CHEMBL322322,=,=,nM,2.3,nM,2.3,aromatase
CHEMBL108483,=,=,nM,0.82,nM,0.82,aromatase
CHEMBL3622064,=,=,nM,0.25,nM,0.25,aromatase
CHEMBL3622063,=,=,nM,2.1,nM,2.1,aromatase
CHEMBL4465348,=,=,nM,0.2,nM,0.2,aromatase
CHEMBL1997442,=,=,nM,100.0,uM,0.1,aromatase
CHEMBL188664,=,=,nM,210.0,uM,0.21,aromatase
CHEMBL108425,=,=,nM,0.4,nM,0.4,aromatase
CHEMBL4520995,=,=,nM,0.12,nM,0.12,aromatase
CHEMBL1629803,=,=,nM,6500.0,uM,6.5,aromatase
CHEMBL3622064,=,=,nM,0.25,nM,0.25,aromatase
CHEMBL3622063,=,=,nM,26.0,nM,26.0,aromatase
CHEMBL1444,=,=,nM,2.18,nM,2.18,aromatase
CHEMBL4563511,=,=,nM,19.66,nM,19.66,aromatase
CHEMBL4546916,=,=,nM,73.17,nM,73.17,aromatase
CHEMBL4556775,=,=,nM,17.42,nM,17.42,aromatase
CHEMBL4560281,=,=,nM,14.53,nM,14.53,aromatase
CHEMBL4592407,=,=,nM,30.19,nM,30.19,aromatase
CHEMBL4574913,=,=,nM,9.02,nM,9.02,aromatase
CHEMBL4514474,=,=,nM,17.38,nM,17.38,aromatase
CHEMBL4526798,=,=,nM,43.57,nM,43.57,aromatase
CHEMBL4564168,=,=,nM,58.85,nM,58.85,aromatase
CHEMBL4568674,=,=,nM,57.58,nM,57.58,aromatase
CHEMBL4575939,=,=,nM,12.12,nM,12.12,aromatase
CHEMBL4536893,=,=,nM,39.77,nM,39.77,aromatase
CHEMBL4547558,=,=,nM,90.73,nM,90.73,aromatase
CHEMBL4547558,=,=,nM,90.78,,7.042,aromatase
CHEMBL4536893,=,=,nM,39.81,,7.4,aromatase
CHEMBL4575939,=,=,nM,12.11,,7.917,aromatase
CHEMBL4568674,=,=,nM,57.54,,7.24,aromatase
CHEMBL4564168,=,=,nM,58.88,,7.23,aromatase
CHEMBL4526798,=,=,nM,43.55,,7.361,aromatase
CHEMBL4514474,=,=,nM,17.38,,7.76,aromatase
CHEMBL4574913,=,=,nM,9.016,,8.045,aromatase
CHEMBL4592407,=,=,nM,30.2,,7.52,aromatase
CHEMBL4560281,=,=,nM,14.52,,7.838,aromatase
CHEMBL4556775,=,=,nM,17.42,,7.759,aromatase
CHEMBL4546916,=,=,nM,73.11,,7.136,aromatase
CHEMBL4563511,=,=,nM,19.68,,7.706,aromatase
CHEMBL1444,=,=,nM,2.178,,8.662,aromatase
CHEMBL1444,=,=,nM,10.0,uM,0.01,aromatase
CHEMBL4634777,=,=,nM,5550.0,uM,5.55,aromatase
CHEMBL4639677,=,=,nM,2850.0,uM,2.85,aromatase
CHEMBL4632445,=,=,nM,770.0,uM,0.77,aromatase
CHEMBL149791,=,=,nM,24900.0,nM,24900.0,aromatase
CHEMBL4763409,=,=,nM,12800.0,nM,12800.0,aromatase
CHEMBL4777271,=,=,nM,4.77,nM,4.77,aromatase
CHEMBL4797578,=,=,nM,137.0,nM,137.0,aromatase
CHEMBL4747849,=,=,nM,15200.0,nM,15200.0,aromatase
CHEMBL4780337,=,=,nM,60.0,nM,60.0,aromatase
CHEMBL4753984,=,=,nM,3030.0,nM,3030.0,aromatase
CHEMBL4749692,=,=,nM,12500.0,nM,12500.0,aromatase
CHEMBL4743255,=,=,nM,17200.0,nM,17200.0,aromatase
CHEMBL4753594,=,=,nM,94.4,nM,94.4,aromatase
CHEMBL4764457,=,=,nM,2980.0,nM,2980.0,aromatase
CHEMBL4752568,=,=,nM,14200.0,nM,14200.0,aromatase
CHEMBL4760286,=,=,nM,36.3,nM,36.3,aromatase
CHEMBL4755831,=,=,nM,5.24,nM,5.24,aromatase
CHEMBL4750835,=,=,nM,104.0,nM,104.0,aromatase
CHEMBL4745681,=,=,nM,17.7,nM,17.7,aromatase
CHEMBL4778401,=,=,nM,60.4,nM,60.4,aromatase
CHEMBL4761359,=,=,nM,439.0,nM,439.0,aromatase
CHEMBL4858552,=,=,nM,820.0,uM,0.82,aromatase
CHEMBL4874326,=,=,nM,860.0,uM,0.86,aromatase
CHEMBL4847316,=,=,nM,7900.0,uM,7.9,aromatase
CHEMBL4870604,=,=,nM,1600.0,uM,1.6,aromatase
CHEMBL4868867,=,=,nM,5700.0,uM,5.7,aromatase
CHEMBL1784801,=,=,nM,9000.0,uM,9.0,aromatase
CHEMBL165,=,=,nM,80000.0,uM,80.0,aromatase
CHEMBL69011,=,=,nM,22000.0,uM,22.0,aromatase
CHEMBL3924170,=,=,nM,6000.0,uM,6.0,aromatase
CHEMBL4875917,=,=,nM,7200.0,uM,7.2,aromatase
CHEMBL4866633,=,=,nM,11800.0,uM,11.8,aromatase
CHEMBL4859743,=,=,nM,10700.0,uM,10.7,aromatase
CHEMBL4863718,=,=,nM,10400.0,uM,10.4,aromatase
CHEMBL4874928,=,=,nM,7900.0,uM,7.9,aromatase
CHEMBL4852023,=,=,nM,3700.0,uM,3.7,aromatase
CHEMBL157101,=,=,nM,2400.0,uM,2.4,aromatase
CHEMBL1200374,=,=,nM,23.0,uM,0.023,aromatase
CHEMBL1444,=,=,nM,1.0,uM,0.001,aromatase
CHEMBL5082245,=,=,nM,1253.0,uM,1.253,aromatase
CHEMBL5077976,>,>,nM,10000.0,uM,10.0,aromatase
CHEMBL5075144,=,=,nM,952.0,uM,0.9520000000000001,aromatase
CHEMBL5082681,=,=,nM,596.0,uM,0.596,aromatase
CHEMBL5080066,=,=,nM,23.0,uM,0.023,aromatase
CHEMBL5069811,=,=,nM,861.0,uM,0.861,aromatase
CHEMBL5072101,=,=,nM,35.0,uM,0.035,aromatase
CHEMBL5087363,=,=,nM,1002.0,uM,1.002,aromatase
CHEMBL5092560,=,=,nM,900.0,uM,0.9,aromatase
CHEMBL5092843,=,=,nM,3240.0,uM,3.24,aromatase
CHEMBL5074047,=,=,nM,52.0,uM,0.052000000000000005,aromatase
CHEMBL5081446,=,=,nM,63.0,uM,0.063,aromatase
CHEMBL1093458,>,>,nM,10000.0,uM,10.0,aromatase
CHEMBL1444,=,=,nM,4.0,uM,0.004,aromatase
CHEMBL5195433,=,=,nM,2.3,uM,0.0023,aromatase
CHEMBL1444,=,=,nM,2.8,uM,0.0028,aromatase
CHEMBL185,=,=,nM,630.0,uM,0.63,aromatase
CHEMBL132530,=,=,nM,30.0,nM,30.0,aromatase
CHEMBL1399,=,=,nM,8.0,nM,8.0,aromatase
CHEMBL488,=,=,nM,10000.0,nM,10000.0,aromatase
CHEMBL1444,=,=,nM,2.0,nM,2.0,aromatase
CHEMBL1200374,=,=,nM,15.0,nM,15.0,aromatase
CHEMBL16782,=,=,nM,510.0,uM,0.51,aromatase
CHEMBL276915,=,=,nM,1900.0,uM,1.9,aromatase
CHEMBL446706,=,=,nM,0.79,nM,0.79,aromatase
CHEMBL382902,=,=,nM,0.47,nM,0.47,aromatase
CHEMBL5205534,=,=,nM,2.76,nM,2.76,aromatase
CHEMBL5178202,=,=,nM,5.67,nM,5.67,aromatase
CHEMBL5186519,=,=,nM,2.01,nM,2.01,aromatase
CHEMBL5204674,=,=,nM,21.05,nM,21.05,aromatase
CHEMBL5175025,=,=,nM,30.25,nM,30.25,aromatase
CHEMBL5185187,>,>,nM,1000.0,nM,1000.0,aromatase
CHEMBL5177518,>,>,nM,1000.0,nM,1000.0,aromatase
CHEMBL1444,=,=,nM,0.7,nM,0.7,aromatase
CHEMBL5184004,=,=,nM,0.46,nM,0.46,aromatase
CHEMBL5197552,=,=,nM,1.03,nM,1.03,aromatase
CHEMBL5174567,=,=,nM,0.53,nM,0.53,aromatase
CHEMBL5175340,=,=,nM,0.39,nM,0.39,aromatase
CHEMBL198291,=,=,nM,0.15,nM,0.15,aromatase
CHEMBL5173597,=,=,nM,4.1,nM,4.1,aromatase
CHEMBL5177269,=,=,nM,0.51,nM,0.51,aromatase
CHEMBL202226,=,=,nM,0.56,nM,0.56,aromatase
CHEMBL197650,=,=,nM,0.11,nM,0.11,aromatase
CHEMBL5203413,=,=,nM,0.09,nM,0.09,aromatase
CHEMBL5179009,=,=,nM,0.72,nM,0.72,aromatase
CHEMBL2179110,=,=,nM,11.8,nM,11.8,aromatase
CHEMBL4634777,=,=,nM,0.77,nM,0.77,aromatase
CHEMBL4639677,=,=,nM,0.01,nM,0.01,aromatase
CHEMBL4632445,=,=,nM,0.01,nM,0.01,aromatase
CHEMBL1200374,=,=,nM,50.1,nM,50.1,aromatase
CHEMBL5184829,>,>,nM,10000.0,uM,10.0,aromatase
CHEMBL5176279,=,=,nM,31.0,uM,0.031,aromatase
CHEMBL5177928,=,=,nM,42.0,uM,0.042,aromatase
CHEMBL1444,=,=,nM,26.0,uM,0.026000000000000002,aromatase
CHEMBL108425,=,=,nM,0.5,nM,0.5,aromatase
CHEMBL108483,=,=,nM,0.82,nM,0.82,aromatase
CHEMBL372999,=,=,nM,0.74,nM,0.74,aromatase
CHEMBL202612,=,=,nM,0.46,nM,0.46,aromatase
CHEMBL5271052,=,=,nM,0.4,nM,0.4,aromatase
CHEMBL5278036,=,=,nM,1.9,nM,1.9,aromatase
CHEMBL5270023,=,=,nM,10.0,nM,10.0,aromatase
CHEMBL5272700,=,=,nM,1.05,nM,1.05,aromatase
CHEMBL5283822,=,=,nM,0.83,nM,0.83,aromatase
CHEMBL5287457,>,>,nM,10.0,nM,10.0,aromatase
CHEMBL5274335,=,=,nM,10.0,nM,10.0,aromatase
CHEMBL5280326,=,=,nM,0.92,nM,0.92,aromatase
CHEMBL5277776,=,=,nM,4.9,nM,4.9,aromatase
CHEMBL5265932,>,>,nM,10.0,nM,10.0,aromatase
CHEMBL1444,=,=,nM,0.7,nM,0.7,aromatase
CHEMBL5281972,=,=,nM,2.3,nM,2.3,aromatase
CHEMBL5271636,=,=,nM,3.3,nM,3.3,aromatase
CHEMBL1444,=,=,nM,2.8,nM,2.8,aromatase
CHEMBL165,=,=,nM,22500.0,uM,22.5,aromatase
CHEMBL296411,=,=,nM,13600.0,uM,13.6,aromatase
CHEMBL5287750,=,=,nM,2700.0,uM,2.7,aromatase
CHEMBL3132924,=,=,nM,85000.0,uM,85.0,aromatase
CHEMBL2058266,=,=,nM,8500.0,uM,8.5,aromatase
CHEMBL2058266,=,=,nM,1200.0,uM,1.2,aromatase
CHEMBL132530,=,=,nM,369.83,,6.432,aromatase
CHEMBL3753307,=,=,nM,549.54,,6.26,aromatase
CHEMBL5268471,=,=,nM,11994.99,,4.921,aromatase
CHEMBL5286895,=,=,nM,10990.06,,4.959,aromatase
CHEMBL3752414,=,=,nM,250.03,,6.602,aromatase
CHEMBL3753403,=,=,nM,250.03,,6.602,aromatase
CHEMBL5270517,=,=,nM,599.79,,6.222,aromatase
CHEMBL5279139,=,=,nM,5105.05,,5.292,aromatase
CHEMBL3753169,=,=,nM,88.92,,7.051,aromatase
CHEMBL3754174,=,=,nM,11803.21,,4.928,aromatase
CHEMBL3751945,=,=,nM,11803.21,,4.928,aromatase
CHEMBL3752976,=,=,nM,15310.87,,4.815,aromatase
CHEMBL3623219,=,=,nM,479.73,,6.319,aromatase
CHEMBL3753620,=,=,nM,2197.86,,5.658,aromatase
CHEMBL3754720,=,=,nM,1399.59,,5.854,aromatase
CHEMBL3623218,=,=,nM,1000.0,,6.0,aromatase
CHEMBL3752414,=,=,nM,460.26,,6.337,aromatase
CHEMBL3754505,=,=,nM,599.79,,6.222,aromatase
CHEMBL5290960,=,=,nM,489.78,,6.31,aromatase
CHEMBL5269293,=,=,nM,928.97,,6.032,aromatase
CHEMBL3753089,=,=,nM,660.69,,6.18,aromatase
CHEMBL5276820,=,=,nM,1250.26,,5.903,aromatase
CHEMBL5265837,=,=,nM,4497.8,,5.347,aromatase
CHEMBL3754054,=,=,nM,172.19,,6.764,aromatase
CHEMBL3752591,=,=,nM,231.74,,6.635,aromatase
CHEMBL3754259,=,=,nM,16.71,,7.777,aromatase
CHEMBL3753447,=,=,nM,7.691,,8.114,aromatase
CHEMBL3752221,=,=,nM,14.89,,7.827,aromatase
CHEMBL3753373,=,=,nM,12.91,,7.889,aromatase
CHEMBL3754055,=,=,nM,18.71,,7.728,aromatase
CHEMBL5266491,=,=,nM,349.95,,6.456,aromatase
CHEMBL5277901,=,=,nM,3499.45,,5.456,aromatase
CHEMBL5271543,=,=,nM,3801.89,,5.42,aromatase
CHEMBL3752500,=,=,nM,4395.42,,5.357,aromatase
CHEMBL3754724,=,=,nM,939.72,,6.027,aromatase
CHEMBL5268776,=,=,nM,859.01,,6.066,aromatase
CHEMBL3752892,=,=,nM,799.83,,6.097,aromatase
CHEMBL2113524,=,=,nM,2697.74,,5.569,aromatase
CHEMBL5283375,=,=,nM,1199.5,,5.921,aromatase
CHEMBL5267848,=,=,nM,10000.0,,5.0,aromatase
CHEMBL5273960,=,=,nM,4395.42,,5.357,aromatase
CHEMBL2113619,=,=,nM,3715.35,,5.43,aromatase
CHEMBL5274290,=,=,nM,3999.45,,5.398,aromatase
CHEMBL5278342,=,=,nM,209.89,,6.678,aromatase
CHEMBL5273888,=,=,nM,199.99,,6.699,aromatase
CHEMBL5270074,=,=,nM,139.96,,6.854,aromatase
CHEMBL3752998,=,=,nM,87.9,,7.056,aromatase
CHEMBL5290133,=,=,nM,95.06,,7.022,aromatase
CHEMBL5272287,=,=,nM,149.97,,6.824,aromatase
CHEMBL5268139,=,=,nM,100.0,,7.0,aromatase
CHEMBL5282019,=,=,nM,19998.62,,4.699,aromatase
CHEMBL5288485,=,=,nM,2197.86,,5.658,aromatase
CHEMBL5284663,=,=,nM,2697.74,,5.569,aromatase
CHEMBL5275063,=,=,nM,1499.68,,5.824,aromatase
CHEMBL5275417,=,=,nM,529.66,,6.276,aromatase
CHEMBL5287473,=,=,nM,1499.68,,5.824,aromatase
CHEMBL5277980,=,=,nM,1499.68,,5.824,aromatase
CHEMBL5281249,=,=,nM,23014.42,,4.638,aromatase
CHEMBL5269898,=,=,nM,169.82,,6.77,aromatase
CHEMBL5270764,=,=,nM,500.03,,6.301,aromatase
CHEMBL5279458,=,=,nM,549.54,,6.26,aromatase
CHEMBL5291406,=,=,nM,419.76,,6.377,aromatase
CHEMBL5280059,=,=,nM,84.92,,7.071,aromatase
CHEMBL5275053,=,=,nM,539.51,,6.268,aromatase
CHEMBL5271678,=,=,nM,1399.59,,5.854,aromatase
CHEMBL5269004,=,=,nM,1300.17,,5.886,aromatase
CHEMBL5290320,=,=,nM,779.83,,6.108,aromatase
CHEMBL3752038,=,=,nM,2500.35,,5.602,aromatase
CHEMBL5268117,=,=,nM,1099.01,,5.959,aromatase
CHEMBL5286772,=,=,nM,209.89,,6.678,aromatase
CHEMBL5289279,=,=,nM,529.66,,6.276,aromatase
CHEMBL5284524,=,=,nM,5000.35,,5.301,aromatase
CHEMBL5290446,=,=,nM,1798.87,,5.745,aromatase
CHEMBL5270927,=,=,nM,15995.58,,4.796,aromatase
CHEMBL2179107,=,=,nM,619.44,,6.208,aromatase
CHEMBL2179108,=,=,nM,559.76,,6.252,aromatase
CHEMBL5283868,=,=,nM,460.26,,6.337,aromatase
CHEMBL5267234,=,=,nM,149.97,,6.824,aromatase
CHEMBL5289646,=,=,nM,439.54,,6.357,aromatase
CHEMBL5277162,=,=,nM,1499.68,,5.824,aromatase
CHEMBL5276194,=,=,nM,660.69,,6.18,aromatase
CHEMBL5266984,=,=,nM,1901.08,,5.721,aromatase
CHEMBL5279329,=,=,nM,699.84,,6.155,aromatase
CHEMBL5268850,=,=,nM,749.89,,6.125,aromatase
CHEMBL5270578,=,=,nM,799.83,,6.097,aromatase
CHEMBL5278107,=,=,nM,950.6,,6.022,aromatase
CHEMBL5290788,=,=,nM,1099.01,,5.959,aromatase
CHEMBL3752208,=,=,nM,2218.2,,5.654,aromatase
CHEMBL3754204,=,=,nM,60.95,,7.215,aromatase
CHEMBL5286289,=,=,nM,9.908,,8.004,aromatase
CHEMBL5290788,=,=,nM,279.9,,6.553,aromatase
CHEMBL5269555,=,=,nM,11994.99,,4.921,aromatase
CHEMBL5290784,=,=,nM,3999.45,,5.398,aromatase
CHEMBL1230438,=,=,nM,899.5,,6.046,aromatase
CHEMBL2057976,=,=,nM,2301.44,,5.638,aromatase
CHEMBL5271509,=,=,nM,1199.5,,5.921,aromatase
CHEMBL5267936,=,=,nM,7277.8,,5.138,aromatase
CHEMBL5275933,=,=,nM,7128.53,,5.147,aromatase
CHEMBL5285644,=,=,nM,7112.14,,5.148,aromatase
CHEMBL5291490,=,=,nM,6998.42,,5.155,aromatase
CHEMBL5265808,=,=,nM,6576.58,,5.182,aromatase
CHEMBL5276919,=,=,nM,6456.54,,5.19,aromatase
CHEMBL5273646,=,=,nM,6714.29,,5.173,aromatase
CHEMBL5269083,=,=,nM,6606.93,,5.18,aromatase
CHEMBL5283268,=,=,nM,6902.4,,5.161,aromatase
CHEMBL5281207,=,=,nM,6823.39,,5.166,aromatase
CHEMBL5267423,=,=,nM,5236.0,,5.281,aromatase
CHEMBL5283978,=,=,nM,4875.28,,5.312,aromatase
CHEMBL5272564,=,=,nM,4909.08,,5.309,aromatase
CHEMBL5287331,=,=,nM,4886.52,,5.311,aromatase
CHEMBL5270376,=,=,nM,2877.4,,5.541,aromatase
CHEMBL5283707,=,=,nM,2648.5,,5.577,aromatase
CHEMBL5286151,=,=,nM,3013.01,,5.521,aromatase
CHEMBL5286569,=,=,nM,2910.72,,5.536,aromatase
CHEMBL5281823,=,=,nM,5807.64,,5.236,aromatase
CHEMBL5269756,=,=,nM,5780.96,,5.238,aromatase
CHEMBL5270920,=,=,nM,5675.45,,5.246,aromatase
CHEMBL5270644,=,=,nM,5445.03,,5.264,aromatase
CHEMBL5276017,=,=,nM,6338.7,,5.198,aromatase
CHEMBL5289628,=,=,nM,6123.5,,5.213,aromatase
CHEMBL5274777,=,=,nM,6011.74,,5.221,aromatase
CHEMBL5281951,=,=,nM,5915.62,,5.228,aromatase
CHEMBL5276442,=,=,nM,4775.29,,5.321,aromatase
CHEMBL5291483,=,=,nM,4560.37,,5.341,aromatase
CHEMBL5288725,=,=,nM,4265.8,,5.37,aromatase
CHEMBL5266995,=,=,nM,4159.11,,5.381,aromatase
CHEMBL3752166,=,=,nM,2449.06,,5.611,aromatase
CHEMBL3752216,=,=,nM,2108.63,,5.676,aromatase
CHEMBL3754253,=,=,nM,1981.53,,5.703,aromatase
CHEMBL3754378,=,=,nM,1819.7,,5.74,aromatase
CHEMBL5276018,=,=,nM,3507.52,,5.455,aromatase
CHEMBL5286506,=,=,nM,3396.25,,5.469,aromatase
CHEMBL5287070,=,=,nM,3341.95,,5.476,aromatase
CHEMBL5288360,=,=,nM,3228.49,,5.491,aromatase
CHEMBL5289229,=,=,nM,2648.5,,5.577,aromatase
CHEMBL5279864,=,=,nM,13212.96,,4.879,aromatase
CHEMBL5290731,=,=,nM,3303.7,,5.481,aromatase
CHEMBL3623213,=,=,nM,179.89,,6.745,aromatase
CHEMBL3623214,=,=,nM,159.96,,6.796,aromatase
CHEMBL5282873,=,=,nM,4897.79,,5.31,aromatase
CHEMBL5286458,=,=,nM,243781.08,,3.613,aromatase
CHEMBL3623221,=,=,nM,28575.91,,4.544,aromatase
CHEMBL5267929,=,=,nM,95719.41,,4.019,aromatase
CHEMBL5289056,=,=,nM,203235.7,,3.692,aromatase
CHEMBL3623220,=,=,nM,31188.9,,4.506,aromatase
CHEMBL5281632,=,=,nM,75335.56,,4.123,aromatase
CHEMBL5283138,=,=,nM,208929.61,,3.68,aromatase
CHEMBL3752414,=,=,nM,460.26,,6.337,aromatase
CHEMBL3623219,=,=,nM,479.73,,6.319,aromatase
CHEMBL5268211,=,=,nM,1458.81,,5.836,aromatase
CHEMBL5272328,=,=,nM,1931.97,,5.714,aromatase
CHEMBL5285831,=,=,nM,1279.38,,5.893,aromatase
CHEMBL5274501,=,=,nM,10399.2,,4.983,aromatase
CHEMBL3754183,=,=,nM,579.43,,6.237,aromatase
CHEMBL5288187,=,=,nM,959.4,,6.018,aromatase
CHEMBL5285990,=,=,nM,1749.85,,5.757,aromatase
CHEMBL5268721,=,=,nM,1840.77,,5.735,aromatase
CHEMBL5289535,=,=,nM,743.02,,6.129,aromatase
CHEMBL5269979,=,=,nM,297.85,,6.526,aromatase
CHEMBL5280054,=,=,nM,605.34,,6.218,aromatase
CHEMBL3753272,=,=,nM,1099.01,,5.959,aromatase
CHEMBL5281599,=,=,nM,17619.76,,4.754,aromatase
CHEMBL5266867,=,=,nM,29580.12,,4.529,aromatase
CHEMBL5289932,=,=,nM,1840.77,,5.735,aromatase
CHEMBL1078534,=,=,nM,829.85,,6.081,aromatase
CHEMBL5279752,=,=,nM,465586.09,,3.332,aromatase
CHEMBL5268195,=,=,nM,125892.54,,3.9,aromatase
CHEMBL5269208,=,=,nM,50234.26,,4.299,aromatase
CHEMBL5291212,=,=,nM,221819.64,,3.654,aromatase
CHEMBL5269029,=,=,nM,38815.04,,4.411,aromatase
CHEMBL5285813,=,=,nM,46558.61,,4.332,aromatase
CHEMBL5277286,=,=,nM,86496.79,,4.063,aromatase
CHEMBL5284198,=,=,nM,2570.4,,5.59,aromatase
CHEMBL3753611,=,=,nM,144.88,,6.839,aromatase
CHEMBL5273309,=,=,nM,34197.94,,4.466,aromatase
CHEMBL5270259,=,=,nM,6353.31,,5.197,aromatase
CHEMBL5285274,=,=,nM,34119.29,,4.467,aromatase
CHEMBL3245348,=,=,nM,57.02,,7.244,aromatase
CHEMBL3245350,=,=,nM,69.02,,7.161,aromatase
CHEMBL3245353,=,=,nM,61.94,,7.208,aromatase
CHEMBL3245356,=,=,nM,30.97,,7.509,aromatase
CHEMBL3245357,=,=,nM,159.96,,6.796,aromatase
CHEMBL3754505,=,=,nM,60.95,,7.215,aromatase
CHEMBL5290960,=,=,nM,87.9,,7.056,aromatase
CHEMBL5269293,=,=,nM,93.97,,7.027,aromatase
CHEMBL3753089,=,=,nM,174.18,,6.759,aromatase
CHEMBL5276820,=,=,nM,87.9,,7.056,aromatase
CHEMBL5265837,=,=,nM,95.06,,7.022,aromatase
CHEMBL3752650,=,=,nM,230.14,,6.638,aromatase
CHEMBL3754285,=,=,nM,429.54,,6.367,aromatase
CHEMBL3754366,=,=,nM,1798.87,,5.745,aromatase
CHEMBL3752625,=,=,nM,399.94,,6.398,aromatase
CHEMBL3754063,=,=,nM,1000.0,,6.0,aromatase
CHEMBL3751897,=,=,nM,5105.05,,5.292,aromatase
CHEMBL3754260,=,=,nM,1425.61,,5.846,aromatase
CHEMBL5273618,=,=,nM,619.44,,6.208,aromatase
CHEMBL5282309,=,=,nM,250.03,,6.602,aromatase
CHEMBL5266933,=,=,nM,269.77,,6.569,aromatase
CHEMBL5266927,=,=,nM,199.99,,6.699,aromatase
CHEMBL5269206,=,=,nM,139.96,,6.854,aromatase
CHEMBL5273362,=,=,nM,279.9,,6.553,aromatase
CHEMBL5284912,=,=,nM,250.03,,6.602,aromatase
CHEMBL5283920,=,=,nM,520.0,,6.284,aromatase
CHEMBL3753810,=,=,nM,53.95,,7.268,aromatase
CHEMBL5288828,=,=,nM,59.98,,7.222,aromatase
CHEMBL5279883,=,=,nM,179.89,,6.745,aromatase
CHEMBL3752065,=,=,nM,53.95,,7.268,aromatase
CHEMBL5285647,=,=,nM,76.03,,7.119,aromatase
CHEMBL5289206,=,=,nM,59.98,,7.222,aromatase
CHEMBL3754220,=,=,nM,719.45,,6.143,aromatase
CHEMBL3752661,=,=,nM,139.96,,6.854,aromatase
CHEMBL5288881,=,=,nM,239.88,,6.62,aromatase
CHEMBL3752102,=,=,nM,510.5,,6.292,aromatase
CHEMBL5284015,=,=,nM,1099.01,,5.959,aromatase
CHEMBL5278102,=,=,nM,1698.24,,5.77,aromatase
CHEMBL5291270,=,=,nM,3999.45,,5.398,aromatase
CHEMBL3753920,=,=,nM,319.89,,6.495,aromatase
CHEMBL5279060,=,=,nM,1901.08,,5.721,aromatase
CHEMBL3754471,=,=,nM,349.95,,6.456,aromatase
CHEMBL5277446,=,=,nM,260.02,,6.585,aromatase
CHEMBL5284759,=,=,nM,389.94,,6.409,aromatase
CHEMBL3752668,=,=,nM,790.68,,6.102,aromatase
CHEMBL5275215,=,=,nM,1399.59,,5.854,aromatase
CHEMBL5279628,=,=,nM,1099.01,,5.959,aromatase
CHEMBL3752347,=,=,nM,660.69,,6.18,aromatase
CHEMBL1077603,=,=,nM,182.81,,6.738,aromatase
CHEMBL2058266,=,=,nM,970.51,,6.013,aromatase
CHEMBL1629800,=,=,nM,224.91,,6.648,aromatase
CHEMBL1629802,=,=,nM,144.88,,6.839,aromatase
CHEMBL2058267,=,=,nM,1733.8,,5.761,aromatase
CHEMBL2058268,=,=,nM,1150.8,,5.939,aromatase
CHEMBL3754473,=,=,nM,2197.86,,5.658,aromatase
CHEMBL2311178,=,=,nM,449.78,,6.347,aromatase
CHEMBL3752994,=,=,nM,359.75,,6.444,aromatase
CHEMBL3752648,=,=,nM,389.94,,6.409,aromatase
CHEMBL3752405,=,=,nM,314.77,,6.502,aromatase
CHEMBL132530,=,=,nM,562.34,,6.25,aromatase
CHEMBL3752591,=,=,nM,19.19,,7.717,aromatase
CHEMBL3754259,=,=,nM,154.88,,6.81,aromatase
CHEMBL3753447,=,=,nM,63.68,,7.196,aromatase
CHEMBL3753373,=,=,nM,75.68,,7.121,aromatase
CHEMBL3349550,=,=,nM,328.1,,6.484,aromatase
CHEMBL3349549,=,=,nM,138.04,,6.86,aromatase
CHEMBL3349657,=,=,nM,207.97,,6.682,aromatase
CHEMBL5282027,=,=,nM,132.74,,6.877,aromatase
CHEMBL5284734,=,=,nM,157.76,,6.802,aromatase
CHEMBL3752506,=,=,nM,264.85,,6.577,aromatase
CHEMBL3754701,=,=,nM,219.79,,6.658,aromatase
CHEMBL3752480,=,=,nM,199.99,,6.699,aromatase
CHEMBL3754186,=,=,nM,429.54,,6.367,aromatase
CHEMBL3752165,=,=,nM,739.61,,6.131,aromatase
CHEMBL3754546,=,=,nM,41.98,,7.377,aromatase
CHEMBL3753803,=,=,nM,100.0,,7.0,aromatase
CHEMBL3752011,=,=,nM,250.03,,6.602,aromatase
CHEMBL3752619,=,=,nM,139.96,,6.854,aromatase
CHEMBL3752315,=,=,nM,154.88,,6.81,aromatase
CHEMBL3752341,=,=,nM,230.14,,6.638,aromatase
CHEMBL3752252,=,=,nM,139958.73,,3.854,aromatase
CHEMBL5284738,=,=,nM,399944.75,,3.398,aromatase
CHEMBL5269252,=,=,nM,339625.27,,3.469,aromatase
CHEMBL5281163,=,=,nM,559757.6,,3.252,aromatase
CHEMBL5268166,=,=,nM,1049542.43,,2.979,aromatase
CHEMBL5287766,=,=,nM,289734.36,,3.538,aromatase
CHEMBL3752440,=,=,nM,134896.29,,3.87,aromatase
CHEMBL5287546,=,=,nM,449779.85,,3.347,aromatase
CHEMBL5267688,=,=,nM,199.99,,6.699,aromatase
CHEMBL3754168,=,=,nM,77.98,,7.108,aromatase
CHEMBL3752788,=,=,nM,92.04,,7.036,aromatase
CHEMBL5290564,=,=,nM,250.03,,6.602,aromatase
CHEMBL5288515,=,=,nM,279.9,,6.553,aromatase
CHEMBL5268215,=,=,nM,299.92,,6.523,aromatase
CHEMBL5285898,=,=,nM,539.51,,6.268,aromatase
CHEMBL5269707,=,=,nM,92.9,,7.032,aromatase
CHEMBL3752155,=,=,nM,72.95,,7.137,aromatase
CHEMBL5277945,=,=,nM,349.95,,6.456,aromatase
CHEMBL5271771,=,=,nM,149.97,,6.824,aromatase
CHEMBL5291085,=,=,nM,100.0,,7.0,aromatase
CHEMBL5290646,=,=,nM,680.77,,6.167,aromatase
CHEMBL5282619,=,=,nM,269.77,,6.569,aromatase
CHEMBL5290344,=,=,nM,319.89,,6.495,aromatase
CHEMBL5277644,=,=,nM,510.5,,6.292,aromatase
CHEMBL5287563,=,=,nM,230.14,,6.638,aromatase
CHEMBL5275780,=,=,nM,330.37,,6.481,aromatase
CHEMBL5282687,=,=,nM,529.66,,6.276,aromatase
CHEMBL5291192,=,=,nM,590.2,,6.229,aromatase
CHEMBL5284938,=,=,nM,579.43,,6.237,aromatase
CHEMBL5290751,=,=,nM,699.84,,6.155,aromatase
CHEMBL5289592,=,=,nM,469.89,,6.328,aromatase
CHEMBL5281469,=,=,nM,100.0,,7.0,aromatase
CHEMBL5285403,=,=,nM,17.99,,7.745,aromatase
CHEMBL5266818,=,=,nM,52.0,,7.284,aromatase
CHEMBL5266953,=,=,nM,47.97,,7.319,aromatase
CHEMBL5286866,=,=,nM,66.99,,7.174,aromatase
CHEMBL5280921,=,=,nM,61.94,,7.208,aromatase
CHEMBL5270141,=,=,nM,63.97,,7.194,aromatase
CHEMBL3754719,=,=,nM,299.92,,6.523,aromatase
CHEMBL5281692,=,=,nM,100.0,,7.0,aromatase
CHEMBL5285796,=,=,nM,1000.0,,6.0,aromatase
CHEMBL5274998,=,=,nM,25003.45,,4.602,aromatase
CHEMBL3753997,=,=,nM,3999.45,,5.398,aromatase
CHEMBL5288833,=,=,nM,1399.59,,5.854,aromatase
CHEMBL484579,=,=,nM,2999.16,,5.523,aromatase
CHEMBL5284111,=,=,nM,100000.0,,4.0,aromatase
CHEMBL5283443,=,=,nM,1798.87,,5.745,aromatase
CHEMBL2105261,=,=,nM,1000.0,,6.0,aromatase
CHEMBL5267873,=,=,nM,2600.16,,5.585,aromatase
CHEMBL5271963,=,=,nM,3999.45,,5.398,aromatase
CHEMBL5266109,=,=,nM,7998.34,,5.097,aromatase
CHEMBL5275846,=,=,nM,699.84,,6.155,aromatase
CHEMBL5282986,=,=,nM,7194.49,,5.143,aromatase
CHEMBL5280814,=,=,nM,1499.68,,5.824,aromatase
CHEMBL3753695,=,=,nM,1000.0,,6.0,aromatase
CHEMBL5271912,=,=,nM,10990.06,,4.959,aromatase
CHEMBL5281414,=,=,nM,7998.34,,5.097,aromatase
CHEMBL3752871,=,=,nM,799.83,,6.097,aromatase
CHEMBL3752818,=,=,nM,399.94,,6.398,aromatase
CHEMBL5273116,=,=,nM,1000.0,,6.0,aromatase
CHEMBL5273549,=,=,nM,2897.34,,5.538,aromatase
CHEMBL4520027,=,=,nM,14996.85,,4.824,aromatase
CHEMBL4515880,=,=,nM,10990.06,,4.959,aromatase
CHEMBL5275714,=,=,nM,799.83,,6.097,aromatase
CHEMBL5268383,=,=,nM,399.94,,6.398,aromatase
CHEMBL3753063,=,=,nM,479.73,,6.319,aromatase
CHEMBL5282258,=,=,nM,419.76,,6.377,aromatase
CHEMBL5273506,=,=,nM,3801.89,,5.42,aromatase
CHEMBL5268515,=,=,nM,2500.35,,5.602,aromatase
CHEMBL2311169,=,=,nM,680.77,,6.167,aromatase
CHEMBL5266626,=,=,nM,279.9,,6.553,aromatase
CHEMBL5290788,=,=,nM,279.9,,6.553,aromatase
CHEMBL5277564,=,=,nM,5296.63,,5.276,aromatase
CHEMBL5274299,=,=,nM,10990.06,,4.959,aromatase
CHEMBL3754222,=,=,nM,299.92,,6.523,aromatase
CHEMBL5278956,=,=,nM,1901.08,,5.721,aromatase
CHEMBL3752192,=,=,nM,439.54,,6.357,aromatase
CHEMBL5268836,=,=,nM,5597.58,,5.252,aromatase
CHEMBL5289192,=,=,nM,23988.33,,4.62,aromatase
CHEMBL5271699,=,=,nM,1999.86,,5.699,aromatase
CHEMBL5272891,=,=,nM,4497.8,,5.347,aromatase
CHEMBL3754696,=,=,nM,460.26,,6.337,aromatase
CHEMBL3753109,=,=,nM,25.0,,7.602,aromatase
CHEMBL3752174,=,=,nM,65.01,,7.187,aromatase
CHEMBL3752288,=,=,nM,500.03,,6.301,aromatase
CHEMBL3754241,=,=,nM,179.89,,6.745,aromatase
CHEMBL5275153,=,=,nM,38994.2,,4.409,aromatase
CHEMBL5266698,=,=,nM,15310.87,,4.815,aromatase
CHEMBL5268519,=,=,nM,46989.41,,4.328,aromatase
CHEMBL5270168,=,=,nM,3026.91,,5.519,aromatase
CHEMBL5273350,=,=,nM,49203.95,,4.308,aromatase
CHEMBL5287129,=,=,nM,399.94,,6.398,aromatase
CHEMBL5291168,=,=,nM,23120.65,,4.636,aromatase
CHEMBL5270108,=,=,nM,4549.88,,5.342,aromatase
CHEMBL5288430,=,=,nM,64565.42,,4.19,aromatase
CHEMBL5287894,=,=,nM,53826.98,,4.269,aromatase
CHEMBL5267859,=,=,nM,92896.64,,4.032,aromatase
CHEMBL5271680,=,=,nM,889.2,,6.051,aromatase
CHEMBL5291323,=,=,nM,11508.0,,4.939,aromatase
CHEMBL5274832,=,=,nM,149968.48,,3.824,aromatase
CHEMBL5283967,=,=,nM,12502.59,,4.903,aromatase
CHEMBL5274708,=,=,nM,209893.99,,3.678,aromatase
CHEMBL1630276,=,=,nM,1798.87,,5.745,aromatase
CHEMBL1630277,=,=,nM,4497.8,,5.347,aromatase
CHEMBL1630278,=,=,nM,5495.41,,5.26,aromatase
CHEMBL1630264,=,=,nM,660.69,,6.18,aromatase
CHEMBL1630265,=,=,nM,3597.49,,5.444,aromatase
CHEMBL1630260,=,=,nM,1499.68,,5.824,aromatase
CHEMBL1630262,=,=,nM,1798.87,,5.745,aromatase
CHEMBL1630263,=,=,nM,639.73,,6.194,aromatase
CHEMBL5278613,=,=,nM,2398.83,,5.62,aromatase
CHEMBL1629804,=,=,nM,529.66,,6.276,aromatase
CHEMBL3754296,=,=,nM,109.9,,6.959,aromatase
CHEMBL3754184,=,=,nM,100.0,,7.0,aromatase
CHEMBL5276930,=,=,nM,709.58,,6.149,aromatase
CHEMBL274826,=,=,nM,1000.0,,6.0,aromatase
CHEMBL5282922,=,=,nM,1399.59,,5.854,aromatase
CHEMBL5284085,=,=,nM,4102.04,,5.387,aromatase
CHEMBL5274587,=,=,nM,2197.86,,5.658,aromatase
CHEMBL3752973,=,=,nM,159.96,,6.796,aromatase
CHEMBL5271891,=,=,nM,950.6,,6.022,aromatase
CHEMBL5285921,=,=,nM,1000.0,,6.0,aromatase
CHEMBL5273177,=,=,nM,5495.41,,5.26,aromatase
CHEMBL3753667,=,=,nM,299.92,,6.523,aromatase
CHEMBL5270933,=,=,nM,760.33,,6.119,aromatase
CHEMBL5280069,=,=,nM,1399.59,,5.854,aromatase
CHEMBL5286833,=,=,nM,6095.37,,5.215,aromatase
CHEMBL3752460,=,=,nM,359.75,,6.444,aromatase
CHEMBL5271092,=,=,nM,1330.45,,5.876,aromatase
CHEMBL5268650,=,=,nM,2098.94,,5.678,aromatase
CHEMBL5275448,=,=,nM,4698.94,,5.328,aromatase
CHEMBL5266594,=,=,nM,236.05,,6.627,aromatase
CHEMBL5267610,=,=,nM,899.5,,6.046,aromatase
CHEMBL5279731,=,=,nM,950.6,,6.022,aromatase
CHEMBL5284841,=,=,nM,341.98,,6.466,aromatase
CHEMBL5274890,=,=,nM,244.91,,6.611,aromatase
CHEMBL5276932,=,=,nM,657.66,,6.182,aromatase
CHEMBL5285807,=,=,nM,489.78,,6.31,aromatase
CHEMBL3349856,=,=,nM,859.01,,6.066,aromatase
CHEMBL2111917,=,=,nM,699.84,,6.155,aromatase
CHEMBL1630273,=,=,nM,6807.69,,5.167,aromatase
CHEMBL5286286,=,=,nM,10990.06,,4.959,aromatase
CHEMBL3349864,=,=,nM,279.9,,6.553,aromatase
CHEMBL1630274,=,=,nM,30.97,,7.509,aromatase
CHEMBL1630275,=,=,nM,149968.48,,3.824,aromatase
CHEMBL1629806,=,=,nM,190.11,,6.721,aromatase
CHEMBL1630266,=,=,nM,1399.59,,5.854,aromatase
CHEMBL1630261,=,=,nM,50.0,,7.301,aromatase
CHEMBL1630267,=,=,nM,939.72,,6.027,aromatase
CHEMBL1629805,=,=,nM,269.77,,6.569,aromatase
CHEMBL1630911,=,=,nM,6902.4,,5.161,aromatase
CHEMBL3349658,=,=,nM,39.54,,7.403,aromatase
CHEMBL3349659,=,=,nM,35.97,,7.444,aromatase
CHEMBL3349656,=,=,nM,44.46,,7.352,aromatase
CHEMBL3349655,=,=,nM,40.18,,7.396,aromatase
CHEMBL3753645,=,=,nM,2798.98,,5.553,aromatase
CHEMBL5287003,=,=,nM,44977.99,,4.347,aromatase
CHEMBL4517318,=,=,nM,13001.7,,4.886,aromatase
CHEMBL5277888,=,=,nM,50003.45,,4.301,aromatase
CHEMBL5291408,=,=,nM,41975.9,,4.377,aromatase
CHEMBL3754061,=,=,nM,1150.8,,5.939,aromatase
CHEMBL5289394,=,=,nM,149.97,,6.824,aromatase
CHEMBL5281772,=,=,nM,2697.74,,5.569,aromatase
CHEMBL3751881,=,=,nM,36.98,,7.432,aromatase
CHEMBL3753084,=,=,nM,109.9,,6.959,aromatase
CHEMBL5271187,=,=,nM,230.14,,6.638,aromatase
CHEMBL5290853,=,=,nM,8994.98,,5.046,aromatase
CHEMBL3754711,=,=,nM,48.98,,7.31,aromatase
CHEMBL5281516,=,=,nM,319.89,,6.495,aromatase
CHEMBL5290211,=,=,nM,439.54,,6.357,aromatase
CHEMBL5283480,=,=,nM,11994.99,,4.921,aromatase
CHEMBL3754779,=,=,nM,190.11,,6.721,aromatase
CHEMBL3753281,=,=,nM,159.96,,6.796,aromatase
CHEMBL3754729,=,=,nM,119.95,,6.921,aromatase
CHEMBL3752063,=,=,nM,50.0,,7.301,aromatase
CHEMBL5275593,=,=,nM,260.02,,6.585,aromatase
CHEMBL5290511,=,=,nM,130.02,,6.886,aromatase
CHEMBL5266502,=,=,nM,59.98,,7.222,aromatase
CHEMBL5285526,=,=,nM,3698.28,,5.432,aromatase
CHEMBL5286964,=,=,nM,1300.17,,5.886,aromatase
CHEMBL5287052,=,=,nM,13995.87,,4.854,aromatase
CHEMBL5269817,=,=,nM,1599.56,,5.796,aromatase
CHEMBL3753191,=,=,nM,3303.7,,5.481,aromatase
CHEMBL5288418,=,=,nM,42953.64,,4.367,aromatase
CHEMBL5288188,=,=,nM,59979.11,,4.222,aromatase
CHEMBL5287841,=,=,nM,27989.81,,4.553,aromatase
CHEMBL5266519,=,=,nM,1798.87,,5.745,aromatase
CHEMBL5290103,=,=,nM,41975.9,,4.377,aromatase
CHEMBL5273164,=,=,nM,59979.11,,4.222,aromatase
CHEMBL5275668,=,=,nM,10990.06,,4.959,aromatase
CHEMBL5291258,=,=,nM,33036.95,,4.481,aromatase
CHEMBL5281465,=,=,nM,29991.63,,4.523,aromatase
CHEMBL5274863,=,=,nM,61944.11,,4.208,aromatase
CHEMBL5288289,=,=,nM,8994.98,,5.046,aromatase
CHEMBL5280552,=,=,nM,54954.09,,4.26,aromatase
CHEMBL3752366,=,=,nM,339.63,,6.469,aromatase
CHEMBL5281055,=,=,nM,17988.71,,4.745,aromatase
CHEMBL5269737,=,=,nM,10000.0,,5.0,aromatase
CHEMBL5291132,=,=,nM,95060.48,,4.022,aromatase
CHEMBL5289821,=,=,nM,6295.06,,5.201,aromatase
CHEMBL5266298,=,=,nM,3597.49,,5.444,aromatase
CHEMBL5275758,=,=,nM,57016.43,,4.244,aromatase
CHEMBL5283697,=,=,nM,47973.34,,4.319,aromatase
CHEMBL5278253,=,=,nM,51050.5,,4.292,aromatase
CHEMBL3752280,=,=,nM,164.82,,6.783,aromatase
CHEMBL5275798,=,=,nM,1798.87,,5.745,aromatase
CHEMBL5278675,=,=,nM,5794.29,,5.237,aromatase
CHEMBL5275068,=,=,nM,25003.45,,4.602,aromatase
CHEMBL5268672,=,=,nM,5794.29,,5.237,aromatase
CHEMBL5282836,=,=,nM,21978.6,,4.658,aromatase
CHEMBL5287480,=,=,nM,299916.25,,3.523,aromatase
CHEMBL5288646,=,=,nM,26977.39,,4.569,aromatase
CHEMBL3754305,=,=,nM,11587.77,,4.936,aromatase
CHEMBL1079595,=,=,nM,2301.44,,5.638,aromatase
CHEMBL189051,=,=,nM,2398.83,,5.62,aromatase
CHEMBL3753425,=,=,nM,4295.36,,5.367,aromatase
CHEMBL1835547,=,=,nM,10990.06,,4.959,aromatase
CHEMBL425194,=,=,nM,16982.44,,4.77,aromatase
CHEMBL1835542,=,=,nM,14996.85,,4.824,aromatase
CHEMBL5184565,=,=,nM,30974.19,,4.509,aromatase
CHEMBL1835539,=,=,nM,26001.6,,4.585,aromatase
CHEMBL1627334,=,=,nM,76913.04,,4.114,aromatase
CHEMBL1628064,=,=,nM,89949.76,,4.046,aromatase
CHEMBL1627841,=,=,nM,100925.29,,3.996,aromatase
CHEMBL299613,=,=,nM,19998.62,,4.699,aromatase
CHEMBL1627337,=,=,nM,87902.25,,4.056,aromatase
CHEMBL5282717,=,=,nM,28313.92,,4.548,aromatase
CHEMBL1405,=,=,nM,26001.6,,4.585,aromatase
CHEMBL3752447,=,=,nM,13001.7,,4.886,aromatase
CHEMBL5271283,=,=,nM,34994.52,,4.456,aromatase
CHEMBL5284742,=,=,nM,1399.59,,5.854,aromatase
CHEMBL3754455,=,=,nM,3499.45,,5.456,aromatase
CHEMBL5285355,=,=,nM,59020.11,,4.229,aromatase
CHEMBL5270986,=,=,nM,73960.53,,4.131,aromatase
CHEMBL5288626,=,=,nM,169824.37,,3.77,aromatase
CHEMBL3754482,=,=,nM,3303.7,,5.481,aromatase
CHEMBL5268890,=,=,nM,8994.98,,5.046,aromatase
CHEMBL5284594,=,=,nM,11994.99,,4.921,aromatase
CHEMBL3753258,=,=,nM,29991.63,,4.523,aromatase
CHEMBL5265959,=,=,nM,48977.88,,4.31,aromatase
CHEMBL5278979,=,=,nM,83946.0,,4.076,aromatase
CHEMBL5273384,=,=,nM,174180.69,,3.759,aromatase
CHEMBL3754457,=,=,nM,19010.78,,4.721,aromatase
CHEMBL5271503,=,=,nM,27989.81,,4.553,aromatase
CHEMBL5280449,=,=,nM,129121.93,,3.889,aromatase
CHEMBL5290922,=,=,nM,99083.19,,4.004,aromatase
CHEMBL3753034,=,=,nM,60953.69,,4.215,aromatase
CHEMBL5276910,=,=,nM,43954.16,,4.357,aromatase
CHEMBL5285390,=,=,nM,129121.93,,3.889,aromatase
CHEMBL3753971,=,=,nM,27989.81,,4.553,aromatase
CHEMBL3752805,=,=,nM,3999.45,,5.398,aromatase
CHEMBL3752674,=,=,nM,4102.04,,5.387,aromatase
CHEMBL3754485,=,=,nM,5902.01,,5.229,aromatase
CHEMBL3753398,=,=,nM,1199.5,,5.921,aromatase
CHEMBL5288513,=,=,nM,61944.11,,4.208,aromatase
CHEMBL5271982,=,=,nM,2301.44,,5.638,aromatase
CHEMBL5278365,=,=,nM,43954.16,,4.357,aromatase
CHEMBL5288111,=,=,nM,100000.0,,4.0,aromatase
CHEMBL2112309,=,=,nM,26001.6,,4.585,aromatase
CHEMBL5268507,=,=,nM,38018.94,,4.42,aromatase
CHEMBL5280521,=,=,nM,1199.5,,5.921,aromatase
CHEMBL1908014,=,=,nM,199986.19,,3.699,aromatase
CHEMBL5283592,=,=,nM,799834.26,,3.097,aromatase
CHEMBL411316,=,=,nM,899497.58,,3.046,aromatase
CHEMBL5274867,=,=,nM,2398832.92,,2.62,aromatase
CHEMBL5281733,=,=,nM,3999.45,,5.398,aromatase
CHEMBL5290876,=,=,nM,8994.98,,5.046,aromatase
CHEMBL5284435,=,=,nM,27989.81,,4.553,aromatase
CHEMBL5265802,=,=,nM,699842.0,,3.155,aromatase
CHEMBL5277659,=,=,nM,970509.97,,3.013,aromatase
CHEMBL2431524,=,=,nM,29107.17,,4.536,aromatase
CHEMBL5268832,=,=,nM,3899.42,,5.409,aromatase
CHEMBL3754425,=,=,nM,1199.5,,5.921,aromatase
CHEMBL2112739,=,=,nM,1000.0,,6.0,aromatase
CHEMBL3752149,=,=,nM,2301.44,,5.638,aromatase
CHEMBL2431525,=,=,nM,46989.41,,4.328,aromatase
CHEMBL5281289,=,=,nM,70.0,nM,70.0,aromatase
CHEMBL5273492,=,=,nM,1425.0,nM,1425.0,aromatase
CHEMBL5271144,=,=,nM,210.0,nM,210.0,aromatase
CHEMBL5274139,=,=,nM,1300.0,nM,1300.0,aromatase
CHEMBL5277126,=,=,nM,374.0,nM,374.0,aromatase
CHEMBL5283276,=,=,nM,9.0,nM,9.0,aromatase
CHEMBL5271071,=,=,nM,650.0,nM,650.0,aromatase
CHEMBL5274084,=,=,nM,42.0,nM,42.0,aromatase
CHEMBL5284760,=,=,nM,2.0,nM,2.0,aromatase
CHEMBL5285636,=,=,nM,13.0,nM,13.0,aromatase
CHEMBL5266533,=,=,nM,13.0,nM,13.0,aromatase
CHEMBL5278229,=,=,nM,237.8,nM,237.8,aromatase
CHEMBL5275747,=,=,nM,1100.0,nM,1100.0,aromatase
CHEMBL5273068,=,=,nM,2531.0,nM,2531.0,aromatase
CHEMBL223176,=,=,nM,252.4,nM,252.4,aromatase
CHEMBL1444,=,=,nM,10.0,nM,10.0,aromatase
CHEMBL5394546,,,,,,,aromatase
CHEMBL5437007,,,,,,,aromatase
CHEMBL5418690,=,=,nM,323.0,nM,323.0,aromatase
CHEMBL5402392,=,=,nM,197.0,nM,197.0,aromatase
CHEMBL5426175,=,=,nM,101.0,nM,101.0,aromatase
CHEMBL5433442,=,=,nM,0.9,nM,0.9,aromatase
CHEMBL5436925,=,=,nM,103.24,nM,103.24,aromatase
CHEMBL5403786,=,=,nM,267.25,nM,267.25,aromatase
CHEMBL5410004,=,=,nM,329.2,nM,329.2,aromatase
CHEMBL5412790,=,=,nM,1.3,nM,1.3,aromatase
CHEMBL5411799,=,=,nM,4.3,nM,4.3,aromatase
CHEMBL5400803,=,=,nM,15.46,nM,15.46,aromatase
CHEMBL5420394,=,=,nM,877.4,nM,877.4,aromatase
CHEMBL5417452,=,=,nM,20.42,nM,20.42,aromatase
CHEMBL5422315,=,=,nM,54.83,nM,54.83,aromatase
CHEMBL5401146,=,=,nM,110.08,nM,110.08,aromatase
CHEMBL5405944,=,=,nM,2.09,nM,2.09,aromatase
CHEMBL5421409,=,=,nM,3.48,nM,3.48,aromatase
CHEMBL5408038,=,=,nM,7.8,nM,7.8,aromatase
CHEMBL5427513,=,=,nM,144.58,nM,144.58,aromatase
CHEMBL5426947,=,=,nM,32.3,nM,32.3,aromatase
CHEMBL5400203,=,=,nM,26.52,nM,26.52,aromatase
CHEMBL5399056,,,,,,,aromatase
CHEMBL5404699,=,=,nM,282.0,nM,282.0,aromatase
CHEMBL4800654,,,,,,,aromatase
CHEMBL1444,=,=,nM,1.8,nM,1.8,aromatase
CHEMBL489,,,,,,,aromatase
CHEMBL5407335,=,=,nM,154.7,nM,154.7,aromatase
CHEMBL5426251,=,=,nM,286.42,nM,286.42,aromatase
CHEMBL5435743,=,=,nM,127.4,nM,127.4,aromatase
CHEMBL5414572,=,=,nM,152.12,nM,152.12,aromatase
CHEMBL5413340,=,=,nM,236.72,nM,236.72,aromatase
CHEMBL5433532,=,=,nM,376.2,nM,376.2,aromatase
CHEMBL5403080,,,,,,,aromatase
CHEMBL5424929,,,,,,,aromatase
CHEMBL5436713,,,,,,,aromatase
CHEMBL5419649,,,,,,,aromatase
CHEMBL5394007,=,=,nM,89.8,nM,89.8,aromatase
CHEMBL5414261,,,,,,,aromatase
CHEMBL5414659,,,,,,,aromatase
CHEMBL5423258,=,=,nM,21.8,nM,21.8,aromatase
CHEMBL5423781,=,=,nM,543.62,nM,543.62,aromatase
CHEMBL5428681,=,=,nM,101.12,nM,101.12,aromatase
CHEMBL5404063,=,=,nM,37.73,nM,37.73,aromatase
CHEMBL5398724,,,,,,,aromatase
CHEMBL5423408,,,,,,,aromatase
CHEMBL5394879,,,,,,,aromatase
CHEMBL5432102,,,,,,,aromatase
CHEMBL5398866,,,,,,,aromatase
CHEMBL1358,,,,,,,aromatase
CHEMBL5396802,,,,,,,aromatase
CHEMBL5430760,=,=,nM,941889596.52,,0.026,aromatase
CHEMBL5430301,=,=,nM,2009092.81,,2.697,aromatase
CHEMBL5430284,=,=,nM,933254300.8,,0.03,aromatase
CHEMBL368732,=,=,nM,13995.87,,4.854,aromatase
CHEMBL354401,=,=,nM,6998.42,,5.155,aromatase
CHEMBL174407,=,=,nM,599.79,,6.222,aromatase
CHEMBL174909,=,=,nM,39.99,,7.398,aromatase
CHEMBL26651,=,=,nM,84.92,,7.071,aromatase
CHEMBL172263,=,=,nM,3999.45,,5.398,aromatase
CHEMBL368631,=,=,nM,199.99,,6.699,aromatase
CHEMBL369603,=,=,nM,6998.42,,5.155,aromatase
CHEMBL176452,=,=,nM,699.84,,6.155,aromatase
CHEMBL488,=,=,nM,36982.82,,4.432,aromatase
CHEMBL9298,=,=,nM,680.77,,6.167,aromatase
CHEMBL29138,=,=,nM,134896.29,,3.87,aromatase
CHEMBL29864,=,=,nM,10990.06,,4.959,aromatase
CHEMBL282573,=,=,nM,15995.58,,4.796,aromatase
CHEMBL29863,=,=,nM,2301.44,,5.638,aromatase
CHEMBL28669,=,=,nM,2999.16,,5.523,aromatase
CHEMBL28668,=,=,nM,2999.16,,5.523,aromatase
CHEMBL25735,=,=,nM,1300.17,,5.886,aromatase
CHEMBL29230,=,=,nM,399.94,,6.398,aromatase
CHEMBL287647,=,=,nM,1099.01,,5.959,aromatase
CHEMBL29521,=,=,nM,599.79,,6.222,aromatase
CHEMBL29339,=,=,nM,1499.68,,5.824,aromatase
CHEMBL29338,=,=,nM,1698.24,,5.77,aromatase
CHEMBL26543,=,=,nM,1999.86,,5.699,aromatase
CHEMBL27698,=,=,nM,110.92,,6.955,aromatase
CHEMBL286506,=,=,nM,61.94,,7.208,aromatase
CHEMBL27591,=,=,nM,30.97,,7.509,aromatase
CHEMBL28173,=,=,nM,48.98,,7.31,aromatase
CHEMBL5404029,=,=,nM,224.91,,6.648,aromatase
CHEMBL27467,=,=,nM,13.0,,7.886,aromatase
CHEMBL5426628,=,=,nM,97.05,,7.013,aromatase
CHEMBL28290,=,=,nM,239.88,,6.62,aromatase
CHEMBL330452,=,=,nM,62950.62,,4.201,aromatase
CHEMBL124230,=,=,nM,23014.42,,4.638,aromatase
CHEMBL124118,=,=,nM,92896.64,,4.032,aromatase
CHEMBL333185,=,=,nM,8709.64,,5.06,aromatase
CHEMBL331522,=,=,nM,2798.98,,5.553,aromatase
CHEMBL123494,=,=,nM,4102.04,,5.387,aromatase
CHEMBL88412,=,=,nM,1599.56,,5.796,aromatase
CHEMBL338746,=,=,nM,26001.6,,4.585,aromatase
CHEMBL5422087,=,=,nM,8994.98,,5.046,aromatase
CHEMBL5396371,=,=,nM,2747.89,,5.561,aromatase
CHEMBL5400890,=,=,nM,790.68,,6.102,aromatase
CHEMBL5395351,=,=,nM,399.94,,6.398,aromatase
CHEMBL5425696,=,=,nM,1193.99,,5.923,aromatase
CHEMBL5440090,=,=,nM,77268.06,,4.112,aromatase
CHEMBL5394223,=,=,nM,3801.89,,5.42,aromatase
CHEMBL5431722,=,=,nM,1238.8,,5.907,aromatase
CHEMBL5396706,=,=,nM,1721.87,,5.764,aromatase
CHEMBL5397228,=,=,nM,33113.11,,4.48,aromatase
CHEMBL116794,=,=,nM,8689.6,,5.061,aromatase
CHEMBL115899,=,=,nM,3580.96,,5.446,aromatase
CHEMBL5394706,=,=,nM,99.31,,7.003,aromatase
CHEMBL5432257,=,=,nM,314.77,,6.502,aromatase
CHEMBL5425433,=,=,nM,11246.05,,4.949,aromatase
CHEMBL452018,=,=,nM,71.78,,7.144,aromatase
CHEMBL5432998,=,=,nM,314.77,,6.502,aromatase
CHEMBL5427189,=,=,nM,11246.05,,4.949,aromatase
CHEMBL5402030,=,=,nM,204.17,,6.69,aromatase
CHEMBL1094428,=,=,nM,102.09,,6.991,aromatase
CHEMBL1997104,=,=,nM,118.03,,6.928,aromatase
CHEMBL5439659,=,=,nM,3090.3,,5.51,aromatase
CHEMBL5414198,=,=,nM,8689.6,,5.061,aromatase
CHEMBL5395094,=,=,nM,67.45,,7.171,aromatase
CHEMBL5434222,=,=,nM,71.45,,7.146,aromatase
CHEMBL488050,=,=,nM,69.34,,7.159,aromatase
CHEMBL5430016,=,=,nM,2197.86,,5.658,aromatase
CHEMBL5400511,=,=,nM,181.97,,6.74,aromatase
CHEMBL112021,=,=,nM,53.95,,7.268,aromatase
CHEMBL324326,=,=,nM,50.0,,7.301,aromatase
CHEMBL111888,=,=,nM,51.76,,7.286,aromatase
CHEMBL431859,=,=,nM,238.23,,6.623,aromatase
CHEMBL324070,=,=,nM,5395.11,,5.268,aromatase
CHEMBL113637,=,=,nM,57.02,,7.244,aromatase
CHEMBL111868,=,=,nM,78.52,,7.105,aromatase
CHEMBL112074,=,=,nM,205.12,,6.688,aromatase
CHEMBL41761,=,=,nM,41.02,,7.387,aromatase
CHEMBL5432856,=,=,nM,61.52,,7.211,aromatase
CHEMBL5425388,=,=,nM,109.9,,6.959,aromatase
CHEMBL5409215,=,=,nM,89.95,,7.046,aromatase
CHEMBL5436290,=,=,nM,62.95,,7.201,aromatase
CHEMBL5416025,=,=,nM,2897.34,,5.538,aromatase
CHEMBL5401017,=,=,nM,61.94,,7.208,aromatase
CHEMBL5407480,=,=,nM,169.82,,6.77,aromatase
CHEMBL5438840,=,=,nM,54.95,,7.26,aromatase
CHEMBL5394067,=,=,nM,69.98,,7.155,aromatase
CHEMBL5410174,=,=,nM,199.99,,6.699,aromatase
CHEMBL5394424,=,=,nM,53.95,,7.268,aromatase
CHEMBL5434047,=,=,nM,123.88,,6.907,aromatase
CHEMBL5410534,=,=,nM,82.04,,7.086,aromatase
CHEMBL5400514,=,=,nM,50.0,,7.301,aromatase
CHEMBL5393912,=,=,nM,172.98,,6.762,aromatase
CHEMBL5400021,=,=,nM,3499.45,,5.456,aromatase
CHEMBL5393946,=,=,nM,419.76,,6.377,aromatase
CHEMBL5402711,=,=,nM,7227.7,,5.141,aromatase
CHEMBL5409533,=,=,nM,306.9,,6.513,aromatase
CHEMBL5417624,=,=,nM,140.93,,6.851,aromatase
CHEMBL5439256,=,=,nM,963.83,,6.016,aromatase
CHEMBL5413476,=,=,nM,622.3,,6.206,aromatase
CHEMBL5408745,=,=,nM,979.49,,6.009,aromatase
CHEMBL5426878,=,=,nM,7095.78,,5.149,aromatase
CHEMBL5403912,=,=,nM,26.3,,7.58,aromatase
CHEMBL5440983,=,=,nM,15.31,,7.815,aromatase
CHEMBL5425929,=,=,nM,29.72,,7.527,aromatase
CHEMBL5416003,=,=,nM,23.71,,7.625,aromatase
CHEMBL5408823,=,=,nM,11.51,,7.939,aromatase
CHEMBL5400406,=,=,nM,93.76,,7.028,aromatase
CHEMBL5410695,=,=,nM,18.71,,7.728,aromatase
CHEMBL5411570,=,=,nM,1621.81,,5.79,aromatase
CHEMBL5438740,=,=,nM,3459.39,,5.461,aromatase
CHEMBL5437093,=,=,nM,419.76,,6.377,aromatase
CHEMBL5431946,=,=,nM,3273.41,,5.485,aromatase
CHEMBL5416993,=,=,nM,939.72,,6.027,aromatase
CHEMBL5436084,=,=,nM,17498.47,,4.757,aromatase
CHEMBL5432961,=,=,nM,410.2,,6.387,aromatase
CHEMBL5416291,=,=,nM,1879.32,,5.726,aromatase
CHEMBL5428148,=,=,nM,119.95,,6.921,aromatase
CHEMBL5428001,=,=,nM,149.97,,6.824,aromatase
CHEMBL5432971,=,=,nM,59.98,,7.222,aromatase
CHEMBL5395602,=,=,nM,139.96,,6.854,aromatase
CHEMBL5409914,=,=,nM,319.89,,6.495,aromatase
CHEMBL5407805,=,=,nM,339.63,,6.469,aromatase
CHEMBL5425567,=,=,nM,31.99,,7.495,aromatase
CHEMBL5398511,=,=,nM,21978.6,,4.658,aromatase
CHEMBL5405284,=,=,nM,7396.05,,5.131,aromatase
CHEMBL90585,=,=,nM,11994.99,,4.921,aromatase
CHEMBL92065,=,=,nM,4295.36,,5.367,aromatase
CHEMBL5400347,=,=,nM,4698.94,,5.328,aromatase
CHEMBL376039,=,=,nM,10000.0,,5.0,aromatase
CHEMBL5430600,=,=,nM,4698.94,,5.328,aromatase
CHEMBL91101,=,=,nM,6295.06,,5.201,aromatase
CHEMBL328217,=,=,nM,8892.01,,5.051,aromatase
CHEMBL419131,=,=,nM,13001.7,,4.886,aromatase
CHEMBL92488,=,=,nM,690.24,,6.161,aromatase
CHEMBL91992,=,=,nM,8590.14,,5.066,aromatase
CHEMBL313774,=,=,nM,2999.16,,5.523,aromatase
CHEMBL90427,=,=,nM,2197.86,,5.658,aromatase
CHEMBL88233,=,=,nM,3303.7,,5.481,aromatase
CHEMBL93666,=,=,nM,7906.79,,5.102,aromatase
CHEMBL93828,=,=,nM,199.99,,6.699,aromatase
CHEMBL91818,=,=,nM,6194.41,,5.208,aromatase
CHEMBL90077,=,=,nM,4897.79,,5.31,aromatase
CHEMBL285973,=,=,nM,25003.45,,4.602,aromatase
CHEMBL23334,=,=,nM,23014.42,,4.638,aromatase
CHEMBL285155,=,=,nM,4797.33,,5.319,aromatase
CHEMBL5412410,=,=,nM,21978.6,,4.658,aromatase
CHEMBL23484,=,=,nM,16982.44,,4.77,aromatase
CHEMBL283782,=,=,nM,13995.87,,4.854,aromatase
CHEMBL26279,=,=,nM,3396.25,,5.469,aromatase
CHEMBL22485,=,=,nM,4197.59,,5.377,aromatase
CHEMBL24279,=,=,nM,9289.66,,5.032,aromatase
CHEMBL24593,=,=,nM,2398.83,,5.62,aromatase
CHEMBL24115,=,=,nM,6397.35,,5.194,aromatase
CHEMBL23646,=,=,nM,239.88,,6.62,aromatase
CHEMBL23485,=,=,nM,1000.0,,6.0,aromatase
CHEMBL24014,=,=,nM,1901.08,,5.721,aromatase
CHEMBL24233,=,=,nM,1199.5,,5.921,aromatase
CHEMBL23148,=,=,nM,590.2,,6.229,aromatase
CHEMBL23097,=,=,nM,230.14,,6.638,aromatase
CHEMBL23365,=,=,nM,4295.36,,5.367,aromatase
CHEMBL23364,=,=,nM,529.66,,6.276,aromatase
CHEMBL279940,=,=,nM,749.89,,6.125,aromatase
CHEMBL23394,=,=,nM,1300.17,,5.886,aromatase
CHEMBL304903,=,=,nM,369.83,,6.432,aromatase
CHEMBL66673,=,=,nM,3349.65,,5.475,aromatase
CHEMBL67842,=,=,nM,69.02,,7.161,aromatase
CHEMBL294361,=,=,nM,60.95,,7.215,aromatase
CHEMBL66867,=,=,nM,369.83,,6.432,aromatase
CHEMBL63336,=,=,nM,4295.36,,5.367,aromatase
CHEMBL419619,=,=,nM,1399.59,,5.854,aromatase
CHEMBL65590,=,=,nM,5000.35,,5.301,aromatase
CHEMBL304222,=,=,nM,330.37,,6.481,aromatase
CHEMBL304583,=,=,nM,66.07,,7.18,aromatase
CHEMBL168636,=,=,nM,9204.5,,5.036,aromatase
CHEMBL413344,=,=,nM,38018.94,,4.42,aromatase
CHEMBL169086,=,=,nM,1099.01,,5.959,aromatase
CHEMBL415753,=,=,nM,17988.71,,4.745,aromatase
CHEMBL168434,=,=,nM,260.02,,6.585,aromatase
CHEMBL168444,=,=,nM,26977.39,,4.569,aromatase
CHEMBL440930,=,=,nM,13001.7,,4.886,aromatase
CHEMBL353068,=,=,nM,51050.5,,4.292,aromatase
CHEMBL352645,=,=,nM,599.79,,6.222,aromatase
CHEMBL5405156,=,=,nM,510.5,,6.292,aromatase
CHEMBL5396048,=,=,nM,179.89,,6.745,aromatase
CHEMBL5440376,=,=,nM,570.16,,6.244,aromatase
CHEMBL5439806,=,=,nM,959.4,,6.018,aromatase
CHEMBL1098424,=,=,nM,159.96,,6.796,aromatase
CHEMBL5426314,=,=,nM,359.75,,6.444,aromatase
CHEMBL5399600,=,=,nM,169.82,,6.77,aromatase
CHEMBL5434685,=,=,nM,760.33,,6.119,aromatase
CHEMBL5413419,=,=,nM,1698.24,,5.77,aromatase
CHEMBL351271,=,=,nM,970.51,,6.013,aromatase
CHEMBL102409,=,=,nM,299.92,,6.523,aromatase
CHEMBL5417558,=,=,nM,1999.86,,5.699,aromatase
CHEMBL5438005,=,=,nM,119.95,,6.921,aromatase
CHEMBL5416052,=,=,nM,309.74,,6.509,aromatase
CHEMBL5430986,=,=,nM,3198.9,,5.495,aromatase
CHEMBL105289,=,=,nM,2301.44,,5.638,aromatase
CHEMBL104566,=,=,nM,1999.86,,5.699,aromatase
CHEMBL5406205,=,=,nM,239.88,,6.62,aromatase
CHEMBL5428947,=,=,nM,339.63,,6.469,aromatase
CHEMBL5421275,=,=,nM,97.05,,7.013,aromatase
CHEMBL5425135,=,=,nM,95.94,,7.018,aromatase
CHEMBL104047,=,=,nM,88.92,,7.051,aromatase
CHEMBL323546,=,=,nM,13899.53,,4.857,aromatase
CHEMBL323585,=,=,nM,11803.21,,4.928,aromatase
CHEMBL104126,=,=,nM,9705.1,,5.013,aromatase
CHEMBL102981,=,=,nM,2098.94,,5.678,aromatase
CHEMBL103685,=,=,nM,13001.7,,4.886,aromatase
CHEMBL5421289,=,=,nM,119.95,,6.921,aromatase
CHEMBL5406968,=,=,nM,1321.3,,5.879,aromatase
CHEMBL5415900,=,=,nM,3845.92,,5.415,aromatase
CHEMBL5401549,=,=,nM,3962.78,,5.402,aromatase
CHEMBL5417020,=,=,nM,54954.09,,4.26,aromatase
CHEMBL5430729,=,=,nM,439.54,,6.357,aromatase
CHEMBL5433734,=,=,nM,5597.58,,5.252,aromatase
CHEMBL5412704,=,=,nM,8892.01,,5.051,aromatase
CHEMBL5407494,=,=,nM,29991.63,,4.523,aromatase
CHEMBL135037,=,=,nM,8892.01,,5.051,aromatase
CHEMBL134509,=,=,nM,9099.13,,5.041,aromatase
CHEMBL134169,=,=,nM,34994.52,,4.456,aromatase
CHEMBL3084924,=,=,nM,10789.47,,4.967,aromatase
CHEMBL3084923,=,=,nM,39994.47,,4.398,aromatase
CHEMBL5401526,=,=,nM,1698.24,,5.77,aromatase
CHEMBL5397043,=,=,nM,80537.84,,4.094,aromatase
CHEMBL275638,=,=,nM,47973.34,,4.319,aromatase
CHEMBL276915,=,=,nM,209.89,,6.678,aromatase
CHEMBL28,=,=,nM,2897.34,,5.538,aromatase
CHEMBL117,=,=,nM,699.84,,6.155,aromatase
CHEMBL16782,=,=,nM,88715.6,,4.052,aromatase
CHEMBL75267,=,=,nM,82985.08,,4.081,aromatase
CHEMBL32571,=,=,nM,90991.33,,4.041,aromatase
CHEMBL9687,=,=,nM,80352.61,,4.095,aromatase
CHEMBL151,=,=,nM,1199.5,,5.921,aromatase
CHEMBL274318,=,=,nM,13803.84,,4.86,aromatase
CHEMBL97542,=,=,nM,2398.83,,5.62,aromatase
CHEMBL307893,=,=,nM,599.79,,6.222,aromatase
CHEMBL88169,=,=,nM,3303.7,,5.481,aromatase
CHEMBL276473,=,=,nM,30619.63,,4.514,aromatase
CHEMBL317221,=,=,nM,14288.94,,4.845,aromatase
CHEMBL491692,=,=,nM,34593.94,,4.461,aromatase
CHEMBL45068,=,=,nM,2600.16,,5.585,aromatase
CHEMBL492818,=,=,nM,2798.98,,5.553,aromatase
CHEMBL133081,=,=,nM,24210.29,,4.616,aromatase
CHEMBL161230,=,=,nM,239.88,,6.62,aromatase
CHEMBL351167,=,=,nM,1099.01,,5.959,aromatase
CHEMBL161530,=,=,nM,2098.94,,5.678,aromatase
CHEMBL421149,=,=,nM,42.95,,7.367,aromatase
CHEMBL159073,=,=,nM,39.99,,7.398,aromatase
CHEMBL421829,=,=,nM,88.92,,7.051,aromatase
CHEMBL442373,=,=,nM,2301.44,,5.638,aromatase
CHEMBL307160,=,=,nM,970.51,,6.013,aromatase
CHEMBL78322,=,=,nM,939.72,,6.027,aromatase
CHEMBL158984,=,=,nM,100.0,,7.0,aromatase
CHEMBL157925,=,=,nM,3698.28,,5.432,aromatase
CHEMBL350922,=,=,nM,389.94,,6.409,aromatase
CHEMBL158635,=,=,nM,549.54,,6.26,aromatase
CHEMBL5398185,=,=,nM,6606.93,,5.18,aromatase
CHEMBL256407,=,=,nM,3499.45,,5.456,aromatase
CHEMBL402970,=,=,nM,3698.28,,5.432,aromatase
CHEMBL3401429,=,=,nM,2500.35,,5.602,aromatase
CHEMBL5434837,=,=,nM,6194.41,,5.208,aromatase
CHEMBL5426214,=,=,nM,5395.11,,5.268,aromatase
CHEMBL5420745,=,=,nM,3499.45,,5.456,aromatase
CHEMBL5405593,=,=,nM,6606.93,,5.18,aromatase
CHEMBL5418934,=,=,nM,7998.34,,5.097,aromatase
CHEMBL5417396,=,=,nM,4797.33,,5.319,aromatase
CHEMBL185809,=,=,nM,1599.56,,5.796,aromatase
CHEMBL185819,=,=,nM,9204.5,,5.036,aromatase
CHEMBL184051,=,=,nM,2999.16,,5.523,aromatase
CHEMBL361653,=,=,nM,3097.42,,5.509,aromatase
CHEMBL188664,=,=,nM,209.89,,6.678,aromatase
CHEMBL186079,=,=,nM,529.66,,6.276,aromatase
CHEMBL184749,=,=,nM,609.54,,6.215,aromatase
CHEMBL364326,=,=,nM,3597.49,,5.444,aromatase
CHEMBL185950,=,=,nM,279.9,,6.553,aromatase
CHEMBL187068,=,=,nM,219.79,,6.658,aromatase
CHEMBL375292,=,=,nM,2818.38,,5.55,aromatase
CHEMBL387518,=,=,nM,26915.35,,4.57,aromatase
CHEMBL225447,=,=,nM,2818.38,,5.55,aromatase
CHEMBL223874,=,=,nM,74.13,,7.13,aromatase
CHEMBL376371,=,=,nM,3981.07,,5.4,aromatase
CHEMBL5414372,=,=,nM,2818.38,,5.55,aromatase
CHEMBL427247,=,=,nM,2089.3,,5.68,aromatase
CHEMBL225472,=,=,nM,281.84,,6.55,aromatase
CHEMBL5421164,=,=,nM,3630.78,,5.44,aromatase
CHEMBL225178,=,=,nM,758.58,,6.12,aromatase
CHEMBL375497,=,=,nM,100000.0,,4.0,aromatase
CHEMBL437731,=,=,nM,51.29,,7.29,aromatase
CHEMBL375046,=,=,nM,169.82,,6.77,aromatase
CHEMBL224228,=,=,nM,144.54,,6.84,aromatase
CHEMBL224649,=,=,nM,676.08,,6.17,aromatase
CHEMBL5394126,=,=,nM,31622.78,,4.5,aromatase
CHEMBL390152,=,=,nM,31622.78,,4.5,aromatase
CHEMBL223983,=,=,nM,31622.78,,4.5,aromatase
CHEMBL224786,=,=,nM,5128.61,,5.29,aromatase
CHEMBL224787,=,=,nM,107.15,,6.97,aromatase
CHEMBL225499,=,=,nM,151.36,,6.82,aromatase
CHEMBL224600,=,=,nM,1122.02,,5.95,aromatase
CHEMBL4553272,=,=,nM,7691.3,,5.114,aromatase
CHEMBL4515706,=,=,nM,5296.63,,5.276,aromatase
CHEMBL5413924,=,=,nM,4295.36,,5.367,aromatase
CHEMBL5428361,=,=,nM,5997.91,,5.222,aromatase
CHEMBL5427782,=,=,nM,9397.23,,5.027,aromatase
CHEMBL5419796,=,=,nM,11091.75,,4.955,aromatase
CHEMBL5429907,=,=,nM,11194.38,,4.951,aromatase
CHEMBL4517895,=,=,nM,5000.35,,5.301,aromatase
CHEMBL4517937,=,=,nM,8203.52,,5.086,aromatase
CHEMBL5418780,=,=,nM,9506.05,,5.022,aromatase
CHEMBL5409753,=,=,nM,9397.23,,5.027,aromatase
CHEMBL4451577,=,=,nM,3899.42,,5.409,aromatase
CHEMBL5429699,=,=,nM,10000.0,,5.0,aromatase
CHEMBL5425965,=,=,nM,8203.52,,5.086,aromatase
CHEMBL4465694,=,=,nM,2697.74,,5.569,aromatase
CHEMBL556429,=,=,nM,500.03,,6.301,aromatase
CHEMBL52509,=,=,nM,6397.35,,5.194,aromatase
CHEMBL300109,=,=,nM,159.96,,6.796,aromatase
CHEMBL53068,=,=,nM,169.82,,6.77,aromatase
CHEMBL292899,=,=,nM,380.19,,6.42,aromatase
CHEMBL293122,=,=,nM,500.03,,6.301,aromatase
CHEMBL54803,=,=,nM,349.95,,6.456,aromatase
CHEMBL53644,=,=,nM,699.84,,6.155,aromatase
CHEMBL301106,=,=,nM,349.95,,6.456,aromatase
CHEMBL53290,=,=,nM,219.79,,6.658,aromatase
CHEMBL55144,=,=,nM,920.45,,6.036,aromatase
CHEMBL291700,=,=,nM,439.54,,6.357,aromatase
CHEMBL55083,=,=,nM,2398.83,,5.62,aromatase
CHEMBL57513,=,=,nM,680.77,,6.167,aromatase
CHEMBL460382,=,=,nM,3556.31,,5.449,aromatase
CHEMBL301608,=,=,nM,110917.48,,3.955,aromatase
CHEMBL299066,=,=,nM,3061.96,,5.514,aromatase
CHEMBL5403749,=,=,nM,1380.38,,5.86,aromatase
CHEMBL165,=,=,nM,25003.45,,4.602,aromatase
CHEMBL69011,=,=,nM,21978.6,,4.658,aromatase
CHEMBL1642686,=,=,nM,4216.97,,5.375,aromatase
CHEMBL1173699,=,=,nM,309.74,,6.509,aromatase
CHEMBL324290,=,=,nM,309.74,,6.509,aromatase
CHEMBL87477,=,=,nM,899.5,,6.046,aromatase
CHEMBL1173700,=,=,nM,979.49,,6.009,aromatase
CHEMBL1170893,=,=,nM,39.99,,7.398,aromatase
CHEMBL1171091,=,=,nM,8531.0,,5.069,aromatase
CHEMBL1170663,=,=,nM,2421.03,,5.616,aromatase
CHEMBL1172400,=,=,nM,2831.39,,5.548,aromatase
CHEMBL1173130,=,=,nM,8491.8,,5.071,aromatase
CHEMBL5423576,=,=,nM,2798.98,,5.553,aromatase
CHEMBL5417830,=,=,nM,4295.36,,5.367,aromatase
CHEMBL1171680,=,=,nM,1798.87,,5.745,aromatase
CHEMBL1172402,=,=,nM,4405.55,,5.356,aromatase
CHEMBL1170678,=,=,nM,59.98,,7.222,aromatase
CHEMBL4206988,=,=,nM,680.77,,6.167,aromatase
CHEMBL1191848,=,=,nM,5321.08,,5.274,aromatase
CHEMBL162549,=,=,nM,199.99,,6.699,aromatase
CHEMBL5435609,=,=,nM,3908.41,,5.408,aromatase
CHEMBL162431,=,=,nM,1840.77,,5.735,aromatase
CHEMBL5432300,=,=,nM,3198.9,,5.495,aromatase
CHEMBL1171818,=,=,nM,2798.98,,5.553,aromatase
CHEMBL2430098,=,=,nM,7328.25,,5.135,aromatase
CHEMBL5395333,=,=,nM,3899.42,,5.409,aromatase
CHEMBL5434747,=,=,nM,3908.41,,5.408,aromatase
CHEMBL5411965,=,=,nM,6251.73,,5.204,aromatase
CHEMBL5403643,=,=,nM,8053.78,,5.094,aromatase
CHEMBL5421772,=,=,nM,199.99,,6.699,aromatase
CHEMBL3623226,=,=,nM,190.11,,6.721,aromatase
CHEMBL5413902,=,=,nM,590.2,,6.229,aromatase
CHEMBL5419730,=,=,nM,879.02,,6.056,aromatase
CHEMBL5424344,=,=,nM,2999.16,,5.523,aromatase
CHEMBL5397257,=,=,nM,2167.7,,5.664,aromatase
CHEMBL5421179,=,=,nM,51999.6,,4.284,aromatase
CHEMBL372999,=,=,nM,43.95,,7.357,aromatase
CHEMBL202612,=,=,nM,48.98,,7.31,aromatase
CHEMBL202020,=,=,nM,159.96,,6.796,aromatase
CHEMBL382500,=,=,nM,130.02,,6.886,aromatase
CHEMBL198291,=,=,nM,48.98,,7.31,aromatase
CHEMBL382902,=,=,nM,43.95,,7.357,aromatase
CHEMBL379019,=,=,nM,130.02,,6.886,aromatase
CHEMBL197650,=,=,nM,10.0,,8.0,aromatase
CHEMBL199334,=,=,nM,599.79,,6.222,aromatase
CHEMBL201831,=,=,nM,100.0,,7.0,aromatase
CHEMBL202065,=,=,nM,130.02,,6.886,aromatase
CHEMBL371663,=,=,nM,1230.27,,5.91,aromatase
CHEMBL446706,=,=,nM,1458.81,,5.836,aromatase
CHEMBL202226,=,=,nM,20.0,,7.699,aromatase
CHEMBL202231,=,=,nM,59.98,,7.222,aromatase
CHEMBL5423274,=,=,nM,6998.42,,5.155,aromatase
CHEMBL5406056,=,=,nM,4295.36,,5.367,aromatase
CHEMBL5411393,=,=,nM,1300.17,,5.886,aromatase
CHEMBL5422369,=,=,nM,209.89,,6.678,aromatase
CHEMBL28971,=,=,nM,4102.04,,5.387,aromatase
CHEMBL29400,=,=,nM,349.95,,6.456,aromatase
CHEMBL29904,=,=,nM,70.96,,7.149,aromatase
CHEMBL28637,=,=,nM,66.07,,7.18,aromatase
CHEMBL282325,=,=,nM,179.89,,6.745,aromatase
CHEMBL28696,=,=,nM,529.66,,6.276,aromatase
CHEMBL283085,=,=,nM,410.2,,6.387,aromatase
CHEMBL286965,=,=,nM,1648.16,,5.783,aromatase
CHEMBL28753,=,=,nM,1150.8,,5.939,aromatase
CHEMBL5426057,=,=,nM,4295.36,,5.367,aromatase
CHEMBL29523,=,=,nM,1399.59,,5.854,aromatase
CHEMBL284636,=,=,nM,1949.84,,5.71,aromatase
CHEMBL28800,=,=,nM,269.77,,6.569,aromatase
CHEMBL287393,=,=,nM,1000.0,,6.0,aromatase
CHEMBL540958,=,=,nM,3198.9,,5.495,aromatase
CHEMBL29669,=,=,nM,54.95,,7.26,aromatase
CHEMBL29901,=,=,nM,82.04,,7.086,aromatase
CHEMBL283671,=,=,nM,77.98,,7.108,aromatase
CHEMBL30047,=,=,nM,2951.21,,5.53,aromatase
CHEMBL29997,=,=,nM,1009.25,,5.996,aromatase
CHEMBL29952,=,=,nM,1199.5,,5.921,aromatase
CHEMBL30043,=,=,nM,194.98,,6.71,aromatase
CHEMBL26208,=,=,nM,274.79,,6.561,aromatase
CHEMBL282079,=,=,nM,3999.45,,5.398,aromatase
CHEMBL26207,=,=,nM,7798.3,,5.108,aromatase
CHEMBL282525,=,=,nM,5701.64,,5.244,aromatase
CHEMBL30081,=,=,nM,4197.59,,5.377,aromatase
CHEMBL28465,=,=,nM,5395.11,,5.268,aromatase
CHEMBL27797,=,=,nM,6194.41,,5.208,aromatase
CHEMBL336638,=,=,nM,125.03,,6.903,aromatase
CHEMBL133145,=,=,nM,76.03,,7.119,aromatase
CHEMBL335215,=,=,nM,41.98,,7.377,aromatase
CHEMBL135606,=,=,nM,39.99,,7.398,aromatase
CHEMBL137373,=,=,nM,39.99,,7.398,aromatase
CHEMBL137002,=,=,nM,66.07,,7.18,aromatase
CHEMBL343072,=,=,nM,20.0,,7.699,aromatase
CHEMBL135494,=,=,nM,12.5,,7.903,aromatase
CHEMBL335050,=,=,nM,10.5,,7.979,aromatase
CHEMBL135595,=,=,nM,10.79,,7.967,aromatase
CHEMBL135063,=,=,nM,8.395,,8.076,aromatase
CHEMBL135381,=,=,nM,6.397,,8.194,aromatase
CHEMBL436369,=,=,nM,8.892,,8.051,aromatase
CHEMBL135115,=,=,nM,149.97,,6.824,aromatase
CHEMBL343273,=,=,nM,1798.87,,5.745,aromatase
CHEMBL337750,=,=,nM,650.13,,6.187,aromatase
CHEMBL138538,=,=,nM,230.14,,6.638,aromatase
CHEMBL135396,=,=,nM,4497.8,,5.347,aromatase
CHEMBL135709,=,=,nM,314.77,,6.502,aromatase
CHEMBL415725,=,=,nM,83.95,,7.076,aromatase
CHEMBL334958,=,=,nM,199.99,,6.699,aromatase
CHEMBL133079,=,=,nM,199.99,,6.699,aromatase
CHEMBL133026,=,=,nM,144.88,,6.839,aromatase
CHEMBL133082,=,=,nM,1599.56,,5.796,aromatase
CHEMBL1195457,=,=,nM,159.96,,6.796,aromatase
CHEMBL422093,=,=,nM,1931.97,,5.714,aromatase
CHEMBL341386,=,=,nM,8.79,,8.056,aromatase
CHEMBL135563,=,=,nM,9.29,,8.032,aromatase
CHEMBL132929,=,=,nM,18.49,,7.733,aromatase
CHEMBL135340,=,=,nM,149.97,,6.824,aromatase
CHEMBL135633,=,=,nM,322.11,,6.492,aromatase
CHEMBL335836,=,=,nM,83.95,,7.076,aromatase
CHEMBL336616,=,=,nM,93.97,,7.027,aromatase
CHEMBL135540,=,=,nM,669.88,,6.174,aromatase
CHEMBL135921,=,=,nM,27.99,,7.553,aromatase
CHEMBL334999,=,=,nM,89.95,,7.046,aromatase
CHEMBL137589,=,=,nM,29.99,,7.523,aromatase
CHEMBL5410623,=,=,nM,9.594,,8.018,aromatase
CHEMBL5410574,=,=,nM,19.01,,7.721,aromatase
CHEMBL137049,=,=,nM,50.0,,7.301,aromatase
CHEMBL137396,=,=,nM,50.0,,7.301,aromatase
CHEMBL133198,=,=,nM,28.51,,7.545,aromatase
CHEMBL137604,=,=,nM,9.397,,8.027,aromatase
CHEMBL344904,=,=,nM,16.0,,7.796,aromatase
CHEMBL336708,=,=,nM,60.95,,7.215,aromatase
CHEMBL137001,=,=,nM,10.99,,7.959,aromatase
CHEMBL135172,=,=,nM,11.3,,7.947,aromatase
CHEMBL135378,=,=,nM,17.99,,7.745,aromatase
CHEMBL5427411,=,=,nM,16.98,,7.77,aromatase
CHEMBL5398859,=,=,nM,57.02,,7.244,aromatase
CHEMBL3622069,=,=,nM,2.301,,8.638,aromatase
CHEMBL3622070,=,=,nM,3.499,,8.456,aromatase
CHEMBL3622071,=,=,nM,4.198,,8.377,aromatase
CHEMBL3622072,=,=,nM,5.0,,8.301,aromatase
CHEMBL3622073,=,=,nM,20.7,,7.684,aromatase
CHEMBL3622074,=,=,nM,97.05,,7.013,aromatase
CHEMBL3622075,=,=,nM,3.396,,8.469,aromatase
CHEMBL3622076,=,=,nM,5.495,,8.26,aromatase
CHEMBL3622077,=,=,nM,25.53,,7.593,aromatase
CHEMBL5406393,=,=,nM,2.099,,8.678,aromatase
CHEMBL5432233,=,=,nM,2.0,,8.699,aromatase
CHEMBL5418345,=,=,nM,1.698,,8.77,aromatase
CHEMBL5397670,=,=,nM,1.099,,8.959,aromatase
CHEMBL5431850,=,=,nM,0.8892,,9.051,aromatase
CHEMBL5397197,=,=,nM,2.5,,8.602,aromatase
CHEMBL5415771,=,=,nM,2.099,,8.678,aromatase
CHEMBL5423824,=,=,nM,1.5,,8.824,aromatase
CHEMBL5402090,=,=,nM,1.3,,8.886,aromatase
CHEMBL5396464,=,=,nM,0.4102,,9.387,aromatase
CHEMBL5412416,=,=,nM,0.2799,,9.553,aromatase
CHEMBL5417335,=,=,nM,0.3597,,9.444,aromatase
CHEMBL5413770,=,=,nM,1.6,,8.796,aromatase
CHEMBL5399449,=,=,nM,1.0,,9.0,aromatase
CHEMBL5407526,=,=,nM,0.3899,,9.409,aromatase
CHEMBL5402457,=,=,nM,0.3597,,9.444,aromatase
CHEMBL5440356,=,=,nM,26.0,,7.585,aromatase
CHEMBL5400488,=,=,nM,1.5,,8.824,aromatase
CHEMBL5411472,=,=,nM,4.395,,8.357,aromatase
CHEMBL5424049,=,=,nM,767.36,,6.115,aromatase
CHEMBL5423400,=,=,nM,2.999,,8.523,aromatase
CHEMBL5425230,=,=,nM,30.97,,7.509,aromatase
CHEMBL5410657,=,=,nM,0.3802,,9.42,aromatase
CHEMBL5412353,=,=,nM,1.698,,8.77,aromatase
CHEMBL5401315,=,=,nM,0.3097,,9.509,aromatase
CHEMBL3622054,=,=,nM,0.2799,,9.553,aromatase
CHEMBL3622055,=,=,nM,0.26,,9.585,aromatase
CHEMBL5440424,=,=,nM,0.2799,,9.553,aromatase
CHEMBL5417041,=,=,nM,1.0,,9.0,aromatase
CHEMBL5439970,=,=,nM,0.5998,,9.222,aromatase
CHEMBL5440379,=,=,nM,0.4198,,9.377,aromatase
CHEMBL5402619,=,=,nM,0.6501,,9.187,aromatase
CHEMBL5428080,=,=,nM,3.899,,8.409,aromatase
CHEMBL5425142,=,=,nM,5.495,,8.26,aromatase
CHEMBL5435238,=,=,nM,1.698,,8.77,aromatase
CHEMBL3622056,=,=,nM,0.4198,,9.377,aromatase
CHEMBL3622057,=,=,nM,0.4498,,9.347,aromatase
CHEMBL3622058,=,=,nM,0.5105,,9.292,aromatase
CHEMBL5398138,=,=,nM,2.0,,8.699,aromatase
CHEMBL3622059,=,=,nM,0.7295,,9.137,aromatase
CHEMBL5409338,=,=,nM,5.495,,8.26,aromatase
CHEMBL5421435,=,=,nM,0.3698,,9.432,aromatase
CHEMBL3622060,=,=,nM,15.0,,7.824,aromatase
CHEMBL5427905,=,=,nM,5.495,,8.26,aromatase
CHEMBL5394799,=,=,nM,10.0,,8.0,aromatase
CHEMBL3622061,=,=,nM,5.2,,8.284,aromatase
CHEMBL3622062,=,=,nM,30.97,,7.509,aromatase
CHEMBL3622063,=,=,nM,2.099,,8.678,aromatase
CHEMBL3622064,=,=,nM,0.25,,9.602,aromatase
CHEMBL3622065,=,=,nM,2.698,,8.569,aromatase
CHEMBL3622066,=,=,nM,2.301,,8.638,aromatase
CHEMBL5408847,=,=,nM,3.999,,8.398,aromatase
CHEMBL5404073,=,=,nM,0.25,,9.602,aromatase
CHEMBL5397563,=,=,nM,14.0,,7.854,aromatase
CHEMBL5398997,=,=,nM,3.802,,8.42,aromatase
CHEMBL5408436,=,=,nM,0.1,,10.0,aromatase
CHEMBL5434606,=,=,nM,3.199,,8.495,aromatase
CHEMBL5424630,=,=,nM,1.5,,8.824,aromatase
CHEMBL5419258,=,=,nM,16.0,,7.796,aromatase
CHEMBL5412425,=,=,nM,1.5,,8.824,aromatase
CHEMBL5437662,=,=,nM,16.0,,7.796,aromatase
CHEMBL5429338,=,=,nM,2.5,,8.602,aromatase
CHEMBL5395753,=,=,nM,2.799,,8.553,aromatase
CHEMBL3818343,=,=,nM,0.871,,9.06,aromatase
CHEMBL5416513,=,=,nM,0.2198,,9.658,aromatase
CHEMBL3623231,=,=,nM,0.1199,,9.921,aromatase
CHEMBL5422332,=,=,nM,38.99,,7.409,aromatase
CHEMBL5413153,=,=,nM,1.4,,8.854,aromatase
CHEMBL5430347,=,=,nM,23.01,,7.638,aromatase
CHEMBL3622363,=,=,nM,28.97,,7.538,aromatase
CHEMBL5410011,=,=,nM,2.301,,8.638,aromatase
CHEMBL5421626,=,=,nM,2.897,,8.538,aromatase
CHEMBL5406734,=,=,nM,0.2099,,9.678,aromatase
CHEMBL5436996,=,=,nM,0.16,,9.796,aromatase
CHEMBL5438093,=,=,nM,0.02,,10.699,aromatase
CHEMBL5413472,=,=,nM,79.98,,7.097,aromatase
CHEMBL5429844,=,=,nM,1.799,,8.745,aromatase
CHEMBL5421450,=,=,nM,3.802,,8.42,aromatase
CHEMBL4465348,=,=,nM,38.99,,7.409,aromatase
CHEMBL5395326,=,=,nM,1.3,,8.886,aromatase
CHEMBL5411834,=,=,nM,7.096,,8.149,aromatase
CHEMBL5404624,=,=,nM,3.999,,8.398,aromatase
CHEMBL5395694,=,=,nM,4.395,,8.357,aromatase
CHEMBL5421908,=,=,nM,1013.91,,5.994,aromatase
CHEMBL5402193,=,=,nM,17.99,,7.745,aromatase
CHEMBL5402413,=,=,nM,0.5998,,9.222,aromatase
CHEMBL5413431,=,=,nM,2.6,,8.585,aromatase
CHEMBL5400554,=,=,nM,2483.13,,5.605,aromatase
CHEMBL5400682,=,=,nM,760.33,,6.119,aromatase
CHEMBL5434794,=,=,nM,4064.43,,5.391,aromatase
CHEMBL3623232,=,=,nM,0.2,,9.699,aromatase
CHEMBL5436006,=,=,nM,3.899,,8.409,aromatase
CHEMBL5404820,=,=,nM,1.3,,8.886,aromatase
CHEMBL5401946,=,=,nM,6.699,,8.174,aromatase
CHEMBL5401648,=,=,nM,0.14,,9.854,aromatase
CHEMBL5413848,=,=,nM,1.5,,8.824,aromatase
CHEMBL5435398,=,=,nM,297.17,,6.527,aromatase
CHEMBL5431758,=,=,nM,2.999,,8.523,aromatase
CHEMBL5402384,=,=,nM,2.301,,8.638,aromatase
CHEMBL5412669,=,=,nM,1.099,,8.959,aromatase
CHEMBL5398199,=,=,nM,3990.25,,5.399,aromatase
CHEMBL5398403,=,=,nM,2500.35,,5.602,aromatase
CHEMBL5425529,=,=,nM,5495.41,,5.26,aromatase
CHEMBL5425028,=,=,nM,0.02799,,10.553,aromatase
CHEMBL350338,=,=,nM,7.603,,8.119,aromatase
CHEMBL348913,=,=,nM,14.29,,7.845,aromatase
CHEMBL350072,=,=,nM,17.62,,7.754,aromatase
CHEMBL163420,=,=,nM,92.9,,7.032,aromatase
CHEMBL423613,=,=,nM,20.99,,7.678,aromatase
CHEMBL162585,=,=,nM,2.0,,8.699,aromatase
CHEMBL162834,=,=,nM,14.09,,7.851,aromatase
CHEMBL31760,=,=,nM,0.6998,,9.155,aromatase
CHEMBL31224,=,=,nM,2.897,,8.538,aromatase
CHEMBL29482,=,=,nM,3.499,,8.456,aromatase
CHEMBL285809,=,=,nM,232.81,,6.633,aromatase
CHEMBL31456,=,=,nM,7.691,,8.114,aromatase
CHEMBL5426228,=,=,nM,399944.75,,3.398,aromatase
CHEMBL5405854,=,=,nM,299916.25,,3.523,aromatase
CHEMBL5438618,=,=,nM,34994.52,,4.456,aromatase
CHEMBL5419141,=,=,nM,11994.99,,4.921,aromatase
CHEMBL5421931,=,=,nM,50003.45,,4.301,aromatase
CHEMBL5394232,=,=,nM,25003.45,,4.602,aromatase
CHEMBL5401807,=,=,nM,48977.88,,4.31,aromatase
CHEMBL5395683,=,=,nM,14996.85,,4.824,aromatase
CHEMBL5438581,=,=,nM,1999.86,,5.699,aromatase
CHEMBL5396276,=,=,nM,1698.24,,5.77,aromatase
CHEMBL5414163,=,=,nM,14487.72,,4.839,aromatase
CHEMBL5433928,=,=,nM,4497.8,,5.347,aromatase
CHEMBL5406470,=,=,nM,44977.99,,4.347,aromatase
CHEMBL5427371,=,=,nM,5495.41,,5.26,aromatase
CHEMBL5431500,=,=,nM,7498.94,,5.125,aromatase
CHEMBL5413133,=,=,nM,25003.45,,4.602,aromatase
CHEMBL5427725,=,=,nM,4698.94,,5.328,aromatase
CHEMBL415952,=,=,nM,19998.62,,4.699,aromatase
CHEMBL5419940,=,=,nM,15995.58,,4.796,aromatase
CHEMBL5429779,=,=,nM,7095.78,,5.149,aromatase
CHEMBL5423840,=,=,nM,10092.53,,4.996,aromatase
CHEMBL5433174,=,=,nM,479.73,,6.319,aromatase
CHEMBL5398810,=,=,nM,33036.95,,4.481,aromatase
CHEMBL5398069,=,=,nM,19998.62,,4.699,aromatase
CHEMBL5401856,=,=,nM,13995.87,,4.854,aromatase
CHEMBL5404343,=,=,nM,8590.14,,5.066,aromatase
CHEMBL5432975,=,=,nM,19010.78,,4.721,aromatase
CHEMBL5437945,=,=,nM,5000.35,,5.301,aromatase
CHEMBL5417163,=,=,nM,5199.96,,5.284,aromatase
CHEMBL5436915,=,=,nM,31988.95,,4.495,aromatase
CHEMBL5440707,=,=,nM,2398.83,,5.62,aromatase
CHEMBL5425656,=,=,nM,500.03,,6.301,aromatase
CHEMBL5432857,=,=,nM,849.18,,6.071,aromatase
CHEMBL5417855,=,=,nM,859.01,,6.066,aromatase
CHEMBL5425445,=,=,nM,3396.25,,5.469,aromatase
CHEMBL5404404,=,=,nM,2500.35,,5.602,aromatase
CHEMBL5397541,=,=,nM,15995.58,,4.796,aromatase
CHEMBL5396408,=,=,nM,2798.98,,5.553,aromatase
CHEMBL5425854,=,=,nM,8491.8,,5.071,aromatase
CHEMBL5423113,=,=,nM,27989.81,,4.553,aromatase
CHEMBL5424130,=,=,nM,3499.45,,5.456,aromatase
CHEMBL5401971,=,=,nM,119949.93,,3.921,aromatase
CHEMBL5397559,=,=,nM,26001.6,,4.585,aromatase
CHEMBL5423378,=,=,nM,19998.62,,4.699,aromatase
CHEMBL5421595,=,=,nM,3303.7,,5.481,aromatase
CHEMBL5411125,=,=,nM,1599.56,,5.796,aromatase
CHEMBL5434818,=,=,nM,209893.99,,3.678,aromatase
CHEMBL5439274,=,=,nM,3499.45,,5.456,aromatase
CHEMBL5403263,=,=,nM,3801.89,,5.42,aromatase
CHEMBL5423512,=,=,nM,8491.8,,5.071,aromatase
CHEMBL5440818,=,=,nM,799.83,,6.097,aromatase
CHEMBL5401445,=,=,nM,209.89,,6.678,aromatase
CHEMBL5402637,=,=,nM,629.51,,6.201,aromatase
CHEMBL5418765,=,=,nM,230.14,,6.638,aromatase
CHEMBL5439843,=,=,nM,699.84,,6.155,aromatase
CHEMBL5395012,=,=,nM,2197.86,,5.658,aromatase
CHEMBL5394566,=,=,nM,4395.42,,5.357,aromatase
CHEMBL5408838,=,=,nM,2197.86,,5.658,aromatase
CHEMBL5423518,=,=,nM,1300.17,,5.886,aromatase
CHEMBL5436300,=,=,nM,500.03,,6.301,aromatase
CHEMBL5412224,=,=,nM,5000.35,,5.301,aromatase
CHEMBL5417761,=,=,nM,2197.86,,5.658,aromatase
CHEMBL5419948,=,=,nM,35974.93,,4.444,aromatase
CHEMBL5414100,=,=,nM,3999.45,,5.398,aromatase
CHEMBL5421565,=,=,nM,50.0,,7.301,aromatase
CHEMBL5397796,=,=,nM,190.11,,6.721,aromatase
CHEMBL5411950,=,=,nM,39.99,,7.398,aromatase
CHEMBL5433553,=,=,nM,119.95,,6.921,aromatase
CHEMBL5395040,=,=,nM,190.11,,6.721,aromatase
CHEMBL5427944,=,=,nM,190.11,,6.721,aromatase
CHEMBL5419123,=,=,nM,500.03,,6.301,aromatase
CHEMBL5430737,=,=,nM,50.0,,7.301,aromatase
CHEMBL5439983,=,=,nM,139.96,,6.854,aromatase
CHEMBL5431734,=,=,nM,59.98,,7.222,aromatase
CHEMBL348263,=,=,nM,269.77,,6.569,aromatase
CHEMBL112532,=,=,nM,6.998,,8.155,aromatase
CHEMBL358214,=,=,nM,769.13,,6.114,aromatase
CHEMBL151207,=,=,nM,359.75,,6.444,aromatase
CHEMBL5423575,=,=,nM,68.08,,7.167,aromatase
CHEMBL150653,=,=,nM,3572.73,,5.447,aromatase
CHEMBL151646,=,=,nM,8433.35,,5.074,aromatase
CHEMBL150999,=,=,nM,18706.82,,4.728,aromatase
CHEMBL150681,=,=,nM,5508.08,,5.259,aromatase
CHEMBL433737,=,=,nM,3681.29,,5.434,aromatase
CHEMBL149750,=,=,nM,3162.28,,5.5,aromatase
CHEMBL150146,=,=,nM,7852.36,,5.105,aromatase
CHEMBL359116,=,=,nM,6081.35,,5.216,aromatase
CHEMBL150278,=,=,nM,316.23,,6.5,aromatase
CHEMBL150799,=,=,nM,14190.58,,4.848,aromatase
CHEMBL151449,=,=,nM,1629.3,,5.788,aromatase
CHEMBL422858,=,=,nM,6067.36,,5.217,aromatase
CHEMBL151038,=,=,nM,479.73,,6.319,aromatase
CHEMBL151037,=,=,nM,1967.89,,5.706,aromatase
CHEMBL5426889,=,=,nM,23496.33,,4.629,aromatase
CHEMBL356594,=,=,nM,15995.58,,4.796,aromatase
CHEMBL5394720,=,=,nM,3097.42,,5.509,aromatase
CHEMBL113242,=,=,nM,579.43,,6.237,aromatase
CHEMBL110524,=,=,nM,15995.58,,4.796,aromatase
CHEMBL112292,=,=,nM,5597.58,,5.252,aromatase
CHEMBL112908,=,=,nM,19998.62,,4.699,aromatase
CHEMBL113647,=,=,nM,7998.34,,5.097,aromatase
CHEMBL112509,=,=,nM,35974.93,,4.444,aromatase
CHEMBL325461,=,=,nM,4602.57,,5.337,aromatase
CHEMBL431843,=,=,nM,51050.5,,4.292,aromatase
CHEMBL114447,=,=,nM,1499.68,,5.824,aromatase
CHEMBL109347,=,=,nM,3198.9,,5.495,aromatase
CHEMBL287574,=,=,nM,10990.06,,4.959,aromatase
CHEMBL5425696,=,=,nM,1.259E-9,,17.9,aromatase
CHEMBL5394223,=,=,nM,188364908.95,,0.725,aromatase
CHEMBL5434047,=,=,nM,1.581,,8.801,aromatase
CHEMBL5417624,=,=,nM,409260659.73,,0.388,aromatase
CHEMBL5411570,=,=,nM,0.0008147,,12.089,aromatase
CHEMBL5416291,=,=,nM,228559880.34,,0.641,aromatase
CHEMBL5425567,=,=,nM,53088444.42,,1.275,aromatase
CHEMBL24115,=,=,nM,3999.45,,5.398,aromatase
CHEMBL23365,=,=,nM,281838293.13,,0.55,aromatase
CHEMBL5396048,=,=,nM,0.08872,,10.052,aromatase
CHEMBL5399600,=,=,nM,247172414.5,,0.607,aromatase
CHEMBL5438005,=,=,nM,21677.04,,4.664,aromatase
CHEMBL103685,=,=,nM,676082975.39,,0.17,aromatase
CHEMBL117,=,=,nM,1000.0,,6.0,aromatase
CHEMBL317221,=,=,nM,18323.14,,4.737,aromatase
CHEMBL491692,=,=,nM,946237161.37,,0.024,aromatase
CHEMBL351167,=,=,nM,109900.58,,3.959,aromatase
CHEMBL161530,=,=,nM,572796030.99,,0.242,aromatase
CHEMBL158984,=,=,nM,68706844.0,,1.163,aromatase
CHEMBL3401429,=,=,nM,27.0,,27.002,aromatase
CHEMBL225178,=,=,nM,41114972.11,,1.386,aromatase
CHEMBL375046,=,=,nM,271019163.19,,0.567,aromatase
CHEMBL224649,=,=,nM,392644935.4,,0.406,aromatase
CHEMBL223983,=,=,nM,212324446.2,,0.673,aromatase
CHEMBL1642686,=,=,nM,248885.73,,3.604,aromatase
CHEMBL1191848,=,=,nM,428548520.4,,0.368,aromatase
CHEMBL162431,=,=,nM,744731973.91,,0.128,aromatase
CHEMBL199334,=,=,nM,25.68,,25.675,aromatase
CHEMBL371663,=,=,nM,118.3,,6.927,aromatase
CHEMBL5438879,=,=,nM,7.015,,8.154,aromatase
CHEMBL5394486,=,=,nM,214289060.11,,0.669,aromatase
CHEMBL5431850,=,=,nM,167.88,,6.775,aromatase
CHEMBL5440356,=,=,nM,792501.33,,3.101,aromatase
CHEMBL5424049,=,=,nM,974989637.72,,0.011,aromatase
CHEMBL5409338,=,=,nM,948418463.3,,0.023,aromatase
CHEMBL3622062,=,=,nM,62517.27,,4.204,aromatase
CHEMBL3622063,=,=,nM,99083194.49,,1.004,aromatase
CHEMBL5397563,=,=,nM,156675107.01,,0.805,aromatase
CHEMBL5398997,=,=,nM,749894209.33,,0.125,aromatase
CHEMBL3622363,=,=,nM,10889.3,,4.963,aromatase
CHEMBL350072,=,=,nM,27.04,,7.568,aromatase
CHEMBL162585,=,=,nM,588843655.36,,0.23,aromatase
CHEMBL5406470,=,=,nM,498884.49,,3.302,aromatase
CHEMBL5401971,=,=,nM,626613864.67,,0.203,aromatase
CHEMBL5397559,=,=,nM,905732600.9,,0.043,aromatase
CHEMBL5434818,=,=,nM,997700063.82,,0.001,aromatase
CHEMBL5419948,=,=,nM,968277856.26,,0.014,aromatase
CHEMBL5431734,=,=,nM,171001531.51,,0.767,aromatase
CHEMBL1444,=,=,nM,8.0,uM,0.008,aromatase
CHEMBL1825022,=,=,nM,79980.0,uM,79.98,aromatase
CHEMBL224789,=,=,nM,8.0,uM,0.008,aromatase
CHEMBL5542291,=,=,nM,1200.0,uM,1.2,aromatase
CHEMBL5558656,=,=,nM,320.0,uM,0.32,aromatase
CHEMBL5567374,=,=,nM,4600.0,uM,4.6,aromatase
CHEMBL5562607,=,=,nM,5200.0,uM,5.2,aromatase
CHEMBL5556708,=,=,nM,10000.0,uM,10.0,aromatase
CHEMBL5561336,>,>,nM,100000.0,uM,100.0,aromatase
CHEMBL5564308,>,>,nM,100000.0,uM,100.0,aromatase
CHEMBL5568367,>,>,nM,100000.0,uM,100.0,aromatase
CHEMBL5568432,>,>,nM,100000.0,uM,100.0,aromatase
CHEMBL5559605,>,>,nM,100000.0,uM,100.0,aromatase
CHEMBL5561738,=,=,nM,3900.0,uM,3.9,aromatase
CHEMBL5565514,=,=,nM,320.0,uM,0.32,aromatase
CHEMBL5555317,=,=,nM,2600.0,uM,2.6,aromatase
CHEMBL5549760,=,=,nM,640.0,uM,0.64,aromatase
CHEMBL5563219,>,>,nM,100000.0,uM,100.0,aromatase
CHEMBL5561803,>,>,nM,100000.0,uM,100.0,aromatase
CHEMBL5396802,>,>,nM,100000.0,uM,100.0,aromatase
CHEMBL1358,>,>,nM,100000.0,uM,100.0,aromatase
CHEMBL489,>,>,nM,100000.0,uM,100.0,aromatase
CHEMBL1444,=,=,nM,1.8,uM,0.0018,aromatase
CHEMBL5561121,=,=,nM,12000.0,uM,12.0,aromatase
CHEMBL5559176,=,=,nM,3120.0,uM,3.12,aromatase
CHEMBL5557715,=,=,nM,1190.0,uM,1.19,aromatase
CHEMBL5561326,=,=,nM,350.0,uM,0.35,aromatase
CHEMBL5564454,=,=,nM,177.0,uM,0.177,aromatase
CHEMBL5567780,=,=,nM,61.0,uM,0.061,aromatase
CHEMBL5560949,=,=,nM,83.0,uM,0.083,aromatase
CHEMBL5568037,=,=,nM,690.0,uM,0.69,aromatase
CHEMBL5564449,=,=,nM,2150.0,uM,2.15,aromatase
CHEMBL5560527,=,=,nM,320.0,uM,0.32,aromatase
CHEMBL5559396,=,=,nM,900.0,uM,0.9,aromatase
CHEMBL5558884,=,=,nM,1140.0,uM,1.14,aromatase
CHEMBL5562416,=,=,nM,1390.0,uM,1.39,aromatase
CHEMBL5557971,=,=,nM,650.0,uM,0.65,aromatase
CHEMBL5566581,=,=,nM,500.0,uM,0.5,aromatase
CHEMBL5555812,=,=,nM,54.0,uM,0.054,aromatase
CHEMBL5561832,=,=,nM,1940.0,uM,1.94,aromatase
CHEMBL5562423,=,=,nM,9730.0,uM,9.73,aromatase
CHEMBL5559919,=,=,nM,178.0,uM,0.178,aromatase
CHEMBL5564688,=,=,nM,1370.0,uM,1.37,aromatase
CHEMBL5559711,=,=,nM,3170.0,uM,3.17,aromatase
CHEMBL5562392,=,=,nM,3860.0,uM,3.86,aromatase
CHEMBL5564606,=,=,nM,790.0,uM,0.79,aromatase
CHEMBL5560380,=,=,nM,3200.0,uM,3.2,aromatase
CHEMBL5559750,=,=,nM,133.0,uM,0.133,aromatase
CHEMBL5561217,=,=,nM,6800.0,uM,6.8,aromatase
CHEMBL5555946,=,=,nM,800.0,uM,0.8,aromatase
CHEMBL5559883,=,=,nM,550.0,uM,0.55,aromatase
CHEMBL5557518,=,=,nM,12300.0,uM,12.3,aromatase
CHEMBL1444,=,=,nM,279.0,uM,0.279,aromatase
CHEMBL83,=,=,nM,986000.0,uM,986.0,aromatase
CHEMBL5559841,=,=,nM,518.0,uM,0.518,aromatase
CHEMBL5564713,=,=,nM,711.0,uM,0.711,aromatase
CHEMBL5568351,=,=,nM,104.0,uM,0.104,aromatase
CHEMBL5568308,=,=,nM,315.0,uM,0.315,aromatase
CHEMBL5561070,=,=,nM,1034.0,uM,1.034,aromatase
CHEMBL5567762,=,=,nM,218.0,uM,0.218,aromatase
CHEMBL1444,=,=,nM,26.0,uM,0.026,aromatase
CHEMBL2165315,=,=,nM,49.0,nM,49.0,aromatase
CHEMBL5946526,=,=,nM,43500.0,nM,43500.0,aromatase
CHEMBL6031073,>,>,nM,50000.0,nM,50000.0,aromatase
CHEMBL5873947,>,>,nM,25000.0,nM,25000.0,aromatase
CHEMBL5770399,=,=,nM,5900.0,nM,5900.0,aromatase
CHEMBL5808901,=,=,nM,5700.0,nM,5700.0,aromatase
CHEMBL5916153,=,=,nM,8600.0,nM,8600.0,aromatase
CHEMBL5875159,=,=,nM,60.0,nM,60.0,aromatase
CHEMBL5887888,=,=,nM,14500.0,nM,14500.0,aromatase
CHEMBL6167931,=,=,nM,64.9,nM,64.9,aromatase
CHEMBL1200374,=,=,nM,1850.0,nM,1850.0,aromatase
CHEMBL283196,=,=,nM,500.0,uM,0.5,aromatase
CHEMBL213588,=,=,nM,45000.0,uM,45.0,aromatase
CHEMBL301258,,,nM,,uM,,PTP1B
CHEMBL301254,=,=,nM,1540.0,uM,1.54,PTP1B
CHEMBL58435,=,=,nM,10130.0,uM,10.13,PTP1B
CHEMBL57157,=,=,nM,610.0,uM,0.61,PTP1B
CHEMBL292444,=,=,nM,1010.0,uM,1.01,PTP1B
CHEMBL60707,=,=,nM,1130.0,uM,1.13,PTP1B
CHEMBL58292,=,=,nM,34880.0,uM,34.88,PTP1B
CHEMBL292386,=,=,nM,1420.0,uM,1.42,PTP1B
CHEMBL57841,=,=,nM,1010.0,uM,1.01,PTP1B
CHEMBL61245,=,=,nM,5290.0,uM,5.29,PTP1B
CHEMBL60918,=,=,nM,680.0,uM,0.68,PTP1B
CHEMBL59240,=,=,nM,2150.0,uM,2.15,PTP1B
CHEMBL58747,=,=,nM,5050.0,uM,5.05,PTP1B
CHEMBL433065,=,=,nM,2250.0,uM,2.25,PTP1B
CHEMBL57731,,,nM,,uM,,PTP1B
CHEMBL57796,=,=,nM,29110.0,uM,29.11,PTP1B
CHEMBL298849,=,=,nM,2070.0,uM,2.07,PTP1B
CHEMBL58354,=,=,nM,1480.0,uM,1.48,PTP1B
CHEMBL58288,=,=,nM,4200.0,uM,4.2,PTP1B
CHEMBL61044,=,=,nM,2540.0,uM,2.54,PTP1B
CHEMBL60824,=,=,nM,24590.0,uM,24.59,PTP1B
CHEMBL52347,=,=,nM,1640.0,uM,1.64,PTP1B
CHEMBL57880,=,=,nM,650.0,uM,0.65,PTP1B
CHEMBL51447,=,=,nM,860.0,uM,0.86,PTP1B
CHEMBL58762,=,=,nM,500.0,uM,0.5,PTP1B
CHEMBL59239,=,=,nM,1170.0,uM,1.17,PTP1B
CHEMBL58795,=,=,nM,2040.0,uM,2.04,PTP1B
CHEMBL60763,=,=,nM,920.0,uM,0.92,PTP1B
CHEMBL56948,=,=,nM,650.0,uM,0.65,PTP1B
CHEMBL61359,=,=,nM,36470.0,uM,36.47,PTP1B
CHEMBL299154,,,nM,,uM,,PTP1B
CHEMBL57036,=,=,nM,2150.0,uM,2.15,PTP1B
CHEMBL57391,=,=,nM,920.0,uM,0.92,PTP1B
CHEMBL58032,=,=,nM,940.0,uM,0.94,PTP1B
CHEMBL292843,=,=,nM,1070.0,uM,1.07,PTP1B
CHEMBL59402,=,=,nM,440.0,uM,0.44,PTP1B
CHEMBL435374,=,=,nM,4560.0,uM,4.56,PTP1B
CHEMBL58848,=,=,nM,330.0,uM,0.33,PTP1B
CHEMBL291310,=,=,nM,1340.0,uM,1.34,PTP1B
CHEMBL58919,,,nM,,uM,,PTP1B
CHEMBL58996,=,=,nM,5240.0,uM,5.24,PTP1B
CHEMBL301909,=,=,nM,430.0,uM,0.43,PTP1B
CHEMBL61186,=,=,nM,270.0,uM,0.27,PTP1B
CHEMBL58287,=,=,nM,5400.0,uM,5.4,PTP1B
CHEMBL59241,=,=,nM,5730.0,uM,5.73,PTP1B
CHEMBL58840,=,=,nM,2690.0,uM,2.69,PTP1B
CHEMBL301436,=,=,nM,1540.0,uM,1.54,PTP1B
CHEMBL300119,=,=,nM,3000.0,uM,3.0,PTP1B
CHEMBL58789,,,nM,,uM,,PTP1B
CHEMBL294467,=,=,nM,8050.0,uM,8.05,PTP1B
CHEMBL58737,=,=,nM,320.0,uM,0.32,PTP1B
CHEMBL291566,,,nM,,uM,,PTP1B
CHEMBL60925,=,=,nM,1600.0,uM,1.6,PTP1B
CHEMBL57920,=,=,nM,3300.0,uM,3.3,PTP1B
CHEMBL4524071,=,=,nM,0.42,nM,0.42,PTP1B
CHEMBL4524071,=,=,nM,3.0,nM,3.0,PTP1B
CHEMBL280487,=,=,nM,1.24,nM,1.24,PTP1B
CHEMBL280487,=,=,nM,1300.0,nM,1300.0,PTP1B
CHEMBL8284,=,=,nM,10000.0,uM,10.0,PTP1B
CHEMBL444092,=,=,nM,1.17,nM,1.17,PTP1B
CHEMBL509059,=,=,nM,1.49,nM,1.49,PTP1B
CHEMBL430266,=,=,nM,1.2,nM,1.2,PTP1B
CHEMBL428184,=,=,nM,1000.0,uM,1.0,PTP1B
CHEMBL505512,=,=,nM,0.67,nM,0.67,PTP1B
CHEMBL416598,=,=,nM,179.0,nM,179.0,PTP1B
CHEMBL290295,=,=,nM,284.0,nM,284.0,PTP1B
CHEMBL290496,=,=,nM,61.0,nM,61.0,PTP1B
CHEMBL39626,=,=,nM,74.0,nM,74.0,PTP1B
CHEMBL86473,>,>,nM,1000000.0,uM,1000.0,PTP1B
CHEMBL86473,>,>,nM,1000000.0,uM,1000.0,PTP1B
CHEMBL86473,=,=,nM,30800.0,uM,30.8,PTP1B
CHEMBL86473,=,=,nM,30200.0,uM,30.2,PTP1B
CHEMBL86473,=,=,nM,38100.0,uM,38.1,PTP1B
CHEMBL280487,=,=,nM,60.0,nM,60.0,PTP1B
CHEMBL89067,>,>,nM,1000000.0,uM,1000.0,PTP1B
CHEMBL89067,>,>,nM,1000000.0,uM,1000.0,PTP1B
CHEMBL89067,=,=,nM,18200.0,uM,18.2,PTP1B
CHEMBL89067,=,=,nM,55400.0,uM,55.4,PTP1B
CHEMBL89067,=,=,nM,55200.0,uM,55.2,PTP1B
CHEMBL430266,=,=,nM,0.5,nM,0.5,PTP1B
CHEMBL299374,=,=,nM,19000.0,uM,19.0,PTP1B
CHEMBL50846,>,>,nM,30000.0,uM,30.0,PTP1B
CHEMBL50627,>,>,nM,30000.0,uM,30.0,PTP1B
CHEMBL51931,>,>,nM,30000.0,uM,30.0,PTP1B
CHEMBL300664,=,=,nM,18000.0,uM,18.0,PTP1B
CHEMBL51317,>,>,nM,30000.0,uM,30.0,PTP1B
CHEMBL53966,=,=,nM,18000.0,uM,18.0,PTP1B
CHEMBL51314,>,>,nM,30000.0,uM,30.0,PTP1B
CHEMBL417727,>,>,nM,30000.0,uM,30.0,PTP1B
CHEMBL51039,=,=,nM,16000.0,uM,16.0,PTP1B
CHEMBL49992,>,>,nM,30000.0,uM,30.0,PTP1B
CHEMBL50878,=,=,nM,18000.0,uM,18.0,PTP1B
CHEMBL38066,>,>,nM,30000.0,uM,30.0,PTP1B
CHEMBL118788,=,=,nM,350000.0,mM,0.35,PTP1B
CHEMBL331810,,,nM,,mM,,PTP1B
CHEMBL116656,=,=,nM,130000.0,mM,0.13,PTP1B
CHEMBL332161,=,=,nM,890000.0,mM,0.89,PTP1B
CHEMBL119071,=,=,nM,1510000.0,mM,1.51,PTP1B
CHEMBL119805,=,=,nM,200000.0,mM,0.2,PTP1B
CHEMBL119986,=,=,nM,230000.0,mM,0.23,PTP1B
CHEMBL118998,=,=,nM,1140000.0,mM,1.14,PTP1B
CHEMBL118424,=,=,nM,130000.0,mM,0.13,PTP1B
CHEMBL118312,=,=,nM,1410000.0,mM,1.41,PTP1B
CHEMBL118857,=,=,nM,1160000.0,mM,1.16,PTP1B
CHEMBL325174,=,=,nM,2650000.0,mM,2.65,PTP1B
CHEMBL120421,=,=,nM,1050000.0,mM,1.05,PTP1B
CHEMBL1160963,=,=,nM,112000.0,uM,112.0,PTP1B
CHEMBL330395,=,=,nM,29000000.0,uM,29000.0,PTP1B
CHEMBL319726,>,>,nM,4000000.0,uM,4000.0,PTP1B
CHEMBL316894,>,>,nM,4000000.0,uM,4000.0,PTP1B
CHEMBL98615,>,>,nM,3200000.0,uM,3200.0,PTP1B
CHEMBL99972,=,=,nM,9400000.0,uM,9400.0,PTP1B
CHEMBL419592,=,=,nM,118000.0,uM,118.0,PTP1B
CHEMBL100267,=,=,nM,20000000.0,uM,20000.0,PTP1B
CHEMBL119693,=,=,nM,29000.0,uM,29.0,PTP1B
CHEMBL87802,=,=,nM,14000.0,uM,14.0,PTP1B
CHEMBL87768,=,=,nM,55000.0,uM,55.0,PTP1B
CHEMBL87426,>,>,nM,1000000.0,uM,1000.0,PTP1B
CHEMBL85493,=,=,nM,25000.0,uM,25.0,PTP1B
CHEMBL83628,>,>,nM,1000000.0,uM,1000.0,PTP1B
CHEMBL86905,=,=,nM,73000.0,uM,73.0,PTP1B
CHEMBL85756,=,=,nM,20000.0,uM,20.0,PTP1B
CHEMBL99236,>,>,nM,4000000.0,uM,4000.0,PTP1B
CHEMBL119459,=,=,nM,26000.0,uM,26.0,PTP1B
CHEMBL315361,>,>,nM,1000000.0,uM,1000.0,PTP1B
CHEMBL320848,=,=,nM,9400000.0,uM,9400.0,PTP1B
CHEMBL83293,=,=,nM,20000.0,uM,20.0,PTP1B
CHEMBL98930,=,=,nM,2800000.0,uM,2800.0,PTP1B
CHEMBL95978,=,=,nM,3800000.0,uM,3800.0,PTP1B
CHEMBL87189,=,=,nM,14000.0,uM,14.0,PTP1B
CHEMBL87601,=,=,nM,18000.0,uM,18.0,PTP1B
CHEMBL86966,=,=,nM,25000.0,uM,25.0,PTP1B
CHEMBL1160962,=,=,nM,130000.0,uM,130.0,PTP1B
CHEMBL314564,=,=,nM,91000.0,uM,91.0,PTP1B
CHEMBL95668,=,=,nM,28000000.0,uM,28000.0,PTP1B
CHEMBL99971,=,=,nM,12000000.0,uM,12000.0,PTP1B
CHEMBL1160960,>,>,nM,500000.0,uM,500.0,PTP1B
CHEMBL83294,>,>,nM,1000000.0,uM,1000.0,PTP1B
CHEMBL60857,=,=,nM,95000.0,uM,95.0,PTP1B
CHEMBL84898,=,=,nM,28000.0,uM,28.0,PTP1B
CHEMBL314229,=,=,nM,22000.0,uM,22.0,PTP1B
CHEMBL87536,=,=,nM,4300.0,uM,4.3,PTP1B
CHEMBL7152,=,=,nM,370.0,uM,0.37,PTP1B
CHEMBL430145,<,<,nM,1.0,nM,1.0,PTP1B
CHEMBL280487,=,=,nM,3.4,nM,3.4,PTP1B
CHEMBL265665,=,=,nM,120.0,uM,0.12,PTP1B
CHEMBL7314,=,=,nM,48000.0,uM,48.0,PTP1B
CHEMBL6518,=,=,nM,160.0,uM,0.16,PTP1B
CHEMBL444092,=,=,nM,0.1,nM,0.1,PTP1B
CHEMBL6845,=,=,nM,9000.0,uM,9.0,PTP1B
CHEMBL267143,=,=,nM,1300.0,uM,1.3,PTP1B
CHEMBL203751,=,=,nM,850.0,uM,0.85,PTP1B
CHEMBL430266,=,=,nM,0.3,nM,0.3,PTP1B
CHEMBL7046,=,=,nM,13000.0,uM,13.0,PTP1B
CHEMBL60311,>,>,nM,360000.0,uM,360.0,PTP1B
CHEMBL292556,=,=,nM,5400.0,uM,5.4,PTP1B
CHEMBL294317,>,>,nM,100000.0,uM,100.0,PTP1B
CHEMBL60072,=,=,nM,29800.0,uM,29.8,PTP1B
CHEMBL440485,=,=,nM,21000.0,uM,21.0,PTP1B
CHEMBL149279,=,=,nM,128300.0,uM,128.3,PTP1B
CHEMBL145496,=,=,nM,46773514.13,,-1.33,PTP1B
CHEMBL145657,=,=,nM,61659500.19,,-1.21,PTP1B
CHEMBL145393,=,=,nM,72443596.01,,-1.14,PTP1B
CHEMBL150349,=,=,nM,167100.0,uM,167.1,PTP1B
CHEMBL61121,=,=,nM,96500.0,uM,96.5,PTP1B
CHEMBL61121,=,=,nM,50000.0,uM,50.0,PTP1B
CHEMBL60297,=,=,nM,17000.0,uM,17.0,PTP1B
CHEMBL61909,=,=,nM,68000.0,uM,68.0,PTP1B
CHEMBL59678,>,>,nM,100000.0,uM,100.0,PTP1B
CHEMBL150420,=,=,nM,135900.0,uM,135.9,PTP1B
CHEMBL144243,=,=,nM,70794578.44,,-1.15,PTP1B
CHEMBL61058,=,=,nM,160000.0,uM,160.0,PTP1B
CHEMBL24213,=,=,nM,48977881.94,,-1.31,PTP1B
CHEMBL24095,=,=,nM,93325430.08,,-1.03,PTP1B
CHEMBL24201,=,=,nM,676082975.39,,-0.17,PTP1B
CHEMBL344564,=,=,nM,691830970.92,,-0.16,PTP1B
CHEMBL150350,=,=,nM,175700.0,uM,175.7,PTP1B
CHEMBL64626,=,=,nM,185000.0,uM,185.0,PTP1B
CHEMBL303581,=,=,nM,11000.0,uM,11.0,PTP1B
CHEMBL294581,>,>,nM,310000.0,uM,310.0,PTP1B
CHEMBL64500,>,>,nM,100000.0,uM,100.0,PTP1B
CHEMBL343636,=,=,nM,48977881.94,,-1.31,PTP1B
CHEMBL59794,=,=,nM,170000.0,uM,170.0,PTP1B
CHEMBL150202,=,=,nM,451400.0,uM,451.4,PTP1B
CHEMBL151300,=,=,nM,386200.0,uM,386.2,PTP1B
CHEMBL151248,=,=,nM,19000.0,uM,19.0,PTP1B
CHEMBL357094,=,=,nM,88700.0,uM,88.7,PTP1B
CHEMBL61058,=,=,nM,215000.0,uM,215.0,PTP1B
CHEMBL62224,=,=,nM,87000.0,uM,87.0,PTP1B
CHEMBL150295,=,=,nM,449900.0,uM,449.9,PTP1B
CHEMBL150915,=,=,nM,77500.0,uM,77.5,PTP1B
CHEMBL73380,=,=,nM,162181009.74,,-0.79,PTP1B
CHEMBL151494,=,=,nM,57900.0,uM,57.9,PTP1B
CHEMBL59929,>,>,nM,100000.0,uM,100.0,PTP1B
CHEMBL57974,,,nM,,uM,,PTP1B
CHEMBL303581,=,=,nM,4400.0,uM,4.4,PTP1B
CHEMBL60857,=,=,nM,718100.0,uM,718.1,PTP1B
CHEMBL146008,=,=,nM,83176377.11,,-1.08,PTP1B
CHEMBL59794,=,=,nM,110000.0,uM,110.0,PTP1B
CHEMBL64045,>,>,nM,290000.0,uM,290.0,PTP1B
CHEMBL64690,=,=,nM,40500.0,uM,40.5,PTP1B
CHEMBL64690,=,=,nM,31000.0,uM,31.0,PTP1B
CHEMBL342960,=,=,nM,60255958.61,,-1.22,PTP1B
CHEMBL146011,=,=,nM,46773514.13,,-1.33,PTP1B
CHEMBL434128,=,=,nM,89125093.81,,-1.05,PTP1B
CHEMBL151848,=,=,nM,778900.0,uM,778.9,PTP1B
CHEMBL344565,=,=,nM,707945784.38,,-0.15,PTP1B
CHEMBL341624,=,=,nM,707945784.38,,-0.15,PTP1B
CHEMBL61864,>,>,nM,320000.0,uM,320.0,PTP1B
CHEMBL431555,=,=,nM,1000.0,uM,1.0,PTP1B
CHEMBL66062,=,=,nM,10000.0,uM,10.0,PTP1B
CHEMBL99776,=,=,nM,24000.0,uM,24.0,PTP1B
CHEMBL99776,>,>,nM,100000.0,uM,100.0,PTP1B
CHEMBL99657,=,=,nM,24000.0,uM,24.0,PTP1B
CHEMBL99657,>,>,nM,100000.0,uM,100.0,PTP1B
CHEMBL99271,=,=,nM,21000.0,uM,21.0,PTP1B
CHEMBL99271,=,=,nM,87000.0,uM,87.0,PTP1B
CHEMBL420456,=,=,nM,2900.0,uM,2.9,PTP1B
CHEMBL420456,=,=,nM,18000.0,uM,18.0,PTP1B
CHEMBL420456,=,=,nM,8000.0,uM,8.0,PTP1B
CHEMBL100031,>,>,nM,100000.0,uM,100.0,PTP1B
CHEMBL100031,>,>,nM,100000.0,uM,100.0,PTP1B
CHEMBL98053,=,=,nM,97000.0,uM,97.0,PTP1B
CHEMBL98053,>,>,nM,100000.0,uM,100.0,PTP1B
CHEMBL96952,=,=,nM,6200.0,uM,6.2,PTP1B
CHEMBL96952,=,=,nM,98000.0,uM,98.0,PTP1B
CHEMBL96952,=,=,nM,8000.0,uM,8.0,PTP1B
CHEMBL95255,=,=,nM,29000.0,uM,29.0,PTP1B
CHEMBL95255,>,>,nM,100000.0,uM,100.0,PTP1B
CHEMBL95255,=,=,nM,12000.0,uM,12.0,PTP1B
CHEMBL95818,=,=,nM,29000.0,uM,29.0,PTP1B
CHEMBL95818,=,=,nM,91000.0,uM,91.0,PTP1B
CHEMBL316683,=,=,nM,4500.0,uM,4.5,PTP1B
CHEMBL316683,=,=,nM,40000.0,uM,40.0,PTP1B
CHEMBL318919,=,=,nM,3500.0,uM,3.5,PTP1B
CHEMBL318919,=,=,nM,33000.0,uM,33.0,PTP1B
CHEMBL323712,=,=,nM,4300.0,uM,4.3,PTP1B
CHEMBL50,=,=,nM,23300.0,uM,23.3,PTP1B
CHEMBL420310,=,=,nM,41500.0,uM,41.5,PTP1B
CHEMBL140954,=,=,nM,4200.0,uM,4.2,PTP1B
CHEMBL344437,=,=,nM,3900.0,uM,3.9,PTP1B
CHEMBL1161221,=,=,nM,26000.0,uM,26.0,PTP1B
CHEMBL1161222,=,=,nM,4400.0,uM,4.4,PTP1B
CHEMBL113833,=,=,nM,21500.0,uM,21.5,PTP1B
CHEMBL115452,=,=,nM,36800.0,uM,36.8,PTP1B
CHEMBL140524,=,=,nM,5300.0,uM,5.3,PTP1B
CHEMBL337604,=,=,nM,1700.0,uM,1.7,PTP1B
CHEMBL47665,=,=,nM,4710.0,uM,4.71,PTP1B
CHEMBL48449,=,=,nM,3600.0,uM,3.6,PTP1B
CHEMBL48076,=,=,nM,2960.0,uM,2.96,PTP1B
CHEMBL48010,=,=,nM,4820.0,uM,4.82,PTP1B
CHEMBL312993,=,=,nM,1400.0,uM,1.4,PTP1B
CHEMBL279936,=,=,nM,1150.0,uM,1.15,PTP1B
CHEMBL25243,=,=,nM,370.0,uM,0.37,PTP1B
CHEMBL24032,=,=,nM,580.0,uM,0.58,PTP1B
CHEMBL3350944,=,=,nM,410.0,uM,0.41,PTP1B
CHEMBL24003,=,=,nM,100.0,uM,0.1,PTP1B
CHEMBL431992,=,=,nM,54700.0,uM,54.7,PTP1B
CHEMBL281687,=,=,nM,1600.0,uM,1.6,PTP1B
CHEMBL23989,=,=,nM,330.0,uM,0.33,PTP1B
CHEMBL25178,=,=,nM,1160.0,uM,1.16,PTP1B
CHEMBL26554,=,=,nM,290.0,uM,0.29,PTP1B
CHEMBL1086226,=,=,nM,38.0,uM,0.038,PTP1B
CHEMBL193134,=,=,nM,400.0,uM,0.4,PTP1B
CHEMBL1084830,=,=,nM,1320.0,uM,1.32,PTP1B
CHEMBL24712,=,=,nM,520.0,uM,0.52,PTP1B
CHEMBL1086228,=,=,nM,230.0,uM,0.23,PTP1B
CHEMBL316175,=,=,nM,8300.0,uM,8.3,PTP1B
CHEMBL313894,=,=,nM,4600.0,uM,4.6,PTP1B
CHEMBL1082297,=,=,nM,53.0,uM,0.053,PTP1B
CHEMBL278092,=,=,nM,29.0,uM,0.029,PTP1B
CHEMBL280388,=,=,nM,650.0,uM,0.65,PTP1B
CHEMBL24201,=,=,nM,1300.0,uM,1.3,PTP1B
CHEMBL25821,=,=,nM,1100.0,uM,1.1,PTP1B
CHEMBL286007,=,=,nM,740.0,uM,0.74,PTP1B
CHEMBL25995,=,=,nM,1080.0,uM,1.08,PTP1B
CHEMBL3350943,=,=,nM,590.0,uM,0.59,PTP1B
CHEMBL3350941,=,=,nM,970.0,uM,0.97,PTP1B
CHEMBL284471,=,=,nM,25.0,uM,0.025,PTP1B
CHEMBL284763,=,=,nM,82.0,uM,0.082,PTP1B
CHEMBL24331,=,=,nM,28.0,uM,0.028,PTP1B
CHEMBL1086499,=,=,nM,170.0,uM,0.17,PTP1B
CHEMBL284765,=,=,nM,52.0,uM,0.052,PTP1B
CHEMBL25395,=,=,nM,100.0,uM,0.1,PTP1B
CHEMBL282708,=,=,nM,320.0,uM,0.32,PTP1B
CHEMBL276983,=,=,nM,75.0,uM,0.075,PTP1B
CHEMBL25368,=,=,nM,28.0,uM,0.028,PTP1B
CHEMBL278094,=,=,nM,178.0,uM,0.178,PTP1B
CHEMBL1086229,=,=,nM,74.0,uM,0.074,PTP1B
CHEMBL25008,=,=,nM,470.0,uM,0.47,PTP1B
CHEMBL282855,=,=,nM,1300.0,uM,1.3,PTP1B
CHEMBL24501,=,=,nM,740.0,uM,0.74,PTP1B
CHEMBL1082299,=,=,nM,290.0,uM,0.29,PTP1B
CHEMBL312922,=,=,nM,1500.0,uM,1.5,PTP1B
CHEMBL314412,=,=,nM,4000.0,uM,4.0,PTP1B
CHEMBL441959,=,=,nM,26.0,uM,0.026,PTP1B
CHEMBL24267,=,=,nM,450.0,uM,0.45,PTP1B
CHEMBL280969,=,=,nM,1400.0,uM,1.4,PTP1B
CHEMBL24566,=,=,nM,32.0,uM,0.032,PTP1B
CHEMBL25558,=,=,nM,270.0,uM,0.27,PTP1B
CHEMBL1083272,=,=,nM,77.0,uM,0.077,PTP1B
CHEMBL190535,=,=,nM,85.0,uM,0.085,PTP1B
CHEMBL26399,=,=,nM,52.0,uM,0.052,PTP1B
CHEMBL282113,=,=,nM,800.0,uM,0.8,PTP1B
CHEMBL1083269,=,=,nM,680.0,uM,0.68,PTP1B
CHEMBL187610,=,=,nM,58.0,uM,0.058,PTP1B
CHEMBL25486,=,=,nM,44.0,uM,0.044,PTP1B
CHEMBL25322,=,=,nM,180.0,uM,0.18,PTP1B
CHEMBL282372,=,=,nM,170.0,uM,0.17,PTP1B
CHEMBL3350942,=,=,nM,350.0,uM,0.35,PTP1B
CHEMBL26103,=,=,nM,25.0,uM,0.025,PTP1B
CHEMBL285307,=,=,nM,30.0,uM,0.03,PTP1B
CHEMBL3350948,=,=,nM,340.0,uM,0.34,PTP1B
CHEMBL3350939,=,=,nM,120.0,uM,0.12,PTP1B
CHEMBL1086230,=,=,nM,55.0,uM,0.055,PTP1B
CHEMBL281301,=,=,nM,1200.0,uM,1.2,PTP1B
CHEMBL287278,=,=,nM,106.0,uM,0.106,PTP1B
CHEMBL282306,=,=,nM,920.0,uM,0.92,PTP1B
CHEMBL1083714,=,=,nM,25.0,uM,0.025,PTP1B
CHEMBL283635,=,=,nM,360.0,uM,0.36,PTP1B
CHEMBL1082448,=,=,nM,130.0,uM,0.13,PTP1B
CHEMBL25189,=,=,nM,23.0,uM,0.023,PTP1B
CHEMBL312923,=,=,nM,700.0,uM,0.7,PTP1B
CHEMBL88015,=,=,nM,44000.0,uM,44.0,PTP1B
CHEMBL24524,=,=,nM,34.0,uM,0.034,PTP1B
CHEMBL1083271,=,=,nM,120.0,uM,0.12,PTP1B
CHEMBL370307,=,=,nM,120.0,uM,0.12,PTP1B
CHEMBL3350945,=,=,nM,1550.0,uM,1.55,PTP1B
CHEMBL24098,=,=,nM,920.0,uM,0.92,PTP1B
CHEMBL25881,=,=,nM,1300.0,uM,1.3,PTP1B
CHEMBL23998,=,=,nM,39.0,uM,0.039,PTP1B
CHEMBL279242,=,=,nM,440.0,uM,0.44,PTP1B
CHEMBL280198,=,=,nM,140.0,uM,0.14,PTP1B
CHEMBL24557,=,=,nM,510.0,uM,0.51,PTP1B
CHEMBL278096,=,=,nM,480.0,uM,0.48,PTP1B
CHEMBL280992,=,=,nM,360.0,uM,0.36,PTP1B
CHEMBL1082298,=,=,nM,52.0,uM,0.052,PTP1B
CHEMBL25584,=,=,nM,170.0,uM,0.17,PTP1B
CHEMBL314664,=,=,nM,3100.0,uM,3.1,PTP1B
CHEMBL284363,=,=,nM,160.0,uM,0.16,PTP1B
CHEMBL3350940,=,=,nM,510.0,uM,0.51,PTP1B
CHEMBL315997,=,=,nM,19400.0,uM,19.4,PTP1B
CHEMBL24680,=,=,nM,380.0,uM,0.38,PTP1B
CHEMBL24900,=,=,nM,354.0,uM,0.354,PTP1B
CHEMBL284664,=,=,nM,700.0,uM,0.7,PTP1B
CHEMBL87203,=,=,nM,58200.0,uM,58.2,PTP1B
CHEMBL416743,=,=,nM,1100.0,uM,1.1,PTP1B
CHEMBL24141,=,=,nM,1190.0,uM,1.19,PTP1B
CHEMBL24068,=,=,nM,2190.0,uM,2.19,PTP1B
CHEMBL1085961,=,=,nM,220.0,uM,0.22,PTP1B
CHEMBL25628,=,=,nM,28.0,uM,0.028,PTP1B
CHEMBL538903,=,=,nM,29.0,uM,0.029,PTP1B
CHEMBL285308,=,=,nM,24.0,uM,0.024,PTP1B
CHEMBL3350938,=,=,nM,77.0,uM,0.077,PTP1B
CHEMBL24606,=,=,nM,1070.0,uM,1.07,PTP1B
CHEMBL83179,=,=,nM,700.0,uM,0.7,PTP1B
CHEMBL313291,=,=,nM,1410.0,uM,1.41,PTP1B
CHEMBL285125,=,=,nM,900.0,uM,0.9,PTP1B
CHEMBL26100,=,=,nM,700.0,uM,0.7,PTP1B
CHEMBL1083270,=,=,nM,110.0,uM,0.11,PTP1B
CHEMBL3350946,=,=,nM,1160.0,uM,1.16,PTP1B
CHEMBL24843,=,=,nM,80.0,uM,0.08,PTP1B
CHEMBL87399,=,=,nM,116000.0,uM,116.0,PTP1B
CHEMBL24607,=,=,nM,47.0,uM,0.047,PTP1B
CHEMBL24096,=,=,nM,1400.0,uM,1.4,PTP1B
CHEMBL3350947,=,=,nM,130.0,uM,0.13,PTP1B
CHEMBL25594,=,=,nM,54.0,uM,0.054,PTP1B
CHEMBL24213,=,=,nM,100.0,uM,0.1,PTP1B
CHEMBL1084870,=,=,nM,54.0,uM,0.054,PTP1B
CHEMBL433141,=,=,nM,800.0,uM,0.8,PTP1B
CHEMBL315765,=,=,nM,72000.0,uM,72.0,PTP1B
CHEMBL24005,=,=,nM,540.0,uM,0.54,PTP1B
CHEMBL365490,=,=,nM,320.0,uM,0.32,PTP1B
CHEMBL366281,=,=,nM,56.0,uM,0.056,PTP1B
CHEMBL1085070,=,=,nM,110.0,uM,0.11,PTP1B
CHEMBL429385,=,=,nM,71.0,uM,0.071,PTP1B
CHEMBL24140,=,=,nM,460.0,uM,0.46,PTP1B
CHEMBL280647,=,=,nM,230.0,uM,0.23,PTP1B
CHEMBL26216,=,=,nM,130.0,uM,0.13,PTP1B
CHEMBL24481,=,=,nM,40.0,uM,0.04,PTP1B
CHEMBL188928,=,=,nM,350.0,uM,0.35,PTP1B
CHEMBL1084871,=,=,nM,95.0,uM,0.095,PTP1B
CHEMBL1086227,=,=,nM,43.0,uM,0.043,PTP1B
CHEMBL151300,=,=,nM,386000.0,uM,386.0,PTP1B
CHEMBL151248,=,=,nM,19000.0,uM,19.0,PTP1B
CHEMBL324473,=,=,nM,12200000.0,mM,12.2,PTP1B
CHEMBL1160953,=,=,nM,15000.0,uM,15.0,PTP1B
CHEMBL57013,=,=,nM,8700.0,uM,8.7,PTP1B
CHEMBL340219,>,>,nM,10000.0,uM,10.0,PTP1B
CHEMBL336095,=,=,nM,8000.0,uM,8.0,PTP1B
CHEMBL132324,>,>,nM,10000.0,uM,10.0,PTP1B
CHEMBL326425,=,=,nM,11.0,nM,11.0,PTP1B
CHEMBL339439,>,>,nM,100000.0,uM,100.0,PTP1B
CHEMBL448099,>,>,nM,10000.0,uM,10.0,PTP1B
CHEMBL337173,>,>,nM,100000.0,uM,100.0,PTP1B
CHEMBL128320,>,>,nM,10000.0,uM,10.0,PTP1B
CHEMBL128830,>,>,nM,10000.0,uM,10.0,PTP1B
CHEMBL290496,=,=,nM,61.0,nM,61.0,PTP1B
CHEMBL337520,>,>,nM,10000.0,uM,10.0,PTP1B
CHEMBL335110,>,>,nM,10000.0,uM,10.0,PTP1B
CHEMBL310185,>,>,nM,10000.0,uM,10.0,PTP1B
CHEMBL131657,>,>,nM,10000.0,uM,10.0,PTP1B
CHEMBL324232,=,=,nM,83.0,nM,83.0,PTP1B
CHEMBL324232,=,=,nM,80.0,uM,0.08,PTP1B
CHEMBL334812,>,>,nM,10000.0,uM,10.0,PTP1B
CHEMBL109290,=,=,nM,384.0,nM,384.0,PTP1B
CHEMBL340653,=,=,nM,9800.0,uM,9.8,PTP1B
CHEMBL108721,=,=,nM,386.0,nM,386.0,PTP1B
CHEMBL108721,=,=,nM,390.0,uM,0.39,PTP1B
CHEMBL128764,>,>,nM,10000.0,uM,10.0,PTP1B
CHEMBL131141,>,>,nM,100000.0,uM,100.0,PTP1B
CHEMBL132160,>,>,nM,10000.0,uM,10.0,PTP1B
CHEMBL322061,=,=,nM,145.0,nM,145.0,PTP1B
CHEMBL435179,=,=,nM,3300000.0,uM,3300.0,PTP1B
CHEMBL58565,=,=,nM,5700000.0,uM,5700.0,PTP1B
CHEMBL57978,=,=,nM,27000.0,uM,27.0,PTP1B
CHEMBL301643,=,=,nM,1700000.0,uM,1700.0,PTP1B
CHEMBL291493,=,=,nM,320000.0,uM,320.0,PTP1B
CHEMBL950,=,=,nM,2700000.0,uM,2700.0,PTP1B
CHEMBL58860,=,=,nM,2300000.0,uM,2300.0,PTP1B
CHEMBL59106,=,=,nM,790000.0,uM,790.0,PTP1B
CHEMBL61148,=,=,nM,190000.0,uM,190.0,PTP1B
CHEMBL948,=,=,nM,3500000.0,uM,3500.0,PTP1B
CHEMBL57285,=,=,nM,390000.0,uM,390.0,PTP1B
CHEMBL60864,=,=,nM,2700000.0,uM,2700.0,PTP1B
CHEMBL56976,=,=,nM,150000.0,uM,150.0,PTP1B
CHEMBL300586,=,=,nM,1500000.0,uM,1500.0,PTP1B
CHEMBL294445,=,=,nM,950000.0,uM,950.0,PTP1B
CHEMBL59596,=,=,nM,640000.0,uM,640.0,PTP1B
CHEMBL58910,=,=,nM,4900000.0,uM,4900.0,PTP1B
CHEMBL292411,=,=,nM,5500000.0,uM,5500.0,PTP1B
CHEMBL368082,=,=,nM,460000.0,uM,460.0,PTP1B
CHEMBL175336,=,=,nM,40000.0,uM,40.0,PTP1B
CHEMBL425511,=,=,nM,9700.0,uM,9.7,PTP1B
CHEMBL1366408,=,=,nM,26000.0,uM,26.0,PTP1B
CHEMBL8725,=,=,nM,190.0,uM,0.19,PTP1B
CHEMBL8725,=,=,nM,1000.0,uM,1.0,PTP1B
CHEMBL267981,=,=,nM,940.0,uM,0.94,PTP1B
CHEMBL267981,=,=,nM,7200.0,uM,7.2,PTP1B
CHEMBL9047,=,=,nM,16000.0,uM,16.0,PTP1B
CHEMBL263348,=,=,nM,90.0,uM,0.09,PTP1B
CHEMBL263348,=,=,nM,1700.0,uM,1.7,PTP1B
CHEMBL276376,=,=,nM,160.0,uM,0.16,PTP1B
CHEMBL276376,=,=,nM,1300.0,uM,1.3,PTP1B
CHEMBL174821,=,=,nM,33000.0,uM,33.0,PTP1B
CHEMBL267954,=,=,nM,60.0,uM,0.06,PTP1B
CHEMBL267954,=,=,nM,540.0,uM,0.54,PTP1B
CHEMBL1200712,=,=,nM,1300.0,uM,1.3,PTP1B
CHEMBL9087,=,=,nM,190.0,uM,0.19,PTP1B
CHEMBL9087,=,=,nM,2000.0,uM,2.0,PTP1B
CHEMBL9470,=,=,nM,25000.0,uM,25.0,PTP1B
CHEMBL8758,=,=,nM,120.0,uM,0.12,PTP1B
CHEMBL8758,=,=,nM,1220.0,uM,1.22,PTP1B
CHEMBL8767,=,=,nM,110.0,uM,0.11,PTP1B
CHEMBL8767,=,=,nM,1650.0,uM,1.65,PTP1B
CHEMBL1640,=,=,nM,3900.0,uM,3.9,PTP1B
CHEMBL177880,=,=,nM,310000.0,uM,310.0,PTP1B
CHEMBL175241,=,=,nM,5200.0,uM,5.2,PTP1B
CHEMBL9046,=,=,nM,40.0,uM,0.04,PTP1B
CHEMBL9046,=,=,nM,1900.0,uM,1.9,PTP1B
CHEMBL266056,=,=,nM,60.0,uM,0.06,PTP1B
CHEMBL266056,=,=,nM,580.0,uM,0.58,PTP1B
CHEMBL8660,=,=,nM,800.0,uM,0.8,PTP1B
CHEMBL8660,=,=,nM,6630.0,uM,6.63,PTP1B
CHEMBL9070,=,=,nM,390.0,uM,0.39,PTP1B
CHEMBL9070,=,=,nM,3800.0,uM,3.8,PTP1B
CHEMBL176350,=,=,nM,210000.0,uM,210.0,PTP1B
CHEMBL267022,=,=,nM,2000.0,uM,2.0,PTP1B
CHEMBL267022,=,=,nM,16000.0,uM,16.0,PTP1B
CHEMBL428651,=,=,nM,360.0,uM,0.36,PTP1B
CHEMBL428651,=,=,nM,2400.0,uM,2.4,PTP1B
CHEMBL3144822,=,=,nM,150000.0,uM,150.0,PTP1B
CHEMBL1057,=,=,nM,600000.0,uM,600.0,PTP1B
CHEMBL266056,=,=,nM,190.0,uM,0.19,PTP1B
CHEMBL266056,=,=,nM,1500.0,uM,1.5,PTP1B
CHEMBL110762,=,=,nM,59000.0,uM,59.0,PTP1B
CHEMBL110432,=,=,nM,49000.0,uM,49.0,PTP1B
CHEMBL71709,=,=,nM,34400.0,uM,34.4,PTP1B
CHEMBL309082,=,=,nM,35000.0,uM,35.0,PTP1B
CHEMBL108584,>,>,nM,100000.0,uM,100.0,PTP1B
CHEMBL302323,=,=,nM,4100.0,uM,4.1,PTP1B
CHEMBL107206,>,>,nM,100000.0,uM,100.0,PTP1B
CHEMBL320558,>,>,nM,100000.0,uM,100.0,PTP1B
CHEMBL107355,>,>,nM,100000.0,uM,100.0,PTP1B
CHEMBL106077,>,>,nM,100000.0,uM,100.0,PTP1B
CHEMBL321179,>,>,nM,100000.0,uM,100.0,PTP1B
CHEMBL320953,>,>,nM,100000.0,uM,100.0,PTP1B
CHEMBL110922,=,=,nM,20000.0,uM,20.0,PTP1B
CHEMBL108328,>,>,nM,100000.0,uM,100.0,PTP1B
CHEMBL1160372,=,=,nM,21600.0,uM,21.6,PTP1B
CHEMBL321599,=,=,nM,98000.0,uM,98.0,PTP1B
CHEMBL108690,=,=,nM,90000.0,uM,90.0,PTP1B
CHEMBL1160381,=,=,nM,19300.0,uM,19.3,PTP1B
CHEMBL304307,=,=,nM,63900.0,uM,63.9,PTP1B
CHEMBL322750,>,>,nM,100000.0,uM,100.0,PTP1B
CHEMBL108689,=,=,nM,83000.0,uM,83.0,PTP1B
CHEMBL421227,=,=,nM,24000.0,uM,24.0,PTP1B
CHEMBL1160384,=,=,nM,9000.0,uM,9.0,PTP1B
CHEMBL325564,=,=,nM,35000.0,uM,35.0,PTP1B
CHEMBL108779,>,>,nM,100000.0,uM,100.0,PTP1B
CHEMBL319845,=,=,nM,51000.0,uM,51.0,PTP1B
CHEMBL105999,=,=,nM,29000.0,uM,29.0,PTP1B
CHEMBL323995,>,>,nM,100000.0,uM,100.0,PTP1B
CHEMBL106194,=,=,nM,58000.0,uM,58.0,PTP1B
CHEMBL109118,=,=,nM,58000.0,uM,58.0,PTP1B
CHEMBL107245,>,>,nM,100000.0,uM,100.0,PTP1B
CHEMBL105872,=,=,nM,45000.0,uM,45.0,PTP1B
CHEMBL106479,=,=,nM,85000.0,uM,85.0,PTP1B
CHEMBL325309,=,=,nM,32000.0,uM,32.0,PTP1B
CHEMBL419196,>,>,nM,100000.0,uM,100.0,PTP1B
CHEMBL420925,=,=,nM,21500.0,uM,21.5,PTP1B
CHEMBL110838,=,=,nM,36000.0,uM,36.0,PTP1B
CHEMBL108880,>,>,nM,100000.0,uM,100.0,PTP1B
CHEMBL72757,=,=,nM,12000.0,uM,12.0,PTP1B
CHEMBL432801,=,=,nM,20000.0,uM,20.0,PTP1B
CHEMBL110566,=,=,nM,38000.0,uM,38.0,PTP1B
CHEMBL108128,=,=,nM,10000.0,uM,10.0,PTP1B
CHEMBL1160380,=,=,nM,4400.0,uM,4.4,PTP1B
CHEMBL443007,=,=,nM,8600.0,uM,8.6,PTP1B
CHEMBL324669,=,=,nM,77000.0,uM,77.0,PTP1B
CHEMBL320586,=,=,nM,58000.0,uM,58.0,PTP1B
CHEMBL435710,=,=,nM,650000.0,uM,650.0,PTP1B
CHEMBL170404,=,=,nM,4600000.0,uM,4600.0,PTP1B
CHEMBL277442,=,=,nM,3200.0,uM,3.2,PTP1B
CHEMBL436058,=,=,nM,5300000.0,uM,5300.0,PTP1B
CHEMBL369427,=,=,nM,2500000.0,uM,2500.0,PTP1B
CHEMBL169826,=,=,nM,13000000.0,uM,13000.0,PTP1B
CHEMBL174312,=,=,nM,1200000.0,uM,1200.0,PTP1B
CHEMBL8284,=,=,nM,10000.0,uM,10.0,PTP1B
CHEMBL172401,=,=,nM,1500000.0,uM,1500.0,PTP1B
CHEMBL354707,=,=,nM,19000.0,uM,19.0,PTP1B
CHEMBL171184,=,=,nM,4400000.0,uM,4400.0,PTP1B
CHEMBL170958,=,=,nM,800000.0,uM,800.0,PTP1B
CHEMBL168475,=,=,nM,430000.0,uM,430.0,PTP1B
CHEMBL428184,=,=,nM,1000.0,uM,1.0,PTP1B
CHEMBL353246,=,=,nM,3700000.0,uM,3700.0,PTP1B
CHEMBL267048,=,=,nM,12.0,uM,0.012,PTP1B
CHEMBL267048,=,=,nM,120.0,uM,0.12,PTP1B
CHEMBL109646,=,=,nM,175000.0,uM,175.0,PTP1B
CHEMBL109531,=,=,nM,115000.0,uM,115.0,PTP1B
CHEMBL267245,=,=,nM,240.0,uM,0.24,PTP1B
CHEMBL267245,=,=,nM,1700.0,uM,1.7,PTP1B
CHEMBL9363,=,=,nM,8040.0,uM,8.04,PTP1B
CHEMBL109978,=,=,nM,250000.0,uM,250.0,PTP1B
CHEMBL276647,=,=,nM,16.0,uM,0.016,PTP1B
CHEMBL276647,=,=,nM,120.0,uM,0.12,PTP1B
CHEMBL276648,=,=,nM,74.0,uM,0.074,PTP1B
CHEMBL276648,=,=,nM,370.0,uM,0.37,PTP1B
CHEMBL273474,=,=,nM,20.0,uM,0.02,PTP1B
CHEMBL273474,=,=,nM,62.0,uM,0.062,PTP1B
CHEMBL416145,=,=,nM,49.0,uM,0.049,PTP1B
CHEMBL416145,=,=,nM,460.0,uM,0.46,PTP1B
CHEMBL324684,=,=,nM,320000.0,uM,320.0,PTP1B
CHEMBL8662,=,=,nM,18.0,uM,0.018,PTP1B
CHEMBL8662,=,=,nM,88.0,uM,0.088,PTP1B
CHEMBL274435,=,=,nM,16.0,uM,0.016,PTP1B
CHEMBL274435,=,=,nM,120.0,uM,0.12,PTP1B
CHEMBL323976,=,=,nM,35000.0,uM,35.0,PTP1B
CHEMBL9374,=,=,nM,98.0,uM,0.098,PTP1B
CHEMBL9374,=,=,nM,4070.0,uM,4.07,PTP1B
CHEMBL418703,=,=,nM,32.0,uM,0.032,PTP1B
CHEMBL418703,=,=,nM,1200.0,uM,1.2,PTP1B
CHEMBL266753,=,=,nM,280.0,uM,0.28,PTP1B
CHEMBL266753,=,=,nM,5340.0,uM,5.34,PTP1B
CHEMBL324226,=,=,nM,230000.0,uM,230.0,PTP1B
CHEMBL267488,=,=,nM,5.0,uM,0.005,PTP1B
CHEMBL267488,=,=,nM,160.0,uM,0.16,PTP1B
CHEMBL9339,=,=,nM,89.0,uM,0.089,PTP1B
CHEMBL9339,=,=,nM,1600.0,uM,1.6,PTP1B
CHEMBL266753,=,=,nM,5.0,uM,0.005,PTP1B
CHEMBL266753,=,=,nM,58.0,uM,0.058,PTP1B
CHEMBL110361,=,=,nM,640000.0,uM,640.0,PTP1B
CHEMBL114030,=,=,nM,435000.0,uM,435.0,PTP1B
CHEMBL109381,=,=,nM,15000.0,uM,15.0,PTP1B
CHEMBL9321,=,=,nM,46.0,uM,0.046,PTP1B
CHEMBL9321,=,=,nM,650.0,uM,0.65,PTP1B
CHEMBL266753,=,=,nM,7.0,uM,0.007,PTP1B
CHEMBL266753,=,=,nM,100.0,uM,0.1,PTP1B
CHEMBL268903,=,=,nM,11.0,uM,0.011,PTP1B
CHEMBL268903,=,=,nM,84.0,uM,0.084,PTP1B
CHEMBL9252,=,=,nM,69.0,uM,0.069,PTP1B
CHEMBL9252,=,=,nM,930.0,uM,0.93,PTP1B
CHEMBL266753,=,=,nM,200.0,uM,0.2,PTP1B
CHEMBL266753,=,=,nM,1790.0,uM,1.79,PTP1B
CHEMBL268526,=,=,nM,12.0,uM,0.012,PTP1B
CHEMBL268526,=,=,nM,220.0,uM,0.22,PTP1B
CHEMBL269166,=,=,nM,3.0,uM,0.003,PTP1B
CHEMBL269166,=,=,nM,240.0,uM,0.24,PTP1B
CHEMBL267759,=,=,nM,38.0,uM,0.038,PTP1B
CHEMBL267759,=,=,nM,1600.0,uM,1.6,PTP1B
CHEMBL9473,=,=,nM,19.0,uM,0.019,PTP1B
CHEMBL9473,=,=,nM,190.0,uM,0.19,PTP1B
CHEMBL109530,=,=,nM,195000.0,uM,195.0,PTP1B
CHEMBL102015,=,=,nM,24000.0,uM,24.0,PTP1B
CHEMBL103709,=,=,nM,25000.0,uM,25.0,PTP1B
CHEMBL103942,=,=,nM,30000.0,uM,30.0,PTP1B
CHEMBL323571,=,=,nM,350.0,uM,0.35,PTP1B
CHEMBL322377,=,=,nM,20000.0,uM,20.0,PTP1B
CHEMBL129681,=,=,nM,2700.0,uM,2.7,PTP1B
CHEMBL322160,=,=,nM,46000.0,uM,46.0,PTP1B
CHEMBL338073,=,=,nM,13000.0,uM,13.0,PTP1B
CHEMBL320852,=,=,nM,41000.0,uM,41.0,PTP1B
CHEMBL341233,=,=,nM,19000.0,uM,19.0,PTP1B
CHEMBL327972,=,=,nM,18000.0,uM,18.0,PTP1B
CHEMBL128936,=,=,nM,53000.0,uM,53.0,PTP1B
CHEMBL129918,=,=,nM,250000.0,uM,250.0,PTP1B
CHEMBL101427,=,=,nM,19000.0,uM,19.0,PTP1B
CHEMBL366281,=,=,nM,56234132.52,,-1.25,PTP1B
CHEMBL363338,=,=,nM,3800.0,uM,3.8,PTP1B
CHEMBL189467,=,=,nM,13000.0,uM,13.0,PTP1B
CHEMBL366339,=,=,nM,23000.0,uM,23.0,PTP1B
CHEMBL366342,=,=,nM,12000.0,uM,12.0,PTP1B
CHEMBL366343,=,=,nM,24000.0,uM,24.0,PTP1B
CHEMBL415772,=,=,nM,6400.0,uM,6.4,PTP1B
CHEMBL187343,=,=,nM,4300.0,uM,4.3,PTP1B
CHEMBL191206,>,>,nM,100000.0,uM,100.0,PTP1B
CHEMBL190373,>,>,nM,100000.0,uM,100.0,PTP1B
CHEMBL365312,>,>,nM,100000.0,uM,100.0,PTP1B
CHEMBL361611,>,>,nM,100000.0,uM,100.0,PTP1B
CHEMBL361084,=,=,nM,2900.0,uM,2.9,PTP1B
CHEMBL363977,=,=,nM,4300.0,uM,4.3,PTP1B
CHEMBL365660,=,=,nM,4600.0,uM,4.6,PTP1B
CHEMBL364349,=,=,nM,2800.0,uM,2.8,PTP1B
CHEMBL363232,=,=,nM,3100.0,uM,3.1,PTP1B
CHEMBL279242,=,=,nM,436515832.24,,-0.36,PTP1B
CHEMBL188928,=,=,nM,346736850.45,,-0.46,PTP1B
CHEMBL279936,=,=,nM,870963589.96,,-0.06,PTP1B
CHEMBL24213,=,=,nM,100000000.0,,-1.0,PTP1B
CHEMBL278092,=,=,nM,28840315.03,,-1.54,PTP1B
CHEMBL284471,=,=,nM,25118864.32,,-1.6,PTP1B
CHEMBL24843,=,=,nM,79432823.47,,-1.1,PTP1B
CHEMBL280647,=,=,nM,229086765.28,,-0.64,PTP1B
CHEMBL280969,=,=,nM,707945784.38,,-0.15,PTP1B
CHEMBL24141,=,=,nM,851138038.2,,-0.07,PTP1B
CHEMBL286007,=,=,nM,741310241.3,,-0.13,PTP1B
CHEMBL24005,=,=,nM,537031796.37,,-0.27,PTP1B
CHEMBL24068,=,=,nM,457088189.61,,-0.34,PTP1B
CHEMBL25821,=,=,nM,912010839.36,,-0.04,PTP1B
CHEMBL278096,=,=,nM,478630092.32,,-0.32,PTP1B
CHEMBL23989,=,=,nM,331131121.48,,-0.48,PTP1B
CHEMBL441959,=,=,nM,27542287.03,,-1.56,PTP1B
CHEMBL287278,=,=,nM,104712854.81,,-0.98,PTP1B
CHEMBL276983,=,=,nM,75857757.5,,-1.12,PTP1B
CHEMBL24524,=,=,nM,38904514.5,,-1.41,PTP1B
CHEMBL24032,=,=,nM,588843655.36,,-0.23,PTP1B
CHEMBL25558,=,=,nM,275422870.33,,-0.56,PTP1B
CHEMBL365490,=,=,nM,323593656.93,,-0.49,PTP1B
CHEMBL193134,=,=,nM,407380277.8,,-0.39,PTP1B
CHEMBL370307,=,=,nM,120226443.46,,-0.92,PTP1B
CHEMBL190535,=,=,nM,85113803.82,,-1.07,PTP1B
CHEMBL187610,=,=,nM,58884365.54,,-1.23,PTP1B
CHEMBL361083,=,=,nM,52480746.02,,-1.28,PTP1B
CHEMBL25628,=,=,nM,28183829.31,,-1.55,PTP1B
CHEMBL370470,=,=,nM,38018939.63,,-1.42,PTP1B
CHEMBL187599,=,=,nM,52480746.02,,-1.28,PTP1B
CHEMBL284763,=,=,nM,83176377.11,,-1.08,PTP1B
CHEMBL26216,=,=,nM,131825673.86,,-0.88,PTP1B
CHEMBL372492,=,=,nM,776247116.63,,-0.11,PTP1B
CHEMBL435100,=,=,nM,912010839.36,,-0.04,PTP1B
CHEMBL538903,=,=,nM,39810717.06,,-1.4,PTP1B
CHEMBL24331,=,=,nM,28183829.31,,-1.55,PTP1B
CHEMBL285308,=,=,nM,23988329.19,,-1.62,PTP1B
CHEMBL285307,=,=,nM,30199517.2,,-1.52,PTP1B
CHEMBL24099,=,=,nM,165958690.74,,-0.78,PTP1B
CHEMBL26111,=,=,nM,19952623.15,,-1.7,PTP1B
CHEMBL24451,=,=,nM,31622776.6,,-1.5,PTP1B
CHEMBL24095,=,=,nM,275422870.33,,-0.56,PTP1B
CHEMBL25720,=,=,nM,288403150.31,,-0.54,PTP1B
CHEMBL282074,=,=,nM,407380277.8,,-0.39,PTP1B
CHEMBL190893,=,=,nM,602559586.07,,-0.22,PTP1B
CHEMBL191477,=,=,nM,588843655.36,,-0.23,PTP1B
CHEMBL187946,=,=,nM,436515832.24,,-0.36,PTP1B
CHEMBL190476,=,=,nM,213796208.95,,-0.67,PTP1B
CHEMBL280667,=,=,nM,275422870.33,,-0.56,PTP1B
CHEMBL282480,=,=,nM,478630092.32,,-0.32,PTP1B
CHEMBL370026,=,=,nM,831763771.1,,-0.08,PTP1B
CHEMBL280138,=,=,nM,3981071.71,,-2.4,PTP1B
CHEMBL277402,=,=,nM,12589254.12,,-1.9,PTP1B
CHEMBL280863,=,=,nM,10000000.0,,-2.0,PTP1B
CHEMBL276985,=,=,nM,63095734.45,,-1.2,PTP1B
CHEMBL25079,=,=,nM,3162277.66,,-2.5,PTP1B
CHEMBL24204,=,=,nM,190546071.8,,-0.72,PTP1B
CHEMBL190801,=,=,nM,1608000.0,uM,1608.0,PTP1B
CHEMBL190970,=,=,nM,203000.0,uM,203.0,PTP1B
CHEMBL190833,=,=,nM,138000.0,uM,138.0,PTP1B
CHEMBL193233,=,=,nM,2470.0,uM,2.47,PTP1B
CHEMBL191219,=,=,nM,132000.0,uM,132.0,PTP1B
CHEMBL193691,=,=,nM,3000.0,nM,3000.0,PTP1B
CHEMBL373105,=,=,nM,16000.0,nM,16000.0,PTP1B
CHEMBL382311,=,=,nM,190.0,nM,190.0,PTP1B
CHEMBL382311,>,>,nM,100000.0,nM,100000.0,PTP1B
CHEMBL196526,=,=,nM,1750.0,nM,1750.0,PTP1B
CHEMBL199159,=,=,nM,12000.0,uM,12.0,PTP1B
CHEMBL199124,=,=,nM,7000.0,uM,7.0,PTP1B
CHEMBL199263,=,=,nM,4200.0,uM,4.2,PTP1B
CHEMBL372973,=,=,nM,600.0,uM,0.6,PTP1B
CHEMBL362917,=,=,nM,3000.0,uM,3.0,PTP1B
CHEMBL370304,=,=,nM,3000.0,uM,3.0,PTP1B
CHEMBL197884,=,=,nM,4000.0,uM,4.0,PTP1B
CHEMBL198496,=,=,nM,1000.0,uM,1.0,PTP1B
CHEMBL383777,=,=,nM,4000.0,uM,4.0,PTP1B
CHEMBL197910,=,=,nM,5000.0,uM,5.0,PTP1B
CHEMBL196694,=,=,nM,4000.0,uM,4.0,PTP1B
CHEMBL370225,=,=,nM,1900.0,uM,1.9,PTP1B
CHEMBL198977,=,=,nM,2900.0,uM,2.9,PTP1B
CHEMBL196850,=,=,nM,1600.0,uM,1.6,PTP1B
CHEMBL197932,=,=,nM,770.0,uM,0.77,PTP1B
CHEMBL198220,=,=,nM,630.0,uM,0.63,PTP1B
CHEMBL197720,=,=,nM,1100.0,uM,1.1,PTP1B
CHEMBL198012,=,=,nM,600.0,uM,0.6,PTP1B
CHEMBL197929,=,=,nM,1000.0,uM,1.0,PTP1B
CHEMBL196268,=,=,nM,180.0,uM,0.18,PTP1B
CHEMBL198882,=,=,nM,74.0,uM,0.074,PTP1B
CHEMBL197681,=,=,nM,220.0,uM,0.22,PTP1B
CHEMBL197590,=,=,nM,9000.0,uM,9.0,PTP1B
CHEMBL371083,=,=,nM,6800.0,uM,6.8,PTP1B
CHEMBL369943,=,=,nM,210.0,uM,0.21,PTP1B
CHEMBL371929,=,=,nM,35.0,uM,0.035,PTP1B
CHEMBL198939,=,=,nM,60.0,uM,0.06,PTP1B
CHEMBL198940,=,=,nM,28.0,uM,0.028,PTP1B
CHEMBL383163,=,=,nM,1100.0,uM,1.1,PTP1B
CHEMBL372592,=,=,nM,31.0,uM,0.031,PTP1B
CHEMBL199133,=,=,nM,67500.0,uM,67.5,PTP1B
CHEMBL370658,=,=,nM,13700.0,uM,13.7,PTP1B
CHEMBL424840,=,=,nM,6900.0,uM,6.9,PTP1B
CHEMBL197827,=,=,nM,2300.0,uM,2.3,PTP1B
CHEMBL371922,>,>,nM,100000.0,uM,100.0,PTP1B
CHEMBL200475,=,=,nM,80600.0,uM,80.6,PTP1B
CHEMBL372159,=,=,nM,85100.0,uM,85.1,PTP1B
CHEMBL200830,>,>,nM,100000.0,uM,100.0,PTP1B
CHEMBL200386,>,>,nM,100000.0,uM,100.0,PTP1B
CHEMBL381633,>,>,nM,100000.0,uM,100.0,PTP1B
CHEMBL427374,>,>,nM,100000.0,uM,100.0,PTP1B
CHEMBL201909,=,=,nM,3400.0,uM,3.4,PTP1B
CHEMBL202219,=,=,nM,8190.0,uM,8.19,PTP1B
CHEMBL202197,=,=,nM,2160.0,uM,2.16,PTP1B
CHEMBL370140,=,=,nM,5480.0,uM,5.48,PTP1B
CHEMBL201161,=,=,nM,1640.0,uM,1.64,PTP1B
CHEMBL199479,=,=,nM,7820.0,uM,7.82,PTP1B
CHEMBL201662,=,=,nM,800.0,uM,0.8,PTP1B
CHEMBL200117,=,=,nM,140.0,uM,0.14,PTP1B
CHEMBL371322,=,=,nM,1960.0,uM,1.96,PTP1B
CHEMBL202573,=,=,nM,7550.0,uM,7.55,PTP1B
CHEMBL371026,=,=,nM,270.0,uM,0.27,PTP1B
CHEMBL370584,=,=,nM,5630.0,uM,5.63,PTP1B
CHEMBL204813,=,=,nM,2600.0,uM,2.6,PTP1B
CHEMBL426373,=,=,nM,4500.0,uM,4.5,PTP1B
CHEMBL561971,>,>,nM,80000.0,uM,80.0,PTP1B
CHEMBL205924,>,>,nM,80000.0,uM,80.0,PTP1B
CHEMBL377937,=,=,nM,16900.0,uM,16.9,PTP1B
CHEMBL378806,=,=,nM,4900.0,uM,4.9,PTP1B
CHEMBL382338,=,=,nM,1600.0,uM,1.6,PTP1B
CHEMBL377282,>,>,nM,500000.0,uM,500.0,PTP1B
CHEMBL382601,=,=,nM,24900.0,uM,24.9,PTP1B
CHEMBL380878,=,=,nM,36700.0,uM,36.7,PTP1B
CHEMBL383033,=,=,nM,37000.0,uM,37.0,PTP1B
CHEMBL381918,=,=,nM,64400.0,uM,64.4,PTP1B
CHEMBL379696,=,=,nM,83600.0,uM,83.6,PTP1B
CHEMBL381809,=,=,nM,95300.0,uM,95.3,PTP1B
CHEMBL382885,=,=,nM,134800.0,uM,134.8,PTP1B
CHEMBL206276,=,=,nM,148000.0,uM,148.0,PTP1B
CHEMBL202640,=,=,nM,153500.0,uM,153.5,PTP1B
CHEMBL205565,=,=,nM,164000.0,uM,164.0,PTP1B
CHEMBL203882,=,=,nM,271200.0,uM,271.2,PTP1B
CHEMBL427021,=,=,nM,285700.0,uM,285.7,PTP1B
CHEMBL206462,=,=,nM,8230.0,uM,8.23,PTP1B
CHEMBL206245,=,=,nM,16700.0,uM,16.7,PTP1B
CHEMBL382834,=,=,nM,19000.0,uM,19.0,PTP1B
CHEMBL202687,=,=,nM,51400.0,uM,51.4,PTP1B
CHEMBL205879,=,=,nM,120200.0,uM,120.2,PTP1B
CHEMBL202890,>,>,nM,500000.0,uM,500.0,PTP1B
CHEMBL204337,=,=,nM,4800.0,uM,4.8,PTP1B
CHEMBL204214,=,=,nM,82100.0,uM,82.1,PTP1B
CHEMBL382583,=,=,nM,93400.0,uM,93.4,PTP1B
CHEMBL206159,=,=,nM,101100.0,uM,101.1,PTP1B
CHEMBL206350,=,=,nM,146000.0,uM,146.0,PTP1B
CHEMBL381701,=,=,nM,183700.0,uM,183.7,PTP1B
CHEMBL205411,=,=,nM,198000.0,uM,198.0,PTP1B
CHEMBL206489,=,=,nM,224800.0,uM,224.8,PTP1B
CHEMBL438069,=,=,nM,242000.0,uM,242.0,PTP1B
CHEMBL205997,=,=,nM,2500.0,uM,2.5,PTP1B
CHEMBL206655,=,=,nM,33500.0,uM,33.5,PTP1B
CHEMBL206656,=,=,nM,26000.0,uM,26.0,PTP1B
CHEMBL204336,=,=,nM,39600.0,uM,39.6,PTP1B
CHEMBL203517,=,=,nM,42500.0,uM,42.5,PTP1B
CHEMBL45830,,,,,,,PTP1B
CHEMBL44166,,,,,,,PTP1B
CHEMBL207833,,,,,,,PTP1B
CHEMBL380145,=,=,nM,4110.0,uM,4.11,PTP1B
CHEMBL207734,,,,,,,PTP1B
CHEMBL202671,,,,,,,PTP1B
CHEMBL204456,=,=,nM,19590.0,uM,19.59,PTP1B
CHEMBL205038,,,,,,,PTP1B
CHEMBL204454,=,=,nM,19080.0,uM,19.08,PTP1B
CHEMBL204940,,,,,,,PTP1B
CHEMBL204939,,,,,,,PTP1B
CHEMBL381551,=,=,nM,27160.0,uM,27.16,PTP1B
CHEMBL205954,=,=,nM,7630.0,uM,7.63,PTP1B
CHEMBL208488,=,=,nM,9050.0,uM,9.05,PTP1B
CHEMBL383509,=,=,nM,7220.0,uM,7.22,PTP1B
CHEMBL206827,=,=,nM,4550.0,uM,4.55,PTP1B
CHEMBL203296,=,=,nM,7570.0,uM,7.57,PTP1B
CHEMBL206693,=,=,nM,7190.0,uM,7.19,PTP1B
CHEMBL205381,=,=,nM,13660.0,uM,13.66,PTP1B
CHEMBL205625,=,=,nM,10400.0,uM,10.4,PTP1B
CHEMBL208485,=,=,nM,227000.0,uM,227.0,PTP1B
CHEMBL377439,=,=,nM,81000.0,uM,81.0,PTP1B
CHEMBL202917,=,=,nM,76000.0,uM,76.0,PTP1B
CHEMBL205730,=,=,nM,199000.0,uM,199.0,PTP1B
CHEMBL208486,=,=,nM,150000.0,uM,150.0,PTP1B
CHEMBL377236,=,=,nM,3770.0,uM,3.77,PTP1B
CHEMBL115590,>,>,nM,30000.0,uM,30.0,PTP1B
CHEMBL2374012,>,>,nM,30000.0,uM,30.0,PTP1B
CHEMBL2373418,=,=,nM,7100.0,uM,7.1,PTP1B
CHEMBL2374013,>,>,nM,30000.0,uM,30.0,PTP1B
CHEMBL489140,=,=,nM,20200.0,uM,20.2,PTP1B
CHEMBL207043,>,>,nM,30000.0,uM,30.0,PTP1B
CHEMBL207041,>,>,nM,30000.0,uM,30.0,PTP1B
CHEMBL152325,=,=,nM,23500.0,uM,23.5,PTP1B
CHEMBL426373,=,=,nM,4.5,nM,4.5,PTP1B
CHEMBL1081157,=,=,nM,6800.0,uM,6.8,PTP1B
CHEMBL426373,=,=,nM,4500.0,uM,4.5,PTP1B
CHEMBL378653,=,=,nM,15600.0,uM,15.6,PTP1B
CHEMBL208873,=,=,nM,13800.0,uM,13.8,PTP1B
CHEMBL441687,>,>,nM,100000.0,uM,100.0,PTP1B
CHEMBL381707,=,=,nM,14200.0,uM,14.2,PTP1B
CHEMBL168,=,=,nM,3900.0,uM,3.9,PTP1B
CHEMBL377760,=,=,nM,12800.0,uM,12.8,PTP1B
CHEMBL207657,=,=,nM,11700.0,uM,11.7,PTP1B
CHEMBL380467,=,=,nM,4900.0,uM,4.9,PTP1B
CHEMBL207494,=,=,nM,16000.0,uM,16.0,PTP1B
CHEMBL208639,=,=,nM,8500.0,uM,8.5,PTP1B
CHEMBL210970,=,=,nM,5200.0,uM,5.2,PTP1B
CHEMBL209885,,,,,,,PTP1B
CHEMBL210896,,,,,,,PTP1B
CHEMBL377441,=,=,nM,76.0,nM,76.0,PTP1B
CHEMBL211352,=,=,nM,18.0,nM,18.0,PTP1B
CHEMBL378614,=,=,nM,16.0,nM,16.0,PTP1B
CHEMBL427034,>,>,nM,10000.0,nM,10000.0,PTP1B
CHEMBL377989,=,=,nM,35.0,nM,35.0,PTP1B
CHEMBL212319,=,=,nM,340.0,nM,340.0,PTP1B
CHEMBL208604,=,=,nM,50.0,nM,50.0,PTP1B
CHEMBL377141,=,=,nM,10.0,nM,10.0,PTP1B
CHEMBL381584,=,=,nM,15.0,nM,15.0,PTP1B
CHEMBL208114,=,=,nM,18.0,nM,18.0,PTP1B
CHEMBL211061,=,=,nM,460.0,nM,460.0,PTP1B
CHEMBL377138,=,=,nM,240.0,nM,240.0,PTP1B
CHEMBL376950,=,=,nM,130.0,nM,130.0,PTP1B
CHEMBL377816,=,=,nM,160.0,nM,160.0,PTP1B
CHEMBL438957,=,=,nM,150.0,nM,150.0,PTP1B
CHEMBL378747,=,=,nM,140.0,nM,140.0,PTP1B
CHEMBL264833,=,=,nM,53.0,nM,53.0,PTP1B
CHEMBL378746,=,=,nM,120.0,nM,120.0,PTP1B
CHEMBL377978,=,=,nM,140.0,nM,140.0,PTP1B
CHEMBL208982,=,=,nM,190.0,nM,190.0,PTP1B
CHEMBL210324,=,=,nM,72.0,nM,72.0,PTP1B
CHEMBL207492,=,=,nM,110.0,nM,110.0,PTP1B
CHEMBL209197,=,=,nM,160.0,nM,160.0,PTP1B
CHEMBL264347,=,=,nM,140.0,nM,140.0,PTP1B
CHEMBL437119,=,=,nM,110.0,nM,110.0,PTP1B
CHEMBL206950,=,=,nM,51.0,nM,51.0,PTP1B
CHEMBL210965,=,=,nM,79.0,nM,79.0,PTP1B
CHEMBL377613,=,=,nM,460.0,nM,460.0,PTP1B
CHEMBL207645,=,=,nM,160.0,nM,160.0,PTP1B
CHEMBL378992,=,=,nM,280.0,nM,280.0,PTP1B
CHEMBL208984,=,=,nM,240.0,nM,240.0,PTP1B
CHEMBL211033,=,=,nM,80.0,nM,80.0,PTP1B
CHEMBL211171,=,=,nM,94.0,nM,94.0,PTP1B
CHEMBL377735,=,=,nM,48.0,nM,48.0,PTP1B
CHEMBL383437,=,=,nM,63.0,nM,63.0,PTP1B
CHEMBL212260,=,=,nM,45.0,nM,45.0,PTP1B
CHEMBL207489,=,=,nM,51.0,nM,51.0,PTP1B
CHEMBL436933,=,=,nM,67.0,nM,67.0,PTP1B
CHEMBL209304,=,=,nM,130.0,nM,130.0,PTP1B
CHEMBL208985,=,=,nM,80.0,nM,80.0,PTP1B
CHEMBL211076,=,=,nM,85.0,nM,85.0,PTP1B
CHEMBL377476,=,=,nM,300.0,nM,300.0,PTP1B
CHEMBL377774,=,=,nM,110.0,nM,110.0,PTP1B
CHEMBL209107,=,=,nM,77.0,nM,77.0,PTP1B
CHEMBL209180,=,=,nM,170.0,nM,170.0,PTP1B
CHEMBL210159,=,=,nM,110.0,nM,110.0,PTP1B
CHEMBL212147,=,=,nM,60.0,nM,60.0,PTP1B
CHEMBL211990,=,=,nM,160.0,nM,160.0,PTP1B
CHEMBL380164,=,=,nM,80.0,nM,80.0,PTP1B
CHEMBL424880,=,=,nM,43.0,nM,43.0,PTP1B
CHEMBL210837,=,=,nM,120.0,nM,120.0,PTP1B
CHEMBL210836,=,=,nM,32.0,nM,32.0,PTP1B
CHEMBL2113226,=,=,nM,590.0,nM,590.0,PTP1B
CHEMBL377905,=,=,nM,940.0,nM,940.0,PTP1B
CHEMBL2113225,=,=,nM,600.0,nM,600.0,PTP1B
CHEMBL211655,=,=,nM,35.0,nM,35.0,PTP1B
CHEMBL382311,=,=,nM,240.0,nM,240.0,PTP1B
CHEMBL409618,>,>,nM,100000.0,uM,100.0,PTP1B
CHEMBL439324,>,>,nM,100000.0,uM,100.0,PTP1B
CHEMBL377360,>,>,nM,100000.0,uM,100.0,PTP1B
CHEMBL385251,=,=,nM,2300.0,uM,2.3,PTP1B
CHEMBL378423,=,=,nM,16200.0,uM,16.2,PTP1B
CHEMBL213452,=,=,nM,12800.0,uM,12.8,PTP1B
CHEMBL379000,=,=,nM,6100.0,uM,6.1,PTP1B
CHEMBL204336,=,=,nM,39600.0,uM,39.6,PTP1B
CHEMBL376755,=,=,ug.mL-1,3.1,ug ml-1,3.1,PTP1B
CHEMBL221760,=,=,nM,3000.0,uM,3.0,PTP1B
CHEMBL373529,>,>,nM,10000.0,uM,10.0,PTP1B
CHEMBL376340,=,=,nM,80000.0,uM,80.0,PTP1B
CHEMBL376340,=,=,nM,91300.0,uM,91.3,PTP1B
CHEMBL224039,=,=,nM,75000.0,uM,75.0,PTP1B
CHEMBL223067,=,=,nM,72500.0,uM,72.5,PTP1B
CHEMBL388814,=,=,nM,94000.0,uM,94.0,PTP1B
CHEMBL224735,=,=,nM,87000.0,uM,87.0,PTP1B
CHEMBL224039,=,=,nM,56300.0,uM,56.3,PTP1B
CHEMBL223067,=,=,nM,68800.0,uM,68.8,PTP1B
CHEMBL388814,=,=,nM,61300.0,uM,61.3,PTP1B
CHEMBL224735,=,=,nM,58800.0,uM,58.8,PTP1B
CHEMBL265864,>,>,nM,1000000.0,uM,1000.0,PTP1B
CHEMBL389502,=,=,nM,1000000.0,uM,1000.0,PTP1B
CHEMBL445152,>,>,nM,1000000.0,uM,1000.0,PTP1B
CHEMBL390088,>,>,nM,1000000.0,uM,1000.0,PTP1B
CHEMBL227379,=,=,nM,24000.0,uM,24.0,PTP1B
CHEMBL390576,>,>,nM,1000000.0,uM,1000.0,PTP1B
CHEMBL227608,>,>,nM,1000000.0,uM,1000.0,PTP1B
CHEMBL229170,>,>,nM,60000.0,uM,60.0,PTP1B
CHEMBL169,=,=,nM,3600.0,uM,3.6,PTP1B
CHEMBL426373,=,=,nM,4500.0,uM,4.5,PTP1B
CHEMBL229885,=,=,nM,16900.0,uM,16.9,PTP1B
CHEMBL508727,=,=,nM,20600.0,uM,20.6,PTP1B
CHEMBL389736,=,=,nM,18200.0,uM,18.2,PTP1B
CHEMBL229671,=,=,nM,26700.0,uM,26.7,PTP1B
CHEMBL229670,=,=,nM,19200.0,uM,19.2,PTP1B
CHEMBL229617,>,>,nM,60000.0,uM,60.0,PTP1B
CHEMBL229506,=,=,nM,14400.0,uM,14.4,PTP1B
CHEMBL388722,=,=,nM,17300.0,uM,17.3,PTP1B
CHEMBL229454,=,=,nM,19400.0,uM,19.4,PTP1B
CHEMBL229222,=,=,nM,14200.0,uM,14.2,PTP1B
CHEMBL229220,=,=,nM,15700.0,uM,15.7,PTP1B
CHEMBL389650,=,=,nM,18900.0,uM,18.9,PTP1B
CHEMBL228564,=,=,nM,67000.0,uM,67.0,PTP1B
CHEMBL229299,=,=,nM,850000.0,uM,850.0,PTP1B
CHEMBL228616,=,=,nM,27000.0,uM,27.0,PTP1B
CHEMBL121772,=,=,nM,1279000.0,uM,1279.0,PTP1B
CHEMBL228563,=,=,nM,19000.0,uM,19.0,PTP1B
CHEMBL323654,=,=,nM,149000.0,uM,149.0,PTP1B
CHEMBL228562,=,=,nM,215000.0,uM,215.0,PTP1B
CHEMBL229301,>,>,nM,1000000.0,uM,1000.0,PTP1B
CHEMBL229300,>,>,nM,1000000.0,uM,1000.0,PTP1B
CHEMBL229241,>,>,nM,1000000.0,uM,1000.0,PTP1B
CHEMBL229240,>,>,nM,1000000.0,uM,1000.0,PTP1B
CHEMBL229239,>,>,nM,1000000.0,uM,1000.0,PTP1B
CHEMBL389725,>,>,nM,1000000.0,uM,1000.0,PTP1B
CHEMBL229238,=,=,nM,380000.0,uM,380.0,PTP1B
CHEMBL229519,=,=,nM,91000.0,uM,91.0,PTP1B
CHEMBL390509,=,=,nM,84000.0,uM,84.0,PTP1B
CHEMBL390508,=,=,nM,65000.0,uM,65.0,PTP1B
CHEMBL229471,=,=,nM,57000.0,uM,57.0,PTP1B
CHEMBL229470,=,=,nM,153000.0,uM,153.0,PTP1B
CHEMBL389855,=,=,nM,148000.0,uM,148.0,PTP1B
CHEMBL229469,=,=,nM,403000.0,uM,403.0,PTP1B
CHEMBL229467,=,=,nM,1180000.0,uM,1180.0,PTP1B
CHEMBL229466,=,=,nM,859000.0,uM,859.0,PTP1B
CHEMBL387536,=,=,nM,351000.0,uM,351.0,PTP1B
CHEMBL184041,=,=,nM,1400.0,uM,1.4,PTP1B
CHEMBL3706920,=,=,nM,15000.0,uM,15.0,PTP1B
CHEMBL228397,=,=,nM,20000.0,uM,20.0,PTP1B
CHEMBL139393,=,=,nM,500000.0,uM,500.0,PTP1B
CHEMBL115145,=,=,nM,3600000.0,uM,3600.0,PTP1B
CHEMBL3706921,=,=,nM,39000.0,uM,39.0,PTP1B
CHEMBL234734,>,>,nM,1000000.0,uM,1000.0,PTP1B
CHEMBL113835,>,>,nM,1000000.0,uM,1000.0,PTP1B
CHEMBL114043,=,=,nM,78000.0,uM,78.0,PTP1B
CHEMBL116347,=,=,nM,242000.0,uM,242.0,PTP1B
CHEMBL184041,=,=,nM,1400.0,uM,1.4,PTP1B
CHEMBL232935,=,=,nM,13600.0,uM,13.6,PTP1B
CHEMBL233767,=,=,nM,74100.0,uM,74.1,PTP1B
CHEMBL233766,=,=,nM,64900.0,uM,64.9,PTP1B
CHEMBL233147,=,=,nM,62700.0,uM,62.7,PTP1B
CHEMBL232941,=,=,nM,15700.0,uM,15.7,PTP1B
CHEMBL233142,=,=,nM,17500.0,uM,17.5,PTP1B
CHEMBL234808,=,=,nM,25600.0,uM,25.6,PTP1B
CHEMBL231694,=,=,nM,27200.0,uM,27.2,PTP1B
CHEMBL229912,=,=,nM,101000.0,uM,101.0,PTP1B
CHEMBL442233,=,=,nM,260000.0,uM,260.0,PTP1B
CHEMBL394090,=,=,nM,14900.0,uM,14.9,PTP1B
CHEMBL231937,=,=,nM,137500.0,uM,137.5,PTP1B
CHEMBL233145,=,=,nM,35400.0,uM,35.4,PTP1B
CHEMBL394659,=,=,nM,168000.0,uM,168.0,PTP1B
CHEMBL397302,=,=,nM,190000.0,uM,190.0,PTP1B
CHEMBL426373,=,=,nM,45000.0,uM,45.0,PTP1B
CHEMBL235372,=,=,nM,18000.0,uM,18.0,PTP1B
CHEMBL392380,=,=,nM,85000.0,uM,85.0,PTP1B
CHEMBL236024,=,=,nM,10200.0,uM,10.2,PTP1B
CHEMBL397791,=,=,nM,10000.0,uM,10.0,PTP1B
CHEMBL235805,=,=,nM,2600.0,uM,2.6,PTP1B
CHEMBL235804,=,=,nM,6500.0,uM,6.5,PTP1B
CHEMBL392379,=,=,nM,5500.0,uM,5.5,PTP1B
CHEMBL235596,=,=,nM,1100.0,uM,1.1,PTP1B
CHEMBL235595,=,=,nM,1600.0,uM,1.6,PTP1B
CHEMBL393606,=,=,nM,2800.0,uM,2.8,PTP1B
CHEMBL396633,>,>,nM,1000000.0,uM,1000.0,PTP1B
CHEMBL236846,=,=,nM,40000.0,uM,40.0,PTP1B
CHEMBL236636,=,=,nM,5400.0,uM,5.4,PTP1B
CHEMBL393866,=,=,nM,13000.0,uM,13.0,PTP1B
CHEMBL238138,=,=,nM,2000.0,uM,2.0,PTP1B
CHEMBL238137,=,=,nM,5700.0,uM,5.7,PTP1B
CHEMBL237915,=,=,nM,5000.0,uM,5.0,PTP1B
CHEMBL236216,=,=,nM,2200.0,uM,2.2,PTP1B
CHEMBL236215,=,=,nM,17000.0,uM,17.0,PTP1B
CHEMBL396634,=,=,nM,93000.0,uM,93.0,PTP1B
CHEMBL236214,>,>,nM,1000000.0,uM,1000.0,PTP1B
CHEMBL236009,=,=,nM,73000.0,uM,73.0,PTP1B
CHEMBL236008,=,=,nM,300000.0,uM,300.0,PTP1B
CHEMBL236007,>,>,nM,1000000.0,uM,1000.0,PTP1B
CHEMBL184041,=,=,nM,1400.0,uM,1.4,PTP1B
CHEMBL139393,=,=,nM,500000.0,uM,500.0,PTP1B
CHEMBL245425,=,=,nM,330.0,uM,0.33,PTP1B
CHEMBL211655,=,=,nM,35.0,nM,35.0,PTP1B
CHEMBL440955,=,=,nM,270.0,nM,270.0,PTP1B
CHEMBL392428,>,>,nM,10000.0,nM,10000.0,PTP1B
CHEMBL248490,=,=,nM,480.0,nM,480.0,PTP1B
CHEMBL248291,=,=,nM,35.0,nM,35.0,PTP1B
CHEMBL247278,=,=,nM,460.0,uM,0.46,PTP1B
CHEMBL395386,=,=,nM,400.0,uM,0.4,PTP1B
CHEMBL395156,=,=,nM,1600.0,uM,1.6,PTP1B
CHEMBL430200,=,=,nM,280.0,uM,0.28,PTP1B
CHEMBL247075,=,=,nM,230.0,uM,0.23,PTP1B
CHEMBL396584,=,=,nM,470.0,uM,0.47,PTP1B
CHEMBL396583,=,=,nM,410.0,uM,0.41,PTP1B
CHEMBL247074,=,=,nM,150.0,uM,0.15,PTP1B
CHEMBL246870,=,=,nM,1100.0,uM,1.1,PTP1B
CHEMBL394382,=,=,nM,620.0,uM,0.62,PTP1B
CHEMBL246869,=,=,nM,500.0,uM,0.5,PTP1B
CHEMBL246660,=,=,nM,1100.0,uM,1.1,PTP1B
CHEMBL398020,=,=,nM,470.0,uM,0.47,PTP1B
CHEMBL437371,=,=,nM,550.0,uM,0.55,PTP1B
CHEMBL246659,=,=,nM,350.0,uM,0.35,PTP1B
CHEMBL246454,=,=,nM,2400.0,uM,2.4,PTP1B
CHEMBL246452,=,=,nM,970.0,uM,0.97,PTP1B
CHEMBL246247,=,=,nM,440.0,uM,0.44,PTP1B
CHEMBL246038,=,=,nM,660.0,uM,0.66,PTP1B
CHEMBL246036,=,=,nM,420.0,uM,0.42,PTP1B
CHEMBL391816,=,=,nM,490.0,uM,0.49,PTP1B
CHEMBL245831,=,=,nM,740.0,uM,0.74,PTP1B
CHEMBL393682,=,=,nM,1300.0,uM,1.3,PTP1B
CHEMBL391996,>,>,nM,2500000.0,uM,2500.0,PTP1B
CHEMBL373413,=,=,nM,29000.0,uM,29.0,PTP1B
CHEMBL240661,=,=,nM,430000.0,uM,430.0,PTP1B
CHEMBL241054,=,=,nM,165000.0,uM,165.0,PTP1B
CHEMBL397294,=,=,nM,330000.0,uM,330.0,PTP1B
CHEMBL393653,=,=,nM,210000.0,uM,210.0,PTP1B
CHEMBL241250,=,=,nM,29000.0,uM,29.0,PTP1B
CHEMBL241056,>,>,nM,2500000.0,uM,2500.0,PTP1B
CHEMBL394727,>,>,nM,2500000.0,uM,2500.0,PTP1B
CHEMBL240659,>,>,nM,2500000.0,uM,2500.0,PTP1B
CHEMBL394726,>,>,nM,2500000.0,uM,2500.0,PTP1B
CHEMBL241053,>,>,nM,2500000.0,uM,2500.0,PTP1B
CHEMBL240858,>,>,nM,2500000.0,uM,2500.0,PTP1B
CHEMBL240441,>,>,nM,2500000.0,uM,2500.0,PTP1B
CHEMBL392679,>,>,nM,2500000.0,uM,2500.0,PTP1B
CHEMBL239578,>,>,nM,2500000.0,uM,2500.0,PTP1B
CHEMBL239577,>,>,nM,2500000.0,uM,2500.0,PTP1B
CHEMBL395855,>,>,nM,2500000.0,uM,2500.0,PTP1B
CHEMBL451494,>,>,nM,2500000.0,uM,2500.0,PTP1B
CHEMBL240823,>,>,nM,2500000.0,uM,2500.0,PTP1B
CHEMBL392676,>,>,nM,2500000.0,uM,2500.0,PTP1B
CHEMBL240822,>,>,nM,2500000.0,uM,2500.0,PTP1B
CHEMBL392472,>,>,nM,2500000.0,uM,2500.0,PTP1B
CHEMBL240610,>,>,nM,2500000.0,uM,2500.0,PTP1B
CHEMBL249147,=,=,nM,500000.0,uM,500.0,PTP1B
CHEMBL117869,=,=,nM,110000.0,uM,110.0,PTP1B
CHEMBL249146,=,=,nM,12000.0,uM,12.0,PTP1B
CHEMBL399236,=,=,nM,10000.0,uM,10.0,PTP1B
CHEMBL399235,=,=,nM,36000.0,uM,36.0,PTP1B
CHEMBL248942,=,=,nM,23000.0,uM,23.0,PTP1B
CHEMBL248749,=,=,nM,12000.0,uM,12.0,PTP1B
CHEMBL248546,=,=,nM,3200.0,uM,3.2,PTP1B
CHEMBL249351,=,=,nM,105000.0,uM,105.0,PTP1B
CHEMBL399131,=,=,nM,37000.0,uM,37.0,PTP1B
CHEMBL401419,=,=,nM,27000.0,uM,27.0,PTP1B
CHEMBL400472,=,=,nM,32000.0,uM,32.0,PTP1B
CHEMBL414133,=,=,nM,59000.0,uM,59.0,PTP1B
CHEMBL250567,=,=,nM,123000.0,uM,123.0,PTP1B
CHEMBL428755,=,=,nM,176000.0,uM,176.0,PTP1B
CHEMBL404412,=,=,nM,382000.0,uM,382.0,PTP1B
CHEMBL400572,=,=,nM,1200.0,uM,1.2,PTP1B
CHEMBL248546,=,=,nM,3000.0,uM,3.0,PTP1B
CHEMBL251261,=,=,nM,3710.0,uM,3.71,PTP1B
CHEMBL251431,=,=,nM,1700.0,uM,1.7,PTP1B
CHEMBL403479,=,=,nM,5030.0,nM,5030.0,PTP1B
CHEMBL402032,=,=,nM,32.0,nM,32.0,PTP1B
CHEMBL274743,=,=,nM,160.0,nM,160.0,PTP1B
CHEMBL403935,=,=,nM,120.0,nM,120.0,PTP1B
CHEMBL253501,=,=,nM,350.0,nM,350.0,PTP1B
CHEMBL253478,=,=,nM,260.0,nM,260.0,PTP1B
CHEMBL253500,=,=,nM,43.0,nM,43.0,PTP1B
CHEMBL403746,=,=,nM,180.0,nM,180.0,PTP1B
CHEMBL404319,=,=,nM,250.0,nM,250.0,PTP1B
CHEMBL253282,=,=,nM,160.0,nM,160.0,PTP1B
CHEMBL403681,=,=,nM,200.0,nM,200.0,PTP1B
CHEMBL253269,=,=,nM,52.0,nM,52.0,PTP1B
CHEMBL403680,=,=,nM,170.0,nM,170.0,PTP1B
CHEMBL252277,=,=,nM,300.0,nM,300.0,PTP1B
CHEMBL403908,=,=,nM,100.0,nM,100.0,PTP1B
CHEMBL403468,=,=,nM,22.0,nM,22.0,PTP1B
CHEMBL253270,=,=,nM,110.0,nM,110.0,PTP1B
CHEMBL253477,=,=,nM,160.0,nM,160.0,PTP1B
CHEMBL253476,=,=,nM,23.0,nM,23.0,PTP1B
CHEMBL253201,=,=,nM,800.0,nM,800.0,PTP1B
CHEMBL403577,=,=,nM,130.0,nM,130.0,PTP1B
CHEMBL428589,=,=,nM,64.0,nM,64.0,PTP1B
CHEMBL253475,=,=,nM,210.0,nM,210.0,PTP1B
CHEMBL254301,=,=,nM,1300.0,nM,1300.0,PTP1B
CHEMBL252710,=,=,nM,150.0,nM,150.0,PTP1B
CHEMBL403117,=,=,nM,2900.0,nM,2900.0,PTP1B
CHEMBL403116,=,=,nM,660.0,nM,660.0,PTP1B
CHEMBL253268,=,=,nM,930.0,nM,930.0,PTP1B
CHEMBL253066,=,=,nM,810.0,nM,810.0,PTP1B
CHEMBL253065,=,=,nM,540.0,nM,540.0,PTP1B
CHEMBL401833,=,=,nM,700.0,nM,700.0,PTP1B
CHEMBL254513,=,=,nM,240.0,nM,240.0,PTP1B
CHEMBL436933,=,=,nM,67.0,nM,67.0,PTP1B
CHEMBL403094,=,=,nM,3500.0,uM,3.5,PTP1B
CHEMBL465069,=,=,nM,7600.0,uM,7.6,PTP1B
CHEMBL403093,=,=,nM,4300.0,uM,4.3,PTP1B
CHEMBL403411,=,=,nM,5600.0,uM,5.6,PTP1B
CHEMBL426373,=,=,nM,4500.0,uM,4.5,PTP1B
CHEMBL260920,=,=,nM,11800.0,uM,11.8,PTP1B
CHEMBL198882,=,=,nM,74.0,uM,0.074,PTP1B
CHEMBL260425,=,=,nM,38000.0,uM,38.0,PTP1B
CHEMBL261856,>,>,nM,250000.0,uM,250.0,PTP1B
CHEMBL260924,=,=,nM,153000.0,uM,153.0,PTP1B
CHEMBL260919,=,=,nM,74200.0,uM,74.2,PTP1B
CHEMBL261846,=,=,nM,237000.0,uM,237.0,PTP1B
CHEMBL260777,>,>,nM,250000.0,uM,250.0,PTP1B
CHEMBL408447,=,=,nM,52100.0,uM,52.1,PTP1B
CHEMBL258479,=,=,nM,77900.0,uM,77.9,PTP1B
CHEMBL262084,=,=,nM,60300.0,uM,60.3,PTP1B
CHEMBL410625,=,=,nM,27600.0,uM,27.6,PTP1B
CHEMBL259071,=,=,nM,51800.0,uM,51.8,PTP1B
CHEMBL259284,=,=,nM,17700.0,uM,17.7,PTP1B
CHEMBL428783,=,=,nM,235000.0,uM,235.0,PTP1B
CHEMBL261733,>,>,nM,250000.0,uM,250.0,PTP1B
CHEMBL409311,=,=,nM,13800.0,uM,13.8,PTP1B
CHEMBL259505,=,=,nM,10100.0,uM,10.1,PTP1B
CHEMBL445680,=,=,nM,1400.0,uM,1.4,PTP1B
CHEMBL264144,=,=,nM,63600.0,uM,63.6,PTP1B
CHEMBL410332,=,=,nM,29100.0,uM,29.1,PTP1B
CHEMBL261469,=,=,nM,232000.0,uM,232.0,PTP1B
CHEMBL409415,>,>,nM,250000.0,uM,250.0,PTP1B
CHEMBL264404,=,=,nM,173000.0,uM,173.0,PTP1B
CHEMBL265192,>,>,nM,250000.0,uM,250.0,PTP1B
CHEMBL261049,=,=,nM,115000.0,uM,115.0,PTP1B
CHEMBL408711,=,=,nM,114000.0,uM,114.0,PTP1B
CHEMBL406646,=,=,nM,12200.0,uM,12.2,PTP1B
CHEMBL259456,=,=,nM,4400.0,uM,4.4,PTP1B
CHEMBL259455,=,=,nM,80700.0,uM,80.7,PTP1B
CHEMBL260675,=,=,nM,76200.0,uM,76.2,PTP1B
CHEMBL410483,=,=,nM,7900.0,uM,7.9,PTP1B
CHEMBL407722,=,=,nM,4100.0,uM,4.1,PTP1B
CHEMBL258463,=,=,nM,53800.0,uM,53.8,PTP1B
CHEMBL259170,=,=,nM,57700.0,uM,57.7,PTP1B
CHEMBL259171,=,=,nM,137000.0,uM,137.0,PTP1B
CHEMBL261732,=,=,nM,19900.0,uM,19.9,PTP1B
CHEMBL260991,=,=,nM,198000.0,uM,198.0,PTP1B
CHEMBL260992,=,=,nM,230000.0,uM,230.0,PTP1B
CHEMBL261206,=,=,nM,97100.0,uM,97.1,PTP1B
CHEMBL260925,=,=,nM,29100.0,uM,29.1,PTP1B
CHEMBL428791,=,=,nM,54100.0,uM,54.1,PTP1B
CHEMBL258697,=,=,nM,59600.0,uM,59.6,PTP1B
CHEMBL409829,=,=,nM,123000.0,uM,123.0,PTP1B
CHEMBL409926,=,=,nM,96800.0,uM,96.8,PTP1B
CHEMBL369943,=,=,nM,200.0,uM,0.2,PTP1B
CHEMBL410646,=,=,nM,16.0,uM,0.016,PTP1B
CHEMBL260442,=,=,nM,310.0,uM,0.31,PTP1B
CHEMBL259628,=,=,nM,120.0,uM,0.12,PTP1B
CHEMBL259051,=,=,nM,90.0,uM,0.09,PTP1B
CHEMBL259050,=,=,nM,510.0,uM,0.51,PTP1B
CHEMBL259267,=,=,nM,1300.0,uM,1.3,PTP1B
CHEMBL259266,=,=,nM,1500.0,uM,1.5,PTP1B
CHEMBL408382,=,=,nM,330.0,uM,0.33,PTP1B
CHEMBL260914,=,=,nM,250.0,uM,0.25,PTP1B
CHEMBL407893,=,=,nM,1260.0,uM,1.26,PTP1B
CHEMBL261108,=,=,nM,45.0,uM,0.045,PTP1B
CHEMBL261362,=,=,nM,27.0,uM,0.027,PTP1B
CHEMBL261418,=,=,nM,60.0,uM,0.06,PTP1B
CHEMBL411295,=,=,nM,7.0,uM,0.007,PTP1B
CHEMBL261419,=,=,nM,160.0,uM,0.16,PTP1B
CHEMBL405419,=,=,nM,14000.0,uM,14.0,PTP1B
CHEMBL260210,>,>,nM,50000.0,uM,50.0,PTP1B
CHEMBL8758,=,=,nM,120.0,uM,0.12,PTP1B
CHEMBL267022,=,=,nM,2000.0,uM,2.0,PTP1B
CHEMBL51314,>,>,nM,30000.0,uM,30.0,PTP1B
CHEMBL514108,=,=,nM,15000.0,uM,15.0,PTP1B
CHEMBL367881,=,=,nM,16400.0,uM,16.4,PTP1B
CHEMBL457491,=,=,nM,23200.0,uM,23.2,PTP1B
CHEMBL514578,=,=,nM,27700.0,uM,27.7,PTP1B
CHEMBL426373,=,=,nM,4500.0,uM,4.5,PTP1B
CHEMBL502257,=,=,nM,96700.0,uM,96.7,PTP1B
CHEMBL497510,>,>,nM,300000.0,uM,300.0,PTP1B
CHEMBL497509,=,=,nM,38200.0,uM,38.2,PTP1B
CHEMBL526644,=,=,nM,1500.0,uM,1.5,PTP1B
CHEMBL498474,=,=,nM,63100.0,uM,63.1,PTP1B
CHEMBL498473,=,=,nM,32800.0,uM,32.8,PTP1B
CHEMBL500677,=,=,nM,19300.0,uM,19.3,PTP1B
CHEMBL502014,=,=,nM,54900.0,uM,54.9,PTP1B
CHEMBL526369,=,=,nM,11400.0,uM,11.4,PTP1B
CHEMBL502013,=,=,nM,14500.0,uM,14.5,PTP1B
CHEMBL526177,=,=,nM,25700.0,uM,25.7,PTP1B
CHEMBL502006,=,=,nM,19400.0,uM,19.4,PTP1B
CHEMBL525078,=,=,nM,11700.0,uM,11.7,PTP1B
CHEMBL499061,=,=,nM,7500.0,uM,7.5,PTP1B
CHEMBL502815,=,=,nM,18800.0,uM,18.8,PTP1B
CHEMBL502540,=,=,nM,15400.0,uM,15.4,PTP1B
CHEMBL502539,=,=,nM,2500.0,uM,2.5,PTP1B
CHEMBL527109,=,=,nM,11300.0,uM,11.3,PTP1B
CHEMBL525812,=,=,nM,9800.0,uM,9.8,PTP1B
CHEMBL446483,=,=,nM,156600.0,uM,156.6,PTP1B
CHEMBL499329,=,=,nM,9300.0,uM,9.3,PTP1B
CHEMBL526866,=,=,nM,37100.0,uM,37.1,PTP1B
CHEMBL50,=,=,nM,23300.0,uM,23.3,PTP1B
CHEMBL492708,=,=,nM,17000.0,uM,17.0,PTP1B
CHEMBL515146,=,=,nM,2000.0,uM,2.0,PTP1B
CHEMBL494537,=,=,nM,900.0,uM,0.9,PTP1B
CHEMBL495142,=,=,nM,1000.0,uM,1.0,PTP1B
CHEMBL523885,=,=,nM,5000.0,uM,5.0,PTP1B
CHEMBL521821,=,=,nM,7700.0,uM,7.7,PTP1B
CHEMBL493122,=,=,nM,6200.0,uM,6.2,PTP1B
CHEMBL286007,=,=,nM,740.0,uM,0.74,PTP1B
CHEMBL24068,=,=,nM,2190.0,uM,2.19,PTP1B
CHEMBL24141,=,=,nM,1190.0,uM,1.19,PTP1B
CHEMBL474021,=,=,nM,1080.0,uM,1.08,PTP1B
CHEMBL493908,=,=,nM,10900.0,uM,10.9,PTP1B
CHEMBL426373,=,=,nM,4100.0,uM,4.1,PTP1B
CHEMBL470029,=,=,nM,3500.0,uM,3.5,PTP1B
CHEMBL399873,=,=,nM,15600.0,uM,15.6,PTP1B
CHEMBL493893,=,=,nM,18800.0,uM,18.8,PTP1B
CHEMBL168,=,=,nM,7600.0,uM,7.6,PTP1B
CHEMBL492675,>,>,nM,30000.0,uM,30.0,PTP1B
CHEMBL492472,>,>,nM,30000.0,uM,30.0,PTP1B
CHEMBL494111,=,=,nM,8100.0,uM,8.1,PTP1B
CHEMBL169,=,=,nM,3100.0,uM,3.1,PTP1B
CHEMBL522373,=,=,nM,12800.0,uM,12.8,PTP1B
CHEMBL486986,=,=,nM,3900.0,uM,3.9,PTP1B
CHEMBL493907,>,>,nM,30000.0,uM,30.0,PTP1B
CHEMBL523209,>,>,nM,30000.0,uM,30.0,PTP1B
CHEMBL492458,>,>,nM,30000.0,uM,30.0,PTP1B
CHEMBL492457,>,>,nM,30000.0,uM,30.0,PTP1B
CHEMBL521997,>,>,nM,30000.0,uM,30.0,PTP1B
CHEMBL169,=,=,nM,3600.0,uM,3.6,PTP1B
CHEMBL426373,=,=,nM,4700.0,uM,4.7,PTP1B
CHEMBL458936,=,=,nM,13900.0,uM,13.9,PTP1B
CHEMBL458555,=,=,nM,14900.0,uM,14.9,PTP1B
CHEMBL515537,=,=,nM,17900.0,uM,17.9,PTP1B
CHEMBL457525,=,=,nM,18200.0,uM,18.2,PTP1B
CHEMBL458620,=,=,nM,18200.0,uM,18.2,PTP1B
CHEMBL515837,=,=,nM,18900.0,uM,18.9,PTP1B
CHEMBL458619,=,=,nM,19000.0,uM,19.0,PTP1B
CHEMBL513969,=,=,nM,21600.0,uM,21.6,PTP1B
CHEMBL458937,>,>,nM,60000.0,uM,60.0,PTP1B
CHEMBL458360,>,>,nM,60000.0,uM,60.0,PTP1B
CHEMBL516006,>,>,nM,60000.0,uM,60.0,PTP1B
CHEMBL458813,>,>,nM,60000.0,uM,60.0,PTP1B
CHEMBL458814,>,>,nM,60000.0,uM,60.0,PTP1B
CHEMBL458815,>,>,nM,60000.0,uM,60.0,PTP1B
CHEMBL516331,>,>,nM,60000.0,uM,60.0,PTP1B
CHEMBL456655,>,>,nM,60000.0,uM,60.0,PTP1B
CHEMBL476249,=,=,nM,1900.0,uM,1.9,PTP1B
CHEMBL478274,=,=,nM,1100.0,uM,1.1,PTP1B
CHEMBL514239,=,=,nM,3800.0,uM,3.8,PTP1B
CHEMBL477262,=,=,nM,1100.0,uM,1.1,PTP1B
CHEMBL477263,=,=,nM,14000.0,uM,14.0,PTP1B
CHEMBL476666,=,=,nM,1900.0,uM,1.9,PTP1B
CHEMBL476664,=,=,nM,35400.0,uM,35.4,PTP1B
CHEMBL476669,=,=,nM,30100.0,uM,30.1,PTP1B
CHEMBL514517,=,=,nM,32100.0,uM,32.1,PTP1B
CHEMBL514711,=,=,nM,33700.0,uM,33.7,PTP1B
CHEMBL478312,=,=,nM,19500.0,uM,19.5,PTP1B
CHEMBL482750,=,=,nM,58000.0,uM,58.0,PTP1B
CHEMBL482965,=,=,nM,86000.0,uM,86.0,PTP1B
CHEMBL482966,=,=,nM,72000.0,uM,72.0,PTP1B
CHEMBL469992,=,=,nM,69000.0,uM,69.0,PTP1B
CHEMBL511278,=,=,nM,87000.0,uM,87.0,PTP1B
CHEMBL469993,=,=,nM,74000.0,uM,74.0,PTP1B
CHEMBL1162223,=,=,nM,6.0,uM,0.006,PTP1B
CHEMBL1162227,=,=,nM,6000.0,uM,6.0,PTP1B
CHEMBL1162226,=,=,nM,30.0,uM,0.03,PTP1B
CHEMBL1162225,=,=,nM,19000.0,uM,19.0,PTP1B
CHEMBL1162224,=,=,nM,13000.0,uM,13.0,PTP1B
CHEMBL60857,=,=,nM,35000.0,uM,35.0,PTP1B
CHEMBL1162230,=,=,nM,175000.0,uM,175.0,PTP1B
CHEMBL1162229,=,=,nM,10000.0,uM,10.0,PTP1B
CHEMBL502657,=,=,nM,44000.0,uM,44.0,PTP1B
CHEMBL459758,=,=,nM,4850.0,uM,4.85,PTP1B
CHEMBL505561,=,=,nM,870.0,uM,0.87,PTP1B
CHEMBL510405,=,=,nM,720.0,uM,0.72,PTP1B
CHEMBL446857,=,=,nM,620.0,uM,0.62,PTP1B
CHEMBL508150,=,=,nM,880.0,uM,0.88,PTP1B
CHEMBL470866,>,>,ug.mL-1,10.0,ug ml-1,10.0,PTP1B
CHEMBL470249,=,=,nM,26300.0,uM,26.3,PTP1B
CHEMBL470452,=,=,nM,21200.0,uM,21.2,PTP1B
CHEMBL255890,=,=,nM,39700.0,uM,39.7,PTP1B
CHEMBL470454,=,=,nM,16000.0,uM,16.0,PTP1B
CHEMBL470865,=,=,nM,14800.0,uM,14.8,PTP1B
CHEMBL470655,=,=,nM,39200.0,uM,39.2,PTP1B
CHEMBL238628,=,=,nM,41500.0,uM,41.5,PTP1B
CHEMBL426373,=,=,nM,4500.0,uM,4.5,PTP1B
CHEMBL169,=,=,nM,3600.0,uM,3.6,PTP1B
CHEMBL513212,>,>,nM,60000.0,uM,60.0,PTP1B
CHEMBL182653,>,>,nM,60000.0,uM,60.0,PTP1B
CHEMBL129795,>,>,nM,60000.0,uM,60.0,PTP1B
CHEMBL252642,>,>,nM,60000.0,uM,60.0,PTP1B
CHEMBL451532,>,>,nM,60000.0,uM,60.0,PTP1B
CHEMBL445815,>,>,nM,60000.0,uM,60.0,PTP1B
CHEMBL508452,=,=,ug.mL-1,8.8,ug ml-1,8.8,PTP1B
CHEMBL454276,=,=,ug.mL-1,1.9,ug ml-1,1.9,PTP1B
CHEMBL469255,=,=,ug.mL-1,6.8,ug ml-1,6.8,PTP1B
CHEMBL511263,=,=,ug.mL-1,11.6,ug ml-1,11.6,PTP1B
CHEMBL515797,=,=,nM,2000.0,uM,2.0,PTP1B
CHEMBL89067,=,=,nM,55400.0,uM,55.4,PTP1B
CHEMBL214378,=,=,nM,820.0,uM,0.82,PTP1B
CHEMBL235595,=,=,nM,1600.0,uM,1.6,PTP1B
CHEMBL338073,=,=,nM,13000.0,uM,13.0,PTP1B
CHEMBL508425,=,=,ug.mL-1,71.0,ug ml-1,71.0,PTP1B
CHEMBL168,=,=,nM,3370.0,uM,3.37,PTP1B
CHEMBL169,=,=,nM,3080.0,uM,3.08,PTP1B
CHEMBL391533,=,=,nM,5490.0,uM,5.49,PTP1B
CHEMBL516988,>,>,nM,20000.0,uM,20.0,PTP1B
CHEMBL267225,>,>,nM,20000.0,uM,20.0,PTP1B
CHEMBL437964,=,=,nM,8040.0,uM,8.04,PTP1B
CHEMBL230006,>,>,nM,20000.0,uM,20.0,PTP1B
CHEMBL404313,>,>,nM,20000.0,uM,20.0,PTP1B
CHEMBL481854,=,=,nM,12380.0,uM,12.38,PTP1B
CHEMBL400074,>,>,nM,20000.0,uM,20.0,PTP1B
CHEMBL449613,=,=,nM,3310.0,uM,3.31,PTP1B
CHEMBL457064,=,=,nM,15440.0,uM,15.44,PTP1B
CHEMBL508834,=,=,nM,16350.0,uM,16.35,PTP1B
CHEMBL511000,=,=,nM,3190.0,uM,3.19,PTP1B
CHEMBL461344,=,=,nM,4760.0,uM,4.76,PTP1B
CHEMBL461165,=,=,nM,9200.0,uM,9.2,PTP1B
CHEMBL510912,=,=,nM,8100.0,uM,8.1,PTP1B
CHEMBL487412,=,=,nM,4440.0,uM,4.44,PTP1B
CHEMBL445301,=,=,nM,8610.0,uM,8.61,PTP1B
CHEMBL472400,=,=,nM,2100.0,uM,2.1,PTP1B
CHEMBL472401,=,=,nM,1330.0,uM,1.33,PTP1B
CHEMBL504291,=,=,nM,880.0,uM,0.88,PTP1B
CHEMBL445491,=,=,nM,780.0,uM,0.78,PTP1B
CHEMBL501267,=,=,nM,720.0,uM,0.72,PTP1B
CHEMBL443950,=,=,nM,590.0,uM,0.59,PTP1B
CHEMBL129681,=,=,nM,5730.0,uM,5.73,PTP1B
CHEMBL509443,=,=,nM,570.0,uM,0.57,PTP1B
CHEMBL503669,=,=,nM,740.0,uM,0.74,PTP1B
CHEMBL446005,=,=,nM,4620.0,uM,4.62,PTP1B
CHEMBL509868,=,=,nM,590.0,uM,0.59,PTP1B
CHEMBL450403,=,=,nM,550.0,uM,0.55,PTP1B
CHEMBL301567,=,=,nM,560.0,uM,0.56,PTP1B
CHEMBL447660,=,=,nM,510.0,uM,0.51,PTP1B
CHEMBL462163,=,=,nM,610.0,uM,0.61,PTP1B
CHEMBL449659,=,=,nM,570.0,uM,0.57,PTP1B
CHEMBL504704,=,=,nM,450.0,uM,0.45,PTP1B
CHEMBL452449,=,=,nM,550.0,uM,0.55,PTP1B
CHEMBL443398,=,=,nM,650.0,uM,0.65,PTP1B
CHEMBL446573,=,=,nM,530.0,uM,0.53,PTP1B
CHEMBL506260,=,=,nM,520.0,uM,0.52,PTP1B
CHEMBL510867,=,=,nM,600.0,uM,0.6,PTP1B
CHEMBL507502,=,=,nM,440.0,uM,0.44,PTP1B
CHEMBL443663,=,=,nM,660.0,uM,0.66,PTP1B
CHEMBL443091,=,=,nM,820.0,uM,0.82,PTP1B
CHEMBL448797,=,=,nM,630.0,uM,0.63,PTP1B
CHEMBL470029,=,=,nM,5320.0,uM,5.32,PTP1B
CHEMBL486382,=,=,nM,5050.0,uM,5.05,PTP1B
CHEMBL472896,=,=,nM,2610.0,uM,2.61,PTP1B
CHEMBL506934,=,=,nM,2890.0,uM,2.89,PTP1B
CHEMBL449967,=,=,nM,2860.0,uM,2.86,PTP1B
CHEMBL446073,=,=,nM,5970.0,uM,5.97,PTP1B
CHEMBL211369,=,=,nM,2330.0,uM,2.33,PTP1B
CHEMBL502586,=,=,nM,4580.0,uM,4.58,PTP1B
CHEMBL448816,=,=,nM,2670.0,uM,2.67,PTP1B
CHEMBL504397,=,=,nM,2720.0,uM,2.72,PTP1B
CHEMBL506556,=,=,nM,620.0,uM,0.62,PTP1B
CHEMBL508831,=,=,nM,540.0,uM,0.54,PTP1B
CHEMBL499413,=,=,nM,150.0,uM,0.15,PTP1B
CHEMBL489670,=,=,nM,2850.0,uM,2.85,PTP1B
CHEMBL459758,=,=,nM,4850.0,uM,4.85,PTP1B
CHEMBL517270,=,=,nM,20430.0,uM,20.43,PTP1B
CHEMBL518512,=,=,nM,27610.0,uM,27.61,PTP1B
CHEMBL462015,=,=,nM,15950.0,uM,15.95,PTP1B
CHEMBL462016,=,=,nM,16550.0,uM,16.55,PTP1B
CHEMBL502436,=,=,nM,1120.0,uM,1.12,PTP1B
CHEMBL503860,=,=,nM,2440.0,uM,2.44,PTP1B
CHEMBL450150,=,=,nM,2360.0,uM,2.36,PTP1B
CHEMBL492413,=,=,nM,770.0,uM,0.77,PTP1B
CHEMBL514918,,,,,,,PTP1B
CHEMBL504726,=,=,nM,4130.0,uM,4.13,PTP1B
CHEMBL462187,,,,,,,PTP1B
CHEMBL471708,,,,,,,PTP1B
CHEMBL454521,=,=,nM,4520.0,uM,4.52,PTP1B
CHEMBL451520,=,=,nM,5270.0,uM,5.27,PTP1B
CHEMBL228563,=,=,nM,19000.0,uM,19.0,PTP1B
CHEMBL165,>,>,nM,1000000.0,uM,1000.0,PTP1B
CHEMBL455693,=,=,nM,125000.0,uM,125.0,PTP1B
CHEMBL508948,=,=,nM,34000.0,uM,34.0,PTP1B
CHEMBL453899,=,=,nM,30000.0,uM,30.0,PTP1B
CHEMBL450560,=,=,nM,13000.0,uM,13.0,PTP1B
CHEMBL453874,=,=,nM,32000.0,uM,32.0,PTP1B
CHEMBL453861,=,=,nM,64000.0,uM,64.0,PTP1B
CHEMBL509720,=,=,nM,194000.0,uM,194.0,PTP1B
CHEMBL185726,=,=,nM,5000.0,uM,5.0,PTP1B
CHEMBL455694,=,=,nM,3000.0,uM,3.0,PTP1B
CHEMBL453868,=,=,nM,530.0,uM,0.53,PTP1B
CHEMBL461734,=,=,nM,6000.0,uM,6.0,PTP1B
CHEMBL445194,=,=,nM,4000.0,uM,4.0,PTP1B
CHEMBL228397,=,=,nM,20000.0,uM,20.0,PTP1B
CHEMBL506882,=,=,nM,4600.0,uM,4.6,PTP1B
CHEMBL456025,=,=,nM,5710.0,uM,5.71,PTP1B
CHEMBL467572,=,=,nM,1900.0,uM,1.9,PTP1B
CHEMBL512442,=,=,nM,2500.0,uM,2.5,PTP1B
CHEMBL510460,=,=,nM,3500.0,uM,3.5,PTP1B
CHEMBL458009,=,=,nM,3400.0,uM,3.4,PTP1B
CHEMBL510225,=,=,nM,3560.0,uM,3.56,PTP1B
CHEMBL506882,=,=,nM,4550.0,uM,4.55,PTP1B
CHEMBL456025,=,=,nM,5700.0,uM,5.7,PTP1B
CHEMBL467572,=,=,nM,1860.0,uM,1.86,PTP1B
CHEMBL512442,=,=,nM,2520.0,uM,2.52,PTP1B
CHEMBL510460,=,=,nM,3520.0,uM,3.52,PTP1B
CHEMBL458009,=,=,nM,3360.0,uM,3.36,PTP1B
CHEMBL510225,=,=,nM,3510.0,uM,3.51,PTP1B
CHEMBL460643,=,=,nM,39500.0,uM,39.5,PTP1B
CHEMBL517216,=,=,nM,6700.0,uM,6.7,PTP1B
CHEMBL401612,=,=,nM,19500.0,uM,19.5,PTP1B
CHEMBL401525,=,=,nM,40900.0,uM,40.9,PTP1B
CHEMBL550291,=,=,nM,6860.0,uM,6.86,PTP1B
CHEMBL551842,=,=,nM,870.0,uM,0.87,PTP1B
CHEMBL558886,=,=,nM,2480.0,uM,2.48,PTP1B
CHEMBL173395,=,=,nM,63500.0,uM,63.5,PTP1B
CHEMBL454431,>,>,nM,200000.0,uM,200.0,PTP1B
CHEMBL470649,>,>,nM,200000.0,uM,200.0,PTP1B
CHEMBL505640,>,>,nM,200000.0,uM,200.0,PTP1B
CHEMBL559457,=,=,nM,3020.0,uM,3.02,PTP1B
CHEMBL562970,=,=,nM,7420.0,uM,7.42,PTP1B
CHEMBL169,=,=,nM,3080.0,uM,3.08,PTP1B
CHEMBL184041,=,=,nM,1400.0,uM,1.4,PTP1B
CHEMBL139393,=,=,nM,500000.0,uM,500.0,PTP1B
CHEMBL549911,=,=,nM,41000.0,uM,41.0,PTP1B
CHEMBL549640,=,=,nM,34000.0,uM,34.0,PTP1B
CHEMBL565229,=,=,nM,35000.0,uM,35.0,PTP1B
CHEMBL564123,=,=,nM,12000.0,uM,12.0,PTP1B
CHEMBL559479,=,=,nM,22000.0,uM,22.0,PTP1B
CHEMBL557446,=,=,nM,11000.0,uM,11.0,PTP1B
CHEMBL552066,=,=,nM,27000.0,uM,27.0,PTP1B
CHEMBL564092,=,=,nM,28000.0,uM,28.0,PTP1B
CHEMBL556909,=,=,nM,25000.0,uM,25.0,PTP1B
CHEMBL559312,=,=,nM,429.0,nM,429.0,PTP1B
CHEMBL550462,=,=,nM,383.7,nM,383.7,PTP1B
CHEMBL570779,=,=,nM,553.3,nM,553.3,PTP1B
CHEMBL550662,=,=,nM,510.3,nM,510.3,PTP1B
CHEMBL556076,=,=,nM,385.7,nM,385.7,PTP1B
CHEMBL549372,=,=,nM,353.7,nM,353.7,PTP1B
CHEMBL564699,=,=,nM,164.7,nM,164.7,PTP1B
CHEMBL556636,=,=,nM,135.7,nM,135.7,PTP1B
CHEMBL562468,=,=,nM,668.7,nM,668.7,PTP1B
CHEMBL556913,=,=,nM,637.7,nM,637.7,PTP1B
CHEMBL557393,=,=,nM,104.3,nM,104.3,PTP1B
CHEMBL556914,=,=,nM,95.67,nM,95.67,PTP1B
CHEMBL562469,=,=,nM,80.0,nM,80.0,PTP1B
CHEMBL564124,=,=,nM,51.63,nM,51.63,PTP1B
CHEMBL549297,=,=,nM,2897.0,nM,2897.0,PTP1B
CHEMBL549505,=,=,nM,2753.0,nM,2753.0,PTP1B
CHEMBL554726,=,=,nM,167.3,nM,167.3,PTP1B
CHEMBL551671,=,=,nM,114.3,nM,114.3,PTP1B
CHEMBL557450,=,=,nM,566.7,nM,566.7,PTP1B
CHEMBL563436,=,=,nM,518.7,nM,518.7,PTP1B
CHEMBL557655,=,=,nM,304.0,nM,304.0,PTP1B
CHEMBL562135,=,=,nM,148.7,nM,148.7,PTP1B
CHEMBL564439,=,=,nM,113.0,nM,113.0,PTP1B
CHEMBL562392,=,=,nM,373.7,nM,373.7,PTP1B
CHEMBL557861,=,=,nM,358.3,nM,358.3,PTP1B
CHEMBL557673,>,>,nM,100000.0,uM,100.0,PTP1B
CHEMBL557129,>,>,nM,100000.0,uM,100.0,PTP1B
CHEMBL408,=,=,nM,55000.0,uM,55.0,PTP1B
CHEMBL121,=,=,nM,400000.0,uM,400.0,PTP1B
CHEMBL595,=,=,nM,220000.0,uM,220.0,PTP1B
CHEMBL184041,=,=,nM,1400.0,uM,1.4,PTP1B
CHEMBL362497,=,=,nM,9000.0,uM,9.0,PTP1B
CHEMBL572800,=,=,nM,8000.0,uM,8.0,PTP1B
CHEMBL572582,=,=,nM,8000.0,uM,8.0,PTP1B
CHEMBL572814,=,=,nM,8000.0,uM,8.0,PTP1B
CHEMBL574813,=,=,nM,5000.0,uM,5.0,PTP1B
CHEMBL574814,=,=,nM,23000.0,uM,23.0,PTP1B
CHEMBL582941,=,=,nM,15000.0,uM,15.0,PTP1B
CHEMBL575043,=,=,nM,8000.0,uM,8.0,PTP1B
CHEMBL426796,=,=,nM,16000.0,uM,16.0,PTP1B
CHEMBL315736,=,=,nM,64000.0,uM,64.0,PTP1B
CHEMBL576191,=,=,nM,14000.0,uM,14.0,PTP1B
CHEMBL582968,=,=,nM,68000.0,uM,68.0,PTP1B
CHEMBL575024,=,=,nM,15000.0,uM,15.0,PTP1B
CHEMBL575025,=,=,nM,5000.0,uM,5.0,PTP1B
CHEMBL573469,=,=,nM,11000.0,uM,11.0,PTP1B
CHEMBL574377,=,=,nM,9000.0,uM,9.0,PTP1B
CHEMBL572574,=,=,nM,6000.0,uM,6.0,PTP1B
CHEMBL583504,=,=,nM,640.0,microM,0.64,PTP1B
CHEMBL555056,=,=,nM,610.0,microM,0.61,PTP1B
CHEMBL583505,=,=,nM,810.0,microM,0.81,PTP1B
CHEMBL574276,=,=,nM,1480.0,microM,1.48,PTP1B
CHEMBL129681,=,=,nM,3890.0,microM,3.89,PTP1B
CHEMBL201515,=,=,nM,5930.0,microM,5.93,PTP1B
CHEMBL572978,=,=,nM,1750.0,microM,1.75,PTP1B
CHEMBL573496,=,=,nM,1780.0,microM,1.78,PTP1B
CHEMBL578429,=,=,nM,1920.0,microM,1.92,PTP1B
CHEMBL562059,=,=,nM,1790.0,microM,1.79,PTP1B
CHEMBL482673,=,=,nM,4930.0,microM,4.93,PTP1B
CHEMBL572899,=,=,nM,1390.0,microM,1.39,PTP1B
CHEMBL541940,=,=,nM,1430.0,microM,1.43,PTP1B
CHEMBL574391,=,=,nM,1650.0,microM,1.65,PTP1B
CHEMBL576164,=,=,nM,2730.0,microM,2.73,PTP1B
CHEMBL575688,=,=,nM,2610.0,microM,2.61,PTP1B
CHEMBL582862,=,=,nM,2600.0,microM,2.6,PTP1B
CHEMBL383749,=,=,nM,14330.0,microM,14.33,PTP1B
CHEMBL572974,=,=,nM,5440.0,microM,5.44,PTP1B
CHEMBL584481,=,=,nM,420.0,uM,0.42,PTP1B
CHEMBL565795,=,=,nM,460.0,uM,0.46,PTP1B
CHEMBL567069,=,=,nM,590.0,uM,0.59,PTP1B
CHEMBL565810,=,=,nM,1800.0,uM,1.8,PTP1B
CHEMBL565371,=,=,nM,2200.0,uM,2.2,PTP1B
CHEMBL567473,,,,,,,PTP1B
CHEMBL585093,,,,,,,PTP1B
CHEMBL584887,,,,,,,PTP1B
CHEMBL565584,,,,,,,PTP1B
CHEMBL562810,=,=,nM,2700.0,uM,2.7,PTP1B
CHEMBL570475,=,=,nM,2700.0,uM,2.7,PTP1B
CHEMBL169,=,=,nM,3800.0,uM,3.8,PTP1B
CHEMBL517247,=,=,nM,4300.0,uM,4.3,PTP1B
CHEMBL426373,=,=,nM,4700.0,uM,4.7,PTP1B
CHEMBL570526,=,=,nM,8200.0,uM,8.2,PTP1B
CHEMBL564896,=,=,nM,9200.0,uM,9.2,PTP1B
CHEMBL570609,=,=,nM,13800.0,uM,13.8,PTP1B
CHEMBL252642,>,>,nM,50000.0,uM,50.0,PTP1B
CHEMBL129795,>,>,nM,50000.0,uM,50.0,PTP1B
CHEMBL141530,>,>,nM,50000.0,uM,50.0,PTP1B
CHEMBL139702,=,=,nM,19100.0,uM,19.1,PTP1B
CHEMBL141207,=,=,nM,30900.0,uM,30.9,PTP1B
CHEMBL578609,=,=,nM,20700.0,uM,20.7,PTP1B
CHEMBL566051,=,=,nM,11700.0,uM,11.7,PTP1B
CHEMBL578625,=,=,nM,19800.0,uM,19.8,PTP1B
CHEMBL578414,=,=,nM,19200.0,uM,19.2,PTP1B
CHEMBL583456,>,>,nM,50000.0,uM,50.0,PTP1B
CHEMBL578396,=,=,nM,18300.0,uM,18.3,PTP1B
CHEMBL571205,=,=,nM,17300.0,uM,17.3,PTP1B
CHEMBL569456,=,=,nM,19400.0,uM,19.4,PTP1B
CHEMBL571219,=,=,nM,29200.0,uM,29.2,PTP1B
CHEMBL169,=,=,nM,3900.0,uM,3.9,PTP1B
CHEMBL590043,=,=,nM,14300.0,uM,14.3,PTP1B
CHEMBL596979,=,=,nM,30000.0,uM,30.0,PTP1B
CHEMBL604711,,,,,,,PTP1B
CHEMBL599641,,,,,,,PTP1B
CHEMBL599642,,,,,,,PTP1B
CHEMBL606411,,,,,,,PTP1B
CHEMBL598830,,,,,,,PTP1B
CHEMBL605969,,,,,,,PTP1B
CHEMBL599029,,,,,,,PTP1B
CHEMBL599030,,,,,,,PTP1B
CHEMBL597804,,,,,,,PTP1B
CHEMBL604706,,,,,,,PTP1B
CHEMBL596785,,,,,,,PTP1B
CHEMBL596786,,,,,,,PTP1B
CHEMBL599449,,,,,,,PTP1B
CHEMBL599653,,,,,,,PTP1B
CHEMBL598635,,,,,,,PTP1B
CHEMBL603471,,,,,,,PTP1B
CHEMBL598014,,,,,,,PTP1B
CHEMBL598217,=,=,nM,6700.0,uM,6.7,PTP1B
CHEMBL605120,,,,,,,PTP1B
CHEMBL597408,=,=,nM,5400.0,uM,5.4,PTP1B
CHEMBL603479,=,=,nM,6800.0,uM,6.8,PTP1B
CHEMBL599256,=,=,nM,8500.0,uM,8.5,PTP1B
CHEMBL599257,=,=,nM,4800.0,uM,4.8,PTP1B
CHEMBL603684,=,=,nM,4600.0,uM,4.6,PTP1B
CHEMBL592693,=,=,nM,5000.0,uM,5.0,PTP1B
CHEMBL589083,,,,,,,PTP1B
CHEMBL602231,=,=,nM,2100.0,uM,2.1,PTP1B
CHEMBL601281,=,=,nM,8700.0,uM,8.7,PTP1B
CHEMBL606701,,,,,,,PTP1B
CHEMBL599646,=,=,nM,3200.0,uM,3.2,PTP1B
CHEMBL599850,,,,,,,PTP1B
CHEMBL598832,=,=,nM,3000.0,uM,3.0,PTP1B
CHEMBL598832,=,=,nM,8000.0,uM,8.0,PTP1B
CHEMBL190801,=,=,nM,2500.0,nM,2500.0,PTP1B
CHEMBL601733,=,=,nM,4100.0,uM,4.1,PTP1B
CHEMBL602117,=,=,nM,8000.0,uM,8.0,PTP1B
CHEMBL590155,=,=,nM,70.0,uM,0.07,PTP1B
CHEMBL204337,=,=,nM,4800.0,uM,4.8,PTP1B
CHEMBL605283,=,=,nM,2500.0,uM,2.5,PTP1B
CHEMBL591978,=,=,nM,130.0,uM,0.13,PTP1B
CHEMBL592291,<,<,nM,30.0,uM,0.03,PTP1B
CHEMBL601290,=,=,nM,80.0,uM,0.08,PTP1B
CHEMBL604457,=,=,nM,12.6,uM,0.0126,PTP1B
CHEMBL592290,=,=,nM,14.0,uM,0.014,PTP1B
CHEMBL590689,=,=,nM,23.0,uM,0.023,PTP1B
CHEMBL607027,=,=,nM,27.0,uM,0.027,PTP1B
CHEMBL248291,=,=,nM,32.0,uM,0.032,PTP1B
CHEMBL592245,=,=,nM,140.0,uM,0.14,PTP1B
CHEMBL193233,=,=,nM,2500.0,uM,2.5,PTP1B
CHEMBL190801,=,=,nM,1600000.0,uM,1600.0,PTP1B
CHEMBL590480,=,=,nM,16.0,uM,0.016,PTP1B
CHEMBL606859,=,=,nM,3200.0,uM,3.2,PTP1B
CHEMBL590103,=,=,nM,600.0,uM,0.6,PTP1B
CHEMBL198940,=,=,nM,28.0,uM,0.028,PTP1B
CHEMBL259628,=,=,nM,120.0,uM,0.12,PTP1B
CHEMBL590235,=,=,nM,5.0,uM,0.005,PTP1B
CHEMBL8758,=,=,nM,120.0,uM,0.12,PTP1B
CHEMBL589983,>,>,nM,20000.0,uM,20.0,PTP1B
CHEMBL145,=,=,nM,3060.0,uM,3.06,PTP1B
CHEMBL1077922,=,=,nM,52400.0,uM,52.4,PTP1B
CHEMBL1081672,=,=,nM,62100.0,uM,62.1,PTP1B
CHEMBL1080948,=,=,nM,56700.0,uM,56.7,PTP1B
CHEMBL1080949,=,=,nM,24500.0,uM,24.5,PTP1B
CHEMBL1080227,=,=,nM,36200.0,uM,36.2,PTP1B
CHEMBL1080228,=,=,nM,82700.0,uM,82.7,PTP1B
CHEMBL1080229,=,=,nM,90400.0,uM,90.4,PTP1B
CHEMBL1082094,=,=,nM,40500.0,uM,40.5,PTP1B
CHEMBL1076247,=,=,nM,65500.0,uM,65.5,PTP1B
CHEMBL1079387,=,=,nM,70600.0,uM,70.6,PTP1B
CHEMBL1081369,=,=,nM,76200.0,uM,76.2,PTP1B
CHEMBL1076430,=,=,nM,19300.0,uM,19.3,PTP1B
CHEMBL1079406,>,>,nM,30000.0,uM,30.0,PTP1B
CHEMBL1079407,>,>,nM,30000.0,uM,30.0,PTP1B
CHEMBL1079408,>,>,nM,30000.0,uM,30.0,PTP1B
CHEMBL1098728,=,=,nM,7600.0,uM,7.6,PTP1B
CHEMBL561967,=,=,nM,4200.0,uM,4.2,PTP1B
CHEMBL1087027,=,=,nM,19500.0,uM,19.5,PTP1B
CHEMBL551155,=,=,nM,7800.0,uM,7.8,PTP1B
CHEMBL1087148,=,=,nM,6400.0,uM,6.4,PTP1B
CHEMBL1086764,=,=,nM,8800.0,uM,8.8,PTP1B
CHEMBL1086765,=,=,nM,7300.0,uM,7.3,PTP1B
CHEMBL508534,>,>,nM,30000.0,uM,30.0,PTP1B
CHEMBL1088321,>,>,nM,30000.0,uM,30.0,PTP1B
CHEMBL455372,>,>,nM,30000.0,uM,30.0,PTP1B
CHEMBL1088462,=,=,nM,20800.0,uM,20.8,PTP1B
CHEMBL426373,=,=,nM,4500.0,uM,4.5,PTP1B
CHEMBL169,=,=,nM,3600.0,uM,3.6,PTP1B
CHEMBL1077438,=,=,nM,190.0,uM,0.19,PTP1B
CHEMBL1077439,=,=,nM,17000.0,uM,17.0,PTP1B
CHEMBL1078307,=,=,nM,220.0,uM,0.22,PTP1B
CHEMBL1078662,=,=,nM,590.0,uM,0.59,PTP1B
CHEMBL169,=,=,nM,2500.0,uM,2.5,PTP1B
CHEMBL1077438,,,,,,,PTP1B
CHEMBL1078662,,,,,,,PTP1B
CHEMBL168,=,=,nM,4200.0,uM,4.2,PTP1B
CHEMBL1096042,,,,,,,PTP1B
CHEMBL1099219,=,=,nM,1560.0,uM,1.56,PTP1B
CHEMBL1098845,=,=,nM,7490.0,uM,7.49,PTP1B
CHEMBL1097390,=,=,nM,7160.0,uM,7.16,PTP1B
CHEMBL1097720,=,=,nM,350.0,uM,0.35,PTP1B
CHEMBL1095726,=,=,nM,410.0,uM,0.41,PTP1B
CHEMBL282306,=,=,nM,912.01,,6.04,PTP1B
CHEMBL188928,=,=,nM,346.74,,6.46,PTP1B
CHEMBL365490,=,=,nM,323.59,,6.49,PTP1B
CHEMBL1085961,=,=,nM,218.78,,6.66,PTP1B
CHEMBL193134,=,=,nM,398.11,,6.4,PTP1B
CHEMBL280992,=,=,nM,363.08,,6.44,PTP1B
CHEMBL366281,=,=,nM,56.23,,7.25,PTP1B
CHEMBL1086226,=,=,nM,38.02,,7.42,PTP1B
CHEMBL1086227,=,=,nM,42.66,,7.37,PTP1B
CHEMBL1086228,=,=,nM,229.09,,6.64,PTP1B
CHEMBL1082448,=,=,nM,128.82,,6.89,PTP1B
CHEMBL1086229,=,=,nM,74.13,,7.13,PTP1B
CHEMBL1086230,=,=,nM,54.95,,7.26,PTP1B
CHEMBL282372,=,=,nM,169.82,,6.77,PTP1B
CHEMBL284763,=,=,nM,81.28,,7.09,PTP1B
CHEMBL24098,=,=,nM,912.01,,6.04,PTP1B
CHEMBL1086020,=,=,nM,457.09,,6.34,PTP1B
CHEMBL284363,=,=,nM,158.49,,6.8,PTP1B
CHEMBL24606,=,=,nM,1071.52,,5.97,PTP1B
CHEMBL24712,=,=,nM,524.81,,6.28,PTP1B
CHEMBL187610,=,=,nM,57.54,,7.24,PTP1B
CHEMBL1083714,=,=,nM,25.12,,7.6,PTP1B
CHEMBL1082297,=,=,nM,52.48,,7.28,PTP1B
CHEMBL1082298,=,=,nM,52.48,,7.28,PTP1B
CHEMBL1082299,=,=,nM,288.4,,6.54,PTP1B
CHEMBL24003,=,=,nM,100.0,,7.0,PTP1B
CHEMBL24213,=,=,nM,100.0,,7.0,PTP1B
CHEMBL284765,=,=,nM,52.48,,7.28,PTP1B
CHEMBL24843,=,=,nM,79.43,,7.1,PTP1B
CHEMBL25395,=,=,nM,100.0,,7.0,PTP1B
CHEMBL25628,=,=,nM,28.18,,7.55,PTP1B
CHEMBL24607,=,=,nM,46.77,,7.33,PTP1B
CHEMBL284471,=,=,nM,25.12,,7.6,PTP1B
CHEMBL26103,=,=,nM,25.12,,7.6,PTP1B
CHEMBL25584,=,=,nM,169.82,,6.77,PTP1B
CHEMBL286007,=,=,nM,741.31,,6.13,PTP1B
CHEMBL1086279,=,=,nM,2187.76,,5.66,PTP1B
CHEMBL1086499,=,=,nM,169.82,,6.77,PTP1B
CHEMBL1085070,=,=,nM,109.65,,6.96,PTP1B
CHEMBL1083269,=,=,nM,676.08,,6.17,PTP1B
CHEMBL1083270,=,=,nM,109.65,,6.96,PTP1B
CHEMBL25995,=,=,nM,1071.52,,5.97,PTP1B
CHEMBL24032,=,=,nM,575.44,,6.24,PTP1B
CHEMBL1083271,=,=,nM,120.23,,6.92,PTP1B
CHEMBL1083272,=,=,nM,77.62,,7.11,PTP1B
CHEMBL370307,=,=,nM,120.23,,6.92,PTP1B
CHEMBL190535,=,=,nM,85.11,,7.07,PTP1B
CHEMBL1084830,=,=,nM,1318.26,,5.88,PTP1B
CHEMBL1084870,=,=,nM,53.7,,7.27,PTP1B
CHEMBL280198,=,=,nM,141.25,,6.85,PTP1B
CHEMBL1084871,=,=,nM,95.5,,7.02,PTP1B
CHEMBL24267,=,=,nM,446.68,,6.35,PTP1B
CHEMBL283635,=,=,nM,363.08,,6.44,PTP1B
CHEMBL429385,=,=,nM,70.79,,7.15,PTP1B
CHEMBL278092,=,=,nM,28.84,,7.54,PTP1B
CHEMBL284664,=,=,nM,691.83,,6.16,PTP1B
CHEMBL1082937,=,=,nM,120.23,,6.92,PTP1B
CHEMBL1164300,=,=,nM,6100.0,uM,6.1,PTP1B
CHEMBL1164073,=,=,nM,6300.0,uM,6.3,PTP1B
CHEMBL1163827,=,=,nM,2900.0,uM,2.9,PTP1B
CHEMBL1165715,=,=,nM,14500.0,uM,14.5,PTP1B
CHEMBL1164873,=,=,nM,12600.0,uM,12.6,PTP1B
CHEMBL1164874,=,=,nM,19600.0,uM,19.6,PTP1B
CHEMBL1163709,=,=,nM,7700.0,uM,7.7,PTP1B
CHEMBL1165682,=,=,nM,4700.0,uM,4.7,PTP1B
CHEMBL1164164,=,=,nM,16600.0,uM,16.6,PTP1B
CHEMBL1163992,=,=,nM,5300.0,uM,5.3,PTP1B
CHEMBL1163992,=,=,nM,9600.0,uM,9.6,PTP1B
CHEMBL1164263,=,=,nM,13120.0,uM,13.12,PTP1B
CHEMBL1164174,=,=,nM,12690.0,uM,12.69,PTP1B
CHEMBL1163226,=,=,nM,4600.0,uM,4.6,PTP1B
CHEMBL1164021,=,=,nM,4140.0,uM,4.14,PTP1B
CHEMBL1164299,=,=,nM,2750.0,uM,2.75,PTP1B
CHEMBL1163227,=,=,nM,2360.0,uM,2.36,PTP1B
CHEMBL1163233,=,=,nM,1900.0,uM,1.9,PTP1B
CHEMBL1164828,=,=,nM,2080.0,uM,2.08,PTP1B
CHEMBL1164944,=,=,nM,2610.0,uM,2.61,PTP1B
CHEMBL1164945,=,=,nM,1960.0,uM,1.96,PTP1B
CHEMBL1163235,=,=,nM,1700.0,uM,1.7,PTP1B
CHEMBL1164947,=,=,nM,1420.0,uM,1.42,PTP1B
CHEMBL1164948,=,=,nM,1620.0,uM,1.62,PTP1B
CHEMBL1163236,=,=,nM,330.0,uM,0.33,PTP1B
CHEMBL1163239,=,=,nM,270.0,uM,0.27,PTP1B
CHEMBL1163240,=,=,nM,500.0,uM,0.5,PTP1B
CHEMBL1163241,=,=,nM,11590.0,uM,11.59,PTP1B
CHEMBL1163220,=,=,nM,6580.0,uM,6.58,PTP1B
CHEMBL1164260,=,=,nM,11300.0,uM,11.3,PTP1B
CHEMBL1164260,=,=,nM,15700.0,uM,15.7,PTP1B
CHEMBL374279,=,=,nM,213800.0,uM,213.8,PTP1B
CHEMBL487051,=,=,nM,158490.0,uM,158.49,PTP1B
CHEMBL441861,=,=,nM,144540.0,uM,144.54,PTP1B
CHEMBL484145,=,=,nM,123030.0,uM,123.03,PTP1B
CHEMBL217931,=,=,nM,1258930.0,uM,1258.93,PTP1B
CHEMBL1223582,=,=,nM,25500.0,uM,25.5,PTP1B
CHEMBL611368,=,=,nM,71200.0,uM,71.2,PTP1B
CHEMBL491515,=,=,nM,58700.0,uM,58.7,PTP1B
CHEMBL1223641,=,=,nM,27900.0,uM,27.9,PTP1B
CHEMBL506929,=,=,nM,54500.0,uM,54.5,PTP1B
CHEMBL1223642,=,=,nM,183900.0,uM,183.9,PTP1B
CHEMBL426373,=,=,nM,4400.0,uM,4.4,PTP1B
CHEMBL206710,=,=,nM,4800.0,uM,4.8,PTP1B
CHEMBL1240534,=,=,nM,220.0,uM,0.22,PTP1B
CHEMBL1240789,=,=,nM,1600.0,uM,1.6,PTP1B
CHEMBL1240790,=,=,nM,490.0,uM,0.49,PTP1B
CHEMBL1240791,=,=,nM,1200.0,uM,1.2,PTP1B
CHEMBL1242458,=,=,nM,515.0,nM,515.0,PTP1B
CHEMBL1242552,=,=,nM,201.0,nM,201.0,PTP1B
CHEMBL1242457,=,=,nM,185.0,nM,185.0,PTP1B
CHEMBL1242363,=,=,nM,257.0,nM,257.0,PTP1B
CHEMBL1242362,=,=,nM,82.0,nM,82.0,PTP1B
CHEMBL1242553,=,=,nM,121.0,nM,121.0,PTP1B
CHEMBL1242642,=,=,nM,280.0,nM,280.0,PTP1B
CHEMBL1242643,=,=,nM,187.0,nM,187.0,PTP1B
CHEMBL1242735,=,=,nM,388.0,nM,388.0,PTP1B
CHEMBL1241314,=,=,nM,177.0,nM,177.0,PTP1B
CHEMBL1242736,=,=,nM,395.0,nM,395.0,PTP1B
CHEMBL1242826,=,=,nM,425.0,nM,425.0,PTP1B
CHEMBL1242827,=,=,nM,620.0,nM,620.0,PTP1B
CHEMBL1241469,=,=,nM,551.0,nM,551.0,PTP1B
CHEMBL1241315,=,=,nM,38.0,nM,38.0,PTP1B
CHEMBL1241658,=,=,nM,3200.0,uM,3.2,PTP1B
CHEMBL564124,=,=,nM,51.63,nM,51.63,PTP1B
CHEMBL1241589,,,,,,,PTP1B
CHEMBL1288861,=,=,ug.mL-1,2.97,ug ml-1,2.97,PTP1B
CHEMBL1290156,=,=,ug.mL-1,2.66,ug ml-1,2.66,PTP1B
CHEMBL1288904,=,=,ug.mL-1,69.8,ug ml-1,69.8,PTP1B
CHEMBL1288903,=,=,ug.mL-1,65.3,ug ml-1,65.3,PTP1B
CHEMBL1288902,=,=,ug.mL-1,102.0,ug ml-1,102.0,PTP1B
CHEMBL168,,,,,,,PTP1B
CHEMBL470029,,,,,,,PTP1B
CHEMBL1631518,,,,,,,PTP1B
CHEMBL1631519,,,,,,,PTP1B
CHEMBL1631520,,,,,,,PTP1B
CHEMBL1631521,,,,,,,PTP1B
CHEMBL1631522,,,,,,,PTP1B
CHEMBL1631523,,,,,,,PTP1B
CHEMBL1631524,,,,,,,PTP1B
CHEMBL1631525,,,,,,,PTP1B
CHEMBL498230,,,,,,,PTP1B
CHEMBL1631526,,,,,,,PTP1B
CHEMBL1631527,,,,,,,PTP1B
CHEMBL1631528,,,,,,,PTP1B
CHEMBL1631529,,,,,,,PTP1B
CHEMBL1631530,,,,,,,PTP1B
CHEMBL1631531,,,,,,,PTP1B
CHEMBL1631829,,,,,,,PTP1B
CHEMBL1629738,,,,,,,PTP1B
CHEMBL1631830,,,,,,,PTP1B
CHEMBL1631831,,,,,,,PTP1B
CHEMBL1631828,,,,,,,PTP1B
CHEMBL1631832,,,,,,,PTP1B
CHEMBL1631833,,,,,,,PTP1B
CHEMBL1631834,,,,,,,PTP1B
CHEMBL1631835,,,,,,,PTP1B
CHEMBL1631836,,,,,,,PTP1B
CHEMBL1631837,,,,,,,PTP1B
CHEMBL1631838,,,,,,,PTP1B
CHEMBL1631839,=,=,nM,4110.0,uM,4.11,PTP1B
CHEMBL1631840,=,=,nM,4610.0,uM,4.61,PTP1B
CHEMBL1631841,=,=,nM,6390.0,uM,6.39,PTP1B
CHEMBL1631842,,,,,,,PTP1B
CHEMBL1631843,,,,,,,PTP1B
CHEMBL1631844,=,=,nM,3120.0,uM,3.12,PTP1B
CHEMBL179166,,,,,,,PTP1B
CHEMBL1756,=,=,nM,62400.0,uM,62.4,PTP1B
CHEMBL1642763,>,>,nM,300000.0,uM,300.0,PTP1B
CHEMBL230006,=,=,nM,45800.0,uM,45.8,PTP1B
CHEMBL301982,=,=,nM,13200.0,uM,13.2,PTP1B
CHEMBL508583,=,=,nM,1000.0,uM,1.0,PTP1B
CHEMBL1650889,=,=,nM,190.0,uM,0.19,PTP1B
CHEMBL1650891,=,=,nM,205.0,uM,0.205,PTP1B
CHEMBL1650892,=,=,nM,214.0,uM,0.214,PTP1B
CHEMBL1650893,=,=,nM,217.0,uM,0.217,PTP1B
CHEMBL1650918,=,=,nM,11500.0,uM,11.5,PTP1B
CHEMBL1667953,=,=,nM,28100.0,uM,28.1,PTP1B
CHEMBL1667954,=,=,nM,31200.0,uM,31.2,PTP1B
CHEMBL1667955,=,=,nM,16800.0,uM,16.8,PTP1B
CHEMBL1667956,=,=,nM,42300.0,uM,42.3,PTP1B
CHEMBL1667957,=,=,nM,5100.0,uM,5.1,PTP1B
CHEMBL1667958,=,=,nM,8300.0,uM,8.3,PTP1B
CHEMBL1667959,=,=,nM,7000.0,uM,7.0,PTP1B
CHEMBL1667960,=,=,nM,11200.0,uM,11.2,PTP1B
CHEMBL1667961,>,>,nM,50000.0,uM,50.0,PTP1B
CHEMBL1667962,>,>,nM,50000.0,uM,50.0,PTP1B
CHEMBL1765346,=,=,nM,20.0,nM,20.0,PTP1B
CHEMBL259628,=,=,nM,120.0,nM,120.0,PTP1B
CHEMBL1232829,=,=,nM,8000.0,uM,8.0,PTP1B
CHEMBL1765347,=,=,nM,40.0,nM,40.0,PTP1B
CHEMBL190801,=,=,nM,1600000.0,mM,1.6,PTP1B
CHEMBL193233,=,=,nM,2500.0,uM,2.5,PTP1B
CHEMBL592245,=,=,nM,140.0,nM,140.0,PTP1B
CHEMBL601290,=,=,nM,80.0,nM,80.0,PTP1B
CHEMBL591978,=,=,nM,130.0,nM,130.0,PTP1B
CHEMBL19332,=,=,nM,20000.0,uM,20.0,PTP1B
CHEMBL364328,=,=,nM,20000.0,uM,20.0,PTP1B
CHEMBL1765348,=,=,nM,20000.0,uM,20.0,PTP1B
CHEMBL18927,=,=,nM,20000.0,uM,20.0,PTP1B
CHEMBL1234135,=,=,nM,20000.0,uM,20.0,PTP1B
CHEMBL145280,=,=,nM,40000.0,uM,40.0,PTP1B
CHEMBL1765349,=,=,nM,220.0,nM,220.0,PTP1B
CHEMBL184041,=,=,nM,1600.0,uM,1.6,PTP1B
CHEMBL508583,=,=,nM,1300.0,uM,1.3,PTP1B
CHEMBL1765350,=,=,nM,220.0,uM,0.22,PTP1B
CHEMBL1765359,=,=,nM,3300.0,uM,3.3,PTP1B
CHEMBL1766712,=,=,nM,2230.0,uM,2.23,PTP1B
CHEMBL1779051,=,=,nM,2900.0,uM,2.9,PTP1B
CHEMBL1779050,=,=,nM,5300.0,uM,5.3,PTP1B
CHEMBL1778931,=,=,nM,6900.0,uM,6.9,PTP1B
CHEMBL1778930,=,=,nM,4400.0,uM,4.4,PTP1B
CHEMBL1778929,=,=,nM,7100.0,uM,7.1,PTP1B
CHEMBL1778928,=,=,nM,3400.0,uM,3.4,PTP1B
CHEMBL1778927,=,=,nM,11300.0,uM,11.3,PTP1B
CHEMBL1778926,=,=,nM,8000.0,uM,8.0,PTP1B
CHEMBL1778925,=,=,nM,6000.0,uM,6.0,PTP1B
CHEMBL1778924,=,=,nM,4900.0,uM,4.9,PTP1B
CHEMBL1778923,=,=,nM,6800.0,uM,6.8,PTP1B
CHEMBL1778922,=,=,nM,2600.0,uM,2.6,PTP1B
CHEMBL1778921,=,=,nM,4500.0,uM,4.5,PTP1B
CHEMBL1778920,=,=,nM,3500.0,uM,3.5,PTP1B
CHEMBL1778919,=,=,nM,3400.0,uM,3.4,PTP1B
CHEMBL1778918,=,=,nM,6300.0,uM,6.3,PTP1B
CHEMBL1778917,=,=,nM,26400.0,uM,26.4,PTP1B
CHEMBL1778916,=,=,nM,13900.0,uM,13.9,PTP1B
CHEMBL1778915,>,>,nM,30000.0,uM,30.0,PTP1B
CHEMBL1778914,=,=,nM,6800.0,uM,6.8,PTP1B
CHEMBL1778913,=,=,nM,6200.0,uM,6.2,PTP1B
CHEMBL1778912,=,=,nM,18400.0,uM,18.4,PTP1B
CHEMBL1778911,=,=,nM,2700.0,uM,2.7,PTP1B
CHEMBL1778910,=,=,nM,2400.0,uM,2.4,PTP1B
CHEMBL1778909,=,=,nM,2300.0,uM,2.3,PTP1B
CHEMBL1778908,=,=,nM,4900.0,uM,4.9,PTP1B
CHEMBL1778907,=,=,nM,30000.0,uM,30.0,PTP1B
CHEMBL1778906,>,>,nM,30000.0,uM,30.0,PTP1B
CHEMBL1778905,=,=,nM,10800.0,uM,10.8,PTP1B
CHEMBL1778904,=,=,nM,15200.0,uM,15.2,PTP1B
CHEMBL1778903,=,=,nM,2900.0,uM,2.9,PTP1B
CHEMBL1778902,=,=,nM,3500.0,uM,3.5,PTP1B
CHEMBL1778901,=,=,nM,4200.0,uM,4.2,PTP1B
CHEMBL1778900,=,=,nM,11100.0,uM,11.1,PTP1B
CHEMBL1778899,=,=,nM,9900.0,uM,9.9,PTP1B
CHEMBL1778898,=,=,nM,13700.0,uM,13.7,PTP1B
CHEMBL1779057,=,=,nM,20700.0,uM,20.7,PTP1B
CHEMBL139702,=,=,nM,19100.0,uM,19.1,PTP1B
CHEMBL1779052,=,=,nM,1900.0,uM,1.9,PTP1B
CHEMBL1779053,=,=,nM,7000.0,uM,7.0,PTP1B
CHEMBL1779054,=,=,nM,2600.0,uM,2.6,PTP1B
CHEMBL1779055,=,=,nM,10300.0,uM,10.3,PTP1B
CHEMBL1779056,=,=,nM,2900.0,uM,2.9,PTP1B
CHEMBL169,=,=,nM,3100.0,uM,3.1,PTP1B
CHEMBL1784622,=,=,nM,39670.0,uM,39.67,PTP1B
CHEMBL1782082,=,=,nM,23810.0,uM,23.81,PTP1B
CHEMBL1783771,=,=,nM,27450.0,uM,27.45,PTP1B
CHEMBL1783772,=,=,nM,24160.0,uM,24.16,PTP1B
CHEMBL1783774,=,=,nM,5500.0,uM,5.5,PTP1B
CHEMBL1783773,=,=,nM,2970.0,uM,2.97,PTP1B
CHEMBL1783776,=,=,nM,1500.0,uM,1.5,PTP1B
CHEMBL1783775,=,=,nM,2500.0,uM,2.5,PTP1B
CHEMBL1783777,=,=,nM,8800.0,uM,8.8,PTP1B
CHEMBL1783778,=,=,nM,56780.0,uM,56.78,PTP1B
CHEMBL1783779,=,=,nM,25280.0,uM,25.28,PTP1B
CHEMBL1783780,=,=,nM,28030.0,uM,28.03,PTP1B
CHEMBL1783781,=,=,nM,37310.0,uM,37.31,PTP1B
CHEMBL1783782,=,=,nM,3500.0,uM,3.5,PTP1B
CHEMBL1783783,=,=,nM,4400.0,uM,4.4,PTP1B
CHEMBL1783784,=,=,nM,5250.0,uM,5.25,PTP1B
CHEMBL1783785,=,=,nM,26730.0,uM,26.73,PTP1B
CHEMBL1783767,=,=,nM,22320.0,uM,22.32,PTP1B
CHEMBL1783786,=,=,nM,9100.0,uM,9.1,PTP1B
CHEMBL1783787,=,=,nM,31110.0,uM,31.11,PTP1B
CHEMBL1783788,=,=,nM,4300.0,uM,4.3,PTP1B
CHEMBL1783789,=,=,nM,3400.0,uM,3.4,PTP1B
CHEMBL1783790,=,=,nM,6800.0,uM,6.8,PTP1B
CHEMBL1783771,=,=,nM,27630.0,uM,27.63,PTP1B
CHEMBL1783772,=,=,nM,24290.0,uM,24.29,PTP1B
CHEMBL1783773,=,=,nM,2900.0,uM,2.9,PTP1B
CHEMBL1783774,=,=,nM,5440.0,uM,5.44,PTP1B
CHEMBL1783776,=,=,nM,1510.0,uM,1.51,PTP1B
CHEMBL1783775,=,=,nM,2610.0,uM,2.61,PTP1B
CHEMBL1783778,=,=,nM,56890.0,uM,56.89,PTP1B
CHEMBL1783777,=,=,nM,9000.0,uM,9.0,PTP1B
CHEMBL1783779,=,=,nM,25340.0,uM,25.34,PTP1B
CHEMBL1783780,=,=,nM,28160.0,uM,28.16,PTP1B
CHEMBL1783781,=,=,nM,37460.0,uM,37.46,PTP1B
CHEMBL1783783,=,=,nM,4420.0,uM,4.42,PTP1B
CHEMBL1783782,=,=,nM,3460.0,uM,3.46,PTP1B
CHEMBL1783784,=,=,nM,5350.0,uM,5.35,PTP1B
CHEMBL1783786,=,=,nM,9300.0,uM,9.3,PTP1B
CHEMBL1783785,=,=,nM,26710.0,uM,26.71,PTP1B
CHEMBL1783767,=,=,nM,22360.0,uM,22.36,PTP1B
CHEMBL1783788,=,=,nM,6890.0,uM,6.89,PTP1B
CHEMBL1783787,=,=,nM,31320.0,uM,31.32,PTP1B
CHEMBL1783789,=,=,nM,4200.0,uM,4.2,PTP1B
CHEMBL1783790,=,=,nM,3310.0,uM,3.31,PTP1B
CHEMBL1795944,=,=,nM,67800.0,uM,67.8,PTP1B
CHEMBL1795945,=,=,nM,22300.0,uM,22.3,PTP1B
CHEMBL1795946,=,=,nM,20900.0,uM,20.9,PTP1B
CHEMBL1795947,=,=,nM,15300.0,uM,15.3,PTP1B
CHEMBL1795948,=,=,nM,18500.0,uM,18.5,PTP1B
CHEMBL1795949,=,=,nM,26000.0,uM,26.0,PTP1B
CHEMBL1795950,=,=,nM,5900.0,uM,5.9,PTP1B
CHEMBL1795951,=,=,nM,7100.0,uM,7.1,PTP1B
CHEMBL1795952,>,>,nM,120000.0,uM,120.0,PTP1B
CHEMBL1796989,=,=,nM,16360.0,uM,16.36,PTP1B
CHEMBL1796995,=,=,nM,14930.0,uM,14.93,PTP1B
CHEMBL1796996,=,=,nM,13920.0,uM,13.92,PTP1B
CHEMBL1801400,=,=,nM,10000.0,uM,10.0,PTP1B
CHEMBL1801401,=,=,nM,9000.0,uM,9.0,PTP1B
CHEMBL1801402,=,=,nM,8000.0,uM,8.0,PTP1B
CHEMBL1801403,=,=,nM,16000.0,uM,16.0,PTP1B
CHEMBL1801404,=,=,nM,4000.0,uM,4.0,PTP1B
CHEMBL1801405,=,=,nM,9000.0,uM,9.0,PTP1B
CHEMBL1801406,=,=,nM,9000.0,uM,9.0,PTP1B
CHEMBL1801407,=,=,nM,4000.0,uM,4.0,PTP1B
CHEMBL1801408,=,=,nM,136000.0,uM,136.0,PTP1B
CHEMBL1801409,=,=,nM,6000.0,uM,6.0,PTP1B
CHEMBL1801410,=,=,nM,19000.0,uM,19.0,PTP1B
CHEMBL1801432,=,=,nM,12000.0,uM,12.0,PTP1B
CHEMBL1801433,=,=,nM,12000.0,uM,12.0,PTP1B
CHEMBL1801434,=,=,nM,2300.0,uM,2.3,PTP1B
CHEMBL1801435,=,=,nM,6000.0,uM,6.0,PTP1B
CHEMBL1801436,=,=,nM,33000.0,uM,33.0,PTP1B
CHEMBL1801437,=,=,nM,11000.0,uM,11.0,PTP1B
CHEMBL1801438,=,=,nM,14000.0,uM,14.0,PTP1B
CHEMBL1801411,=,=,nM,1400.0,uM,1.4,PTP1B
CHEMBL1801439,=,=,nM,2000.0,uM,2.0,PTP1B
CHEMBL1801440,=,=,nM,1300.0,uM,1.3,PTP1B
CHEMBL1800272,=,=,nM,120000.0,uM,120.0,PTP1B
CHEMBL579363,=,=,nM,38000.0,uM,38.0,PTP1B
CHEMBL1800273,=,=,nM,118000.0,uM,118.0,PTP1B
CHEMBL1811965,=,=,nM,15200.0,uM,15.2,PTP1B
CHEMBL229670,=,=,nM,19200.0,uM,19.2,PTP1B
CHEMBL454077,=,=,nM,72900.0,uM,72.9,PTP1B
CHEMBL229789,=,=,nM,16500.0,uM,16.5,PTP1B
CHEMBL255890,=,=,nM,22600.0,uM,22.6,PTP1B
CHEMBL1811966,>,>,nM,100000.0,uM,100.0,PTP1B
CHEMBL558103,=,=,nM,29200.0,uM,29.2,PTP1B
CHEMBL1811967,=,=,nM,17200.0,uM,17.2,PTP1B
CHEMBL1811968,=,=,nM,35800.0,uM,35.8,PTP1B
CHEMBL252642,>,>,nM,100000.0,uM,100.0,PTP1B
CHEMBL1811969,=,=,nM,98100.0,uM,98.1,PTP1B
CHEMBL1811970,>,>,nM,100000.0,uM,100.0,PTP1B
CHEMBL1811971,=,=,nM,14900.0,uM,14.9,PTP1B
CHEMBL169,=,=,nM,3600.0,uM,3.6,PTP1B
CHEMBL65369,>,>,nM,100000.0,uM,100.0,PTP1B
CHEMBL1461,>,>,nM,100000.0,uM,100.0,PTP1B
CHEMBL95308,>,>,nM,100000.0,uM,100.0,PTP1B
CHEMBL1822602,=,=,nM,64600.0,uM,64.6,PTP1B
CHEMBL1822603,=,=,nM,60100.0,uM,60.1,PTP1B
CHEMBL1822604,=,=,nM,38700.0,uM,38.7,PTP1B
CHEMBL1822605,=,=,nM,28900.0,uM,28.9,PTP1B
CHEMBL1822606,=,=,nM,8700.0,uM,8.7,PTP1B
CHEMBL1822607,=,=,nM,6700.0,uM,6.7,PTP1B
CHEMBL1822608,=,=,nM,19700.0,uM,19.7,PTP1B
CHEMBL1822609,=,=,nM,19300.0,uM,19.3,PTP1B
CHEMBL1822610,=,=,nM,16600.0,uM,16.6,PTP1B
CHEMBL1823756,=,=,nM,10800.0,uM,10.8,PTP1B
CHEMBL1823754,=,=,nM,24730.0,uM,24.73,PTP1B
CHEMBL1823753,=,=,nM,11070.0,uM,11.07,PTP1B
CHEMBL1823751,=,=,nM,21690.0,uM,21.69,PTP1B
CHEMBL1823750,=,=,nM,14280.0,uM,14.28,PTP1B
CHEMBL1823749,=,=,nM,6550.0,uM,6.55,PTP1B
CHEMBL1823748,>,>,nM,300000.0,uM,300.0,PTP1B
CHEMBL1823752,>,>,nM,300000.0,uM,300.0,PTP1B
CHEMBL1823755,=,=,nM,7910.0,uM,7.91,PTP1B
CHEMBL1823757,=,=,nM,11390.0,uM,11.39,PTP1B
CHEMBL1823758,=,=,nM,8880.0,uM,8.88,PTP1B
CHEMBL1823759,=,=,nM,2490.0,uM,2.49,PTP1B
CHEMBL1823760,=,=,nM,2790.0,uM,2.79,PTP1B
CHEMBL1823761,=,=,nM,3380.0,uM,3.38,PTP1B
CHEMBL1823762,=,=,nM,1250.0,uM,1.25,PTP1B
CHEMBL1823763,=,=,nM,4000.0,uM,4.0,PTP1B
CHEMBL1823956,=,=,nM,2590.0,uM,2.59,PTP1B
CHEMBL1823957,=,=,nM,1770.0,uM,1.77,PTP1B
CHEMBL1823958,=,=,nM,1570.0,uM,1.57,PTP1B
CHEMBL1823959,=,=,nM,4220.0,uM,4.22,PTP1B
CHEMBL1823960,=,=,nM,4710.0,uM,4.71,PTP1B
CHEMBL1823961,=,=,nM,8150.0,uM,8.15,PTP1B
CHEMBL1823962,=,=,nM,5900.0,uM,5.9,PTP1B
CHEMBL1823963,=,=,nM,4450.0,uM,4.45,PTP1B
CHEMBL1823964,=,=,nM,6480.0,uM,6.48,PTP1B
CHEMBL169,=,=,nM,3400.0,uM,3.4,PTP1B
CHEMBL1403981,>,>,nM,100000.0,uM,100.0,PTP1B
CHEMBL1910876,>,>,nM,120000.0,uM,120.0,PTP1B
CHEMBL1910877,>,>,nM,120000.0,uM,120.0,PTP1B
CHEMBL1910878,>,>,nM,120000.0,uM,120.0,PTP1B
CHEMBL1910879,>,>,nM,120000.0,uM,120.0,PTP1B
CHEMBL1910880,>,>,nM,120000.0,uM,120.0,PTP1B
CHEMBL1910881,>,>,nM,120000.0,uM,120.0,PTP1B
CHEMBL1910882,>,>,nM,120000.0,uM,120.0,PTP1B
CHEMBL1910883,=,=,nM,100000.0,uM,100.0,PTP1B
CHEMBL1910884,>,>,nM,120000.0,uM,120.0,PTP1B
CHEMBL1910885,>,>,nM,120000.0,uM,120.0,PTP1B
CHEMBL1910886,>,>,nM,100000.0,uM,100.0,PTP1B
CHEMBL1910887,=,=,nM,48000.0,uM,48.0,PTP1B
CHEMBL1910888,=,=,nM,25000.0,uM,25.0,PTP1B
CHEMBL1910889,>,>,nM,100000.0,uM,100.0,PTP1B
CHEMBL1910962,=,=,nM,73000.0,uM,73.0,PTP1B
CHEMBL1910963,>,>,nM,100000.0,uM,100.0,PTP1B
CHEMBL1910964,>,>,nM,100000.0,uM,100.0,PTP1B
CHEMBL1910965,>,>,nM,100000.0,uM,100.0,PTP1B
CHEMBL1910966,>,>,nM,100000.0,uM,100.0,PTP1B
CHEMBL1910967,>,>,nM,100000.0,uM,100.0,PTP1B
CHEMBL1910968,>,>,nM,100000.0,uM,100.0,PTP1B
CHEMBL1910969,>,>,nM,100000.0,uM,100.0,PTP1B
CHEMBL1923781,=,=,nM,8630.0,uM,8.63,PTP1B
CHEMBL1923782,=,=,nM,2810.0,uM,2.81,PTP1B
CHEMBL1923783,=,=,nM,4260.0,uM,4.26,PTP1B
CHEMBL168,=,=,nM,3840.0,uM,3.84,PTP1B
CHEMBL121,>,>,nM,30000.0,uM,30.0,PTP1B
CHEMBL184041,=,=,nM,410.0,uM,0.41,PTP1B
CHEMBL1935620,=,=,nM,1050.0,uM,1.05,PTP1B
CHEMBL1933093,=,=,nM,570.0,uM,0.57,PTP1B
CHEMBL1935619,=,=,nM,3350.0,uM,3.35,PTP1B
CHEMBL1935618,=,=,nM,2550.0,uM,2.55,PTP1B
CHEMBL1935617,=,=,nM,3800.0,uM,3.8,PTP1B
CHEMBL1935616,=,=,nM,6200.0,uM,6.2,PTP1B
CHEMBL1935615,=,=,nM,3200.0,uM,3.2,PTP1B
CHEMBL1935614,=,=,nM,1050.0,uM,1.05,PTP1B
CHEMBL1935613,=,=,nM,1690.0,uM,1.69,PTP1B
CHEMBL1935612,=,=,nM,1430.0,uM,1.43,PTP1B
CHEMBL1935611,=,=,nM,940.0,uM,0.94,PTP1B
CHEMBL1935610,=,=,nM,1180.0,uM,1.18,PTP1B
CHEMBL1935609,=,=,nM,2030.0,uM,2.03,PTP1B
CHEMBL1935608,=,=,nM,950.0,uM,0.95,PTP1B
CHEMBL1935607,=,=,nM,1150.0,uM,1.15,PTP1B
CHEMBL1935501,=,=,nM,1020.0,uM,1.02,PTP1B
CHEMBL1935500,=,=,nM,1410.0,uM,1.41,PTP1B
CHEMBL1935499,=,=,nM,1180.0,uM,1.18,PTP1B
CHEMBL1935498,=,=,nM,1300.0,uM,1.3,PTP1B
CHEMBL1935497,=,=,nM,1950.0,uM,1.95,PTP1B
CHEMBL1935496,=,=,nM,1200.0,uM,1.2,PTP1B
CHEMBL1935495,=,=,nM,2000.0,uM,2.0,PTP1B
CHEMBL1935494,=,=,nM,2250.0,uM,2.25,PTP1B
CHEMBL1935493,=,=,nM,2200.0,uM,2.2,PTP1B
CHEMBL1935492,=,=,nM,4400.0,uM,4.4,PTP1B
CHEMBL1935491,=,=,nM,5600.0,uM,5.6,PTP1B
CHEMBL1938814,=,=,nM,5.0,uM,0.005,PTP1B
CHEMBL371929,=,=,nM,50.0,nM,50.0,PTP1B
CHEMBL1938815,=,=,nM,288.0,nM,288.0,PTP1B
CHEMBL1938816,=,=,nM,35.0,nM,35.0,PTP1B
CHEMBL1938817,=,=,nM,141.0,nM,141.0,PTP1B
CHEMBL1938818,=,=,nM,47.0,nM,47.0,PTP1B
CHEMBL1938819,=,=,nM,31.0,nM,31.0,PTP1B
CHEMBL1938820,=,=,nM,500.0,nM,500.0,PTP1B
CHEMBL1938821,=,=,nM,470.0,nM,470.0,PTP1B
CHEMBL1938822,=,=,nM,480.0,nM,480.0,PTP1B
CHEMBL1938823,=,=,nM,460.0,nM,460.0,PTP1B
CHEMBL1938824,=,=,nM,17.0,nM,17.0,PTP1B
CHEMBL1938825,=,=,nM,18.0,nM,18.0,PTP1B
CHEMBL1938826,=,=,nM,39.0,nM,39.0,PTP1B
CHEMBL1938827,=,=,nM,41.0,nM,41.0,PTP1B
CHEMBL1938828,=,=,nM,9.0,nM,9.0,PTP1B
CHEMBL1938829,=,=,nM,11.0,nM,11.0,PTP1B
CHEMBL1938830,=,=,nM,35.0,nM,35.0,PTP1B
CHEMBL1938831,=,=,nM,38.0,nM,38.0,PTP1B
CHEMBL1946243,=,=,nM,373000.0,uM,373.0,PTP1B
CHEMBL1946244,=,=,nM,91700.0,uM,91.7,PTP1B
CHEMBL1946245,=,=,nM,217000.0,uM,217.0,PTP1B
CHEMBL1946246,=,=,nM,137000.0,uM,137.0,PTP1B
CHEMBL1946247,=,=,nM,6640.0,uM,6.64,PTP1B
CHEMBL1946248,=,=,nM,135000.0,uM,135.0,PTP1B
CHEMBL1946249,=,=,nM,334000.0,uM,334.0,PTP1B
CHEMBL1946250,>,>,nM,10000000.0,mM,10.0,PTP1B
CHEMBL1946251,>,>,nM,10000000.0,mM,10.0,PTP1B
CHEMBL1946252,>,>,nM,10000000.0,mM,10.0,PTP1B
CHEMBL1946383,>,>,nM,10000000.0,mM,10.0,PTP1B
CHEMBL1946384,>,>,nM,10000000.0,mM,10.0,PTP1B
CHEMBL1946385,>,>,nM,10000000.0,mM,10.0,PTP1B
CHEMBL1946386,>,>,nM,10000000.0,mM,10.0,PTP1B
CHEMBL1946387,>,>,nM,10000000.0,mM,10.0,PTP1B
CHEMBL1946388,>,>,nM,10000000.0,mM,10.0,PTP1B
CHEMBL1946389,>,>,nM,10000000.0,mM,10.0,PTP1B
CHEMBL455453,=,=,nM,23000.0,uM,23.0,PTP1B
CHEMBL519069,=,=,nM,29000.0,uM,29.0,PTP1B
CHEMBL1946281,=,=,nM,100000.0,uM,100.0,PTP1B
CHEMBL455469,=,=,nM,107000.0,uM,107.0,PTP1B
CHEMBL1946998,=,=,nM,3090000.0,uM,3090.0,PTP1B
CHEMBL1945186,=,=,nM,263000.0,uM,263.0,PTP1B
CHEMBL2011707,=,=,nM,9000.0,uM,9.0,PTP1B
CHEMBL2011706,=,=,nM,3000.0,uM,3.0,PTP1B
CHEMBL2011705,=,=,nM,5100.0,uM,5.1,PTP1B
CHEMBL2011704,=,=,nM,2500.0,uM,2.5,PTP1B
CHEMBL2011703,=,=,nM,10900.0,uM,10.9,PTP1B
CHEMBL2011702,=,=,nM,2400.0,uM,2.4,PTP1B
CHEMBL2011701,=,=,nM,1400.0,uM,1.4,PTP1B
CHEMBL2011700,=,=,nM,5600.0,uM,5.6,PTP1B
CHEMBL2011698,=,=,nM,10400.0,uM,10.4,PTP1B
CHEMBL2011699,=,=,nM,2200.0,uM,2.2,PTP1B
CHEMBL8758,=,=,nM,120.0,nM,120.0,PTP1B
CHEMBL1321695,,,,,,,PTP1B
CHEMBL2016653,,,,,,,PTP1B
CHEMBL2016654,,,,,,,PTP1B
CHEMBL2016655,,,,,,,PTP1B
CHEMBL2016656,,,,,,,PTP1B
CHEMBL1290156,=,=,nM,3260.0,umol/L,3.26,PTP1B
CHEMBL2016657,=,=,nM,2020.0,umol/L,2.02,PTP1B
CHEMBL1269420,,,,,,,PTP1B
CHEMBL2016658,,,,,,,PTP1B
CHEMBL2016659,,,,,,,PTP1B
CHEMBL2016660,,,,,,,PTP1B
CHEMBL2016661,,,,,,,PTP1B
CHEMBL2016662,=,=,nM,2450.0,umol/L,2.45,PTP1B
CHEMBL2016663,,,,,,,PTP1B
CHEMBL2016664,,,,,,,PTP1B
CHEMBL2016665,,,,,,,PTP1B
CHEMBL2016666,,,,,,,PTP1B
CHEMBL2016667,,,,,,,PTP1B
CHEMBL2016668,,,,,,,PTP1B
CHEMBL2016669,,,,,,,PTP1B
CHEMBL2016670,,,,,,,PTP1B
CHEMBL253691,,,,,,,PTP1B
CHEMBL501547,,,,,,,PTP1B
CHEMBL481708,,,,,,,PTP1B
CHEMBL2016671,,,,,,,PTP1B
CHEMBL253690,=,=,nM,2420.0,umol/L,2.42,PTP1B
CHEMBL481709,,,,,,,PTP1B
CHEMBL374829,=,=,nM,680.0,umol/L,0.68,PTP1B
CHEMBL2002784,=,=,nM,11000.0,uM,11.0,PTP1B
CHEMBL2035961,=,=,nM,10100.0,uM,10.1,PTP1B
CHEMBL2035962,=,=,nM,8700.0,uM,8.7,PTP1B
CHEMBL2000194,=,=,nM,7930.0,uM,7.93,PTP1B
CHEMBL2057662,>,>,nM,100000.0,uM,100.0,PTP1B
CHEMBL2063149,=,=,nM,6800.0,uM,6.8,PTP1B
CHEMBL2063150,=,=,nM,6800.0,uM,6.8,PTP1B
CHEMBL2063151,=,=,nM,6800.0,uM,6.8,PTP1B
CHEMBL2063152,=,=,nM,6800.0,uM,6.8,PTP1B
CHEMBL2063153,=,=,nM,6800.0,uM,6.8,PTP1B
CHEMBL168,=,=,nM,5600.0,uM,5.6,PTP1B
CHEMBL2062590,>,>,nM,100000.0,uM,100.0,PTP1B
CHEMBL2062591,>,>,nM,100000.0,uM,100.0,PTP1B
CHEMBL2062592,>,>,nM,100000.0,uM,100.0,PTP1B
CHEMBL2062593,=,=,nM,83700.0,uM,83.7,PTP1B
CHEMBL2062594,>,>,nM,100000.0,uM,100.0,PTP1B
CHEMBL2062595,>,>,nM,100000.0,uM,100.0,PTP1B
CHEMBL2062596,>,>,nM,100000.0,uM,100.0,PTP1B
CHEMBL2062597,>,>,nM,100000.0,uM,100.0,PTP1B
CHEMBL2062598,>,>,nM,100000.0,uM,100.0,PTP1B
CHEMBL2062599,>,>,nM,100000.0,uM,100.0,PTP1B
CHEMBL2062707,=,=,nM,68100.0,uM,68.1,PTP1B
CHEMBL2062708,>,>,nM,100000.0,uM,100.0,PTP1B
CHEMBL2062709,>,>,nM,100000.0,uM,100.0,PTP1B
CHEMBL2062528,>,>,nM,100000.0,uM,100.0,PTP1B
CHEMBL2062710,>,>,nM,100000.0,uM,100.0,PTP1B
CHEMBL2062711,>,>,nM,100000.0,uM,100.0,PTP1B
CHEMBL2062712,>,>,nM,100000.0,uM,100.0,PTP1B
CHEMBL2062713,>,>,nM,100000.0,uM,100.0,PTP1B
CHEMBL2062714,>,>,nM,100000.0,uM,100.0,PTP1B
CHEMBL2086414,=,=,nM,6300.0,uM,6.3,PTP1B
CHEMBL169,=,=,nM,3100.0,uM,3.1,PTP1B
CHEMBL391533,=,=,nM,7000.0,uM,7.0,PTP1B
CHEMBL1271052,=,=,nM,20100.0,uM,20.1,PTP1B
CHEMBL2088611,=,=,nM,17400.0,uM,17.4,PTP1B
CHEMBL523622,=,=,nM,7400.0,uM,7.4,PTP1B
CHEMBL426373,=,=,nM,4000.0,uM,4.0,PTP1B
CHEMBL2088612,=,=,nM,18000.0,uM,18.0,PTP1B
CHEMBL179166,=,=,nM,46.0,uM,0.046,PTP1B
CHEMBL2087695,=,=,nM,1300.0,uM,1.3,PTP1B
CHEMBL2087698,=,=,nM,1300.0,uM,1.3,PTP1B
CHEMBL2087696,=,=,nM,1400.0,uM,1.4,PTP1B
CHEMBL2087691,=,=,nM,1500.0,uM,1.5,PTP1B
CHEMBL2087689,=,=,nM,1900.0,uM,1.9,PTP1B
CHEMBL2087693,=,=,nM,2000.0,uM,2.0,PTP1B
CHEMBL2087692,=,=,nM,2400.0,uM,2.4,PTP1B
CHEMBL2087697,=,=,nM,2500.0,uM,2.5,PTP1B
CHEMBL2087683,=,=,nM,2600.0,uM,2.6,PTP1B
CHEMBL2087684,=,=,nM,3300.0,uM,3.3,PTP1B
CHEMBL2087685,=,=,nM,5100.0,uM,5.1,PTP1B
CHEMBL2087687,=,=,nM,5800.0,uM,5.8,PTP1B
CHEMBL2087690,=,=,nM,8600.0,uM,8.6,PTP1B
CHEMBL2087688,=,=,nM,9600.0,uM,9.6,PTP1B
CHEMBL2087686,=,=,nM,9700.0,uM,9.7,PTP1B
CHEMBL2087694,=,=,nM,10400.0,uM,10.4,PTP1B
CHEMBL2087682,=,=,nM,15100.0,uM,15.1,PTP1B
CHEMBL2087681,=,=,nM,22000.0,uM,22.0,PTP1B
CHEMBL2087380,=,=,nM,24500.0,uM,24.5,PTP1B
CHEMBL2087680,=,=,nM,24800.0,uM,24.8,PTP1B
CHEMBL2087674,=,=,nM,38400.0,uM,38.4,PTP1B
CHEMBL2087678,=,=,nM,44400.0,uM,44.4,PTP1B
CHEMBL2087676,=,=,nM,84600.0,uM,84.6,PTP1B
CHEMBL2087377,>,>,nM,100000.0,uM,100.0,PTP1B
CHEMBL2087378,>,>,nM,100000.0,uM,100.0,PTP1B
CHEMBL2087379,>,>,nM,100000.0,uM,100.0,PTP1B
CHEMBL2087381,>,>,nM,100000.0,uM,100.0,PTP1B
CHEMBL2087672,>,>,nM,100000.0,uM,100.0,PTP1B
CHEMBL2087673,>,>,nM,100000.0,uM,100.0,PTP1B
CHEMBL2087675,>,>,nM,100000.0,uM,100.0,PTP1B
CHEMBL2087677,>,>,nM,100000.0,uM,100.0,PTP1B
CHEMBL2087679,>,>,nM,100000.0,uM,100.0,PTP1B
CHEMBL1242827,=,=,nM,620.0,nM,620.0,PTP1B
CHEMBL2087700,=,=,nM,5000.0,uM,5.0,PTP1B
CHEMBL2087699,=,=,nM,4800.0,uM,4.8,PTP1B
CHEMBL394090,>,>,nM,14900.0,uM,14.9,PTP1B
CHEMBL463665,=,=,nM,9100.0,uM,9.1,PTP1B
CHEMBL472646,=,=,nM,13200.0,uM,13.2,PTP1B
CHEMBL169,=,=,nM,2300.0,uM,2.3,PTP1B
CHEMBL168,=,=,nM,9500.0,uM,9.5,PTP1B
CHEMBL2158214,=,=,nM,550.0,uM,0.55,PTP1B
CHEMBL169,=,=,nM,3600.0,uM,3.6,PTP1B
CHEMBL2159045,=,=,nM,7800.0,uM,7.8,PTP1B
CHEMBL2159049,=,=,nM,24200.0,uM,24.2,PTP1B
CHEMBL2159046,=,=,nM,13800.0,uM,13.8,PTP1B
CHEMBL2159047,=,=,nM,4600.0,uM,4.6,PTP1B
CHEMBL2159048,=,=,nM,17400.0,uM,17.4,PTP1B
CHEMBL2159050,>,>,nM,30000.0,uM,30.0,PTP1B
CHEMBL179166,=,=,nM,15200.0,uM,15.2,PTP1B
CHEMBL2206831,=,=,nM,18600.0,uM,18.6,PTP1B
CHEMBL2206347,=,=,nM,20400.0,uM,20.4,PTP1B
CHEMBL2206342,=,=,nM,8300.0,uM,8.3,PTP1B
CHEMBL2206341,=,=,nM,12500.0,uM,12.5,PTP1B
CHEMBL2206340,=,=,nM,19200.0,uM,19.2,PTP1B
CHEMBL2205883,=,=,nM,13200.0,uM,13.2,PTP1B
CHEMBL129681,=,=,nM,3890.0,uM,3.89,PTP1B
CHEMBL2205884,=,=,nM,9270.0,uM,9.27,PTP1B
CHEMBL2205887,=,=,nM,39440.0,uM,39.44,PTP1B
CHEMBL2205886,=,=,nM,5570.0,uM,5.57,PTP1B
CHEMBL2205885,=,=,nM,9040.0,uM,9.04,PTP1B
CHEMBL2205888,=,=,nM,8620.0,uM,8.62,PTP1B
CHEMBL2205889,=,=,nM,28220.0,uM,28.22,PTP1B
CHEMBL2205890,=,=,nM,3610.0,uM,3.61,PTP1B
CHEMBL2205891,>,>,nM,40000.0,uM,40.0,PTP1B
CHEMBL2205892,=,=,nM,9110.0,uM,9.11,PTP1B
CHEMBL2205893,=,=,nM,11650.0,uM,11.65,PTP1B
CHEMBL2205894,=,=,nM,9130.0,uM,9.13,PTP1B
CHEMBL2205895,=,=,nM,1620.0,uM,1.62,PTP1B
CHEMBL2205896,=,=,nM,4110.0,uM,4.11,PTP1B
CHEMBL2205897,=,=,nM,19164.0,uM,19.164,PTP1B
CHEMBL2205898,=,=,nM,13210.0,uM,13.21,PTP1B
CHEMBL1478,=,=,nM,12740.0,uM,12.74,PTP1B
CHEMBL2206072,=,=,nM,1000.0,uM,1.0,PTP1B
CHEMBL2206071,=,=,nM,250.0,uM,0.25,PTP1B
CHEMBL2206070,=,=,nM,270.0,uM,0.27,PTP1B
CHEMBL2203315,=,=,nM,500.0,uM,0.5,PTP1B
CHEMBL2206069,=,=,nM,620.0,uM,0.62,PTP1B
CHEMBL2206068,=,=,nM,820.0,uM,0.82,PTP1B
CHEMBL2206067,=,=,nM,430.0,uM,0.43,PTP1B
CHEMBL2206066,=,=,nM,1350.0,uM,1.35,PTP1B
CHEMBL2206065,=,=,nM,1150.0,uM,1.15,PTP1B
CHEMBL2206064,=,=,nM,200.0,uM,0.2,PTP1B
CHEMBL2206063,=,=,nM,350.0,uM,0.35,PTP1B
CHEMBL2205522,=,=,nM,560.0,uM,0.56,PTP1B
CHEMBL2205521,=,=,nM,260.0,uM,0.26,PTP1B
CHEMBL2205520,=,=,nM,510.0,uM,0.51,PTP1B
CHEMBL2205519,=,=,nM,960.0,uM,0.96,PTP1B
CHEMBL2205518,=,=,nM,610.0,uM,0.61,PTP1B
CHEMBL2205517,=,=,nM,1180.0,uM,1.18,PTP1B
CHEMBL2205516,=,=,nM,1160.0,uM,1.16,PTP1B
CHEMBL2205515,=,=,nM,530.0,uM,0.53,PTP1B
CHEMBL2205514,=,=,nM,2390.0,uM,2.39,PTP1B
CHEMBL2205513,=,=,nM,1370.0,uM,1.37,PTP1B
CHEMBL2205512,=,=,nM,2790.0,uM,2.79,PTP1B
CHEMBL2206077,=,=,nM,1660.0,uM,1.66,PTP1B
CHEMBL2206076,=,=,nM,1850.0,uM,1.85,PTP1B
CHEMBL2206075,=,=,nM,2430.0,uM,2.43,PTP1B
CHEMBL2206074,=,=,nM,1340.0,uM,1.34,PTP1B
CHEMBL2206073,=,=,nM,480.0,uM,0.48,PTP1B
CHEMBL2206738,,,,,,,PTP1B
CHEMBL2206736,=,=,nM,26900.0,uM,26.9,PTP1B
CHEMBL2206735,=,=,nM,41300.0,uM,41.3,PTP1B
CHEMBL2206734,=,=,nM,23400.0,uM,23.4,PTP1B
CHEMBL2206732,=,=,nM,24200.0,uM,24.2,PTP1B
CHEMBL2207338,,,,,,,PTP1B
CHEMBL2207337,=,=,nM,46000.0,uM,46.0,PTP1B
CHEMBL2207336,=,=,nM,9100.0,uM,9.1,PTP1B
CHEMBL2207335,=,=,nM,9000.0,uM,9.0,PTP1B
CHEMBL2206758,,,,,,,PTP1B
CHEMBL2206757,,,,,,,PTP1B
CHEMBL2206756,=,=,nM,6200.0,uM,6.2,PTP1B
CHEMBL2206755,=,=,nM,11600.0,uM,11.6,PTP1B
CHEMBL2206754,=,=,nM,30600.0,uM,30.6,PTP1B
CHEMBL2206753,=,=,nM,12400.0,uM,12.4,PTP1B
CHEMBL2206752,=,=,nM,20600.0,uM,20.6,PTP1B
CHEMBL2206751,=,=,nM,28400.0,uM,28.4,PTP1B
CHEMBL169,=,=,nM,3080.0,uM,3.08,PTP1B
CHEMBL2207339,=,=,nM,13900.0,uM,13.9,PTP1B
CHEMBL179166,=,=,nM,4580.0,uM,4.58,PTP1B
CHEMBL2208259,=,=,nM,2300.0,uM,2.3,PTP1B
CHEMBL2208258,=,=,nM,3370.0,uM,3.37,PTP1B
CHEMBL2208257,=,=,nM,4590.0,uM,4.59,PTP1B
CHEMBL2208256,=,=,nM,3460.0,uM,3.46,PTP1B
CHEMBL2208255,=,=,nM,5700.0,uM,5.7,PTP1B
CHEMBL2208254,=,=,nM,5230.0,uM,5.23,PTP1B
CHEMBL2208253,=,=,nM,6710.0,uM,6.71,PTP1B
CHEMBL2208252,=,=,nM,4410.0,uM,4.41,PTP1B
CHEMBL2208251,=,=,nM,5350.0,uM,5.35,PTP1B
CHEMBL2208250,=,=,nM,9820.0,uM,9.82,PTP1B
CHEMBL2208249,=,=,nM,2800.0,uM,2.8,PTP1B
CHEMBL2208248,=,=,nM,7630.0,uM,7.63,PTP1B
CHEMBL2203337,>,>,nM,60000.0,uM,60.0,PTP1B
CHEMBL2208247,>,>,nM,60000.0,uM,60.0,PTP1B
CHEMBL2208246,>,>,nM,60000.0,uM,60.0,PTP1B
CHEMBL2216806,=,=,nM,480.0,umol/L,0.48,PTP1B
CHEMBL129681,=,=,nM,5730.0,,5.241845,PTP1B
CHEMBL2262828,=,=,nM,150.0,,6.823909,PTP1B
CHEMBL508831,=,=,nM,540.0,,6.267606,PTP1B
CHEMBL506556,=,=,nM,620.0,,6.207608,PTP1B
CHEMBL2262827,=,=,nM,2720.0,,5.565431,PTP1B
CHEMBL2262826,=,=,nM,2670.0,,5.573489,PTP1B
CHEMBL504397,=,=,nM,4579.99,,5.339135,PTP1B
CHEMBL211369,=,=,nM,2330.0,,5.632644,PTP1B
CHEMBL446073,=,=,nM,5970.0,,5.224026,PTP1B
CHEMBL449967,=,=,nM,2860.0,,5.543634,PTP1B
CHEMBL506934,=,=,nM,2890.0,,5.539102,PTP1B
CHEMBL489670,=,=,nM,2850.0,,5.545155,PTP1B
CHEMBL472896,=,=,nM,2610.0,,5.583359,PTP1B
CHEMBL470029,=,=,nM,5320.0,,5.274088,PTP1B
CHEMBL2262830,=,=,nM,630.0,,6.200659,PTP1B
CHEMBL2262829,=,=,nM,820.0,,6.086186,PTP1B
CHEMBL2262837,=,=,nM,660.0,,6.180456,PTP1B
CHEMBL2262836,=,=,nM,440.0,,6.356547,PTP1B
CHEMBL2262835,=,=,nM,600.0,,6.221849,PTP1B
CHEMBL2262834,=,=,nM,520.0,,6.283997,PTP1B
CHEMBL2262833,=,=,nM,530.0,,6.275724,PTP1B
CHEMBL2262832,=,=,nM,650.0,,6.187087,PTP1B
CHEMBL2262831,=,=,nM,550.0,,6.259637,PTP1B
CHEMBL2263115,=,=,nM,450.0,,6.346787,PTP1B
CHEMBL2263114,=,=,nM,570.0,,6.244125,PTP1B
CHEMBL2263113,=,=,nM,610.0,,6.21467,PTP1B
CHEMBL2263112,=,=,nM,510.0,,6.29243,PTP1B
CHEMBL2263111,=,=,nM,560.0,,6.251812,PTP1B
CHEMBL2263110,=,=,nM,550.0,,6.259637,PTP1B
CHEMBL2263109,=,=,nM,590.0,,6.229148,PTP1B
CHEMBL2263108,=,=,nM,4620.0,,5.335358,PTP1B
CHEMBL2263107,=,=,nM,570.0,,6.244125,PTP1B
CHEMBL2262838,=,=,nM,590.0,,6.229148,PTP1B
CHEMBL2263120,=,=,nM,720.0,,6.142668,PTP1B
CHEMBL2263119,=,=,nM,780.0,,6.107905,PTP1B
CHEMBL2263118,=,=,nM,880.0,,6.055517,PTP1B
CHEMBL2263117,=,=,nM,1330.0,,5.876148,PTP1B
CHEMBL2263116,=,=,nM,2100.0,,5.677781,PTP1B
CHEMBL445301,=,=,nM,8610.0,,5.064997,PTP1B
CHEMBL487412,=,=,nM,4440.0,,5.352617,PTP1B
CHEMBL510912,=,=,nM,8100.0,,5.091515,PTP1B
CHEMBL461165,=,=,nM,9200.0,,5.036212,PTP1B
CHEMBL461344,=,=,nM,4760.0,,5.322393,PTP1B
CHEMBL511000,=,=,nM,3090.0,,5.510042,PTP1B
CHEMBL2263122,=,=,nM,16350.01,,4.786482,PTP1B
CHEMBL457064,=,=,nM,15439.99,,4.811353,PTP1B
CHEMBL2263121,=,=,nM,3310.0,,5.480172,PTP1B
CHEMBL481854,=,=,nM,12380.01,,4.907279,PTP1B
CHEMBL437964,=,=,nM,8040.0,,5.094744,PTP1B
CHEMBL391533,=,=,nM,5490.0,,5.260428,PTP1B
CHEMBL169,=,=,nM,3080.0,,5.511449,PTP1B
CHEMBL168,=,=,nM,5050.1,,5.2967,PTP1B
CHEMBL129681,=,=,nM,5730.0,uM,5.73,PTP1B
CHEMBL2262828,=,=,nM,150.0,uM,0.15,PTP1B
CHEMBL508831,=,=,nM,540.0,uM,0.54,PTP1B
CHEMBL506556,=,=,nM,620.0,uM,0.62,PTP1B
CHEMBL2262827,=,=,nM,2720.0,uM,2.72,PTP1B
CHEMBL2262826,=,=,nM,2670.0,uM,2.67,PTP1B
CHEMBL504397,=,=,nM,4580.0,uM,4.58,PTP1B
CHEMBL211369,=,=,nM,2330.0,uM,2.33,PTP1B
CHEMBL446073,=,=,nM,5970.0,uM,5.97,PTP1B
CHEMBL449967,=,=,nM,2860.0,uM,2.86,PTP1B
CHEMBL506934,=,=,nM,2890.0,uM,2.89,PTP1B
CHEMBL489670,=,=,nM,2850.0,uM,2.85,PTP1B
CHEMBL472896,=,=,nM,2610.0,uM,2.61,PTP1B
CHEMBL470029,=,=,nM,5320.0,uM,5.32,PTP1B
CHEMBL2262830,=,=,nM,630.0,uM,0.63,PTP1B
CHEMBL2262829,=,=,nM,820.0,uM,0.82,PTP1B
CHEMBL2262837,=,=,nM,660.0,uM,0.66,PTP1B
CHEMBL2262836,=,=,nM,440.0,uM,0.44,PTP1B
CHEMBL2262835,=,=,nM,600.0,uM,0.6,PTP1B
CHEMBL2262834,=,=,nM,520.0,uM,0.52,PTP1B
CHEMBL2262833,=,=,nM,530.0,uM,0.53,PTP1B
CHEMBL2262832,=,=,nM,650.0,uM,0.65,PTP1B
CHEMBL2262831,=,=,nM,550.0,uM,0.55,PTP1B
CHEMBL2263115,=,=,nM,450.0,uM,0.45,PTP1B
CHEMBL2263114,=,=,nM,570.0,uM,0.57,PTP1B
CHEMBL2263113,=,=,nM,610.0,uM,0.61,PTP1B
CHEMBL2263112,=,=,nM,510.0,uM,0.51,PTP1B
CHEMBL2263111,=,=,nM,560.0,uM,0.56,PTP1B
CHEMBL2263110,=,=,nM,550.0,uM,0.55,PTP1B
CHEMBL2263109,=,=,nM,590.0,uM,0.59,PTP1B
CHEMBL2263108,=,=,nM,4620.0,uM,4.62,PTP1B
CHEMBL2263107,=,=,nM,570.0,uM,0.57,PTP1B
CHEMBL2262838,=,=,nM,590.0,uM,0.59,PTP1B
CHEMBL2263120,=,=,nM,720.0,uM,0.72,PTP1B
CHEMBL2263119,=,=,nM,780.0,uM,0.78,PTP1B
CHEMBL2263118,=,=,nM,880.0,uM,0.88,PTP1B
CHEMBL2263117,=,=,nM,1330.0,uM,1.33,PTP1B
CHEMBL2263116,=,=,nM,2100.0,uM,2.1,PTP1B
CHEMBL445301,=,=,nM,8610.0,uM,8.61,PTP1B
CHEMBL487412,=,=,nM,4440.0,uM,4.44,PTP1B
CHEMBL510912,=,=,nM,8100.0,uM,8.1,PTP1B
CHEMBL461165,=,=,nM,9200.0,uM,9.2,PTP1B
CHEMBL461344,=,=,nM,4760.0,uM,4.76,PTP1B
CHEMBL511000,=,=,nM,3090.0,uM,3.09,PTP1B
CHEMBL2263122,=,=,nM,16350.0,uM,16.35,PTP1B
CHEMBL457064,=,=,nM,15440.0,uM,15.44,PTP1B
CHEMBL2263121,=,=,nM,3310.0,uM,3.31,PTP1B
CHEMBL481854,=,=,nM,12380.0,uM,12.38,PTP1B
CHEMBL437964,=,=,nM,8040.0,uM,8.04,PTP1B
CHEMBL391533,=,=,nM,5490.0,uM,5.49,PTP1B
CHEMBL169,=,=,nM,3080.0,uM,3.08,PTP1B
CHEMBL168,=,=,nM,3370.0,uM,3.37,PTP1B
CHEMBL2259736,=,=,nM,86500.0,uM,86.5,PTP1B
CHEMBL2259735,=,=,nM,62700.0,uM,62.7,PTP1B
CHEMBL2259731,=,=,nM,165000.0,uM,165.0,PTP1B
CHEMBL2259730,=,=,nM,88000.0,uM,88.0,PTP1B
CHEMBL2259743,=,=,nM,275000.0,uM,275.0,PTP1B
CHEMBL2259742,=,=,nM,485000.0,uM,485.0,PTP1B
CHEMBL2259741,=,=,nM,67000.0,uM,67.0,PTP1B
CHEMBL2259740,=,=,nM,69000.0,uM,69.0,PTP1B
CHEMBL2259739,=,=,nM,87000.0,uM,87.0,PTP1B
CHEMBL2259738,=,=,nM,91000.0,uM,91.0,PTP1B
CHEMBL2259737,=,=,nM,70000.0,uM,70.0,PTP1B
CHEMBL208486,=,=,nM,81000.0,uM,81.0,PTP1B
CHEMBL208485,=,=,nM,76000.0,uM,76.0,PTP1B
CHEMBL1765347,=,=,nM,39994.47,,4.398,PTP1B
CHEMBL382311,=,=,nM,179887.09,,3.745,PTP1B
CHEMBL2296750,=,=,nM,5997910.76,,2.222,PTP1B
CHEMBL2296751,=,=,nM,1499684.84,,2.824,PTP1B
CHEMBL2296752,=,=,nM,14996848.36,,1.824,PTP1B
CHEMBL2296753,=,=,nM,1199499.3,,2.921,PTP1B
CHEMBL2297004,=,=,nM,69984199.6,,1.155,PTP1B
CHEMBL2297005,=,=,nM,100000000.0,,1.0,PTP1B
CHEMBL2297006,=,=,nM,100000000.0,,1.0,PTP1B
CHEMBL2297007,=,=,nM,339625.27,,3.469,PTP1B
CHEMBL2297008,=,=,nM,169824.37,,3.77,PTP1B
CHEMBL2297009,=,=,nM,169824.37,,3.77,PTP1B
CHEMBL2297010,=,=,nM,169824.37,,3.77,PTP1B
CHEMBL2297011,=,=,nM,179887.09,,3.745,PTP1B
CHEMBL2297012,=,=,nM,149968.48,,3.824,PTP1B
CHEMBL2297013,=,=,nM,660693.45,,3.18,PTP1B
CHEMBL2297014,=,=,nM,100000000.0,,1.0,PTP1B
CHEMBL2297015,=,=,nM,2697739.43,,2.569,PTP1B
CHEMBL2295854,=,=,nM,1399587.32,,2.854,PTP1B
CHEMBL2297016,=,=,nM,1599558.03,,2.796,PTP1B
CHEMBL2297017,=,=,nM,790678.63,,3.102,PTP1B
CHEMBL2297020,=,=,nM,1000000.0,,3.0,PTP1B
CHEMBL2297018,=,=,nM,1798870.92,,2.745,PTP1B
CHEMBL2297019,=,=,nM,100000000.0,,1.0,PTP1B
CHEMBL196526,=,=,nM,1749846.69,,2.757,PTP1B
CHEMBL373105,=,=,nM,15995580.29,,1.796,PTP1B
CHEMBL193691,=,=,nM,2999162.52,,2.523,PTP1B
CHEMBL2316896,=,=,nM,8000.0,uM,8.0,PTP1B
CHEMBL2316895,=,=,nM,8400.0,uM,8.4,PTP1B
CHEMBL2316894,=,=,nM,7400.0,uM,7.4,PTP1B
CHEMBL2316898,=,=,nM,60000.0,uM,60.0,PTP1B
CHEMBL2316897,=,=,nM,12000.0,uM,12.0,PTP1B
CHEMBL2311593,=,=,nM,8000.0,uM,8.0,PTP1B
CHEMBL2316901,>,>,nM,50000.0,uM,50.0,PTP1B
CHEMBL2316899,>,>,nM,50000.0,uM,50.0,PTP1B
CHEMBL2316900,>,>,nM,100000.0,uM,100.0,PTP1B
CHEMBL2316903,=,=,nM,14600.0,uM,14.6,PTP1B
CHEMBL2316904,=,=,nM,12000.0,uM,12.0,PTP1B
CHEMBL2316905,=,=,nM,6300.0,uM,6.3,PTP1B
CHEMBL2316909,>,>,nM,30000.0,uM,30.0,PTP1B
CHEMBL2316910,=,=,nM,5200.0,uM,5.2,PTP1B
CHEMBL2316906,=,=,nM,4500.0,uM,4.5,PTP1B
CHEMBL2316902,=,=,nM,6700.0,uM,6.7,PTP1B
CHEMBL2316907,=,=,nM,5100.0,uM,5.1,PTP1B
CHEMBL2316908,=,=,nM,1200.0,uM,1.2,PTP1B
CHEMBL1951709,>,>,nM,50000.0,uM,50.0,PTP1B
CHEMBL1951708,=,=,nM,24500.0,uM,24.5,PTP1B
CHEMBL1951707,=,=,nM,19700.0,uM,19.7,PTP1B
CHEMBL2313420,=,=,nM,13100.0,uM,13.1,PTP1B
CHEMBL2313419,=,=,nM,8400.0,uM,8.4,PTP1B
CHEMBL2313418,=,=,nM,27800.0,uM,27.8,PTP1B
CHEMBL1949694,>,>,nM,50000.0,uM,50.0,PTP1B
CHEMBL2313417,>,>,nM,50000.0,uM,50.0,PTP1B
CHEMBL2313416,>,>,nM,50000.0,uM,50.0,PTP1B
CHEMBL2313415,>,>,nM,50000.0,uM,50.0,PTP1B
CHEMBL375563,=,=,nM,23600.0,uM,23.6,PTP1B
CHEMBL2313414,=,=,nM,15200.0,uM,15.2,PTP1B
CHEMBL2313423,=,=,nM,24500.0,uM,24.5,PTP1B
CHEMBL2313422,=,=,nM,49000.0,uM,49.0,PTP1B
CHEMBL2313421,=,=,nM,23000.0,uM,23.0,PTP1B
CHEMBL294467,=,=,nM,22000.0,uM,22.0,PTP1B
CHEMBL168,=,=,nM,2600.0,uM,2.6,PTP1B
CHEMBL2322191,=,=,nM,15300.0,uM,15.3,PTP1B
CHEMBL2322192,=,=,nM,19500.0,uM,19.5,PTP1B
CHEMBL2322193,=,=,nM,22700.0,uM,22.7,PTP1B
CHEMBL426373,=,=,nM,5620.0,uM,5.62,PTP1B
CHEMBL169,=,=,nM,2750.0,uM,2.75,PTP1B
CHEMBL2332436,=,=,nM,14700.0,uM,14.7,PTP1B
CHEMBL2332435,=,=,nM,10400.0,uM,10.4,PTP1B
CHEMBL2332431,=,=,nM,35700.0,uM,35.7,PTP1B
CHEMBL2332430,=,=,nM,45600.0,uM,45.6,PTP1B
CHEMBL2332880,=,=,nM,35100.0,uM,35.1,PTP1B
CHEMBL2332439,=,=,nM,35200.0,uM,35.2,PTP1B
CHEMBL2332437,=,=,nM,42500.0,uM,42.5,PTP1B
CHEMBL168,=,=,nM,1100.0,uM,1.1,PTP1B
CHEMBL2347643,=,=,nM,3600.0,uM,3.6,PTP1B
CHEMBL1232829,=,=,nM,8000.0,uM,8.0,PTP1B
CHEMBL2349152,=,=,nM,3200.0,uM,3.2,PTP1B
CHEMBL2349151,=,=,nM,8100.0,uM,8.1,PTP1B
CHEMBL2349150,=,=,nM,8300.0,uM,8.3,PTP1B
CHEMBL179166,=,=,nM,8540.0,uM,8.54,PTP1B
CHEMBL2375458,,,,,,,PTP1B
CHEMBL2375457,,,,,,,PTP1B
CHEMBL2375456,=,=,nM,16100.0,uM,16.1,PTP1B
CHEMBL2375455,=,=,nM,560.0,uM,0.56,PTP1B
CHEMBL2375454,=,=,nM,9210.0,uM,9.21,PTP1B
CHEMBL2375453,,,,,,,PTP1B
CHEMBL2375452,,,,,,,PTP1B
CHEMBL2375451,,,,,,,PTP1B
CHEMBL1783812,,,,,,,PTP1B
CHEMBL2375450,,,,,,,PTP1B
CHEMBL2375449,,,,,,,PTP1B
CHEMBL2375448,=,=,nM,12200.0,uM,12.2,PTP1B
CHEMBL2375472,,,,,,,PTP1B
CHEMBL2375471,=,=,nM,1910.0,uM,1.91,PTP1B
CHEMBL2375470,,,,,,,PTP1B
CHEMBL2375469,,,,,,,PTP1B
CHEMBL2375468,,,,,,,PTP1B
CHEMBL2375467,,,,,,,PTP1B
CHEMBL2375466,,,,,,,PTP1B
CHEMBL2375465,,,,,,,PTP1B
CHEMBL2375464,,,,,,,PTP1B
CHEMBL2375463,,,,,,,PTP1B
CHEMBL2375462,,,,,,,PTP1B
CHEMBL2375461,,,,,,,PTP1B
CHEMBL2375460,,,,,,,PTP1B
CHEMBL2375459,,,,,,,PTP1B
CHEMBL498230,,,,,,,PTP1B
CHEMBL2386063,=,=,nM,2420.0,uM,2.42,PTP1B
CHEMBL2386232,,,,,,,PTP1B
CHEMBL2386231,,,,,,,PTP1B
CHEMBL2386230,,,,,,,PTP1B
CHEMBL2386229,,,,,,,PTP1B
CHEMBL2386228,,,,,,,PTP1B
CHEMBL2386225,,,,,,,PTP1B
CHEMBL2386224,,,,,,,PTP1B
CHEMBL2386227,,,,,,,PTP1B
CHEMBL2386226,,,,,,,PTP1B
CHEMBL2386223,,,,,,,PTP1B
CHEMBL2386222,,,,,,,PTP1B
CHEMBL2386221,,,,,,,PTP1B
CHEMBL2386220,,,,,,,PTP1B
CHEMBL2386219,,,,,,,PTP1B
CHEMBL2386218,=,=,nM,1500.0,uM,1.5,PTP1B
CHEMBL2386217,,,,,,,PTP1B
CHEMBL2386216,=,=,nM,2000.0,uM,2.0,PTP1B
CHEMBL252676,,,,,,,PTP1B
CHEMBL2386215,,,,,,,PTP1B
CHEMBL2386065,,,,,,,PTP1B
CHEMBL2386064,,,,,,,PTP1B
CHEMBL2396719,=,=,nM,10000.0,uM,10.0,PTP1B
CHEMBL2396718,=,=,nM,1700.0,uM,1.7,PTP1B
CHEMBL168,=,=,ug.mL-1,1.17,ug ml-1,1.17,PTP1B
CHEMBL2414206,>=,>=,ug.mL-1,20.0,ug ml-1,20.0,PTP1B
CHEMBL470654,=,=,nM,6330.0,uM,6.33,PTP1B
CHEMBL2414205,=,=,nM,15400.0,uM,15.4,PTP1B
CHEMBL2414204,=,=,nM,27200.0,uM,27.2,PTP1B
CHEMBL2414203,>=,>=,ug.mL-1,20.0,ug ml-1,20.0,PTP1B
CHEMBL2414202,=,=,nM,26600.0,uM,26.6,PTP1B
CHEMBL2414201,>=,>=,ug.mL-1,20.0,ug ml-1,20.0,PTP1B
CHEMBL2414200,>=,>=,ug.mL-1,20.0,ug ml-1,20.0,PTP1B
CHEMBL2414199,>=,>=,ug.mL-1,20.0,ug ml-1,20.0,PTP1B
CHEMBL2414198,>=,>=,ug.mL-1,20.0,ug ml-1,20.0,PTP1B
CHEMBL2414197,=,=,nM,5950.0,uM,5.95,PTP1B
CHEMBL2419074,=,=,nM,44980.0,uM,44.98,PTP1B
CHEMBL2419073,=,=,nM,31420.0,uM,31.42,PTP1B
CHEMBL2419072,=,=,nM,4540.0,uM,4.54,PTP1B
CHEMBL2419071,=,=,nM,29680.0,uM,29.68,PTP1B
CHEMBL2419070,=,=,nM,22380.0,uM,22.38,PTP1B
CHEMBL2419069,,,,,,,PTP1B
CHEMBL2419068,=,=,nM,27960.0,uM,27.96,PTP1B
CHEMBL2418908,,,,,,,PTP1B
CHEMBL2418907,,,,,,,PTP1B
CHEMBL2418906,,,,,,,PTP1B
CHEMBL2418904,,,,,,,PTP1B
CHEMBL2419096,,,,,,,PTP1B
CHEMBL2419095,,,,,,,PTP1B
CHEMBL2419094,,,,,,,PTP1B
CHEMBL2419093,=,=,nM,29000.0,uM,29.0,PTP1B
CHEMBL2419092,,,,,,,PTP1B
CHEMBL2419091,,,,,,,PTP1B
CHEMBL168,=,=,nM,3020.0,uM,3.02,PTP1B
CHEMBL2419090,=,=,nM,24080.0,uM,24.08,PTP1B
CHEMBL2419089,,,,,,,PTP1B
CHEMBL2419088,=,=,nM,35230.0,uM,35.23,PTP1B
CHEMBL2419087,=,=,nM,78190.0,uM,78.19,PTP1B
CHEMBL2419084,,,,,,,PTP1B
CHEMBL2419082,,,,,,,PTP1B
CHEMBL2419081,,,,,,,PTP1B
CHEMBL2419080,=,=,nM,22560.0,uM,22.56,PTP1B
CHEMBL2419079,=,=,nM,24880.0,uM,24.88,PTP1B
CHEMBL2419078,=,=,nM,25620.0,uM,25.62,PTP1B
CHEMBL2419077,=,=,nM,48180.0,uM,48.18,PTP1B
CHEMBL2419076,=,=,nM,33420.0,uM,33.42,PTP1B
CHEMBL2419075,,,,,,,PTP1B
CHEMBL2419101,,,,,,,PTP1B
CHEMBL2419100,,,,,,,PTP1B
CHEMBL2419099,,,,,,,PTP1B
CHEMBL2419098,=,=,nM,11010.0,uM,11.01,PTP1B
CHEMBL2419097,=,=,nM,17500.0,uM,17.5,PTP1B
CHEMBL2418905,,,,,,,PTP1B
CHEMBL2419086,,,,,,,PTP1B
CHEMBL2419085,,,,,,,PTP1B
CHEMBL2419083,=,=,nM,14830.0,uM,14.83,PTP1B
CHEMBL2424688,=,=,nM,2098.94,,5.678,PTP1B
CHEMBL2424687,=,=,nM,349.95,,6.456,PTP1B
CHEMBL171632,=,=,nM,5701.64,,5.244,PTP1B
CHEMBL2424686,=,=,nM,3396.25,,5.469,PTP1B
CHEMBL2424685,=,=,nM,3198.9,,5.495,PTP1B
CHEMBL2424684,=,=,nM,2798.98,,5.553,PTP1B
CHEMBL2424683,=,=,nM,3899.42,,5.409,PTP1B
CHEMBL2424682,=,=,nM,2398.83,,5.62,PTP1B
CHEMBL2424715,=,=,nM,11091.75,,4.955,PTP1B
CHEMBL2424714,=,=,nM,1698.24,,5.77,PTP1B
CHEMBL2424713,=,=,nM,8203.52,,5.086,PTP1B
CHEMBL2424712,=,=,nM,1599.56,,5.796,PTP1B
CHEMBL2424711,=,=,nM,2798.98,,5.553,PTP1B
CHEMBL2424710,=,=,nM,17498.47,,4.757,PTP1B
CHEMBL2424709,=,=,nM,2301.44,,5.638,PTP1B
CHEMBL2424708,=,=,nM,6095.37,,5.215,PTP1B
CHEMBL2424707,=,=,nM,3899.42,,5.409,PTP1B
CHEMBL2424706,=,=,nM,15812.48,,4.801,PTP1B
CHEMBL2424705,=,=,nM,22698.65,,4.644,PTP1B
CHEMBL2424704,=,=,nM,3597.49,,5.444,PTP1B
CHEMBL2424703,=,=,nM,6194.41,,5.208,PTP1B
CHEMBL2424702,=,=,nM,2197.86,,5.658,PTP1B
CHEMBL2424701,=,=,nM,2897.34,,5.538,PTP1B
CHEMBL2424700,=,=,nM,4497.8,,5.347,PTP1B
CHEMBL2424699,=,=,nM,2398.83,,5.62,PTP1B
CHEMBL2424698,=,=,nM,4897.79,,5.31,PTP1B
CHEMBL2424697,=,=,nM,1499.68,,5.824,PTP1B
CHEMBL2424696,=,=,nM,6998.42,,5.155,PTP1B
CHEMBL2424695,=,=,nM,8203.52,,5.086,PTP1B
CHEMBL2424694,=,=,nM,2897.34,,5.538,PTP1B
CHEMBL2424661,=,=,nM,1099.01,,5.959,PTP1B
CHEMBL2424693,=,=,nM,1300.17,,5.886,PTP1B
CHEMBL2424692,=,=,nM,4395.42,,5.357,PTP1B
CHEMBL2424691,=,=,nM,1999.86,,5.699,PTP1B
CHEMBL2424690,=,=,nM,1999.86,,5.699,PTP1B
CHEMBL364604,=,=,nM,5597.58,,5.252,PTP1B
CHEMBL2424689,=,=,nM,10399.2,,4.983,PTP1B
CHEMBL2424688,=,=,nM,2100.0,uM,2.1,PTP1B
CHEMBL2424687,=,=,nM,350.0,uM,0.35,PTP1B
CHEMBL171632,=,=,nM,5700.0,uM,5.7,PTP1B
CHEMBL2424686,=,=,nM,3400.0,uM,3.4,PTP1B
CHEMBL2424685,=,=,nM,3200.0,uM,3.2,PTP1B
CHEMBL2424684,=,=,nM,2800.0,uM,2.8,PTP1B
CHEMBL2424683,=,=,nM,3900.0,uM,3.9,PTP1B
CHEMBL2424682,=,=,nM,2400.0,uM,2.4,PTP1B
CHEMBL2424715,=,=,nM,11100.0,uM,11.1,PTP1B
CHEMBL2424714,=,=,nM,1700.0,uM,1.7,PTP1B
CHEMBL2424713,=,=,nM,8200.0,uM,8.2,PTP1B
CHEMBL2424712,=,=,nM,1600.0,uM,1.6,PTP1B
CHEMBL2424711,=,=,nM,2800.0,uM,2.8,PTP1B
CHEMBL2424710,=,=,nM,17500.0,uM,17.5,PTP1B
CHEMBL2424709,=,=,nM,2300.0,uM,2.3,PTP1B
CHEMBL2424708,=,=,nM,6100.0,uM,6.1,PTP1B
CHEMBL2424707,=,=,nM,3900.0,uM,3.9,PTP1B
CHEMBL2424706,=,=,nM,15800.0,uM,15.8,PTP1B
CHEMBL2424705,=,=,nM,22700.0,uM,22.7,PTP1B
CHEMBL2424704,=,=,nM,3600.0,uM,3.6,PTP1B
CHEMBL2424703,=,=,nM,6200.0,uM,6.2,PTP1B
CHEMBL2424702,=,=,nM,2200.0,uM,2.2,PTP1B
CHEMBL2424701,=,=,nM,2900.0,uM,2.9,PTP1B
CHEMBL2424700,=,=,nM,4500.0,uM,4.5,PTP1B
CHEMBL2424699,=,=,nM,2400.0,uM,2.4,PTP1B
CHEMBL2424698,=,=,nM,4900.0,uM,4.9,PTP1B
CHEMBL2424697,=,=,nM,1500.0,uM,1.5,PTP1B
CHEMBL2424689,=,=,nM,10400.0,uM,10.4,PTP1B
CHEMBL2424691,=,=,nM,2000.0,uM,2.0,PTP1B
CHEMBL2424692,=,=,nM,4400.0,uM,4.4,PTP1B
CHEMBL2424693,=,=,nM,1300.0,uM,1.3,PTP1B
CHEMBL2424661,=,=,nM,1100.0,uM,1.1,PTP1B
CHEMBL2424694,=,=,nM,2900.0,uM,2.9,PTP1B
CHEMBL2424695,=,=,nM,8200.0,uM,8.2,PTP1B
CHEMBL2424696,=,=,nM,7000.0,uM,7.0,PTP1B
CHEMBL364604,=,=,nM,5600.0,uM,5.6,PTP1B
CHEMBL2424690,=,=,nM,2000.0,uM,2.0,PTP1B
CHEMBL187460,=,=,nM,33500.0,uM,33.5,PTP1B
CHEMBL2430578,=,=,nM,7300.0,uM,7.3,PTP1B
CHEMBL2430577,=,=,nM,4100.0,uM,4.1,PTP1B
CHEMBL611317,=,=,nM,3900.0,uM,3.9,PTP1B
CHEMBL611611,=,=,nM,3700.0,uM,3.7,PTP1B
CHEMBL2430578,=,=,nM,8300.0,uM,8.3,PTP1B
CHEMBL2430577,=,=,nM,1900.0,uM,1.9,PTP1B
CHEMBL611317,=,=,nM,2500.0,uM,2.5,PTP1B
CHEMBL611611,=,=,nM,1200.0,uM,1.2,PTP1B
CHEMBL2436044,=,=,nM,2560.0,uM,2.56,PTP1B
CHEMBL2436043,=,=,nM,770.0,uM,0.77,PTP1B
CHEMBL2436042,=,=,nM,1120.0,uM,1.12,PTP1B
CHEMBL2436041,=,=,nM,1420.0,uM,1.42,PTP1B
CHEMBL2436040,=,=,nM,1620.0,uM,1.62,PTP1B
CHEMBL2436039,=,=,nM,1180.0,uM,1.18,PTP1B
CHEMBL2436038,=,=,nM,710.0,uM,0.71,PTP1B
CHEMBL2436037,=,=,nM,540.0,uM,0.54,PTP1B
CHEMBL2436036,=,=,nM,2820.0,uM,2.82,PTP1B
CHEMBL2436035,=,=,nM,4180.0,uM,4.18,PTP1B
CHEMBL2436034,=,=,nM,2280.0,uM,2.28,PTP1B
CHEMBL2436033,=,=,nM,5560.0,uM,5.56,PTP1B
CHEMBL2436032,=,=,nM,1010.0,uM,1.01,PTP1B
CHEMBL2436031,=,=,nM,2680.0,uM,2.68,PTP1B
CHEMBL2436030,=,=,nM,1170.0,uM,1.17,PTP1B
CHEMBL2436029,=,=,nM,3790.0,uM,3.79,PTP1B
CHEMBL2436028,=,=,nM,4880.0,uM,4.88,PTP1B
CHEMBL2436027,=,=,nM,6000.0,uM,6.0,PTP1B
CHEMBL2436026,=,=,nM,8120.0,uM,8.12,PTP1B
CHEMBL2436025,=,=,nM,4420.0,uM,4.42,PTP1B
CHEMBL2436024,=,=,nM,10550.0,uM,10.55,PTP1B
CHEMBL2436023,=,=,nM,8790.0,uM,8.79,PTP1B
CHEMBL2436022,=,=,nM,10890.0,uM,10.89,PTP1B
CHEMBL2436021,=,=,nM,8440.0,uM,8.44,PTP1B
CHEMBL2436020,=,=,nM,9540.0,uM,9.54,PTP1B
CHEMBL2436019,=,=,nM,13460.0,uM,13.46,PTP1B
CHEMBL2436018,=,=,nM,14690.0,uM,14.69,PTP1B
CHEMBL2436017,=,=,nM,9320.0,uM,9.32,PTP1B
CHEMBL168,=,=,nM,2010.0,uM,2.01,PTP1B
CHEMBL426373,=,=,nM,4600.0,uM,4.6,PTP1B
CHEMBL2437364,=,=,nM,36200.0,uM,36.2,PTP1B
CHEMBL2437363,=,=,nM,90500.0,uM,90.5,PTP1B
CHEMBL600457,=,=,nM,66300.0,uM,66.3,PTP1B
CHEMBL469824,=,=,nM,70000.0,uM,70.0,PTP1B
CHEMBL480477,=,=,nM,73400.0,uM,73.4,PTP1B
CHEMBL463947,=,=,nM,75100.0,uM,75.1,PTP1B
CHEMBL2437377,=,=,nM,52200.0,uM,52.2,PTP1B
CHEMBL256340,=,=,nM,62400.0,uM,62.4,PTP1B
CHEMBL462721,=,=,nM,37500.0,uM,37.5,PTP1B
CHEMBL2437373,=,=,nM,32600.0,uM,32.6,PTP1B
CHEMBL561840,=,=,nM,44300.0,uM,44.3,PTP1B
CHEMBL141207,=,=,nM,57000.0,uM,57.0,PTP1B
CHEMBL362378,=,=,nM,74100.0,uM,74.1,PTP1B
CHEMBL2437370,=,=,nM,59500.0,uM,59.5,PTP1B
CHEMBL253467,=,=,nM,27300.0,uM,27.3,PTP1B
CHEMBL2437369,=,=,nM,23900.0,uM,23.9,PTP1B
CHEMBL2437368,=,=,nM,11500.0,uM,11.5,PTP1B
CHEMBL2437367,=,=,nM,6000.0,uM,6.0,PTP1B
CHEMBL3087457,=,=,nM,9700.0,uM,9.7,PTP1B
CHEMBL3087456,=,=,nM,8900.0,uM,8.9,PTP1B
CHEMBL3087455,=,=,nM,10300.0,uM,10.3,PTP1B
CHEMBL406596,=,=,nM,8500.0,uM,8.5,PTP1B
CHEMBL259888,=,=,nM,8200.0,uM,8.2,PTP1B
CHEMBL3087459,=,=,nM,15200.0,uM,15.2,PTP1B
CHEMBL3088258,=,=,nM,3900.0,uM,3.9,PTP1B
CHEMBL3088256,=,=,nM,23900.0,uM,23.9,PTP1B
CHEMBL3088252,=,=,nM,1300.0,uM,1.3,PTP1B
CHEMBL3088269,=,=,nM,10000.0,uM,10.0,PTP1B
CHEMBL3088268,=,=,nM,10200.0,uM,10.2,PTP1B
CHEMBL3088264,=,=,nM,10400.0,uM,10.4,PTP1B
CHEMBL3088263,=,=,nM,40300.0,uM,40.3,PTP1B
CHEMBL324232,=,=,nM,870.0,uM,0.87,PTP1B
CHEMBL169,=,=,nM,4120.0,uM,4.12,PTP1B
CHEMBL3088126,>,>,nM,30000.0,uM,30.0,PTP1B
CHEMBL3088127,>,>,nM,30000.0,uM,30.0,PTP1B
CHEMBL3088128,>,>,nM,30000.0,uM,30.0,PTP1B
CHEMBL3088129,>,>,nM,30000.0,uM,30.0,PTP1B
CHEMBL3088131,,,,,,,PTP1B
CHEMBL3088130,=,=,nM,19560.0,uM,19.56,PTP1B
CHEMBL482240,,,,,,,PTP1B
CHEMBL454592,=,=,nM,16820.0,uM,16.82,PTP1B
CHEMBL361362,=,=,nM,15010.0,uM,15.01,PTP1B
CHEMBL460862,=,=,nM,18690.0,uM,18.69,PTP1B
CHEMBL227187,>,>,nM,30000.0,uM,30.0,PTP1B
CHEMBL1688937,=,=,nM,21860.0,uM,21.86,PTP1B
CHEMBL3088132,,,,,,,PTP1B
CHEMBL3088133,,,,,,,PTP1B
CHEMBL3098857,=,=,nM,2200.0,uM,2.2,PTP1B
CHEMBL3098856,=,=,nM,1600.0,uM,1.6,PTP1B
CHEMBL3098855,=,=,nM,3900.0,uM,3.9,PTP1B
CHEMBL3098854,=,=,nM,2800.0,uM,2.8,PTP1B
CHEMBL3098853,=,=,nM,1700.0,uM,1.7,PTP1B
CHEMBL3098852,=,=,nM,1500.0,uM,1.5,PTP1B
CHEMBL3098851,=,=,nM,4600.0,uM,4.6,PTP1B
CHEMBL3098850,=,=,nM,7500.0,uM,7.5,PTP1B
CHEMBL3098946,=,=,nM,4600.0,uM,4.6,PTP1B
CHEMBL3098945,=,=,nM,4000.0,uM,4.0,PTP1B
CHEMBL3098944,=,=,nM,1100.0,uM,1.1,PTP1B
CHEMBL3098943,=,=,nM,24600.0,uM,24.6,PTP1B
CHEMBL3098942,=,=,nM,2600.0,uM,2.6,PTP1B
CHEMBL3098941,=,=,nM,9500.0,uM,9.5,PTP1B
CHEMBL1814100,=,=,nM,245000.0,uM,245.0,PTP1B
CHEMBL3220994,=,=,nM,7000.0,uM,7.0,PTP1B
CHEMBL1814103,=,=,nM,41000.0,uM,41.0,PTP1B
CHEMBL3220995,=,=,nM,88000.0,uM,88.0,PTP1B
CHEMBL193233,=,=,nM,2470.0,uM,2.47,PTP1B
CHEMBL3219384,=,=,nM,1000.0,uM,1.0,PTP1B
CHEMBL3220065,=,=,nM,7600.0,uM,7.6,PTP1B
CHEMBL3220069,=,=,nM,9390.0,uM,9.39,PTP1B
CHEMBL3220071,=,=,nM,7470.0,uM,7.47,PTP1B
CHEMBL3220072,=,=,nM,9910.0,uM,9.91,PTP1B
CHEMBL3220078,=,=,nM,8060.0,uM,8.06,PTP1B
CHEMBL3219595,=,=,nM,4420.0,uM,4.42,PTP1B
CHEMBL3219336,>,>,nM,36000.0,uM,36.0,PTP1B
CHEMBL3219342,>,>,nM,40000.0,uM,40.0,PTP1B
CHEMBL3219343,>,>,nM,40000.0,uM,40.0,PTP1B
CHEMBL3219344,>,>,nM,40000.0,uM,40.0,PTP1B
CHEMBL3219345,>,>,nM,40000.0,uM,40.0,PTP1B
CHEMBL3219331,=,=,nM,19850.0,uM,19.85,PTP1B
CHEMBL3219332,=,=,nM,17890.0,uM,17.89,PTP1B
CHEMBL3219333,=,=,nM,8920.0,uM,8.92,PTP1B
CHEMBL3219334,=,=,nM,16090.0,uM,16.09,PTP1B
CHEMBL3219335,=,=,nM,11370.0,uM,11.37,PTP1B
CHEMBL2436017,=,=,nM,9320.0,uM,9.32,PTP1B
CHEMBL3219337,=,=,nM,18020.0,uM,18.02,PTP1B
CHEMBL3219338,=,=,nM,9440.0,uM,9.44,PTP1B
CHEMBL3219339,=,=,nM,19020.0,uM,19.02,PTP1B
CHEMBL3219340,=,=,nM,23880.0,uM,23.88,PTP1B
CHEMBL3219341,=,=,nM,13000.0,uM,13.0,PTP1B
CHEMBL3219346,=,=,nM,12390.0,uM,12.39,PTP1B
CHEMBL3219581,=,=,nM,15860.0,uM,15.86,PTP1B
CHEMBL3219582,=,=,nM,7100.0,uM,7.1,PTP1B
CHEMBL3219583,=,=,nM,12480.0,uM,12.48,PTP1B
CHEMBL3219584,=,=,nM,9660.0,uM,9.66,PTP1B
CHEMBL3219585,=,=,nM,5601.0,uM,5.601,PTP1B
CHEMBL3219586,=,=,nM,1600.0,uM,1.6,PTP1B
CHEMBL3219587,=,=,nM,2080.0,uM,2.08,PTP1B
CHEMBL3219588,=,=,nM,3010.0,uM,3.01,PTP1B
CHEMBL3219589,=,=,nM,5940.0,uM,5.94,PTP1B
CHEMBL3219590,=,=,nM,3680.0,uM,3.68,PTP1B
CHEMBL3219591,=,=,nM,5430.0,uM,5.43,PTP1B
CHEMBL3219592,=,=,nM,2320.0,uM,2.32,PTP1B
CHEMBL3219593,=,=,nM,3050.0,uM,3.05,PTP1B
CHEMBL3219594,=,=,nM,2450.0,uM,2.45,PTP1B
CHEMBL1765367,=,=,nM,19000.0,uM,19.0,PTP1B
CHEMBL3218926,=,=,nM,5000.0,uM,5.0,PTP1B
CHEMBL3218925,=,=,nM,4600.0,uM,4.6,PTP1B
CHEMBL2023985,=,=,nM,4800.0,uM,4.8,PTP1B
CHEMBL1829864,=,=,nM,6200.0,uM,6.2,PTP1B
CHEMBL1829872,=,=,nM,4900.0,uM,4.9,PTP1B
CHEMBL1829871,=,=,nM,5200.0,uM,5.2,PTP1B
CHEMBL3235601,=,=,nM,9970.0,uM,9.97,PTP1B
CHEMBL3235602,=,=,nM,9710.0,uM,9.71,PTP1B
CHEMBL3235603,=,=,nM,16850.0,uM,16.85,PTP1B
CHEMBL3235604,=,=,nM,6440.0,uM,6.44,PTP1B
CHEMBL1232829,=,=,nM,6810.0,uM,6.81,PTP1B
CHEMBL3234641,=,=,nM,17230.0,uM,17.23,PTP1B
CHEMBL3234642,=,=,nM,15870.0,uM,15.87,PTP1B
CHEMBL3234643,=,=,nM,6530.0,uM,6.53,PTP1B
CHEMBL3234644,=,=,nM,16560.0,uM,16.56,PTP1B
CHEMBL3234645,=,=,nM,5670.0,uM,5.67,PTP1B
CHEMBL3234646,=,=,nM,26490.0,uM,26.49,PTP1B
CHEMBL3234647,=,=,nM,10360.0,uM,10.36,PTP1B
CHEMBL3234648,=,=,nM,1030.0,uM,1.03,PTP1B
CHEMBL3234649,=,=,nM,780.0,uM,0.78,PTP1B
CHEMBL3234650,=,=,nM,3120.0,uM,3.12,PTP1B
CHEMBL3234651,=,=,nM,20370.0,uM,20.37,PTP1B
CHEMBL179166,=,=,nM,7830.0,uM,7.83,PTP1B
CHEMBL3238181,=,=,nM,19270.0,uM,19.27,PTP1B
CHEMBL3238182,,,,,,,PTP1B
CHEMBL3238183,=,=,nM,11990.0,uM,11.99,PTP1B
CHEMBL3238184,,,,,,,PTP1B
CHEMBL3238185,,,,,,,PTP1B
CHEMBL3238186,=,=,nM,18970.0,uM,18.97,PTP1B
CHEMBL3238187,=,=,nM,12520.0,uM,12.52,PTP1B
CHEMBL3238188,=,=,nM,16540.0,uM,16.54,PTP1B
CHEMBL3238189,,,,,,,PTP1B
CHEMBL3238190,,,,,,,PTP1B
CHEMBL3238191,=,=,nM,9500.0,uM,9.5,PTP1B
CHEMBL3238192,,,,,,,PTP1B
CHEMBL3238193,=,=,nM,5040.0,uM,5.04,PTP1B
CHEMBL3238194,=,=,nM,2650.0,uM,2.65,PTP1B
CHEMBL3238195,=,=,nM,2340.0,uM,2.34,PTP1B
CHEMBL3238196,=,=,nM,14630.0,uM,14.63,PTP1B
CHEMBL3238197,=,=,nM,12160.0,uM,12.16,PTP1B
CHEMBL189302,=,=,nM,18540.0,uM,18.54,PTP1B
CHEMBL3238198,,,,,,,PTP1B
CHEMBL3238199,,,,,,,PTP1B
CHEMBL3238200,=,=,nM,10240.0,uM,10.24,PTP1B
CHEMBL3238201,=,=,nM,4610.0,uM,4.61,PTP1B
CHEMBL3238202,=,=,nM,11050.0,uM,11.05,PTP1B
CHEMBL3238203,=,=,nM,5370.0,uM,5.37,PTP1B
CHEMBL3238204,=,=,nM,5960.0,uM,5.96,PTP1B
CHEMBL3238205,=,=,nM,7140.0,uM,7.14,PTP1B
CHEMBL3238206,=,=,nM,26540.0,uM,26.54,PTP1B
CHEMBL168,=,=,nM,1900.0,uM,1.9,PTP1B
CHEMBL3298765,<,<,nM,10000.0,uM,10.0,PTP1B
CHEMBL3298766,<,<,nM,10000.0,uM,10.0,PTP1B
CHEMBL3298767,<,<,nM,10000.0,uM,10.0,PTP1B
CHEMBL3298768,<,<,nM,10000.0,uM,10.0,PTP1B
CHEMBL3298769,<,<,nM,10000.0,uM,10.0,PTP1B
CHEMBL3298770,<,<,nM,10000.0,uM,10.0,PTP1B
CHEMBL3298771,<,<,nM,10000.0,uM,10.0,PTP1B
CHEMBL3298772,<,<,nM,10000.0,uM,10.0,PTP1B
CHEMBL3298773,<,<,nM,10000.0,uM,10.0,PTP1B
CHEMBL3298774,<,<,nM,10000.0,uM,10.0,PTP1B
CHEMBL3298775,<,<,nM,10000.0,uM,10.0,PTP1B
CHEMBL3298776,<,<,nM,10000.0,uM,10.0,PTP1B
CHEMBL3298777,<,<,nM,10000.0,uM,10.0,PTP1B
CHEMBL3298778,<,<,nM,10000.0,uM,10.0,PTP1B
CHEMBL3298779,<,<,nM,10000.0,uM,10.0,PTP1B
CHEMBL3298780,<,<,nM,10000.0,uM,10.0,PTP1B
CHEMBL3298781,<,<,nM,10000.0,uM,10.0,PTP1B
CHEMBL3298782,<,<,nM,10000.0,uM,10.0,PTP1B
CHEMBL3298783,<,<,nM,10000.0,uM,10.0,PTP1B
CHEMBL3298784,<,<,nM,10000.0,uM,10.0,PTP1B
CHEMBL3298785,<,<,nM,10000.0,uM,10.0,PTP1B
CHEMBL3298988,<,<,nM,10000.0,uM,10.0,PTP1B
CHEMBL3353037,=,=,nM,8200.0,uM,8.2,PTP1B
CHEMBL3353035,=,=,nM,8200.0,uM,8.2,PTP1B
CHEMBL179166,,,,,,,PTP1B
CHEMBL168,=,=,nM,3020.0,uM,3.02,PTP1B
CHEMBL3356400,=,=,nM,49970.0,uM,49.97,PTP1B
CHEMBL489548,=,=,nM,41700.0,uM,41.7,PTP1B
CHEMBL524098,=,=,nM,10340.0,uM,10.34,PTP1B
CHEMBL3356399,=,=,nM,3800.0,uM,3.8,PTP1B
CHEMBL3356398,=,=,nM,11010.0,uM,11.01,PTP1B
CHEMBL1223852,=,=,nM,3850.0,uM,3.85,PTP1B
CHEMBL3356397,=,=,nM,50020.0,uM,50.02,PTP1B
CHEMBL1644111,=,=,nM,32600.0,uM,32.6,PTP1B
CHEMBL3356396,=,=,nM,2300.0,uM,2.3,PTP1B
CHEMBL3309976,=,=,nM,29800.0,uM,29.8,PTP1B
CHEMBL3310427,=,=,nM,11300.0,uM,11.3,PTP1B
CHEMBL3310428,=,=,nM,14200.0,uM,14.2,PTP1B
CHEMBL3310429,=,=,nM,8100.0,uM,8.1,PTP1B
CHEMBL3310430,=,=,nM,5300.0,uM,5.3,PTP1B
CHEMBL3310431,=,=,nM,4900.0,uM,4.9,PTP1B
CHEMBL3310432,=,=,nM,7600.0,uM,7.6,PTP1B
CHEMBL3310433,=,=,nM,22300.0,uM,22.3,PTP1B
CHEMBL3310434,=,=,nM,8100.0,uM,8.1,PTP1B
CHEMBL3310435,=,=,nM,8200.0,uM,8.2,PTP1B
CHEMBL3310436,=,=,nM,17000.0,uM,17.0,PTP1B
CHEMBL3310437,=,=,nM,4600.0,uM,4.6,PTP1B
CHEMBL3310438,=,=,nM,12300.0,uM,12.3,PTP1B
CHEMBL3310439,=,=,nM,10000.0,uM,10.0,PTP1B
CHEMBL3310440,=,=,nM,10300.0,uM,10.3,PTP1B
CHEMBL3310441,=,=,nM,12100.0,uM,12.1,PTP1B
CHEMBL3310442,=,=,nM,7900.0,uM,7.9,PTP1B
CHEMBL3310443,=,=,nM,9700.0,uM,9.7,PTP1B
CHEMBL3310444,>,>,nM,30000.0,uM,30.0,PTP1B
CHEMBL3310445,=,=,nM,6600.0,uM,6.6,PTP1B
CHEMBL3310446,=,=,nM,12200.0,uM,12.2,PTP1B
CHEMBL3310447,>,>,nM,30000.0,uM,30.0,PTP1B
CHEMBL3310448,>,>,nM,30000.0,uM,30.0,PTP1B
CHEMBL3310449,>,>,nM,30000.0,uM,30.0,PTP1B
CHEMBL3310450,=,=,nM,22700.0,uM,22.7,PTP1B
CHEMBL3310451,=,=,nM,20600.0,uM,20.6,PTP1B
CHEMBL3310452,>,>,nM,30000.0,uM,30.0,PTP1B
CHEMBL3310453,>,>,nM,30000.0,uM,30.0,PTP1B
CHEMBL3310454,=,=,nM,6400.0,uM,6.4,PTP1B
CHEMBL3310455,>,>,nM,30000.0,uM,30.0,PTP1B
CHEMBL3310865,=,=,nM,12000.0,uM,12.0,PTP1B
CHEMBL3310866,=,=,nM,9600.0,uM,9.6,PTP1B
CHEMBL3310867,=,=,nM,7200.0,uM,7.2,PTP1B
CHEMBL3310868,=,=,nM,29300.0,uM,29.3,PTP1B
CHEMBL3319356,=,=,nM,2290.0,uM,2.29,PTP1B
CHEMBL3309766,=,=,nM,2800.0,uM,2.8,PTP1B
CHEMBL3309767,=,=,nM,20000.0,uM,20.0,PTP1B
CHEMBL3309773,=,=,ug.mL-1,7.5,ug ml-1,7.5,PTP1B
CHEMBL3309774,=,=,ug.mL-1,12.3,ug ml-1,12.3,PTP1B
CHEMBL3309776,=,=,ug.mL-1,9.2,ug ml-1,9.2,PTP1B
CHEMBL3309777,=,=,ug.mL-1,11.4,ug ml-1,11.4,PTP1B
CHEMBL3309778,=,=,ug.mL-1,14.0,ug ml-1,14.0,PTP1B
CHEMBL3309783,=,=,ug.mL-1,13.9,ug ml-1,13.9,PTP1B
CHEMBL3309786,>,>,ug.mL-1,20.0,ug ml-1,20.0,PTP1B
CHEMBL3309787,=,=,ug.mL-1,8.1,ug ml-1,8.1,PTP1B
CHEMBL3309788,>,>,ug.mL-1,20.0,ug ml-1,20.0,PTP1B
CHEMBL3309789,=,=,ug.mL-1,3.1,ug ml-1,3.1,PTP1B
CHEMBL3309790,=,=,ug.mL-1,2.4,ug ml-1,2.4,PTP1B
CHEMBL3309791,=,=,ug.mL-1,9.4,ug ml-1,9.4,PTP1B
CHEMBL3309792,=,=,ug.mL-1,6.5,ug ml-1,6.5,PTP1B
CHEMBL3309793,=,=,ug.mL-1,45.2,ug ml-1,45.2,PTP1B
CHEMBL169,=,=,nM,4000.0,uM,4.0,PTP1B
CHEMBL1577887,,,,,,,PTP1B
CHEMBL3317595,,,,,,,PTP1B
CHEMBL3317596,=,=,nM,6430.0,uM,6.43,PTP1B
CHEMBL3317597,,,,,,,PTP1B
CHEMBL3317598,,,,,,,PTP1B
CHEMBL3317599,=,=,nM,6540.0,uM,6.54,PTP1B
CHEMBL3317600,,,,,,,PTP1B
CHEMBL3317601,,,,,,,PTP1B
CHEMBL3317602,=,=,nM,7320.0,uM,7.32,PTP1B
CHEMBL3317603,,,,,,,PTP1B
CHEMBL3317604,=,=,nM,7120.0,uM,7.12,PTP1B
CHEMBL3317605,=,=,nM,14760.0,uM,14.76,PTP1B
CHEMBL3317606,,,,,,,PTP1B
CHEMBL3322833,=,=,ug.mL-1,4.14,ug ml-1,4.14,PTP1B
CHEMBL3322830,=,=,ug.mL-1,3.48,ug ml-1,3.48,PTP1B
CHEMBL3322831,=,=,ug.mL-1,8.26,ug ml-1,8.26,PTP1B
CHEMBL3322832,=,=,ug.mL-1,5.88,ug ml-1,5.88,PTP1B
CHEMBL3322829,=,=,ug.mL-1,4.07,ug ml-1,4.07,PTP1B
CHEMBL3322834,=,=,ug.mL-1,6.24,ug ml-1,6.24,PTP1B
CHEMBL3322835,=,=,ug.mL-1,7.47,ug ml-1,7.47,PTP1B
CHEMBL3322837,=,=,ug.mL-1,8.75,ug ml-1,8.75,PTP1B
CHEMBL3322838,=,=,ug.mL-1,4.25,ug ml-1,4.25,PTP1B
CHEMBL3322839,=,=,ug.mL-1,0.85,ug ml-1,0.85,PTP1B
CHEMBL3322840,=,=,ug.mL-1,1.67,ug ml-1,1.67,PTP1B
CHEMBL3322841,=,=,ug.mL-1,4.63,ug ml-1,4.63,PTP1B
CHEMBL3322842,=,=,ug.mL-1,4.2,ug ml-1,4.2,PTP1B
CHEMBL3322843,=,=,ug.mL-1,5.44,ug ml-1,5.44,PTP1B
CHEMBL3322844,=,=,ug.mL-1,3.63,ug ml-1,3.63,PTP1B
CHEMBL3322845,=,=,ug.mL-1,4.03,ug ml-1,4.03,PTP1B
CHEMBL3322846,=,=,ug.mL-1,5.14,ug ml-1,5.14,PTP1B
CHEMBL3322847,=,=,ug.mL-1,1.88,ug ml-1,1.88,PTP1B
CHEMBL3322848,=,=,ug.mL-1,5.33,ug ml-1,5.33,PTP1B
CHEMBL3322849,=,=,ug.mL-1,3.75,ug ml-1,3.75,PTP1B
CHEMBL3322850,=,=,ug.mL-1,2.9,ug ml-1,2.9,PTP1B
CHEMBL3322851,=,=,ug.mL-1,3.34,ug ml-1,3.34,PTP1B
CHEMBL3322853,=,=,ug.mL-1,1.69,ug ml-1,1.69,PTP1B
CHEMBL3322854,=,=,ug.mL-1,4.13,ug ml-1,4.13,PTP1B
CHEMBL3322855,=,=,ug.mL-1,1.36,ug ml-1,1.36,PTP1B
CHEMBL3322856,=,=,ug.mL-1,8.04,ug ml-1,8.04,PTP1B
CHEMBL3322857,=,=,ug.mL-1,1.96,ug ml-1,1.96,PTP1B
CHEMBL3322858,=,=,ug.mL-1,3.2,ug ml-1,3.2,PTP1B
CHEMBL168,=,=,ug.mL-1,0.85,ug ml-1,0.85,PTP1B
CHEMBL168,=,=,nM,9500.0,uM,9.5,PTP1B
CHEMBL486822,=,=,nM,21500.0,uM,21.5,PTP1B
CHEMBL3126477,=,=,nM,16200.0,uM,16.2,PTP1B
CHEMBL3343061,=,=,nM,17800.0,uM,17.8,PTP1B
CHEMBL3343062,=,=,nM,6100.0,uM,6.1,PTP1B
CHEMBL400074,=,=,nM,9600.0,uM,9.6,PTP1B
CHEMBL3343063,=,=,nM,8600.0,uM,8.6,PTP1B
CHEMBL3343064,=,=,nM,5300.0,uM,5.3,PTP1B
CHEMBL3343065,=,=,nM,36500.0,uM,36.5,PTP1B
CHEMBL1774309,=,=,nM,38800.0,uM,38.8,PTP1B
CHEMBL3360905,=,=,nM,2100.0,uM,2.1,PTP1B
CHEMBL3360906,>,>,nM,100000.0,uM,100.0,PTP1B
CHEMBL3360908,=,=,nM,63800.0,uM,63.8,PTP1B
CHEMBL168,=,=,nM,1030.0,uM,1.03,PTP1B
CHEMBL3393519,=,=,nM,7470.0,uM,7.47,PTP1B
CHEMBL3393517,=,=,nM,7450.0,uM,7.45,PTP1B
CHEMBL3394773,=,=,nM,700.0,uM,0.7,PTP1B
CHEMBL169,=,=,nM,3500.0,uM,3.5,PTP1B
CHEMBL3394772,=,=,nM,19400.0,uM,19.4,PTP1B
CHEMBL3394771,=,=,nM,21600.0,uM,21.6,PTP1B
CHEMBL3394770,=,=,nM,11500.0,uM,11.5,PTP1B
CHEMBL3394769,=,=,nM,4600.0,uM,4.6,PTP1B
CHEMBL3394769,=,=,nM,15900.0,uM,15.9,PTP1B
CHEMBL3397812,>,>,nM,40000.0,uM,40.0,PTP1B
CHEMBL3397811,>,>,nM,40000.0,uM,40.0,PTP1B
CHEMBL3397813,>,>,nM,35000.0,uM,35.0,PTP1B
CHEMBL2347643,=,=,nM,3580.0,uM,3.58,PTP1B
CHEMBL3397814,>,>,nM,40000.0,uM,40.0,PTP1B
CHEMBL3397815,>,>,nM,50000.0,uM,50.0,PTP1B
CHEMBL168,=,=,nM,1170.0,uM,1.17,PTP1B
CHEMBL3400663,=,=,nM,19800.0,uM,19.8,PTP1B
CHEMBL3400664,=,=,nM,24720.0,uM,24.72,PTP1B
CHEMBL3400665,=,=,nM,27830.0,uM,27.83,PTP1B
CHEMBL3400666,=,=,nM,19180.0,uM,19.18,PTP1B
CHEMBL508649,=,=,nM,20300.0,uM,20.3,PTP1B
CHEMBL3400667,=,=,nM,28890.0,uM,28.89,PTP1B
CHEMBL426373,=,=,nM,4490.0,uM,4.49,PTP1B
CHEMBL3402408,=,=,nM,5180.0,uM,5.18,PTP1B
CHEMBL3402407,=,=,nM,4430.0,uM,4.43,PTP1B
CHEMBL3402406,=,=,nM,23460.0,uM,23.46,PTP1B
CHEMBL3402405,=,=,nM,26350.0,uM,26.35,PTP1B
CHEMBL3402404,=,=,nM,6550.0,uM,6.55,PTP1B
CHEMBL3402419,=,=,nM,2730.0,uM,2.73,PTP1B
CHEMBL3402418,=,=,nM,2680.0,uM,2.68,PTP1B
CHEMBL3402417,=,=,nM,8850.0,uM,8.85,PTP1B
CHEMBL3402416,,,,,,,PTP1B
CHEMBL3402415,=,=,nM,7260.0,uM,7.26,PTP1B
CHEMBL168,=,=,nM,3020.0,uM,3.02,PTP1B
CHEMBL3402414,=,=,nM,4270.0,uM,4.27,PTP1B
CHEMBL3402413,=,=,nM,590.0,uM,0.59,PTP1B
CHEMBL3402412,=,=,nM,10120.0,uM,10.12,PTP1B
CHEMBL3402411,=,=,nM,9700.0,uM,9.7,PTP1B
CHEMBL3402410,=,=,nM,9120.0,uM,9.12,PTP1B
CHEMBL3402409,=,=,nM,4680.0,uM,4.68,PTP1B
CHEMBL1711961,=,=,ug.mL-1,3.97,ug ml-1,3.97,PTP1B
CHEMBL1718454,=,=,ug.mL-1,1.43,ug ml-1,1.43,PTP1B
CHEMBL457257,=,=,ug.mL-1,11.55,ug ml-1,11.55,PTP1B
CHEMBL3402554,=,=,ug.mL-1,9.59,ug ml-1,9.59,PTP1B
CHEMBL68727,=,=,ug.mL-1,10.42,ug ml-1,10.42,PTP1B
CHEMBL24171,=,=,ug.mL-1,2.53,ug ml-1,2.53,PTP1B
CHEMBL82242,=,=,ug.mL-1,17.49,ug ml-1,17.49,PTP1B
CHEMBL69018,=,=,ug.mL-1,8.22,ug ml-1,8.22,PTP1B
CHEMBL168,=,=,ug.mL-1,1.17,ug ml-1,1.17,PTP1B
CHEMBL458094,=,=,ug.mL-1,2.47,ug ml-1,2.47,PTP1B
CHEMBL3402548,=,=,ug.mL-1,0.82,ug ml-1,0.82,PTP1B
CHEMBL3402550,=,=,ug.mL-1,4.42,ug ml-1,4.42,PTP1B
CHEMBL494083,=,=,ug.mL-1,1.97,ug ml-1,1.97,PTP1B
CHEMBL1722838,=,=,ug.mL-1,1.67,ug ml-1,1.67,PTP1B
CHEMBL115452,=,=,nM,21500.0,uM,21.5,PTP1B
CHEMBL3410508,=,=,nM,2900.0,uM,2.9,PTP1B
CHEMBL3410507,=,=,nM,2490.0,uM,2.49,PTP1B
CHEMBL3426913,=,=,nM,12800.0,uM,12.8,PTP1B
CHEMBL1882430,>,>,nM,100000.0,uM,100.0,PTP1B
CHEMBL3426931,=,=,nM,240.0,nM,240.0,PTP1B
CHEMBL508583,=,=,nM,1000.0,nM,1000.0,PTP1B
CHEMBL184041,=,=,nM,384.0,nM,384.0,PTP1B
CHEMBL3426991,=,=,nM,15300.0,uM,15.3,PTP1B
CHEMBL3427128,=,=,nM,8200.0,uM,8.2,PTP1B
CHEMBL110642,=,=,nM,400.0,uM,0.4,PTP1B
CHEMBL3427127,=,=,nM,500.0,uM,0.5,PTP1B
CHEMBL3427126,=,=,nM,300.0,uM,0.3,PTP1B
CHEMBL3427125,=,=,nM,400.0,uM,0.4,PTP1B
CHEMBL3427124,=,=,nM,400.0,uM,0.4,PTP1B
CHEMBL233760,=,=,nM,700.0,uM,0.7,PTP1B
CHEMBL3427129,=,=,nM,5600.0,uM,5.6,PTP1B
CHEMBL3427130,=,=,nM,15600.0,uM,15.6,PTP1B
CHEMBL3427131,=,=,nM,1000.0,uM,1.0,PTP1B
CHEMBL3427132,=,=,nM,600.0,uM,0.6,PTP1B
CHEMBL3427133,=,=,nM,28700.0,uM,28.7,PTP1B
CHEMBL3427134,=,=,nM,72700.0,uM,72.7,PTP1B
CHEMBL3427135,>,>,nM,100000.0,uM,100.0,PTP1B
CHEMBL3427136,>,>,nM,100000.0,uM,100.0,PTP1B
CHEMBL3427137,=,=,nM,800.0,uM,0.8,PTP1B
CHEMBL3427223,=,=,nM,1100.0,uM,1.1,PTP1B
CHEMBL3427224,=,=,nM,800.0,uM,0.8,PTP1B
CHEMBL3581568,=,=,nM,4700.0,uM,4.7,PTP1B
CHEMBL3581567,>,>,nM,30000.0,uM,30.0,PTP1B
CHEMBL3581566,>,>,nM,30000.0,uM,30.0,PTP1B
CHEMBL3581565,>,>,nM,30000.0,uM,30.0,PTP1B
CHEMBL3581564,=,=,nM,11300.0,uM,11.3,PTP1B
CHEMBL3585579,=,=,nM,690.0,uM,0.69,PTP1B
CHEMBL3585679,=,=,nM,13200.0,uM,13.2,PTP1B
CHEMBL3585680,=,=,nM,9800.0,uM,9.8,PTP1B
CHEMBL63354,=,=,nM,7400.0,uM,7.4,PTP1B
CHEMBL63677,=,=,nM,6200.0,uM,6.2,PTP1B
CHEMBL1208973,=,=,nM,9600.0,uM,9.6,PTP1B
CHEMBL272861,=,=,nM,5400.0,uM,5.4,PTP1B
CHEMBL515252,=,=,nM,4500.0,uM,4.5,PTP1B
CHEMBL169,=,=,nM,3400.0,uM,3.4,PTP1B
CHEMBL426373,=,=,nM,4500.0,uM,4.5,PTP1B
CHEMBL3586406,>,>,nM,23000.0,uM,23.0,PTP1B
CHEMBL3586407,>,>,nM,23000.0,uM,23.0,PTP1B
CHEMBL3586408,>,>,nM,23000.0,uM,23.0,PTP1B
CHEMBL3586409,>,>,nM,23000.0,uM,23.0,PTP1B
CHEMBL521614,>,>,nM,24000.0,uM,24.0,PTP1B
CHEMBL491170,>,>,nM,24000.0,uM,24.0,PTP1B
CHEMBL604730,>,>,nM,24000.0,uM,24.0,PTP1B
CHEMBL3586410,>,>,nM,24000.0,uM,24.0,PTP1B
CHEMBL193838,>,>,nM,24000.0,uM,24.0,PTP1B
CHEMBL3586411,>,>,nM,24000.0,uM,24.0,PTP1B
CHEMBL446524,>,>,nM,24000.0,uM,24.0,PTP1B
CHEMBL168,=,=,nM,1000.0,uM,1.0,PTP1B
CHEMBL168,=,=,nM,1536.0,nM,1536.0,PTP1B
CHEMBL3593822,=,=,nM,756.0,nM,756.0,PTP1B
CHEMBL3593821,=,=,nM,204.0,nM,204.0,PTP1B
CHEMBL3593820,=,=,nM,2733.0,nM,2733.0,PTP1B
CHEMBL3593819,=,=,nM,203.0,nM,203.0,PTP1B
CHEMBL3593818,=,=,nM,212.0,nM,212.0,PTP1B
CHEMBL3593817,=,=,nM,309.0,nM,309.0,PTP1B
CHEMBL3593816,=,=,nM,537.0,nM,537.0,PTP1B
CHEMBL3596431,=,=,nM,65000.0,uM,65.0,PTP1B
CHEMBL3581318,=,=,nM,14900.0,uM,14.9,PTP1B
CHEMBL3581315,=,=,nM,8500.0,uM,8.5,PTP1B
CHEMBL3601068,=,=,nM,8400.0,uM,8.4,PTP1B
CHEMBL168,=,=,nM,700.0,uM,0.7,PTP1B
CHEMBL3609375,=,=,nM,7000.0,uM,7.0,PTP1B
CHEMBL3609374,=,=,nM,3000.0,uM,3.0,PTP1B
CHEMBL3609373,=,=,nM,9300.0,uM,9.3,PTP1B
CHEMBL3351077,=,=,nM,190000.0,uM,190.0,PTP1B
CHEMBL3608572,=,=,nM,8500.0,uM,8.5,PTP1B
CHEMBL476499,>,>,nM,24400.0,uM,24.4,PTP1B
CHEMBL466374,=,=,nM,9000.0,uM,9.0,PTP1B
CHEMBL388381,=,=,nM,21200.0,uM,21.2,PTP1B
CHEMBL3608573,=,=,nM,11900.0,uM,11.9,PTP1B
CHEMBL3608574,=,=,nM,14800.0,uM,14.8,PTP1B
CHEMBL168,=,=,nM,700.0,uM,0.7,PTP1B
CHEMBL3608571,=,=,nM,8700.0,uM,8.7,PTP1B
CHEMBL3628384,=,=,nM,3500.0,uM,3.5,PTP1B
CHEMBL3628462,=,=,nM,7400.0,uM,7.4,PTP1B
CHEMBL3628464,=,=,nM,4100.0,uM,4.1,PTP1B
CHEMBL3628466,=,=,nM,133000.0,uM,133.0,PTP1B
CHEMBL3628468,=,=,nM,1300.0,uM,1.3,PTP1B
CHEMBL3628470,=,=,nM,3400.0,uM,3.4,PTP1B
CHEMBL3628472,=,=,nM,172000.0,uM,172.0,PTP1B
CHEMBL3628474,=,=,nM,15000.0,uM,15.0,PTP1B
CHEMBL3628549,=,=,nM,101000.0,uM,101.0,PTP1B
CHEMBL3628547,=,=,nM,104000.0,uM,104.0,PTP1B
CHEMBL3627729,=,=,nM,96000.0,uM,96.0,PTP1B
CHEMBL3628544,=,=,nM,89000.0,uM,89.0,PTP1B
CHEMBL3628542,=,=,nM,122000.0,uM,122.0,PTP1B
CHEMBL3628540,=,=,nM,11000.0,uM,11.0,PTP1B
CHEMBL3628538,=,=,nM,9700.0,uM,9.7,PTP1B
CHEMBL3628483,=,=,nM,110000.0,uM,110.0,PTP1B
CHEMBL3628477,=,=,nM,14000.0,uM,14.0,PTP1B
CHEMBL3628478,=,=,nM,11000.0,uM,11.0,PTP1B
CHEMBL3628479,=,=,nM,136000.0,uM,136.0,PTP1B
CHEMBL3628480,=,=,nM,8100.0,uM,8.1,PTP1B
CHEMBL3628481,=,=,nM,6800.0,uM,6.8,PTP1B
CHEMBL3628550,=,=,nM,22000.0,uM,22.0,PTP1B
CHEMBL3628461,=,=,nM,11000.0,uM,11.0,PTP1B
CHEMBL3628463,=,=,nM,6600.0,uM,6.6,PTP1B
CHEMBL3628465,=,=,nM,10000.0,uM,10.0,PTP1B
CHEMBL3628467,=,=,nM,3300.0,uM,3.3,PTP1B
CHEMBL3628469,=,=,nM,570.0,uM,0.57,PTP1B
CHEMBL3628471,=,=,nM,170000.0,uM,170.0,PTP1B
CHEMBL3628473,=,=,nM,155000.0,uM,155.0,PTP1B
CHEMBL3628475,=,=,nM,1700.0,uM,1.7,PTP1B
CHEMBL3628548,=,=,nM,5400.0,uM,5.4,PTP1B
CHEMBL3628546,=,=,nM,142000.0,uM,142.0,PTP1B
CHEMBL3628545,=,=,nM,103000.0,uM,103.0,PTP1B
CHEMBL3628543,=,=,nM,113000.0,uM,113.0,PTP1B
CHEMBL3628541,=,=,nM,103000.0,uM,103.0,PTP1B
CHEMBL3628539,=,=,nM,5100.0,uM,5.1,PTP1B
CHEMBL3628484,=,=,nM,960.0,uM,0.96,PTP1B
CHEMBL3628482,=,=,nM,114000.0,uM,114.0,PTP1B
CHEMBL3628476,=,=,nM,122000.0,uM,122.0,PTP1B
CHEMBL3628551,>,>,nM,10000.0,uM,10.0,PTP1B
CHEMBL3628599,>,>,nM,10000.0,uM,10.0,PTP1B
CHEMBL3634590,=,=,nM,16098.0,nM,16098.0,PTP1B
CHEMBL3634591,=,=,nM,346.0,nM,346.0,PTP1B
CHEMBL3634592,=,=,nM,222.0,nM,222.0,PTP1B
CHEMBL3634593,=,=,nM,902.0,nM,902.0,PTP1B
CHEMBL3634594,=,=,nM,896.0,nM,896.0,PTP1B
CHEMBL3634679,=,=,nM,20338.0,nM,20338.0,PTP1B
CHEMBL3634681,=,=,nM,492.0,nM,492.0,PTP1B
CHEMBL3634683,=,=,nM,470.0,nM,470.0,PTP1B
CHEMBL3634684,=,=,nM,1709.0,nM,1709.0,PTP1B
CHEMBL168,=,=,nM,1536.0,nM,1536.0,PTP1B
CHEMBL1829864,=,=,nM,6200.0,uM,6.2,PTP1B
CHEMBL3632912,=,=,nM,3600.0,uM,3.6,PTP1B
CHEMBL3632913,=,=,nM,6100.0,uM,6.1,PTP1B
CHEMBL3632914,=,=,nM,1700.0,uM,1.7,PTP1B
CHEMBL3633138,=,=,nM,2300.0,uM,2.3,PTP1B
CHEMBL3633139,=,=,nM,2400.0,uM,2.4,PTP1B
CHEMBL472004,=,=,nM,1691.0,nM,1691.0,PTP1B
CHEMBL3747361,=,=,nM,64.0,nM,64.0,PTP1B
CHEMBL266753,=,=,nM,39.0,nM,39.0,PTP1B
CHEMBL3746639,=,=,nM,7.0,nM,7.0,PTP1B
CHEMBL168,=,=,nM,730.0,uM,0.73,PTP1B
CHEMBL457458,=,=,nM,17000.0,uM,17.0,PTP1B
CHEMBL3747131,>,>,nM,45000.0,uM,45.0,PTP1B
CHEMBL3746974,=,=,nM,1900.0,uM,1.9,PTP1B
CHEMBL3753821,=,=,nM,29400.0,uM,29.4,PTP1B
CHEMBL3754570,=,=,nM,20200.0,uM,20.2,PTP1B
CHEMBL3754629,=,=,nM,6500.0,uM,6.5,PTP1B
CHEMBL459129,=,=,nM,3600.0,uM,3.6,PTP1B
CHEMBL2442947,=,=,nM,2400.0,uM,2.4,PTP1B
CHEMBL494252,=,=,nM,9300.0,uM,9.3,PTP1B
CHEMBL2442946,=,=,nM,17400.0,uM,17.4,PTP1B
CHEMBL238188,=,=,nM,23600.0,uM,23.6,PTP1B
CHEMBL169,=,=,nM,15500.0,uM,15.5,PTP1B
CHEMBL3758203,=,=,nM,14060.0,uM,14.06,PTP1B
CHEMBL3758567,=,=,nM,19720.0,uM,19.72,PTP1B
CHEMBL3759431,>,>,nM,120000.0,uM,120.0,PTP1B
CHEMBL3357362,>,>,nM,120000.0,uM,120.0,PTP1B
CHEMBL3758446,=,=,nM,16820.0,uM,16.82,PTP1B
CHEMBL3759157,>,>,nM,120000.0,uM,120.0,PTP1B
CHEMBL3758844,=,=,nM,13140.0,uM,13.14,PTP1B
CHEMBL3758655,=,=,nM,12510.0,uM,12.51,PTP1B
CHEMBL3758490,=,=,nM,8960.0,uM,8.96,PTP1B
CHEMBL3759414,=,=,nM,17260.0,uM,17.26,PTP1B
CHEMBL3759712,=,=,nM,13730.0,uM,13.73,PTP1B
CHEMBL3758785,>,>,nM,120000.0,uM,120.0,PTP1B
CHEMBL3759694,=,=,nM,21930.0,uM,21.93,PTP1B
CHEMBL3357363,>,>,nM,120000.0,uM,120.0,PTP1B
CHEMBL3759130,=,=,nM,24440.0,uM,24.44,PTP1B
CHEMBL3759304,=,=,nM,15780.0,uM,15.78,PTP1B
CHEMBL3760020,>,>,nM,120000.0,uM,120.0,PTP1B
CHEMBL3760096,=,=,nM,8800.0,uM,8.8,PTP1B
CHEMBL3758728,=,=,nM,15900.0,uM,15.9,PTP1B
CHEMBL3759036,=,=,nM,18360.0,uM,18.36,PTP1B
CHEMBL3760059,>,>,nM,120000.0,uM,120.0,PTP1B
CHEMBL3758876,>,>,nM,120000.0,uM,120.0,PTP1B
CHEMBL168,=,=,nM,3020.0,uM,3.02,PTP1B
CHEMBL3759405,=,=,nM,9660.0,uM,9.66,PTP1B
CHEMBL3759234,=,=,nM,31490.0,uM,31.49,PTP1B
CHEMBL3758715,=,=,nM,9660.0,uM,9.66,PTP1B
CHEMBL3759827,=,=,nM,21670.0,uM,21.67,PTP1B
CHEMBL3760029,=,=,nM,26120.0,uM,26.12,PTP1B
CHEMBL2048004,=,=,nM,8800.0,uM,8.8,PTP1B
CHEMBL3781453,=,=,nM,6300.0,uM,6.3,PTP1B
CHEMBL3780639,=,=,nM,6800.0,uM,6.8,PTP1B
CHEMBL3782051,=,=,nM,7000.0,uM,7.0,PTP1B
CHEMBL3781672,=,=,nM,7800.0,uM,7.8,PTP1B
CHEMBL472646,=,=,nM,13200.0,uM,13.2,PTP1B
CHEMBL3786595,=,=,nM,7500.0,uM,7.5,PTP1B
CHEMBL3787288,=,=,nM,10800.0,uM,10.8,PTP1B
CHEMBL3809403,=,=,nM,3000.0,uM,3.0,PTP1B
CHEMBL3808919,=,=,nM,400.0,uM,0.4,PTP1B
CHEMBL169,=,=,nM,5200.0,uM,5.2,PTP1B
CHEMBL117869,=,=,nM,6900.0,uM,6.9,PTP1B
CHEMBL541953,=,=,nM,22.0,uM,0.022,PTP1B
CHEMBL184444,=,=,nM,920.0,uM,0.92,PTP1B
CHEMBL269166,=,=,nM,3.0,uM,0.003,PTP1B
CHEMBL266753,=,=,nM,5.0,uM,0.005,PTP1B
CHEMBL3818449,=,=,nM,1500.0,uM,1.5,PTP1B
CHEMBL3818087,=,=,nM,7700.0,uM,7.7,PTP1B
CHEMBL1240800,=,=,nM,1500.0,uM,1.5,PTP1B
CHEMBL3817887,=,=,nM,39.0,uM,0.039,PTP1B
CHEMBL3818251,=,=,nM,163.0,uM,0.163,PTP1B
CHEMBL3818579,=,=,nM,9600.0,uM,9.6,PTP1B
CHEMBL3634681,=,=,nM,492.0,nM,492.0,PTP1B
CHEMBL168,=,=,nM,1536.0,nM,1536.0,PTP1B
CHEMBL3824236,=,=,nM,355.0,nM,355.0,PTP1B
CHEMBL3824253,=,=,nM,16008.0,nM,16008.0,PTP1B
CHEMBL3822923,=,=,nM,4830.0,nM,4830.0,PTP1B
CHEMBL3823340,=,=,nM,936.0,nM,936.0,PTP1B
CHEMBL3822604,=,=,nM,50.0,nM,50.0,PTP1B
CHEMBL3974642,=,=,nM,1300.0,uM,1.3,PTP1B
CHEMBL3903731,=,=,nM,4300.0,uM,4.3,PTP1B
CHEMBL3982631,=,=,nM,4300.0,uM,4.3,PTP1B
CHEMBL3931387,=,=,nM,2900.0,uM,2.9,PTP1B
CHEMBL3954985,=,=,nM,4100.0,uM,4.1,PTP1B
CHEMBL3983611,=,=,nM,5600.0,uM,5.6,PTP1B
CHEMBL3944321,=,=,nM,1800.0,uM,1.8,PTP1B
CHEMBL3916388,=,=,nM,3000.0,uM,3.0,PTP1B
CHEMBL3935360,=,=,nM,1600.0,uM,1.6,PTP1B
CHEMBL3907420,=,=,nM,4500.0,uM,4.5,PTP1B
CHEMBL168,=,=,nM,2300.0,uM,2.3,PTP1B
CHEMBL3892140,=,=,nM,11000.0,uM,11.0,PTP1B
CHEMBL521017,=,=,nM,9500.0,uM,9.5,PTP1B
CHEMBL3919081,=,=,nM,6500.0,uM,6.5,PTP1B
CHEMBL459814,=,=,nM,12000.0,uM,12.0,PTP1B
CHEMBL3965313,>,>,nM,32000.0,uM,32.0,PTP1B
CHEMBL3893783,=,=,nM,10000.0,uM,10.0,PTP1B
CHEMBL516014,=,=,nM,8600.0,uM,8.6,PTP1B
CHEMBL464646,=,=,nM,18000.0,uM,18.0,PTP1B
CHEMBL3971802,=,=,nM,8800.0,uM,8.8,PTP1B
CHEMBL3973897,=,=,nM,14000.0,uM,14.0,PTP1B
CHEMBL3962935,=,=,nM,9400.0,uM,9.4,PTP1B
CHEMBL3910462,=,=,nM,260400.0,uM,260.4,PTP1B
CHEMBL3938397,=,=,nM,422400.0,uM,422.4,PTP1B
CHEMBL3901405,>,>,nM,500000.0,uM,500.0,PTP1B
CHEMBL3929350,>,>,nM,500000.0,uM,500.0,PTP1B
CHEMBL3928298,=,=,nM,360200.0,uM,360.2,PTP1B
CHEMBL3955910,>,>,nM,500000.0,uM,500.0,PTP1B
CHEMBL3911513,>,>,nM,500000.0,uM,500.0,PTP1B
CHEMBL3981501,>,>,nM,20000.0,uM,20.0,PTP1B
CHEMBL3908220,>,>,nM,20000.0,uM,20.0,PTP1B
CHEMBL3936164,>,>,nM,20000.0,uM,20.0,PTP1B
CHEMBL3899171,=,=,nM,14700.0,uM,14.7,PTP1B
CHEMBL3920938,>,>,nM,20000.0,uM,20.0,PTP1B
CHEMBL3890223,>,>,nM,20000.0,uM,20.0,PTP1B
CHEMBL3968591,>,>,nM,20000.0,uM,20.0,PTP1B
CHEMBL3979554,=,=,nM,12600.0,uM,12.6,PTP1B
CHEMBL3909342,=,=,nM,13800.0,uM,13.8,PTP1B
CHEMBL3971448,>,>,nM,20000.0,uM,20.0,PTP1B
CHEMBL3900333,=,=,nM,17200.0,uM,17.2,PTP1B
CHEMBL3918902,>,>,nM,20000.0,uM,20.0,PTP1B
CHEMBL3890830,>,>,nM,20000.0,uM,20.0,PTP1B
CHEMBL3909979,>,>,nM,20000.0,uM,20.0,PTP1B
CHEMBL3980114,>,>,nM,20000.0,uM,20.0,PTP1B
CHEMBL3985776,=,=,nM,6600.0,uM,6.6,PTP1B
CHEMBL3908861,>,>,nM,20000.0,uM,20.0,PTP1B
CHEMBL3927816,>,>,nM,20000.0,uM,20.0,PTP1B
CHEMBL3903987,=,=,nM,8660000.0,umol/ml,8.66,PTP1B
CHEMBL3944187,=,=,nM,6830000.0,umol/ml,6.83,PTP1B
CHEMBL3942806,=,=,nM,6090000.0,umol/ml,6.09,PTP1B
CHEMBL168,=,=,nM,2390000.0,umol/ml,2.39,PTP1B
CHEMBL3905288,=,=,nM,7500.0,uM,7.5,PTP1B
CHEMBL285307,=,=,nM,30.0,nM,30.0,PTP1B
CHEMBL3901092,=,=,nM,270.0,nM,270.0,PTP1B
CHEMBL184041,=,=,nM,384.0,nM,384.0,PTP1B
CHEMBL1765367,=,=,nM,19000.0,uM,19.0,PTP1B
CHEMBL590235,=,=,nM,5.0,nM,5.0,PTP1B
CHEMBL326115,=,=,nM,2.4,nM,2.4,PTP1B
CHEMBL341103,=,=,nM,9000.0,uM,9.0,PTP1B
CHEMBL592245,=,=,nM,32.0,nM,32.0,PTP1B
CHEMBL3982169,=,=,nM,2000.0,nM,2000.0,PTP1B
CHEMBL3942718,=,=,nM,87.0,nM,87.0,PTP1B
CHEMBL3978384,=,=,nM,860.0,nM,860.0,PTP1B
CHEMBL3917014,=,=,nM,7800.0,nM,7800.0,PTP1B
CHEMBL3949280,=,=,nM,3400.0,nM,3400.0,PTP1B
CHEMBL4073317,=,=,nM,13700.0,uM,13.7,PTP1B
CHEMBL4081501,=,=,nM,1900.0,uM,1.9,PTP1B
CHEMBL4099520,=,=,nM,3500.0,uM,3.5,PTP1B
CHEMBL4070916,=,=,nM,5700.0,uM,5.7,PTP1B
CHEMBL4091784,=,=,nM,5000.0,uM,5.0,PTP1B
CHEMBL4097088,=,=,nM,7100.0,uM,7.1,PTP1B
CHEMBL4069888,=,=,nM,10600.0,uM,10.6,PTP1B
CHEMBL4089378,=,=,nM,14500.0,uM,14.5,PTP1B
CHEMBL4061225,=,=,nM,1500.0,uM,1.5,PTP1B
CHEMBL4098207,=,=,nM,4200.0,uM,4.2,PTP1B
CHEMBL4080177,=,=,nM,1900.0,uM,1.9,PTP1B
CHEMBL4072175,=,=,nM,10000.0,uM,10.0,PTP1B
CHEMBL4062661,=,=,nM,5100.0,uM,5.1,PTP1B
CHEMBL464276,=,=,nM,1500.0,uM,1.5,PTP1B
CHEMBL464651,=,=,nM,7100.0,uM,7.1,PTP1B
CHEMBL1802229,=,=,nM,9900.0,uM,9.9,PTP1B
CHEMBL4089985,=,=,nM,9200.0,uM,9.2,PTP1B
CHEMBL168,=,=,nM,1100.0,uM,1.1,PTP1B
CHEMBL4085709,=,=,nM,3890.0,uM,3.89,PTP1B
CHEMBL4099233,=,=,nM,5340.0,uM,5.34,PTP1B
CHEMBL4101444,,,,,,,PTP1B
CHEMBL4083453,=,=,nM,6800.0,uM,6.8,PTP1B
CHEMBL4063387,=,=,nM,13210.0,uM,13.21,PTP1B
CHEMBL4091243,,,,,,,PTP1B
CHEMBL4085978,=,=,nM,5430.0,uM,5.43,PTP1B
CHEMBL4064443,=,=,nM,6670.0,uM,6.67,PTP1B
CHEMBL4093726,=,=,nM,4650.0,uM,4.65,PTP1B
CHEMBL4073026,=,=,nM,8200.0,uM,8.2,PTP1B
CHEMBL4067159,=,=,nM,4530.0,uM,4.53,PTP1B
CHEMBL4094615,,,,,,,PTP1B
CHEMBL168,=,=,nM,3480.0,uM,3.48,PTP1B
CHEMBL4098159,,,,,,,PTP1B
CHEMBL4088006,=,=,nM,5830.0,uM,5.83,PTP1B
CHEMBL4059717,=,=,nM,10040.0,uM,10.04,PTP1B
CHEMBL4060736,=,=,nM,6190.0,uM,6.19,PTP1B
CHEMBL4082611,=,=,nM,6480.0,uM,6.48,PTP1B
CHEMBL4069413,=,=,nM,6040.0,uM,6.04,PTP1B
CHEMBL4090444,=,=,nM,7070.0,uM,7.07,PTP1B
CHEMBL4091359,=,=,nM,5610.0,uM,5.61,PTP1B
CHEMBL4063512,=,=,nM,4720.0,uM,4.72,PTP1B
CHEMBL4078493,=,=,nM,7980.0,uM,7.98,PTP1B
CHEMBL4102772,,,,,,,PTP1B
CHEMBL4067593,=,=,nM,10350.0,uM,10.35,PTP1B
CHEMBL444695,=,=,nM,14600.0,uM,14.6,PTP1B
CHEMBL4087528,=,=,nM,450.0,uM,0.45,PTP1B
CHEMBL4067813,=,=,nM,1600.0,uM,1.6,PTP1B
CHEMBL4095230,=,=,nM,420.0,uM,0.42,PTP1B
CHEMBL4078699,=,=,nM,2700.0,uM,2.7,PTP1B
CHEMBL4102979,=,=,nM,2000.0,uM,2.0,PTP1B
CHEMBL4086544,=,=,nM,1800.0,uM,1.8,PTP1B
CHEMBL169,=,=,nM,8900.0,uM,8.9,PTP1B
CHEMBL1232829,=,=,nM,2000.0,uM,2.0,PTP1B
CHEMBL4103235,=,=,nM,3000.0,uM,3.0,PTP1B
CHEMBL4085304,=,=,nM,2200.0,uM,2.2,PTP1B
CHEMBL4095475,=,=,nM,12300.0,uM,12.3,PTP1B
CHEMBL4075043,>,>,nM,20000.0,uM,20.0,PTP1B
CHEMBL4073994,=,=,nM,3410.0,uM,3.41,PTP1B
CHEMBL4095023,=,=,nM,1110.0,uM,1.11,PTP1B
CHEMBL4094128,>,>,nM,20000.0,uM,20.0,PTP1B
CHEMBL4073485,>,>,nM,20000.0,uM,20.0,PTP1B
CHEMBL4086351,=,=,nM,750.0,uM,0.75,PTP1B
CHEMBL4064889,=,=,nM,1500.0,uM,1.5,PTP1B
CHEMBL4064095,=,=,nM,8450.0,uM,8.45,PTP1B
CHEMBL4085669,>,>,nM,20000.0,uM,20.0,PTP1B
CHEMBL4079730,=,=,nM,200.0,uM,0.2,PTP1B
CHEMBL4097758,=,=,nM,190.0,uM,0.19,PTP1B
CHEMBL4068962,=,=,nM,240.0,uM,0.24,PTP1B
CHEMBL8758,=,=,nM,120.0,nM,120.0,PTP1B
CHEMBL590122,=,=,nM,18.0,nM,18.0,PTP1B
CHEMBL169,=,=,nM,5400.0,uM,5.4,PTP1B
CHEMBL446246,=,=,nM,56500.0,uM,56.5,PTP1B
CHEMBL451532,=,=,nM,91800.0,uM,91.8,PTP1B
CHEMBL469654,=,=,nM,17500.0,uM,17.5,PTP1B
CHEMBL9352,=,=,nM,130100.0,uM,130.1,PTP1B
CHEMBL4091173,=,=,nM,31230.0,uM,31.23,PTP1B
CHEMBL229885,=,=,nM,970.0,uM,0.97,PTP1B
CHEMBL1644933,=,=,nM,450.0,uM,0.45,PTP1B
CHEMBL4068000,=,=,nM,4500.0,uM,4.5,PTP1B
CHEMBL4088099,=,=,nM,1480.0,uM,1.48,PTP1B
CHEMBL3810262,=,=,nM,500.0,uM,0.5,PTP1B
CHEMBL4061417,=,=,nM,550.0,uM,0.55,PTP1B
CHEMBL4064802,=,=,nM,840.0,uM,0.84,PTP1B
CHEMBL462721,=,=,nM,310.0,uM,0.31,PTP1B
CHEMBL471799,=,=,nM,1030.0,uM,1.03,PTP1B
CHEMBL169,=,=,nM,5200.0,uM,5.2,PTP1B
CHEMBL169,=,=,nM,4120.0,uM,4.12,PTP1B
CHEMBL4094529,=,=,nM,14790.0,uM,14.79,PTP1B
CHEMBL4067061,=,=,nM,12340.0,uM,12.34,PTP1B
CHEMBL4097912,=,=,nM,11220.0,uM,11.22,PTP1B
CHEMBL4070801,=,=,nM,14530.0,uM,14.53,PTP1B
CHEMBL4090200,=,=,nM,16520.0,uM,16.52,PTP1B
CHEMBL4062183,=,=,nM,7290.0,uM,7.29,PTP1B
CHEMBL4064140,=,=,nM,12460.0,uM,12.46,PTP1B
CHEMBL4089269,=,=,nM,22250.0,uM,22.25,PTP1B
CHEMBL4105655,=,=,nM,16320.0,uM,16.32,PTP1B
CHEMBL4081395,=,=,nM,24290.0,uM,24.29,PTP1B
CHEMBL4095096,=,=,nM,11290.0,uM,11.29,PTP1B
CHEMBL4074642,=,=,nM,20560.0,uM,20.56,PTP1B
CHEMBL4098471,=,=,nM,6370.0,uM,6.37,PTP1B
CHEMBL4080452,=,=,nM,5250.0,uM,5.25,PTP1B
CHEMBL4090749,=,=,nM,12280.0,uM,12.28,PTP1B
CHEMBL169,=,=,nM,15500.0,uM,15.5,PTP1B
CHEMBL4059800,=,=,nM,12790.0,uM,12.79,PTP1B
CHEMBL4088075,>,>,nM,200000.0,uM,200.0,PTP1B
CHEMBL4068458,=,=,nM,70250.0,uM,70.25,PTP1B
CHEMBL4095800,=,=,nM,740.0,uM,0.74,PTP1B
CHEMBL2205166,=,=,nM,3470.0,uM,3.47,PTP1B
CHEMBL4069859,=,=,nM,930.0,uM,0.93,PTP1B
CHEMBL4068566,=,=,nM,4690.0,uM,4.69,PTP1B
CHEMBL4090412,=,=,nM,4440.0,uM,4.44,PTP1B
CHEMBL555017,=,=,nM,470.0,uM,0.47,PTP1B
CHEMBL179166,=,=,nM,46.0,nM,46.0,PTP1B
CHEMBL4087216,=,=,nM,790.0,uM,0.79,PTP1B
CHEMBL4065796,=,=,nM,1100.0,uM,1.1,PTP1B
CHEMBL4094898,=,=,nM,140.0,uM,0.14,PTP1B
CHEMBL4074416,=,=,nM,910.0,uM,0.91,PTP1B
CHEMBL4076737,=,=,nM,750.0,uM,0.75,PTP1B
CHEMBL4102541,=,=,nM,190.0,uM,0.19,PTP1B
CHEMBL4066472,=,=,nM,160.0,uM,0.16,PTP1B
CHEMBL4087797,=,=,nM,400.0,uM,0.4,PTP1B
CHEMBL4075069,=,=,nM,350.0,uM,0.35,PTP1B
CHEMBL4095504,=,=,nM,870.0,uM,0.87,PTP1B
CHEMBL4086737,=,=,nM,820.0,uM,0.82,PTP1B
CHEMBL4070572,=,=,nM,850.0,uM,0.85,PTP1B
CHEMBL4104154,=,=,nM,1300.0,uM,1.3,PTP1B
CHEMBL4079916,=,=,nM,860.0,uM,0.86,PTP1B
CHEMBL4096240,=,=,nM,1100.0,uM,1.1,PTP1B
CHEMBL4078186,=,=,nM,1300.0,uM,1.3,PTP1B
CHEMBL4062445,=,=,nM,2600.0,uM,2.6,PTP1B
CHEMBL4098189,=,=,nM,1400.0,uM,1.4,PTP1B
CHEMBL4100601,=,=,nM,1300.0,uM,1.3,PTP1B
CHEMBL4082589,=,=,nM,3400.0,uM,3.4,PTP1B
CHEMBL4092866,=,=,nM,1200.0,uM,1.2,PTP1B
CHEMBL4077091,=,=,nM,18400.0,uM,18.4,PTP1B
CHEMBL4085118,=,=,nM,29200.0,uM,29.2,PTP1B
CHEMBL4063490,>,>,nM,100000.0,uM,100.0,PTP1B
CHEMBL4090827,=,=,nM,37300.0,uM,37.3,PTP1B
CHEMBL4064092,=,=,nM,3000.0,uM,3.0,PTP1B
CHEMBL4094237,=,=,nM,8700.0,uM,8.7,PTP1B
CHEMBL4066707,=,=,nM,11800.0,uM,11.8,PTP1B
CHEMBL601733,=,=,nM,4100.0,uM,4.1,PTP1B
CHEMBL3586411,=,=,nM,15000.0,uM,15.0,PTP1B
CHEMBL1186032,>,>,nM,19000.0,uM,19.0,PTP1B
CHEMBL4067572,=,=,nM,23590.0,uM,23.59,PTP1B
CHEMBL4087311,=,=,nM,26980.0,uM,26.98,PTP1B
CHEMBL4105170,=,=,nM,7300.0,uM,7.3,PTP1B
CHEMBL4104518,=,=,nM,17580.0,uM,17.58,PTP1B
CHEMBL169,=,=,nM,5460.0,uM,5.46,PTP1B
CHEMBL464581,=,=,nM,5000.0,uM,5.0,PTP1B
CHEMBL462721,=,=,nM,5000.0,uM,5.0,PTP1B
CHEMBL590635,=,=,nM,5000.0,uM,5.0,PTP1B
CHEMBL2437376,=,=,nM,5000.0,uM,5.0,PTP1B
CHEMBL1644933,=,=,nM,5000.0,uM,5.0,PTP1B
CHEMBL4059903,=,=,nM,5000.0,uM,5.0,PTP1B
CHEMBL4086154,=,=,nM,55100.0,uM,55.1,PTP1B
CHEMBL4086905,=,=,nM,8000.0,uM,8.0,PTP1B
CHEMBL389166,=,=,nM,149900.0,uM,149.9,PTP1B
CHEMBL4069603,=,=,nM,49400.0,uM,49.4,PTP1B
CHEMBL4097066,,,,,,,PTP1B
CHEMBL4068177,=,=,nM,73200.0,uM,73.2,PTP1B
CHEMBL4089362,=,=,nM,26800.0,uM,26.8,PTP1B
CHEMBL4059520,=,=,nM,45200.0,uM,45.2,PTP1B
CHEMBL4081488,=,=,nM,148300.0,uM,148.3,PTP1B
CHEMBL4073032,=,=,nM,120000.0,uM,120.0,PTP1B
CHEMBL4093732,=,=,nM,85500.0,uM,85.5,PTP1B
CHEMBL4104006,=,=,nM,53000.0,uM,53.0,PTP1B
CHEMBL426373,=,=,nM,4400.0,uM,4.4,PTP1B
CHEMBL4098715,=,=,nM,170.0,uM,0.17,PTP1B
CHEMBL4071698,=,=,nM,720.0,uM,0.72,PTP1B
CHEMBL4084018,=,=,nM,510.0,uM,0.51,PTP1B
CHEMBL4075516,=,=,nM,4270.0,uM,4.27,PTP1B
CHEMBL4068436,>,>,nM,20000.0,uM,20.0,PTP1B
CHEMBL3770020,=,=,nM,1580.0,uM,1.58,PTP1B
CHEMBL4128743,=,=,nM,125.0,nM,125.0,PTP1B
CHEMBL4128743,=,=,nM,125.0,nM,125.0,PTP1B
CHEMBL168,=,=,nM,2000.0,uM,2.0,PTP1B
CHEMBL4174432,=,=,nM,4800.0,uM,4.8,PTP1B
CHEMBL168,=,=,nM,3320.0,uM,3.32,PTP1B
CHEMBL4159470,=,=,nM,12440.0,uM,12.44,PTP1B
CHEMBL289191,=,=,nM,3680.0,uM,3.68,PTP1B
CHEMBL455357,=,=,nM,19260.0,uM,19.26,PTP1B
CHEMBL455098,>,>,nM,100000.0,uM,100.0,PTP1B
CHEMBL4161384,=,=,nM,1340.0,uM,1.34,PTP1B
CHEMBL4161770,=,=,nM,49450.0,uM,49.45,PTP1B
CHEMBL4169701,=,=,nM,10160.0,uM,10.16,PTP1B
CHEMBL4165207,=,=,nM,8930.0,uM,8.93,PTP1B
CHEMBL3632935,=,=,nM,2560.0,uM,2.56,PTP1B
CHEMBL518227,=,=,nM,16790.0,uM,16.79,PTP1B
CHEMBL4161470,=,=,nM,11080.0,uM,11.08,PTP1B
CHEMBL4161056,=,=,nM,14360.0,uM,14.36,PTP1B
CHEMBL4171661,=,=,nM,20030.0,uM,20.03,PTP1B
CHEMBL4176168,=,=,nM,44380.0,uM,44.38,PTP1B
CHEMBL4168321,=,=,nM,7400.0,uM,7.4,PTP1B
CHEMBL4167892,=,=,nM,4870.0,uM,4.87,PTP1B
CHEMBL4159975,=,=,nM,47350.0,uM,47.35,PTP1B
CHEMBL4163552,=,=,nM,7120.0,uM,7.12,PTP1B
CHEMBL4175133,=,=,nM,31630.0,uM,31.63,PTP1B
CHEMBL4159885,=,=,nM,19140.0,uM,19.14,PTP1B
CHEMBL4167136,=,=,nM,20820.0,uM,20.82,PTP1B
CHEMBL4175013,=,=,nM,3600.0,uM,3.6,PTP1B
CHEMBL4177329,=,=,nM,7440.0,uM,7.44,PTP1B
CHEMBL4166697,=,=,nM,6250.0,uM,6.25,PTP1B
CHEMBL4173968,=,=,nM,487.0,uM,0.487,PTP1B
CHEMBL4163256,=,=,nM,6920.0,uM,6.92,PTP1B
CHEMBL4159436,=,=,nM,807.0,uM,0.807,PTP1B
CHEMBL4170059,=,=,nM,2630.0,uM,2.63,PTP1B
CHEMBL4160903,=,=,nM,22750.0,uM,22.75,PTP1B
CHEMBL4171514,=,=,nM,10470.0,uM,10.47,PTP1B
CHEMBL4176026,=,=,nM,21370.0,uM,21.37,PTP1B
CHEMBL4168176,=,=,nM,16980.0,uM,16.98,PTP1B
CHEMBL4167747,=,=,nM,10960.0,uM,10.96,PTP1B
CHEMBL4159828,=,=,nM,3890.0,uM,3.89,PTP1B
CHEMBL4164305,=,=,nM,9330.0,uM,9.33,PTP1B
CHEMBL4174951,=,=,nM,7790.0,uM,7.79,PTP1B
CHEMBL4170229,=,=,nM,21380.0,uM,21.38,PTP1B
CHEMBL4159605,=,=,nM,115340.0,uM,115.34,PTP1B
CHEMBL4160013,=,=,nM,7940.0,uM,7.94,PTP1B
CHEMBL4167930,=,=,nM,6020.0,uM,6.02,PTP1B
CHEMBL4163370,=,=,nM,4740.0,uM,4.74,PTP1B
CHEMBL4171276,=,=,nM,15490.0,uM,15.49,PTP1B
CHEMBL4171689,=,=,nM,8090.0,uM,8.09,PTP1B
CHEMBL4161085,=,=,nM,35580.0,uM,35.58,PTP1B
CHEMBL168,=,=,nM,2058.0,nM,2058.0,PTP1B
CHEMBL3593819,=,=,nM,203.0,nM,203.0,PTP1B
CHEMBL4164960,=,=,nM,18.6,nM,18.6,PTP1B
CHEMBL4172149,=,=,nM,68.2,nM,68.2,PTP1B
CHEMBL4161546,=,=,nM,710.9,nM,710.9,PTP1B
CHEMBL4163860,=,=,nM,165.9,nM,165.9,PTP1B
CHEMBL4171742,=,=,nM,169.2,nM,169.2,PTP1B
CHEMBL4176838,=,=,nM,184.1,nM,184.1,PTP1B
CHEMBL4161709,=,=,nM,209.1,nM,209.1,PTP1B
CHEMBL4165140,=,=,nM,981.0,nM,981.0,PTP1B
CHEMBL4175748,=,=,nM,66.2,nM,66.2,PTP1B
CHEMBL265502,=,=,nM,2900.0,uM,2.9,PTP1B
CHEMBL563581,=,=,nM,1700.0,uM,1.7,PTP1B
CHEMBL4163641,=,=,nM,500.0,uM,0.5,PTP1B
CHEMBL4174317,=,=,nM,900.0,uM,0.9,PTP1B
CHEMBL558886,=,=,nM,1500.0,uM,1.5,PTP1B
CHEMBL551842,=,=,nM,800.0,uM,0.8,PTP1B
CHEMBL4217205,=,=,nM,42150.0,uM,42.15,PTP1B
CHEMBL4213123,=,=,nM,48260.0,uM,48.26,PTP1B
CHEMBL4202638,=,=,nM,38220.0,uM,38.22,PTP1B
CHEMBL4204587,=,=,nM,33560.0,uM,33.56,PTP1B
CHEMBL4214128,=,=,nM,50230.0,uM,50.23,PTP1B
CHEMBL168,=,=,nM,2600.0,uM,2.6,PTP1B
CHEMBL4208135,=,=,nM,7200.0,uM,7.2,PTP1B
CHEMBL4203265,=,=,nM,12500.0,uM,12.5,PTP1B
CHEMBL4211682,=,=,nM,2400.0,uM,2.4,PTP1B
CHEMBL1782241,=,=,nM,5200.0,uM,5.2,PTP1B
CHEMBL1782240,=,=,nM,10500.0,uM,10.5,PTP1B
CHEMBL323197,=,=,nM,5500.0,uM,5.5,PTP1B
CHEMBL260553,=,=,nM,2800.0,uM,2.8,PTP1B
CHEMBL4217516,=,=,nM,24100.0,uM,24.1,PTP1B
CHEMBL4218731,=,=,nM,52500.0,uM,52.5,PTP1B
CHEMBL4209191,=,=,nM,35100.0,uM,35.1,PTP1B
CHEMBL4214309,=,=,nM,7050.0,uM,7.05,PTP1B
CHEMBL4202640,=,=,nM,25200.0,uM,25.2,PTP1B
CHEMBL307429,,,,,,,PTP1B
CHEMBL169,=,=,nM,15500.0,uM,15.5,PTP1B
CHEMBL169,=,=,nM,3100.0,uM,3.1,PTP1B
CHEMBL249450,=,=,nM,31600.0,uM,31.6,PTP1B
CHEMBL4203706,=,=,nM,43900.0,uM,43.9,PTP1B
CHEMBL284616,=,=,nM,11100.0,uM,11.1,PTP1B
CHEMBL478574,=,=,nM,35400.0,uM,35.4,PTP1B
CHEMBL249447,=,=,nM,37900.0,uM,37.9,PTP1B
CHEMBL177126,=,=,nM,59400.0,uM,59.4,PTP1B
CHEMBL249448,=,=,nM,41500.0,uM,41.5,PTP1B
CHEMBL463337,=,=,nM,42700.0,uM,42.7,PTP1B
CHEMBL464371,=,=,nM,56000.0,uM,56.0,PTP1B
CHEMBL4210458,=,=,nM,67100.0,uM,67.1,PTP1B
CHEMBL4215463,=,=,nM,43600.0,uM,43.6,PTP1B
CHEMBL4203788,=,=,nM,38100.0,uM,38.1,PTP1B
CHEMBL4211055,=,=,nM,61000.0,uM,61.0,PTP1B
CHEMBL4216013,=,=,nM,58200.0,uM,58.2,PTP1B
CHEMBL4206678,=,=,nM,48100.0,uM,48.1,PTP1B
CHEMBL4211556,=,=,nM,29000.0,uM,29.0,PTP1B
CHEMBL487804,=,=,nM,5700.0,uM,5.7,PTP1B
CHEMBL168,=,=,nM,2500.0,uM,2.5,PTP1B
CHEMBL4209032,=,=,nM,100000.0,uM,100.0,PTP1B
CHEMBL4217308,=,=,nM,127000.0,uM,127.0,PTP1B
CHEMBL4212874,>,>,nM,100000.0,uM,100.0,PTP1B
CHEMBL4212452,>,>,nM,100000.0,uM,100.0,PTP1B
CHEMBL4207543,=,=,nM,48000.0,uM,48.0,PTP1B
CHEMBL4206173,>,>,nM,100000.0,uM,100.0,PTP1B
CHEMBL4211060,=,=,nM,213000.0,uM,213.0,PTP1B
CHEMBL4210532,>,>,nM,100000.0,uM,100.0,PTP1B
CHEMBL4215472,=,=,nM,313000.0,uM,313.0,PTP1B
CHEMBL133541,=,=,nM,11000.0,uM,11.0,PTP1B
CHEMBL4209400,,,,,,,PTP1B
CHEMBL4214294,,,,,,,PTP1B
CHEMBL4213785,,,,,,,PTP1B
CHEMBL4217110,=,=,nM,24700.0,uM,24.7,PTP1B
CHEMBL4218184,=,=,nM,23800.0,uM,23.8,PTP1B
CHEMBL4206454,=,=,nM,19300.0,uM,19.3,PTP1B
CHEMBL4205948,,,,,,,PTP1B
CHEMBL4210832,,,,,,,PTP1B
CHEMBL509123,=,=,nM,21700.0,uM,21.7,PTP1B
CHEMBL510229,=,=,nM,4400.0,uM,4.4,PTP1B
CHEMBL459056,,,,,,,PTP1B
CHEMBL260183,,,,,,,PTP1B
CHEMBL518421,,,,,,,PTP1B
CHEMBL179166,=,=,nM,4000.0,uM,4.0,PTP1B
CHEMBL265502,=,=,nM,1420.0,uM,1.42,PTP1B
CHEMBL169,=,=,nM,22200.0,uM,22.2,PTP1B
CHEMBL4216540,=,=,nM,46300.0,uM,46.3,PTP1B
CHEMBL463145,=,=,nM,5180.0,uM,5.18,PTP1B
CHEMBL1808155,=,=,nM,1940.0,uM,1.94,PTP1B
CHEMBL43065,=,=,nM,27130.0,uM,27.13,PTP1B
CHEMBL464006,=,=,nM,10320.0,uM,10.32,PTP1B
CHEMBL220746,=,=,nM,4310.0,uM,4.31,PTP1B
CHEMBL4290098,=,=,nM,2540.0,uM,2.54,PTP1B
CHEMBL4279417,=,=,nM,4560.0,uM,4.56,PTP1B
CHEMBL4291588,=,=,nM,7980.0,uM,7.98,PTP1B
CHEMBL4286807,,,,,,,PTP1B
CHEMBL4279566,,,,,,,PTP1B
CHEMBL4285322,,,,,,,PTP1B
CHEMBL4285054,,,,,,,PTP1B
CHEMBL4278170,=,=,nM,700.0,uM,0.7,PTP1B
CHEMBL4293314,=,=,nM,1000.0,uM,1.0,PTP1B
CHEMBL388590,=,=,nM,53800.0,uM,53.8,PTP1B
CHEMBL1474963,>,>,nM,150000.0,uM,150.0,PTP1B
CHEMBL1523279,=,=,nM,71400.0,uM,71.4,PTP1B
CHEMBL81421,=,=,nM,25050.0,10'-5M,2.505,PTP1B
CHEMBL81421,=,=,nM,20000.0,uM,20.0,PTP1B
CHEMBL206106,=,=,nM,234000.0,uM,234.0,PTP1B
CHEMBL295124,=,=,nM,67000.0,uM,67.0,PTP1B
CHEMBL81421,=,=,nM,39010.0,10'-5M,3.901,PTP1B
CHEMBL81421,=,=,nM,45610.0,10'-5M,4.561,PTP1B
CHEMBL4292242,=,=,nM,17000.0,uM,17.0,PTP1B
CHEMBL4280516,>,>,nM,50000.0,uM,50.0,PTP1B
CHEMBL4288744,=,=,nM,9400.0,uM,9.4,PTP1B
CHEMBL4282817,=,=,nM,38200.0,uM,38.2,PTP1B
CHEMBL4472610,=,=,nM,32240.0,uM,32.24,PTP1B
CHEMBL4551943,=,=,nM,22990.0,uM,22.99,PTP1B
CHEMBL4526745,=,=,nM,24320.0,uM,24.32,PTP1B
CHEMBL4468481,=,=,nM,16660.0,uM,16.66,PTP1B
CHEMBL4567977,=,=,nM,19880.0,uM,19.88,PTP1B
CHEMBL4454821,=,=,nM,42420.0,uM,42.42,PTP1B
CHEMBL4465814,=,=,nM,3140.0,uM,3.14,PTP1B
CHEMBL4456769,=,=,nM,24460.0,uM,24.46,PTP1B
CHEMBL1935325,=,=,nM,13230.0,uM,13.23,PTP1B
CHEMBL1935327,=,=,nM,12140.0,uM,12.14,PTP1B
CHEMBL1935332,=,=,nM,14220.0,uM,14.22,PTP1B
CHEMBL1935335,=,=,nM,9240.0,uM,9.24,PTP1B
CHEMBL221415,=,=,nM,14680.0,uM,14.68,PTP1B
CHEMBL168,=,=,nM,1620.0,uM,1.62,PTP1B
CHEMBL1935337,=,=,nM,4780.0,uM,4.78,PTP1B
CHEMBL1935339,=,=,nM,24560.0,uM,24.56,PTP1B
CHEMBL1935340,=,=,nM,6580.0,uM,6.58,PTP1B
CHEMBL1935341,=,=,nM,7930.0,uM,7.93,PTP1B
CHEMBL226156,=,=,nM,2270.0,uM,2.27,PTP1B
CHEMBL1935342,=,=,nM,3660.0,uM,3.66,PTP1B
CHEMBL1935343,=,=,nM,2200.0,uM,2.2,PTP1B
CHEMBL1935344,=,=,nM,670.0,uM,0.67,PTP1B
CHEMBL1935345,=,=,nM,1850.0,uM,1.85,PTP1B
CHEMBL1935346,=,=,nM,1350.0,uM,1.35,PTP1B
CHEMBL2153203,=,=,nM,4890.0,uM,4.89,PTP1B
CHEMBL2153058,=,=,nM,2100.0,uM,2.1,PTP1B
CHEMBL2153059,=,=,nM,3560.0,uM,3.56,PTP1B
CHEMBL2153196,=,=,nM,2760.0,uM,2.76,PTP1B
CHEMBL2153198,=,=,nM,4420.0,uM,4.42,PTP1B
CHEMBL2153200,=,=,nM,3570.0,uM,3.57,PTP1B
CHEMBL2153199,=,=,nM,1810.0,uM,1.81,PTP1B
CHEMBL2153195,=,=,nM,6370.0,uM,6.37,PTP1B
CHEMBL2153194,=,=,nM,2050.0,uM,2.05,PTP1B
CHEMBL2153201,=,=,nM,6300.0,uM,6.3,PTP1B
CHEMBL2153204,=,=,nM,4950.0,uM,4.95,PTP1B
CHEMBL2153202,=,=,nM,7090.0,uM,7.09,PTP1B
CHEMBL1645387,=,=,nM,63900.0,uM,63.9,PTP1B
CHEMBL1172417,=,=,nM,86800.0,uM,86.8,PTP1B
CHEMBL185623,=,=,nM,56000.0,uM,56.0,PTP1B
CHEMBL184768,=,=,nM,43100.0,uM,43.1,PTP1B
CHEMBL1645388,,,,,,,PTP1B
CHEMBL3262475,=,=,nM,716500.0,uM,716.5,PTP1B
CHEMBL3262478,=,=,nM,378000.0,uM,378.0,PTP1B
CHEMBL3262477,=,=,nM,679000.0,uM,679.0,PTP1B
CHEMBL1384494,=,=,nM,171000.0,uM,171.0,PTP1B
CHEMBL4436037,=,=,nM,49400.0,uM,49.4,PTP1B
CHEMBL4459307,=,=,nM,32500.0,uM,32.5,PTP1B
CHEMBL4554837,=,=,nM,54100.0,uM,54.1,PTP1B
CHEMBL4483615,=,=,nM,63800.0,uM,63.8,PTP1B
CHEMBL4455326,=,=,nM,151000.0,uM,151.0,PTP1B
CHEMBL4448571,=,=,nM,12400.0,uM,12.4,PTP1B
CHEMBL4483785,=,=,nM,10600.0,uM,10.6,PTP1B
CHEMBL50626,=,=,nM,400.0,uM,0.4,PTP1B
CHEMBL4445331,=,=,nM,820.0,uM,0.82,PTP1B
CHEMBL4562962,=,=,nM,1450.0,uM,1.45,PTP1B
CHEMBL4436047,=,=,nM,1670.0,uM,1.67,PTP1B
CHEMBL4515217,=,=,nM,1530.0,uM,1.53,PTP1B
CHEMBL4434712,=,=,nM,720.0,uM,0.72,PTP1B
CHEMBL4535547,=,=,nM,720.0,uM,0.72,PTP1B
CHEMBL4474570,=,=,nM,800.0,uM,0.8,PTP1B
CHEMBL4450252,=,=,nM,540.0,uM,0.54,PTP1B
CHEMBL4445615,=,=,nM,450.0,uM,0.45,PTP1B
CHEMBL4475724,=,=,nM,360.0,uM,0.36,PTP1B
CHEMBL4476728,=,=,nM,640.0,uM,0.64,PTP1B
CHEMBL4580548,=,=,nM,700.0,uM,0.7,PTP1B
CHEMBL4536619,=,=,nM,4360.0,uM,4.36,PTP1B
CHEMBL4545897,=,=,nM,3180.0,uM,3.18,PTP1B
CHEMBL4468447,=,=,nM,3600.0,uM,3.6,PTP1B
CHEMBL4592291,=,=,nM,5770.0,uM,5.77,PTP1B
CHEMBL4544579,=,=,nM,1700.0,uM,1.7,PTP1B
CHEMBL4571252,=,=,nM,5760.0,uM,5.76,PTP1B
CHEMBL4445382,=,=,nM,2700.0,uM,2.7,PTP1B
CHEMBL4546939,=,=,nM,8230.0,uM,8.23,PTP1B
CHEMBL4473627,=,=,nM,3380.0,uM,3.38,PTP1B
CHEMBL4462926,=,=,nM,2440.0,uM,2.44,PTP1B
CHEMBL4464385,=,=,nM,2600.0,uM,2.6,PTP1B
CHEMBL4459804,=,=,nM,5930.0,uM,5.93,PTP1B
CHEMBL4462172,=,=,nM,5520.0,uM,5.52,PTP1B
CHEMBL168,=,=,nM,2690.0,uM,2.69,PTP1B
CHEMBL1782238,=,=,nM,6600.0,uM,6.6,PTP1B
CHEMBL8758,=,=,nM,120.0,nM,120.0,PTP1B
CHEMBL1162230,=,=,nM,175000.0,uM,175.0,PTP1B
CHEMBL1205536,=,=,nM,115000.0,uM,115.0,PTP1B
CHEMBL60857,=,=,nM,35000.0,uM,35.0,PTP1B
CHEMBL1160953,=,=,nM,15000.0,uM,15.0,PTP1B
CHEMBL4592897,=,=,nM,1200.0,umol/L,1.2,PTP1B
CHEMBL301982,=,=,nM,4800.0,uM,4.8,PTP1B
CHEMBL4476665,=,=,nM,910000.0,uM,910.0,PTP1B
CHEMBL301982,=,=,nM,2100.0,uM,2.1,PTP1B
CHEMBL1765367,=,=,nM,19000.0,uM,19.0,PTP1B
CHEMBL3903813,=,=,nM,24000.0,uM,24.0,PTP1B
CHEMBL3115908,=,=,nM,15000.0,uM,15.0,PTP1B
CHEMBL3922861,=,=,nM,36000.0,uM,36.0,PTP1B
CHEMBL3894879,=,=,nM,36000.0,uM,36.0,PTP1B
CHEMBL3913878,=,=,nM,27000.0,uM,27.0,PTP1B
CHEMBL3983712,=,=,nM,16000.0,uM,16.0,PTP1B
CHEMBL3904891,=,=,nM,16000.0,uM,16.0,PTP1B
CHEMBL3975683,=,=,nM,8100.0,uM,8.1,PTP1B
CHEMBL3983061,=,=,nM,24000.0,uM,24.0,PTP1B
CHEMBL3942054,=,=,nM,14000.0,uM,14.0,PTP1B
CHEMBL3979736,=,=,nM,11000.0,uM,11.0,PTP1B
CHEMBL3950773,=,=,nM,12000.0,uM,12.0,PTP1B
CHEMBL3890411,=,=,nM,13000.0,uM,13.0,PTP1B
CHEMBL1389174,=,=,nM,14000.0,uM,14.0,PTP1B
CHEMBL3899371,=,=,nM,14000.0,uM,14.0,PTP1B
CHEMBL3970551,=,=,nM,12000.0,uM,12.0,PTP1B
CHEMBL3908434,=,=,nM,6400.0,uM,6.4,PTP1B
CHEMBL3978830,=,=,nM,12000.0,uM,12.0,PTP1B
CHEMBL3919412,=,=,nM,18000.0,uM,18.0,PTP1B
CHEMBL3947198,=,=,nM,14000.0,uM,14.0,PTP1B
CHEMBL3910488,=,=,nM,23000.0,uM,23.0,PTP1B
CHEMBL3938421,=,=,nM,38000.0,uM,38.0,PTP1B
CHEMBL3986320,=,=,nM,27000.0,uM,27.0,PTP1B
CHEMBL3967047,=,=,nM,28000.0,uM,28.0,PTP1B
CHEMBL3928317,=,=,nM,14000.0,uM,14.0,PTP1B
CHEMBL3955935,=,=,nM,27000.0,uM,27.0,PTP1B
CHEMBL3954893,=,=,nM,34000.0,uM,34.0,PTP1B
CHEMBL3943318,=,=,nM,27000.0,uM,27.0,PTP1B
CHEMBL3915348,=,=,nM,56000.0,uM,56.0,PTP1B
CHEMBL3934352,=,=,nM,37000.0,uM,37.0,PTP1B
CHEMBL3906378,=,=,nM,37000.0,uM,37.0,PTP1B
CHEMBL3960743,=,=,nM,10000.0,uM,10.0,PTP1B
CHEMBL3933283,=,=,nM,17000.0,uM,17.0,PTP1B
CHEMBL3952045,=,=,nM,11000.0,uM,11.0,PTP1B
CHEMBL3924343,>,>,nM,100000.0,uM,100.0,PTP1B
CHEMBL3907505,>,>,nM,100000.0,uM,100.0,PTP1B
CHEMBL3978029,>,>,nM,100000.0,uM,100.0,PTP1B
CHEMBL3894125,>,>,nM,100000.0,uM,100.0,PTP1B
CHEMBL3953543,>,>,nM,100000.0,uM,100.0,PTP1B
CHEMBL3937258,>,>,nM,100000.0,uM,100.0,PTP1B
CHEMBL3975456,=,=,nM,31000.0,uM,31.0,PTP1B
CHEMBL3919336,=,=,nM,23000.0,uM,23.0,PTP1B
CHEMBL3947125,=,=,nM,34000.0,uM,34.0,PTP1B
CHEMBL3912547,=,=,nM,10000.0,uM,10.0,PTP1B
CHEMBL3934460,=,=,nM,3200.0,uM,3.2,PTP1B
CHEMBL3980253,=,=,nM,8000.0,uM,8.0,PTP1B
CHEMBL3951335,=,=,nM,7000.0,uM,7.0,PTP1B
CHEMBL4171392,=,=,nM,4300.0,uM,4.3,PTP1B
CHEMBL3924724,=,=,nM,6300.0,uM,6.3,PTP1B
CHEMBL4162794,=,=,nM,11000.0,uM,11.0,PTP1B
CHEMBL4573394,=,=,nM,52000.0,uM,52.0,PTP1B
CHEMBL4446055,=,=,nM,4900.0,uM,4.9,PTP1B
CHEMBL4521813,=,=,nM,19000.0,uM,19.0,PTP1B
CHEMBL4513892,=,=,nM,8800.0,uM,8.8,PTP1B
CHEMBL4176281,=,=,nM,56000.0,uM,56.0,PTP1B
CHEMBL4562570,=,=,nM,10000.0,uM,10.0,PTP1B
CHEMBL4449196,=,=,nM,14000.0,uM,14.0,PTP1B
CHEMBL4531772,=,=,nM,11000.0,uM,11.0,PTP1B
CHEMBL4160098,=,=,nM,12000.0,uM,12.0,PTP1B
CHEMBL4542408,=,=,nM,6900.0,uM,6.9,PTP1B
CHEMBL4547546,=,=,nM,8600.0,uM,8.6,PTP1B
CHEMBL4161487,=,=,nM,7600.0,uM,7.6,PTP1B
CHEMBL4167333,=,=,nM,8000.0,uM,8.0,PTP1B
CHEMBL4447455,=,=,nM,6400.0,uM,6.4,PTP1B
CHEMBL4565697,=,=,nM,7900.0,uM,7.9,PTP1B
CHEMBL4518473,=,=,nM,6900.0,uM,6.9,PTP1B
CHEMBL4467368,=,=,nM,8400.0,uM,8.4,PTP1B
CHEMBL4168023,=,=,nM,15000.0,uM,15.0,PTP1B
CHEMBL4590591,=,=,nM,5400.0,uM,5.4,PTP1B
CHEMBL4533662,=,=,nM,73000.0,uM,73.0,PTP1B
CHEMBL4463085,=,=,nM,13000.0,uM,13.0,PTP1B
CHEMBL4437169,=,=,nM,14000.0,uM,14.0,PTP1B
CHEMBL4548710,=,=,nM,6900.0,uM,6.9,PTP1B
CHEMBL4168415,=,=,nM,42000.0,uM,42.0,PTP1B
CHEMBL4533148,=,=,nM,7200.0,uM,7.2,PTP1B
CHEMBL4583291,=,=,nM,11000.0,uM,11.0,PTP1B
CHEMBL4522496,=,=,nM,12000.0,uM,12.0,PTP1B
CHEMBL4176697,=,=,nM,13000.0,uM,13.0,PTP1B
CHEMBL4166077,=,=,nM,7600.0,uM,7.6,PTP1B
CHEMBL4531228,=,=,nM,11000.0,uM,11.0,PTP1B
CHEMBL4169499,=,=,nM,7600.0,uM,7.6,PTP1B
CHEMBL4161583,=,=,nM,9400.0,uM,9.4,PTP1B
CHEMBL4526007,=,=,nM,10000.0,uM,10.0,PTP1B
CHEMBL4545651,=,=,nM,12000.0,uM,12.0,PTP1B
CHEMBL4531689,=,=,nM,7900.0,uM,7.9,PTP1B
CHEMBL4449994,=,=,nM,13000.0,uM,13.0,PTP1B
CHEMBL4441394,=,=,nM,16000.0,uM,16.0,PTP1B
CHEMBL4453551,=,=,nM,6500.0,uM,6.5,PTP1B
CHEMBL4586116,>,>,nM,100000.0,uM,100.0,PTP1B
CHEMBL4542758,>,>,nM,100000.0,uM,100.0,PTP1B
CHEMBL1587605,=,=,nM,65000.0,uM,65.0,PTP1B
CHEMBL4541977,=,=,nM,55000.0,uM,55.0,PTP1B
CHEMBL4565061,=,=,nM,62000.0,uM,62.0,PTP1B
CHEMBL4562717,=,=,nM,68000.0,uM,68.0,PTP1B
CHEMBL4446756,=,=,nM,59000.0,uM,59.0,PTP1B
CHEMBL4513591,=,=,nM,37000.0,uM,37.0,PTP1B
CHEMBL4440705,=,=,nM,43000.0,uM,43.0,PTP1B
CHEMBL4567343,=,=,nM,63000.0,uM,63.0,PTP1B
CHEMBL4462640,=,=,nM,44000.0,uM,44.0,PTP1B
CHEMBL4461747,=,=,nM,44000.0,uM,44.0,PTP1B
CHEMBL4583096,=,=,nM,35000.0,uM,35.0,PTP1B
CHEMBL4563828,=,=,nM,29000.0,uM,29.0,PTP1B
CHEMBL4461900,=,=,nM,40000.0,uM,40.0,PTP1B
CHEMBL4561738,=,=,nM,28000.0,uM,28.0,PTP1B
CHEMBL4449221,=,=,nM,38000.0,uM,38.0,PTP1B
CHEMBL4567660,=,=,nM,21000.0,uM,21.0,PTP1B
CHEMBL4434972,=,=,nM,52000.0,uM,52.0,PTP1B
CHEMBL4454247,=,=,nM,37000.0,uM,37.0,PTP1B
CHEMBL4564122,=,=,nM,42000.0,uM,42.0,PTP1B
CHEMBL4532359,=,=,nM,37000.0,uM,37.0,PTP1B
CHEMBL4456802,=,=,nM,47000.0,uM,47.0,PTP1B
CHEMBL4559209,=,=,nM,54000.0,uM,54.0,PTP1B
CHEMBL4447680,=,=,nM,51000.0,uM,51.0,PTP1B
CHEMBL4558646,=,=,nM,42000.0,uM,42.0,PTP1B
CHEMBL4469657,=,=,nM,33000.0,uM,33.0,PTP1B
CHEMBL4567422,>,>,nM,100000.0,uM,100.0,PTP1B
CHEMBL4458229,=,=,nM,70000.0,uM,70.0,PTP1B
CHEMBL4459405,>,>,nM,100000.0,uM,100.0,PTP1B
CHEMBL4443896,>,>,nM,100000.0,uM,100.0,PTP1B
CHEMBL1448646,=,=,nM,77000.0,uM,77.0,PTP1B
CHEMBL4464948,=,=,nM,59000.0,uM,59.0,PTP1B
CHEMBL4565483,=,=,nM,71000.0,uM,71.0,PTP1B
CHEMBL4447607,=,=,nM,78000.0,uM,78.0,PTP1B
CHEMBL4549691,=,=,nM,40000.0,uM,40.0,PTP1B
CHEMBL4440273,=,=,nM,88000.0,uM,88.0,PTP1B
CHEMBL4584952,=,=,nM,44000.0,uM,44.0,PTP1B
CHEMBL4463791,=,=,nM,76000.0,uM,76.0,PTP1B
CHEMBL4471032,=,=,nM,44000.0,uM,44.0,PTP1B
CHEMBL4521507,=,=,nM,83000.0,uM,83.0,PTP1B
CHEMBL4448007,=,=,nM,36000.0,uM,36.0,PTP1B
CHEMBL4565368,=,=,nM,35000.0,uM,35.0,PTP1B
CHEMBL4434992,=,=,nM,76000.0,uM,76.0,PTP1B
CHEMBL4572554,=,=,nM,40000.0,uM,40.0,PTP1B
CHEMBL4556062,=,=,nM,35000.0,uM,35.0,PTP1B
CHEMBL4548800,=,=,nM,27000.0,uM,27.0,PTP1B
CHEMBL4586199,=,=,nM,41000.0,uM,41.0,PTP1B
CHEMBL4462237,=,=,nM,53000.0,uM,53.0,PTP1B
CHEMBL4444550,=,=,nM,48000.0,uM,48.0,PTP1B
CHEMBL4454819,=,=,nM,57000.0,uM,57.0,PTP1B
CHEMBL4574391,=,=,nM,45000.0,uM,45.0,PTP1B
CHEMBL4457015,=,=,nM,37000.0,uM,37.0,PTP1B
CHEMBL4449832,=,=,nM,86000.0,uM,86.0,PTP1B
CHEMBL4450124,=,=,nM,46000.0,uM,46.0,PTP1B
CHEMBL4570232,=,=,nM,76000.0,uM,76.0,PTP1B
CHEMBL4458221,>,>,nM,100000.0,uM,100.0,PTP1B
CHEMBL4464897,=,=,nM,92000.0,uM,92.0,PTP1B
CHEMBL4514865,=,=,nM,14000.0,uM,14.0,PTP1B
CHEMBL4454177,=,=,nM,14000.0,uM,14.0,PTP1B
CHEMBL4453288,=,=,nM,14000.0,uM,14.0,PTP1B
CHEMBL4579238,=,=,nM,1780.0,uM,1.78,PTP1B
CHEMBL4587328,=,=,nM,12900.0,uM,12.9,PTP1B
CHEMBL4536323,=,=,nM,1030.0,uM,1.03,PTP1B
CHEMBL4513341,=,=,nM,1380.0,uM,1.38,PTP1B
CHEMBL179166,=,=,nM,2010.0,uM,2.01,PTP1B
CHEMBL4580396,=,=,nM,3980.0,uM,3.98,PTP1B
CHEMBL4579238,=,=,nM,190.0,uM,0.19,PTP1B
CHEMBL4474009,=,=,nM,285.0,uM,0.285,PTP1B
CHEMBL4472943,=,=,nM,3810.0,uM,3.81,PTP1B
CHEMBL4587328,=,=,nM,2140.0,uM,2.14,PTP1B
CHEMBL4553618,=,=,nM,1070.0,uM,1.07,PTP1B
CHEMBL4588870,=,=,nM,3550.0,uM,3.55,PTP1B
CHEMBL4548732,=,=,nM,2450.0,uM,2.45,PTP1B
CHEMBL4569419,=,=,nM,2290.0,uM,2.29,PTP1B
CHEMBL4536323,=,=,nM,3090.0,uM,3.09,PTP1B
CHEMBL4447557,=,=,nM,7440.0,uM,7.44,PTP1B
CHEMBL4513341,=,=,nM,870.0,uM,0.87,PTP1B
CHEMBL179166,=,=,nM,3090.0,uM,3.09,PTP1B
CHEMBL4580396,=,=,nM,1990.0,uM,1.99,PTP1B
CHEMBL4468432,=,=,nM,3340.0,uM,3.34,PTP1B
CHEMBL4530291,=,=,nM,3750.0,uM,3.75,PTP1B
CHEMBL4439769,=,=,nM,4000.0,uM,4.0,PTP1B
CHEMBL4443298,=,=,nM,10260.0,uM,10.26,PTP1B
CHEMBL4549795,=,=,nM,18470.0,uM,18.47,PTP1B
CHEMBL4440623,=,=,nM,9130.0,uM,9.13,PTP1B
CHEMBL4531749,=,=,nM,4270.0,uM,4.27,PTP1B
CHEMBL4444674,=,=,nM,6680.0,uM,6.68,PTP1B
CHEMBL401368,=,=,nM,354200.0,uM,354.2,PTP1B
CHEMBL510971,=,=,nM,128800.0,uM,128.8,PTP1B
CHEMBL4577930,=,=,nM,14000.0,uM,14.0,PTP1B
CHEMBL4557312,=,=,nM,27000.0,uM,27.0,PTP1B
CHEMBL4442464,=,=,nM,23000.0,uM,23.0,PTP1B
CHEMBL4470062,=,=,nM,13000.0,uM,13.0,PTP1B
CHEMBL179166,=,=,nM,2000.0,uM,2.0,PTP1B
CHEMBL4452781,=,=,nM,2800.0,uM,2.8,PTP1B
CHEMBL4452883,=,=,nM,2800.0,uM,2.8,PTP1B
CHEMBL4444045,=,=,nM,2800.0,uM,2.8,PTP1B
CHEMBL4446933,=,=,nM,2800.0,uM,2.8,PTP1B
CHEMBL4567120,=,=,nM,22200.0,uM,22.2,PTP1B
CHEMBL4435026,=,=,nM,43600.0,uM,43.6,PTP1B
CHEMBL4590366,>,>,nM,80000.0,uM,80.0,PTP1B
CHEMBL4518867,=,=,nM,8900.0,uM,8.9,PTP1B
CHEMBL4587702,>,>,nM,80000.0,uM,80.0,PTP1B
CHEMBL4582106,=,=,nM,9800.0,uM,9.8,PTP1B
CHEMBL4473044,>,>,nM,80000.0,uM,80.0,PTP1B
CHEMBL4540247,>,>,nM,80000.0,uM,80.0,PTP1B
CHEMBL4547078,>,>,nM,80000.0,uM,80.0,PTP1B
CHEMBL4592629,>,>,nM,80000.0,uM,80.0,PTP1B
CHEMBL4443406,>,>,nM,80000.0,uM,80.0,PTP1B
CHEMBL168,=,=,nM,4300.0,uM,4.3,PTP1B
CHEMBL4469442,=,=,nM,4700.0,uM,4.7,PTP1B
CHEMBL4456002,=,=,nM,11000.0,uM,11.0,PTP1B
CHEMBL4562591,=,=,nM,11900.0,uM,11.9,PTP1B
CHEMBL4553740,=,=,nM,10700.0,uM,10.7,PTP1B
CHEMBL4560923,=,=,nM,19100.0,uM,19.1,PTP1B
CHEMBL4472595,=,=,nM,18900.0,uM,18.9,PTP1B
CHEMBL4474641,=,=,nM,6200.0,uM,6.2,PTP1B
CHEMBL4445427,=,=,nM,9200.0,uM,9.2,PTP1B
CHEMBL4448247,=,=,nM,22800.0,uM,22.8,PTP1B
CHEMBL4454352,=,=,nM,22800.0,uM,22.8,PTP1B
CHEMBL168,=,=,nM,40700.0,uM,40.7,PTP1B
CHEMBL4442649,,,,,,,PTP1B
CHEMBL4476403,>,>,nM,1000000.0,uM,1000.0,PTP1B
CHEMBL4476561,=,=,nM,2500.0,uM,2.5,PTP1B
CHEMBL4448902,=,=,nM,106000.0,uM,106.0,PTP1B
CHEMBL1241589,=,=,10'20 uM,1.4,10'20 uM,1.4,PTP1B
CHEMBL1523279,=,=,nM,71400.0,uM,71.4,PTP1B
CHEMBL1474963,>,>,nM,150000.0,uM,150.0,PTP1B
CHEMBL388590,=,=,nM,53800.0,uM,53.8,PTP1B
CHEMBL4582062,=,=,nM,1220.0,uM,1.22,PTP1B
CHEMBL4465505,=,=,nM,460.0,uM,0.46,PTP1B
CHEMBL4461135,=,=,nM,1170.0,uM,1.17,PTP1B
CHEMBL4458849,=,=,nM,430.0,uM,0.43,PTP1B
CHEMBL4576091,=,=,nM,1180.0,uM,1.18,PTP1B
CHEMBL4467782,=,=,nM,300.0,uM,0.3,PTP1B
CHEMBL4451896,=,=,nM,1390.0,uM,1.39,PTP1B
CHEMBL4437237,=,=,nM,420.0,uM,0.42,PTP1B
CHEMBL4462241,=,=,nM,2790.0,uM,2.79,PTP1B
CHEMBL4436628,=,=,nM,1070.0,uM,1.07,PTP1B
CHEMBL4445389,=,=,nM,6840.0,uM,6.84,PTP1B
CHEMBL4537626,=,=,nM,2520.0,uM,2.52,PTP1B
CHEMBL4449282,=,=,nM,1370.0,uM,1.37,PTP1B
CHEMBL4525993,=,=,nM,1930.0,uM,1.93,PTP1B
CHEMBL4453634,=,=,nM,3510.0,uM,3.51,PTP1B
CHEMBL4556433,=,=,nM,3360.0,uM,3.36,PTP1B
CHEMBL4546039,=,=,nM,2950.0,uM,2.95,PTP1B
CHEMBL4584064,=,=,nM,7810.0,uM,7.81,PTP1B
CHEMBL4457655,=,=,nM,380.0,uM,0.38,PTP1B
CHEMBL4579462,=,=,nM,1450.0,uM,1.45,PTP1B
CHEMBL4471305,=,=,nM,440.0,uM,0.44,PTP1B
CHEMBL4442675,=,=,nM,1510.0,uM,1.51,PTP1B
CHEMBL4528006,=,=,nM,230.0,uM,0.23,PTP1B
CHEMBL4466086,=,=,nM,770.0,uM,0.77,PTP1B
CHEMBL4587526,=,=,nM,360.0,uM,0.36,PTP1B
CHEMBL4462140,=,=,nM,1260.0,uM,1.26,PTP1B
CHEMBL4533077,=,=,nM,610.0,uM,0.61,PTP1B
CHEMBL4437911,=,=,nM,1540.0,uM,1.54,PTP1B
CHEMBL4447414,=,=,nM,250.0,uM,0.25,PTP1B
CHEMBL4445864,=,=,nM,1080.0,uM,1.08,PTP1B
CHEMBL4473987,=,=,nM,120.0,uM,0.12,PTP1B
CHEMBL4556255,=,=,nM,830.0,uM,0.83,PTP1B
CHEMBL4471652,=,=,nM,9340.0,uM,9.34,PTP1B
CHEMBL4537041,=,=,nM,16800.0,uM,16.8,PTP1B
CHEMBL4555184,=,=,nM,27400.0,uM,27.4,PTP1B
CHEMBL4516115,=,=,nM,7420.0,uM,7.42,PTP1B
CHEMBL4473317,=,=,nM,6870.0,uM,6.87,PTP1B
CHEMBL179166,=,=,nM,62.0,uM,0.062,PTP1B
CHEMBL4569405,=,=,nM,79.0,uM,0.079,PTP1B
CHEMBL4540813,=,=,nM,380.0,uM,0.38,PTP1B
CHEMBL4530344,=,=,nM,2800.0,uM,2.8,PTP1B
CHEMBL1779057,=,=,nM,4000.0,uM,4.0,PTP1B
CHEMBL139702,=,=,nM,19100.0,uM,19.1,PTP1B
CHEMBL169,=,=,nM,3100.0,uM,3.1,PTP1B
CHEMBL4434766,=,=,nM,5800.0,uM,5.8,PTP1B
CHEMBL4522606,=,=,nM,3900.0,uM,3.9,PTP1B
CHEMBL4458983,=,=,nM,32800.0,uM,32.8,PTP1B
CHEMBL4473643,=,=,nM,25600.0,uM,25.6,PTP1B
CHEMBL4549092,=,=,nM,12600.0,uM,12.6,PTP1B
CHEMBL4519783,=,=,nM,9400.0,uM,9.4,PTP1B
CHEMBL4461246,=,=,nM,6600.0,uM,6.6,PTP1B
CHEMBL4588801,=,=,nM,4600.0,uM,4.6,PTP1B
CHEMBL4454054,=,=,nM,5000.0,uM,5.0,PTP1B
CHEMBL4569866,=,=,nM,5900.0,uM,5.9,PTP1B
CHEMBL4474228,=,=,nM,4700.0,uM,4.7,PTP1B
CHEMBL4439601,=,=,nM,11800.0,uM,11.8,PTP1B
CHEMBL4520428,,,,,,,PTP1B
CHEMBL4472239,=,=,nM,6900.0,uM,6.9,PTP1B
CHEMBL4463489,=,=,nM,5000.0,uM,5.0,PTP1B
CHEMBL4454728,=,=,nM,16300.0,uM,16.3,PTP1B
CHEMBL4533045,=,=,nM,570.0,uM,0.57,PTP1B
CHEMBL4471595,=,=,nM,6900.0,uM,6.9,PTP1B
CHEMBL4483521,=,=,nM,6300.0,uM,6.3,PTP1B
CHEMBL4555237,=,=,nM,12300.0,uM,12.3,PTP1B
CHEMBL4467981,=,=,nM,7200.0,uM,7.2,PTP1B
CHEMBL4551161,=,=,nM,9500.0,uM,9.5,PTP1B
CHEMBL4448672,=,=,nM,6900.0,uM,6.9,PTP1B
CHEMBL4440819,=,=,nM,8200.0,uM,8.2,PTP1B
CHEMBL4535654,=,=,nM,5400.0,uM,5.4,PTP1B
CHEMBL4454880,=,=,nM,10900.0,uM,10.9,PTP1B
CHEMBL4438100,=,=,nM,3900.0,uM,3.9,PTP1B
CHEMBL4437498,=,=,nM,3000.0,uM,3.0,PTP1B
CHEMBL4527750,=,=,nM,5900.0,uM,5.9,PTP1B
CHEMBL4456342,=,=,nM,6500.0,uM,6.5,PTP1B
CHEMBL4593218,,,,,,,PTP1B
CHEMBL4551737,=,=,nM,5400.0,uM,5.4,PTP1B
CHEMBL4522937,=,=,nM,5300.0,uM,5.3,PTP1B
CHEMBL4585267,=,=,nM,24800.0,uM,24.8,PTP1B
CHEMBL4463474,=,=,nM,14600.0,uM,14.6,PTP1B
CHEMBL4560874,,,,,,,PTP1B
CHEMBL4586715,=,=,nM,7400.0,uM,7.4,PTP1B
CHEMBL4551656,=,=,nM,9400.0,uM,9.4,PTP1B
CHEMBL4457902,=,=,nM,12900.0,uM,12.9,PTP1B
CHEMBL4483388,=,=,nM,24000.0,uM,24.0,PTP1B
CHEMBL4589821,=,=,nM,28000.0,uM,28.0,PTP1B
CHEMBL4569363,=,=,nM,11000.0,uM,11.0,PTP1B
CHEMBL4461401,=,=,nM,18550.0,uM,18.55,PTP1B
CHEMBL4546363,=,=,nM,3330.0,uM,3.33,PTP1B
CHEMBL4435604,=,=,nM,7120.0,uM,7.12,PTP1B
CHEMBL4586385,=,=,nM,6280.0,uM,6.28,PTP1B
CHEMBL4441882,=,=,nM,5490.0,uM,5.49,PTP1B
CHEMBL4461079,>,>,nM,50000.0,uM,50.0,PTP1B
CHEMBL4551348,>,>,nM,50000.0,uM,50.0,PTP1B
CHEMBL4450835,>,>,nM,50000.0,uM,50.0,PTP1B
CHEMBL4440384,=,=,nM,6650.0,uM,6.65,PTP1B
CHEMBL4460100,=,=,nM,10990.0,uM,10.99,PTP1B
CHEMBL4518632,=,=,nM,6310.0,uM,6.31,PTP1B
CHEMBL4472074,=,=,nM,11380.0,uM,11.38,PTP1B
CHEMBL4435020,=,=,nM,16300.0,uM,16.3,PTP1B
CHEMBL4583694,=,=,nM,5030.0,uM,5.03,PTP1B
CHEMBL4543683,>,>,nM,50000.0,uM,50.0,PTP1B
CHEMBL4456238,>,>,nM,50000.0,uM,50.0,PTP1B
CHEMBL4515470,=,=,nM,4790.0,uM,4.79,PTP1B
CHEMBL4583081,=,=,nM,11300.0,uM,11.3,PTP1B
CHEMBL4466531,=,=,nM,10350.0,uM,10.35,PTP1B
CHEMBL4573590,>,>,nM,50000.0,uM,50.0,PTP1B
CHEMBL4467787,=,=,nM,7490.0,uM,7.49,PTP1B
CHEMBL4589547,=,=,nM,2380.0,uM,2.38,PTP1B
CHEMBL168,=,=,nM,2960.0,uM,2.96,PTP1B
CHEMBL4542052,=,=,nM,5.0,nM,5.0,PTP1B
CHEMBL4471590,=,=,nM,630.0,uM,0.63,PTP1B
CHEMBL4445621,>,>,nM,80000.0,uM,80.0,PTP1B
CHEMBL4541029,=,=,nM,6270.0,uM,6.27,PTP1B
CHEMBL4535279,=,=,nM,1260000.0,uM,1260.0,PTP1B
CHEMBL4528277,=,=,nM,7670.0,uM,7.67,PTP1B
CHEMBL4567748,=,=,nM,3440.0,uM,3.44,PTP1B
CHEMBL2086414,=,=,nM,6300.0,uM,6.3,PTP1B
CHEMBL523622,=,=,nM,7400.0,uM,7.4,PTP1B
CHEMBL4554678,=,=,nM,1500.0,uM,1.5,PTP1B
CHEMBL4566713,=,=,nM,5900.0,uM,5.9,PTP1B
CHEMBL1835376,=,=,nM,7800.0,uM,7.8,PTP1B
CHEMBL4561426,=,=,nM,5500.0,uM,5.5,PTP1B
CHEMBL403093,=,=,nM,3500.0,uM,3.5,PTP1B
CHEMBL4524583,=,=,nM,3500.0,uM,3.5,PTP1B
CHEMBL403094,=,=,nM,3500.0,uM,3.5,PTP1B
CHEMBL403411,=,=,nM,3500.0,uM,3.5,PTP1B
CHEMBL426373,=,=,nM,4400.0,uM,4.4,PTP1B
CHEMBL4639639,>,>,nM,50000.0,uM,50.0,PTP1B
CHEMBL4636723,=,=,nM,32200.0,uM,32.2,PTP1B
CHEMBL4649760,=,=,nM,2100.0,uM,2.1,PTP1B
CHEMBL4639813,=,=,nM,34900.0,uM,34.9,PTP1B
CHEMBL4638367,=,=,nM,1900.0,uM,1.9,PTP1B
CHEMBL4647374,=,=,nM,37600.0,uM,37.6,PTP1B
CHEMBL4639409,=,=,nM,27400.0,uM,27.4,PTP1B
CHEMBL4635601,>,>,nM,50000.0,uM,50.0,PTP1B
CHEMBL4633335,>,>,nM,50000.0,uM,50.0,PTP1B
CHEMBL460860,>,>,nM,50000.0,uM,50.0,PTP1B
CHEMBL4647539,=,=,nM,12100.0,uM,12.1,PTP1B
CHEMBL4643421,>,>,nM,50000.0,uM,50.0,PTP1B
CHEMBL4647457,>,>,nM,50000.0,uM,50.0,PTP1B
CHEMBL4648424,>,>,nM,50000.0,uM,50.0,PTP1B
CHEMBL4649674,>,>,nM,50000.0,uM,50.0,PTP1B
CHEMBL165,>,>,nM,50000.0,uM,50.0,PTP1B
CHEMBL4641043,>,>,nM,50000.0,uM,50.0,PTP1B
CHEMBL4647972,>,>,nM,50000.0,uM,50.0,PTP1B
CHEMBL4210319,>,>,nM,50000.0,uM,50.0,PTP1B
CHEMBL179166,=,=,nM,15100.0,uM,15.1,PTP1B
CHEMBL169,=,=,nM,5000.0,uM,5.0,PTP1B
CHEMBL168,=,=,nM,3300.0,uM,3.3,PTP1B
CHEMBL4635708,=,=,nM,8100.0,uM,8.1,PTP1B
CHEMBL481072,=,=,nM,12900.0,uM,12.9,PTP1B
CHEMBL4640375,=,=,nM,4600.0,uM,4.6,PTP1B
CHEMBL4646830,=,=,nM,17100.0,uM,17.1,PTP1B
CHEMBL4644603,=,=,nM,3300.0,uM,3.3,PTP1B
CHEMBL4640921,=,=,nM,11200.0,uM,11.2,PTP1B
CHEMBL4639637,=,=,nM,5900.0,uM,5.9,PTP1B
CHEMBL4636630,=,=,nM,6700.0,uM,6.7,PTP1B
CHEMBL4639007,=,=,nM,5300.0,uM,5.3,PTP1B
CHEMBL1929043,=,=,nM,5900.0,uM,5.9,PTP1B
CHEMBL3810262,=,=,nM,7000.0,uM,7.0,PTP1B
CHEMBL4638927,=,=,nM,4800.0,uM,4.8,PTP1B
CHEMBL4634824,=,=,nM,7200.0,uM,7.2,PTP1B
CHEMBL4647021,=,=,nM,4400.0,uM,4.4,PTP1B
CHEMBL4638191,=,=,nM,4300.0,uM,4.3,PTP1B
CHEMBL494252,=,=,nM,2300.0,uM,2.3,PTP1B
CHEMBL3808735,=,=,nM,3300.0,uM,3.3,PTP1B
CHEMBL232935,=,=,nM,9200.0,uM,9.2,PTP1B
CHEMBL3809403,=,=,nM,7700.0,uM,7.7,PTP1B
CHEMBL3810179,=,=,nM,4500.0,uM,4.5,PTP1B
CHEMBL3809337,=,=,nM,5300.0,uM,5.3,PTP1B
CHEMBL256340,=,=,nM,2100.0,uM,2.1,PTP1B
CHEMBL4638414,=,=,nM,8300.0,uM,8.3,PTP1B
CHEMBL3808919,=,=,nM,7500.0,uM,7.5,PTP1B
CHEMBL169,=,=,nM,5100.0,uM,5.1,PTP1B
CHEMBL4647463,=,=,nM,13900.0,uM,13.9,PTP1B
CHEMBL4646089,=,=,nM,10900.0,uM,10.9,PTP1B
CHEMBL4638865,=,=,nM,15300.0,uM,15.3,PTP1B
CHEMBL508749,=,=,nM,14500.0,uM,14.5,PTP1B
CHEMBL169,=,=,nM,27800.0,uM,27.8,PTP1B
CHEMBL4633129,=,=,nM,163000.0,uM,163.0,PTP1B
CHEMBL4635432,=,=,nM,38000.0,uM,38.0,PTP1B
CHEMBL4639645,=,=,nM,484000.0,uM,484.0,PTP1B
CHEMBL4638022,=,=,nM,144000.0,uM,144.0,PTP1B
CHEMBL4639237,=,=,nM,73000.0,uM,73.0,PTP1B
CHEMBL4637629,=,=,nM,66000.0,uM,66.0,PTP1B
CHEMBL4644049,=,=,nM,24000.0,uM,24.0,PTP1B
CHEMBL4634430,=,=,nM,30000.0,uM,30.0,PTP1B
CHEMBL4646384,=,=,nM,2400.0,uM,2.4,PTP1B
CHEMBL4640861,=,=,nM,12000.0,uM,12.0,PTP1B
CHEMBL4633514,=,=,nM,12000.0,uM,12.0,PTP1B
CHEMBL426373,=,=,nM,7300.0,uM,7.3,PTP1B
CHEMBL184041,=,=,nM,1600.0,uM,1.6,PTP1B
CHEMBL508583,=,=,nM,1000.0,uM,1.0,PTP1B
CHEMBL1173381,=,=,nM,1600.0,uM,1.6,PTP1B
CHEMBL46403,=,=,nM,2300.0,uM,2.3,PTP1B
CHEMBL82293,=,=,nM,8800.0,uM,8.8,PTP1B
CHEMBL4640620,=,=,nM,1400.0,uM,1.4,PTP1B
CHEMBL8659,=,=,nM,6200.0,uM,6.2,PTP1B
CHEMBL453509,=,=,nM,6400.0,uM,6.4,PTP1B
CHEMBL4465327,=,=,nM,3380.0,uM,3.38,PTP1B
CHEMBL4471983,=,=,nM,7690.0,uM,7.69,PTP1B
CHEMBL4514758,=,=,nM,2680.0,uM,2.68,PTP1B
CHEMBL4473832,=,=,nM,2620.0,uM,2.62,PTP1B
CHEMBL4458937,=,=,nM,2700.0,uM,2.7,PTP1B
CHEMBL4475087,=,=,nM,2110.0,uM,2.11,PTP1B
CHEMBL4461708,=,=,nM,8270.0,uM,8.27,PTP1B
CHEMBL4453336,=,=,nM,2810.0,uM,2.81,PTP1B
CHEMBL4528755,=,=,nM,340.0,uM,0.34,PTP1B
CHEMBL4532631,=,=,nM,9850.0,uM,9.85,PTP1B
CHEMBL179166,=,=,nM,1100.0,uM,1.1,PTP1B
CHEMBL4635749,=,=,nM,3480.0,uM,3.48,PTP1B
CHEMBL4638626,=,=,nM,10450.0,uM,10.45,PTP1B
CHEMBL4646926,=,=,nM,15670.0,uM,15.67,PTP1B
CHEMBL4646731,=,=,nM,3520.0,uM,3.52,PTP1B
CHEMBL4648494,=,=,nM,4880.0,uM,4.88,PTP1B
CHEMBL4634606,=,=,nM,23360.0,uM,23.36,PTP1B
CHEMBL4641929,=,=,nM,28320.0,uM,28.32,PTP1B
CHEMBL4635833,=,=,nM,7940.0,uM,7.94,PTP1B
CHEMBL168,=,=,nM,2600.0,uM,2.6,PTP1B
CHEMBL3238195,=,=,nM,2340.0,uM,2.34,PTP1B
CHEMBL4636119,=,=,nM,70.0,uM,0.07,PTP1B
CHEMBL4637354,=,=,nM,3330.0,uM,3.33,PTP1B
CHEMBL4641922,=,=,nM,880.0,uM,0.88,PTP1B
CHEMBL4648808,=,=,nM,44000.0,uM,44.0,PTP1B
CHEMBL4634743,=,=,nM,43600.0,uM,43.6,PTP1B
CHEMBL265502,>=,>=,nM,10000.0,uM,10.0,PTP1B
CHEMBL4642505,=,=,nM,1880.0,uM,1.88,PTP1B
CHEMBL4636382,=,=,nM,2900.0,uM,2.9,PTP1B
CHEMBL4639896,=,=,nM,8730.0,uM,8.73,PTP1B
CHEMBL4635202,=,=,nM,7310.0,uM,7.31,PTP1B
CHEMBL4638054,=,=,nM,3200.0,uM,3.2,PTP1B
CHEMBL4635310,>,>,nM,100000.0,uM,100.0,PTP1B
CHEMBL4633958,>,>,nM,100000.0,uM,100.0,PTP1B
CHEMBL4647032,>,>,nM,50000.0,uM,50.0,PTP1B
CHEMBL4636548,>,>,nM,50000.0,uM,50.0,PTP1B
CHEMBL4632655,>,>,nM,50000.0,uM,50.0,PTP1B
CHEMBL4640123,>,>,nM,50000.0,uM,50.0,PTP1B
CHEMBL4636357,>,>,nM,100000.0,uM,100.0,PTP1B
CHEMBL4632818,=,=,nM,45100.0,uM,45.1,PTP1B
CHEMBL4645770,>,>,nM,50000.0,uM,50.0,PTP1B
CHEMBL4649838,>,>,nM,50000.0,uM,50.0,PTP1B
CHEMBL4647377,=,=,nM,29500.0,uM,29.5,PTP1B
CHEMBL4637459,>,>,nM,50000.0,uM,50.0,PTP1B
CHEMBL4642274,>,>,nM,50000.0,uM,50.0,PTP1B
CHEMBL4649071,>,>,nM,50000.0,uM,50.0,PTP1B
CHEMBL4644874,>,>,nM,50000.0,uM,50.0,PTP1B
CHEMBL4649843,>,>,nM,50000.0,uM,50.0,PTP1B
CHEMBL4649291,>,>,nM,50000.0,uM,50.0,PTP1B
CHEMBL4635176,>,>,nM,50000.0,uM,50.0,PTP1B
CHEMBL4635765,=,=,nM,38900.0,uM,38.9,PTP1B
CHEMBL4646506,>,>,nM,50000.0,uM,50.0,PTP1B
CHEMBL4647367,>,>,nM,30000.0,uM,30.0,PTP1B
CHEMBL4637373,=,=,nM,16400.0,uM,16.4,PTP1B
CHEMBL4638011,>,>,nM,30000.0,uM,30.0,PTP1B
CHEMBL4641106,=,=,nM,27400.0,uM,27.4,PTP1B
CHEMBL4649112,>,>,nM,30000.0,uM,30.0,PTP1B
CHEMBL4641525,>,>,nM,30000.0,uM,30.0,PTP1B
CHEMBL4632681,>,>,nM,30000.0,uM,30.0,PTP1B
CHEMBL4633441,>,>,nM,30000.0,uM,30.0,PTP1B
CHEMBL4647989,>,>,nM,30000.0,uM,30.0,PTP1B
CHEMBL3248231,>,>,nM,100000.0,uM,100.0,PTP1B
CHEMBL4649133,>,>,nM,100000.0,uM,100.0,PTP1B
CHEMBL4633719,>,>,nM,100000.0,uM,100.0,PTP1B
CHEMBL4649025,>,>,nM,100000.0,uM,100.0,PTP1B
CHEMBL4642395,=,=,nM,62000.0,uM,62.0,PTP1B
CHEMBL4638797,>,>,nM,100000.0,uM,100.0,PTP1B
CHEMBL4636634,>,>,nM,100000.0,uM,100.0,PTP1B
CHEMBL4776707,=,=,nM,600.0,uM,0.6,PTP1B
CHEMBL4752026,>,>,nM,10000.0,uM,10.0,PTP1B
CHEMBL1232829,=,=,nM,8000.0,uM,8.0,PTP1B
CHEMBL4778434,=,=,nM,14000.0,uM,14.0,PTP1B
CHEMBL4784105,=,=,nM,6560.0,uM,6.56,PTP1B
CHEMBL4780471,=,=,nM,6800.0,uM,6.8,PTP1B
CHEMBL4750975,=,=,nM,10600.0,uM,10.6,PTP1B
CHEMBL4746515,=,=,nM,8930.0,uM,8.93,PTP1B
CHEMBL4762771,=,=,nM,3170.0,uM,3.17,PTP1B
CHEMBL1765357,=,=,nM,19000.0,uM,19.0,PTP1B
CHEMBL4757579,=,=,nM,2100.0,uM,2.1,PTP1B
CHEMBL169,=,=,nM,33100.0,uM,33.1,PTP1B
CHEMBL4750435,=,=,nM,410.0,uM,0.41,PTP1B
CHEMBL4763463,=,=,nM,1070.0,uM,1.07,PTP1B
CHEMBL4790195,=,=,nM,6840.0,uM,6.84,PTP1B
CHEMBL4748920,=,=,nM,2150.0,uM,2.15,PTP1B
CHEMBL4782991,=,=,nM,937.0,uM,0.937,PTP1B
CHEMBL4789031,=,=,nM,1280.0,uM,1.28,PTP1B
CHEMBL4789297,=,=,nM,5250.0,uM,5.25,PTP1B
CHEMBL4760367,>,>,nM,100000.0,uM,100.0,PTP1B
CHEMBL4783639,>,>,nM,200000.0,uM,200.0,PTP1B
CHEMBL4742123,>,>,nM,200000.0,uM,200.0,PTP1B
CHEMBL4778085,>,>,nM,200000.0,uM,200.0,PTP1B
CHEMBL4748824,>,>,nM,200000.0,uM,200.0,PTP1B
CHEMBL4800195,>,>,nM,100000.0,uM,100.0,PTP1B
CHEMBL4797766,>,>,nM,200000.0,uM,200.0,PTP1B
CHEMBL4786243,>,>,nM,200000.0,uM,200.0,PTP1B
CHEMBL4794972,>,>,nM,200000.0,uM,200.0,PTP1B
CHEMBL4792956,=,=,nM,12300.0,uM,12.3,PTP1B
CHEMBL4780469,=,=,nM,67600.0,uM,67.6,PTP1B
CHEMBL4792963,=,=,nM,15000.0,uM,15.0,PTP1B
CHEMBL4794022,=,=,nM,13300.0,uM,13.3,PTP1B
CHEMBL462894,>,>,nM,500000.0,uM,500.0,PTP1B
CHEMBL459016,>,>,nM,500000.0,uM,500.0,PTP1B
CHEMBL4796676,>,>,nM,100000.0,uM,100.0,PTP1B
CHEMBL4800515,=,=,nM,20820.0,uM,20.82,PTP1B
CHEMBL4777827,=,=,nM,18270.0,uM,18.27,PTP1B
CHEMBL4792019,=,=,nM,50760.0,uM,50.76,PTP1B
CHEMBL4776892,=,=,nM,25230.0,uM,25.23,PTP1B
CHEMBL4786486,=,=,nM,21740.0,uM,21.74,PTP1B
CHEMBL4778849,=,=,nM,17690.0,uM,17.69,PTP1B
CHEMBL4785543,=,=,nM,680.0,uM,0.68,PTP1B
CHEMBL4786441,=,=,nM,380.0,uM,0.38,PTP1B
CHEMBL4788887,=,=,nM,350.0,uM,0.35,PTP1B
CHEMBL4798517,=,=,nM,400.0,uM,0.4,PTP1B
CHEMBL4793782,=,=,nM,236140.0,uM,236.14,PTP1B
CHEMBL4788179,=,=,nM,40300.0,uM,40.3,PTP1B
CHEMBL4780652,=,=,nM,64740.0,uM,64.74,PTP1B
CHEMBL4781042,=,=,nM,13150.0,uM,13.15,PTP1B
CHEMBL4782460,=,=,nM,2670.0,uM,2.67,PTP1B
CHEMBL4788294,=,=,nM,430.0,uM,0.43,PTP1B
CHEMBL4782087,=,=,nM,1050.0,uM,1.05,PTP1B
CHEMBL4793462,=,=,nM,750.0,uM,0.75,PTP1B
CHEMBL4787688,=,=,nM,990.0,uM,0.99,PTP1B
CHEMBL4800140,=,=,nM,410.0,uM,0.41,PTP1B
CHEMBL294467,=,=,nM,46.0,uM,0.046,PTP1B
CHEMBL4781365,=,=,nM,5800.0,uM,5.8,PTP1B
CHEMBL4781365,=,=,nM,5140.0,uM,5.14,PTP1B
CHEMBL3288200,=,=,nM,1000.0,uM,1.0,PTP1B
CHEMBL3288201,>,>,nM,10000.0,uM,10.0,PTP1B
CHEMBL4858883,>,>,nM,10000.0,uM,10.0,PTP1B
CHEMBL4870209,>,>,nM,10000.0,uM,10.0,PTP1B
CHEMBL4851997,=,=,nM,600.0,uM,0.6,PTP1B
CHEMBL4864562,>,>,nM,10000.0,uM,10.0,PTP1B
CHEMBL4876085,=,=,nM,570.0,uM,0.57,PTP1B
CHEMBL4877884,=,=,nM,320.0,uM,0.32,PTP1B
CHEMBL4860433,>,>,nM,10000.0,uM,10.0,PTP1B
CHEMBL4871707,=,=,nM,580.0,uM,0.58,PTP1B
CHEMBL4854576,>,>,nM,10000.0,uM,10.0,PTP1B
CHEMBL4846983,=,=,nM,830.0,uM,0.83,PTP1B
CHEMBL4863246,=,=,nM,1910.0,uM,1.91,PTP1B
CHEMBL4874822,=,=,nM,410.0,uM,0.41,PTP1B
CHEMBL4877199,=,=,nM,1390.0,uM,1.39,PTP1B
CHEMBL4850859,=,=,nM,450.0,uM,0.45,PTP1B
CHEMBL4877026,=,=,nM,950.0,uM,0.95,PTP1B
CHEMBL4865928,=,=,nM,510.0,uM,0.51,PTP1B
CHEMBL1232829,=,=,nM,8000.0,uM,8.0,PTP1B
CHEMBL4876185,=,=,nM,250.0,uM,0.25,PTP1B
CHEMBL284616,=,=,nM,100.0,uM,0.1,PTP1B
CHEMBL289191,=,=,nM,560.0,uM,0.56,PTP1B
CHEMBL269277,=,=,nM,1500.0,uM,1.5,PTP1B
CHEMBL4867404,=,=,nM,1400.0,uM,1.4,PTP1B
CHEMBL4861976,=,=,nM,240.0,uM,0.24,PTP1B
CHEMBL4866869,=,=,nM,1800.0,uM,1.8,PTP1B
CHEMBL4867070,=,=,nM,1300.0,uM,1.3,PTP1B
CHEMBL4872765,=,=,nM,12500.0,uM,12.5,PTP1B
CHEMBL4861866,=,=,nM,7700.0,uM,7.7,PTP1B
CHEMBL4862506,=,=,nM,5300.0,uM,5.3,PTP1B
CHEMBL221907,=,=,nM,20000.0,uM,20.0,PTP1B
CHEMBL464006,=,=,nM,22100.0,uM,22.1,PTP1B
CHEMBL2018876,=,=,nM,10200.0,uM,10.2,PTP1B
CHEMBL168,=,=,nM,2500.0,uM,2.5,PTP1B
CHEMBL4862240,>=,>=,nM,50000.0,uM,50.0,PTP1B
CHEMBL380456,>=,>=,nM,50000.0,uM,50.0,PTP1B
CHEMBL4847372,=,=,nM,28200.0,uM,28.2,PTP1B
CHEMBL4849561,=,=,nM,36300.0,uM,36.3,PTP1B
CHEMBL4856719,=,=,nM,19900.0,uM,19.9,PTP1B
CHEMBL4876070,=,=,nM,10300.0,uM,10.3,PTP1B
CHEMBL4866095,=,=,nM,6000.0,uM,6.0,PTP1B
CHEMBL4854129,=,=,nM,53600.0,uM,53.6,PTP1B
CHEMBL513978,=,=,nM,3600.0,uM,3.6,PTP1B
CHEMBL2310311,=,=,nM,2500.0,uM,2.5,PTP1B
CHEMBL184041,=,=,nM,1600.0,uM,1.6,PTP1B
CHEMBL508583,=,=,nM,1000.0,uM,1.0,PTP1B
CHEMBL168,,,,,,,PTP1B
CHEMBL169,,,,,,,PTP1B
CHEMBL4874393,,,,,,,PTP1B
CHEMBL4859368,=,=,nM,68100.0,uM,68.1,PTP1B
CHEMBL5070507,=,=,nM,1.0,nM,1.0,PTP1B
CHEMBL5085502,<,<,nM,1.0,nM,1.0,PTP1B
CHEMBL5092308,<,<,nM,1.0,nM,1.0,PTP1B
CHEMBL5085615,=,=,nM,1.0,nM,1.0,PTP1B
CHEMBL5084112,>,>,nM,100.0,nM,100.0,PTP1B
CHEMBL5075269,<,<,nM,1.0,nM,1.0,PTP1B
CHEMBL5076419,=,=,nM,1.0,nM,1.0,PTP1B
CHEMBL5087544,>,>,nM,100.0,nM,100.0,PTP1B
CHEMBL5084380,<,<,nM,1.0,nM,1.0,PTP1B
CHEMBL5080612,<,<,nM,1.0,nM,1.0,PTP1B
CHEMBL5089047,>,>,nM,100.0,nM,100.0,PTP1B
CHEMBL5093253,<,<,nM,1.0,nM,1.0,PTP1B
CHEMBL4095230,=,=,nM,420.0,uM,0.42,PTP1B
CHEMBL4087528,=,=,nM,450.0,uM,0.45,PTP1B
CHEMBL5089751,=,=,nM,1800.0,uM,1.8,PTP1B
CHEMBL5084733,=,=,nM,25000.0,uM,25.0,PTP1B
CHEMBL5094636,>,>,nM,29000.0,uM,29.0,PTP1B
CHEMBL5077500,>,>,nM,25000.0,uM,25.0,PTP1B
CHEMBL5070918,=,=,nM,11000.0,uM,11.0,PTP1B
CHEMBL521162,=,=,nM,28000.0,uM,28.0,PTP1B
CHEMBL5075131,>,>,nM,25000.0,uM,25.0,PTP1B
CHEMBL5079023,=,=,nM,24000.0,uM,24.0,PTP1B
CHEMBL5083965,>,>,nM,29000.0,uM,29.0,PTP1B
CHEMBL5088957,>,>,nM,25000.0,uM,25.0,PTP1B
CHEMBL490011,>,>,nM,28000.0,uM,28.0,PTP1B
CHEMBL168,=,=,nM,500.0,uM,0.5,PTP1B
CHEMBL5190487,=,=,nM,1750.0,uM,1.75,PTP1B
CHEMBL5179597,=,=,nM,5370.0,uM,5.37,PTP1B
CHEMBL5185543,=,=,nM,2050.0,uM,2.05,PTP1B
CHEMBL5206722,=,=,nM,910.0,uM,0.91,PTP1B
CHEMBL168,=,=,nM,2950.0,uM,2.95,PTP1B
CHEMBL1478,=,=,nM,2710.0,uM,2.71,PTP1B
CHEMBL5178243,=,=,nM,1700.0,uM,1.7,PTP1B
CHEMBL5177685,=,=,nM,1700.0,uM,1.7,PTP1B
CHEMBL5191899,=,=,nM,71600.0,uM,71.6,PTP1B
CHEMBL5207225,=,=,nM,62500.0,uM,62.5,PTP1B
CHEMBL5183150,=,=,nM,63100.0,uM,63.1,PTP1B
CHEMBL5189251,>,>,nM,200000.0,uM,200.0,PTP1B
CHEMBL5171831,>,>,nM,200000.0,uM,200.0,PTP1B
CHEMBL5192788,>,>,nM,200000.0,uM,200.0,PTP1B
CHEMBL5204780,=,=,nM,58000.0,uM,58.0,PTP1B
CHEMBL5192236,=,=,nM,39000.0,uM,39.0,PTP1B
CHEMBL5209090,=,=,nM,100000.0,uM,100.0,PTP1B
CHEMBL5175490,=,=,nM,66000.0,uM,66.0,PTP1B
CHEMBL5192054,=,=,nM,100000.0,uM,100.0,PTP1B
CHEMBL5181027,=,=,nM,89000.0,uM,89.0,PTP1B
CHEMBL4757140,=,=,nM,25000.0,uM,25.0,PTP1B
CHEMBL4789106,>,>,nM,100000.0,uM,100.0,PTP1B
CHEMBL4060033,>,>,nM,100000.0,uM,100.0,PTP1B
CHEMBL2152644,=,=,nM,13000.0,uM,13.0,PTP1B
CHEMBL487020,=,=,nM,17000.0,uM,17.0,PTP1B
CHEMBL5204172,=,=,nM,6000.0,uM,6.0,PTP1B
CHEMBL5186891,=,=,nM,9600.0,uM,9.6,PTP1B
CHEMBL5207648,=,=,nM,5900.0,uM,5.9,PTP1B
CHEMBL5219572,=,=,nM,3930.0,uM,3.93,PTP1B
CHEMBL5220804,=,=,nM,5160.0,uM,5.16,PTP1B
CHEMBL5220330,=,=,nM,27300.0,uM,27.3,PTP1B
CHEMBL5220490,=,=,nM,6280.0,uM,6.28,PTP1B
CHEMBL5220182,=,=,nM,7810.0,uM,7.81,PTP1B
CHEMBL5220318,=,=,nM,3430.0,uM,3.43,PTP1B
CHEMBL5218779,=,=,nM,34100.0,uM,34.1,PTP1B
CHEMBL5219519,>,>,nM,100000.0,uM,100.0,PTP1B
CHEMBL5218807,>,>,nM,10000.0,uM,10.0,PTP1B
CHEMBL4794972,>,>,nM,200000.0,uM,200.0,PTP1B
CHEMBL5220608,=,=,nM,11260.0,uM,11.26,PTP1B
CHEMBL5220139,=,=,nM,9040.0,uM,9.04,PTP1B
CHEMBL5219015,=,=,nM,7280.0,uM,7.28,PTP1B
CHEMBL5220392,=,=,nM,1050.0,uM,1.05,PTP1B
CHEMBL5219421,=,=,nM,3520.0,uM,3.52,PTP1B
CHEMBL5219988,=,=,nM,7520.0,uM,7.52,PTP1B
CHEMBL5220593,=,=,nM,3860.0,uM,3.86,PTP1B
CHEMBL5219224,=,=,nM,1560.0,uM,1.56,PTP1B
CHEMBL5219028,=,=,nM,3050.0,uM,3.05,PTP1B
CHEMBL5220958,=,=,nM,13740.0,uM,13.74,PTP1B
CHEMBL5220938,=,=,nM,10810.0,uM,10.81,PTP1B
CHEMBL179166,=,=,nM,2940.0,uM,2.94,PTP1B
CHEMBL5278722,=,=,nM,122700.0,uM,122.7,PTP1B
CHEMBL5275616,=,=,nM,22190.0,uM,22.19,PTP1B
CHEMBL5271990,=,=,nM,20470.0,uM,20.47,PTP1B
CHEMBL5287584,>,>,nM,250000.0,uM,250.0,PTP1B
CHEMBL5291082,=,=,nM,15700.0,uM,15.7,PTP1B
CHEMBL5289805,=,=,nM,11300.0,uM,11.3,PTP1B
CHEMBL472004,=,=,nM,1691.0,uM,1.691,PTP1B
CHEMBL1765357,=,=,nM,19000.0,uM,19.0,PTP1B
CHEMBL502013,=,=,nM,1691.0,umol/L,1.691,PTP1B
CHEMBL5276767,=,=,nM,14500.0,umol/L,14.5,PTP1B
CHEMBL5270661,=,=,nM,19000.0,umol/L,19.0,PTP1B
CHEMBL5287377,=,=,nM,2100.0,umol/L,2.1,PTP1B
CHEMBL472004,=,=,nM,14300.0,umol/L,14.3,PTP1B
CHEMBL4072175,=,=,nM,10000.0,uM,10.0,PTP1B
CHEMBL595,=,=,nM,220000.0,uM,220.0,PTP1B
CHEMBL121,=,=,nM,400000.0,uM,400.0,PTP1B
CHEMBL4081501,=,=,nM,1900.0,uM,1.9,PTP1B
CHEMBL5269314,=,=,nM,1100.0,uM,1.1,PTP1B
CHEMBL5274674,=,=,nM,240.0,uM,0.24,PTP1B
CHEMBL187265,=,=,nM,9200.0,uM,9.2,PTP1B
CHEMBL5266281,=,=,nM,2400.0,uM,2.4,PTP1B
CHEMBL5268335,=,=,nM,420.0,uM,0.42,PTP1B
CHEMBL5270520,=,=,ug.mL-1,1.31,ug ml-1,1.31,PTP1B
CHEMBL219553,=,=,nM,73300.0,uM,73.3,PTP1B
CHEMBL471504,=,=,nM,21200.0,uM,21.2,PTP1B
CHEMBL4876185,=,=,nM,280.0,uM,0.28,PTP1B
CHEMBL3817887,=,=,nM,39.0,nM,39.0,PTP1B
CHEMBL5278919,=,=,nM,163.0,nM,163.0,PTP1B
CHEMBL5289564,=,=,nM,4700.0,uM,4.7,PTP1B
CHEMBL8725,=,=,nM,40.0,nM,40.0,PTP1B
CHEMBL8767,=,=,nM,40.0,nM,40.0,PTP1B
CHEMBL267954,=,=,nM,40.0,nM,40.0,PTP1B
CHEMBL5271227,=,=,nM,40.0,nM,40.0,PTP1B
CHEMBL266056,=,=,nM,6.0,nM,6.0,PTP1B
CHEMBL5285288,=,=,nM,6.0,nM,6.0,PTP1B
CHEMBL428651,=,=,nM,6.0,nM,6.0,PTP1B
CHEMBL8758,=,=,nM,6.0,nM,6.0,PTP1B
CHEMBL5286861,=,=,nM,500.0,uM,0.5,PTP1B
CHEMBL5267531,=,=,nM,500.0,uM,0.5,PTP1B
CHEMBL5288250,=,=,nM,500.0,uM,0.5,PTP1B
CHEMBL590103,=,=,nM,600.0,uM,0.6,PTP1B
CHEMBL5271440,=,=,nM,500.0,uM,0.5,PTP1B
CHEMBL5288882,=,=,nM,2480.0,uM,2.48,PTP1B
CHEMBL324232,=,=,nM,83.0,nM,83.0,PTP1B
CHEMBL290295,=,=,nM,284.0,nM,284.0,PTP1B
CHEMBL39626,=,=,nM,74.0,nM,74.0,PTP1B
CHEMBL365490,=,=,nM,322.0,nM,322.0,PTP1B
CHEMBL7048,=,=,nM,300.0,uM,0.3,PTP1B
CHEMBL7152,=,=,nM,370.0,uM,0.37,PTP1B
CHEMBL265665,=,=,nM,160.0,uM,0.16,PTP1B
CHEMBL6518,=,=,nM,120.0,uM,0.12,PTP1B
CHEMBL6510,=,=,nM,400.0,uM,0.4,PTP1B
CHEMBL5287985,=,=,nM,200.0,uM,0.2,PTP1B
CHEMBL5266431,=,=,nM,400.0,nM,400.0,PTP1B
CHEMBL5281085,=,=,nM,72.0,nM,72.0,PTP1B
CHEMBL5283970,=,=,nM,540.0,nM,540.0,PTP1B
CHEMBL5282419,=,=,nM,90.0,nM,90.0,PTP1B
CHEMBL5283212,=,=,nM,870.0,nM,870.0,PTP1B
CHEMBL5272037,=,=,nM,200.0,nM,200.0,PTP1B
CHEMBL55243,=,=,nM,77.0,nM,77.0,PTP1B
CHEMBL5276727,=,=,nM,650.0,nM,650.0,PTP1B
CHEMBL5284602,=,=,nM,384.0,nM,384.0,PTP1B
CHEMBL5272918,=,=,nM,106.0,nM,106.0,PTP1B
CHEMBL5272799,=,=,nM,180.0,nM,180.0,PTP1B
CHEMBL5269933,=,=,nM,140.0,nM,140.0,PTP1B
CHEMBL4642505,=,=,nM,1880.0,uM,1.88,PTP1B
CHEMBL5289453,=,=,nM,16.0,nM,16.0,PTP1B
CHEMBL5273366,=,=,nM,13.0,nM,13.0,PTP1B
CHEMBL5268825,=,=,nM,23.0,nM,23.0,PTP1B
CHEMBL5290902,=,=,nM,5.0,nM,5.0,PTP1B
CHEMBL3310464,=,=,nM,1600.0,uM,1.6,PTP1B
CHEMBL5268430,=,=,nM,80.0,nM,80.0,PTP1B
CHEMBL5267772,=,=,nM,80.0,nM,80.0,PTP1B
CHEMBL5265859,=,=,nM,80.0,nM,80.0,PTP1B
CHEMBL1208413,=,=,nM,80.0,nM,80.0,PTP1B
CHEMBL5275241,=,=,nM,5.0,nM,5.0,PTP1B
CHEMBL5277409,=,=,nM,2900.0,uM,2.9,PTP1B
CHEMBL4636119,=,=,nM,70.0,uM,0.07,PTP1B
CHEMBL5290331,=,=,nM,600.0,uM,0.6,PTP1B
CHEMBL5287884,=,=,nM,2900.0,uM,2.9,PTP1B
CHEMBL5275137,=,=,nM,31000.0,uM,31.0,PTP1B
CHEMBL5272219,=,=,nM,17750.0,uM,17.75,PTP1B
CHEMBL5281667,=,=,nM,80000.0,uM,80.0,PTP1B
CHEMBL5290531,=,=,nM,20000.0,uM,20.0,PTP1B
CHEMBL5276034,=,=,nM,16600.0,uM,16.6,PTP1B
CHEMBL5290371,=,=,nM,104600.0,uM,104.6,PTP1B
CHEMBL233760,=,=,nM,14400.0,uM,14.4,PTP1B
CHEMBL5290130,=,=,nM,400.0,uM,0.4,PTP1B
CHEMBL5267587,=,=,nM,330.0,uM,0.33,PTP1B
CHEMBL5282928,=,=,nM,800.0,uM,0.8,PTP1B
CHEMBL518780,=,=,nM,240.0,uM,0.24,PTP1B
CHEMBL5289855,=,=,nM,360.0,uM,0.36,PTP1B
CHEMBL168,=,=,nM,990.0,uM,0.99,PTP1B
CHEMBL462653,=,=,nM,2270.0,uM,2.27,PTP1B
CHEMBL5404938,=,=,nM,960.0,uM,0.96,PTP1B
CHEMBL5397867,=,=,nM,2140.0,uM,2.14,PTP1B
CHEMBL5403215,=,=,nM,2785.0,uM,2.785,PTP1B
CHEMBL5417528,=,=,nM,835.0,uM,0.835,PTP1B
CHEMBL5436028,=,=,nM,263.0,uM,0.263,PTP1B
CHEMBL5399237,=,=,nM,1658.0,uM,1.658,PTP1B
CHEMBL5396275,=,=,nM,1540.0,uM,1.54,PTP1B
CHEMBL5394610,=,=,nM,2875.0,uM,2.875,PTP1B
CHEMBL5401948,=,=,nM,2574.0,uM,2.574,PTP1B
CHEMBL5420819,=,=,nM,1359.0,uM,1.359,PTP1B
CHEMBL5400785,=,=,nM,120.0,uM,0.12,PTP1B
CHEMBL5432118,=,=,nM,385.0,uM,0.385,PTP1B
CHEMBL5439633,=,=,nM,437.0,uM,0.437,PTP1B
CHEMBL5416613,=,=,nM,1269.0,uM,1.269,PTP1B
CHEMBL5421771,=,=,nM,3887.0,uM,3.887,PTP1B
CHEMBL5407344,=,=,nM,443.0,uM,0.443,PTP1B
CHEMBL5422167,=,=,nM,6777.0,uM,6.777,PTP1B
CHEMBL5401343,=,=,nM,200.0,uM,0.2,PTP1B
CHEMBL5435535,=,=,nM,4345.0,uM,4.345,PTP1B
CHEMBL5400624,=,=,nM,1180900.0,uM,1180.9,PTP1B
CHEMBL5402151,=,=,nM,526800.0,uM,526.8,PTP1B
CHEMBL5436090,=,=,nM,532100.0,uM,532.1,PTP1B
CHEMBL5407062,=,=,nM,928200.0,uM,928.2,PTP1B
CHEMBL5394614,=,=,nM,31800.0,uM,31.8,PTP1B
CHEMBL169,=,=,nM,30700.0,uM,30.7,PTP1B
CHEMBL5403486,=,=,nM,40710.0,uM,40.71,PTP1B
CHEMBL5438848,=,=,nM,3500.0,uM,3.5,PTP1B
CHEMBL5437352,=,=,nM,8200.0,uM,8.2,PTP1B
CHEMBL5424323,=,=,nM,4300.0,uM,4.3,PTP1B
CHEMBL5415315,=,=,nM,13000.0,uM,13.0,PTP1B
CHEMBL5422813,=,=,nM,19000.0,uM,19.0,PTP1B
CHEMBL5426958,=,=,nM,9500.0,uM,9.5,PTP1B
CHEMBL3355409,=,=,nM,7300.0,uM,7.3,PTP1B
CHEMBL168,=,=,nM,2600.0,uM,2.6,PTP1B
CHEMBL5393832,=,=,nM,12700.0,uM,12.7,PTP1B
CHEMBL5410568,=,=,nM,4000.0,uM,4.0,PTP1B
CHEMBL5428185,=,=,nM,4300.0,uM,4.3,PTP1B
CHEMBL5432267,=,=,nM,2900.0,uM,2.9,PTP1B
CHEMBL5410633,=,=,nM,3200.0,uM,3.2,PTP1B
CHEMBL5440526,=,=,nM,27000.0,uM,27.0,PTP1B
CHEMBL169,=,=,nM,26600.0,uM,26.6,PTP1B
CHEMBL4645427,=,=,nM,35600.0,uM,35.6,PTP1B
CHEMBL5422235,=,=,nM,82100.0,uM,82.1,PTP1B
CHEMBL5421468,=,=,nM,21900.0,uM,21.9,PTP1B
CHEMBL4078208,=,=,nM,3500.0,uM,3.5,PTP1B
CHEMBL4069998,=,=,nM,23700.0,uM,23.7,PTP1B
CHEMBL4096260,=,=,nM,38000.0,uM,38.0,PTP1B
CHEMBL5416957,=,=,nM,12600.0,uM,12.6,PTP1B
CHEMBL5422256,=,=,nM,13500.0,uM,13.5,PTP1B
CHEMBL5433930,=,=,nM,55600.0,uM,55.6,PTP1B
CHEMBL5425057,=,=,nM,47400.0,uM,47.4,PTP1B
CHEMBL5413042,=,=,nM,73100.0,uM,73.1,PTP1B
CHEMBL5407129,=,=,nM,35300.0,uM,35.3,PTP1B
CHEMBL5415020,=,=,nM,7700.0,uM,7.7,PTP1B
CHEMBL5425773,=,=,nM,12300.0,uM,12.3,PTP1B
CHEMBL5440995,=,=,nM,36600.0,uM,36.6,PTP1B
CHEMBL5422468,=,=,nM,22900.0,uM,22.9,PTP1B
CHEMBL5399128,=,=,nM,9300.0,uM,9.3,PTP1B
CHEMBL5425817,=,=,nM,23700.0,uM,23.7,PTP1B
CHEMBL5421448,=,=,nM,3200.0,uM,3.2,PTP1B
CHEMBL5396728,=,=,nM,78400.0,uM,78.4,PTP1B
CHEMBL5401310,=,=,nM,13200.0,uM,13.2,PTP1B
CHEMBL5398996,=,=,nM,23700.0,uM,23.7,PTP1B
CHEMBL5431400,=,=,nM,14700.0,uM,14.7,PTP1B
CHEMBL5438921,=,=,nM,16900.0,uM,16.9,PTP1B
CHEMBL5434320,=,=,nM,52400.0,uM,52.4,PTP1B
CHEMBL5424485,=,=,nM,38800.0,uM,38.8,PTP1B
CHEMBL5405091,=,=,nM,13900.0,uM,13.9,PTP1B
CHEMBL5425610,=,=,nM,35000.0,uM,35.0,PTP1B
CHEMBL5440067,=,=,nM,17500.0,uM,17.5,PTP1B
CHEMBL5425450,=,=,nM,13000.0,uM,13.0,PTP1B
CHEMBL5422593,=,=,nM,27200.0,uM,27.2,PTP1B
CHEMBL5413026,=,=,nM,31600.0,uM,31.6,PTP1B
CHEMBL5407381,=,=,nM,23300.0,uM,23.3,PTP1B
CHEMBL5418216,=,=,nM,15900.0,uM,15.9,PTP1B
CHEMBL5409746,=,=,nM,5700.0,uM,5.7,PTP1B
CHEMBL5407467,=,=,nM,6400.0,uM,6.4,PTP1B
CHEMBL5406102,=,=,nM,36400.0,uM,36.4,PTP1B
CHEMBL5483071,=,=,nM,56900.0,uM,56.9,PTP1B
CHEMBL5431997,=,=,nM,32300.0,uM,32.3,PTP1B
CHEMBL5409363,=,=,nM,15700.0,uM,15.7,PTP1B
CHEMBL5400065,=,=,nM,3100.0,uM,3.1,PTP1B
CHEMBL5413768,=,=,nM,8000.0,uM,8.0,PTP1B
CHEMBL5411827,>,>,nM,200000.0,uM,200.0,PTP1B
CHEMBL5420456,=,=,nM,42000.0,uM,42.0,PTP1B
CHEMBL5411916,>,>,nM,200000.0,uM,200.0,PTP1B
CHEMBL4447474,=,=,nM,11000.0,uM,11.0,PTP1B
CHEMBL4449755,>,>,nM,200000.0,uM,200.0,PTP1B
CHEMBL5421141,=,=,nM,11000.0,uM,11.0,PTP1B
CHEMBL4469905,=,=,nM,8700.0,uM,8.7,PTP1B
CHEMBL179166,=,=,nM,20100.0,uM,20.1,PTP1B
CHEMBL244695,=,=,nM,6600.0,uM,6.6,PTP1B
CHEMBL5423615,=,=,nM,4.7,nM,4.7,PTP1B
CHEMBL5268430,=,=,nM,104.0,nM,104.0,PTP1B
CHEMBL51314,=,=,nM,950.0,uM,0.95,PTP1B
CHEMBL5415903,=,=,nM,8.39,nM,8.39,PTP1B
CHEMBL5556670,=,=,nM,1270.0,uM,1.27,PTP1B
CHEMBL5566069,=,=,nM,1850.0,uM,1.85,PTP1B
CHEMBL5565261,=,=,nM,2080.0,uM,2.08,PTP1B
CHEMBL5561387,=,=,nM,1840.0,uM,1.84,PTP1B
CHEMBL5561609,=,=,nM,1870.0,uM,1.87,PTP1B
CHEMBL5559131,=,=,nM,890.0,uM,0.89,PTP1B
CHEMBL5556951,=,=,nM,590.0,uM,0.59,PTP1B
CHEMBL5542780,=,=,nM,2910.0,uM,2.91,PTP1B
CHEMBL5567930,=,=,nM,1640.0,uM,1.64,PTP1B
CHEMBL5568353,=,=,nM,1390.0,uM,1.39,PTP1B
CHEMBL5559145,=,=,nM,4680.0,uM,4.68,PTP1B
CHEMBL5560013,=,=,nM,3850.0,uM,3.85,PTP1B
CHEMBL5559440,=,=,nM,880.0,uM,0.88,PTP1B
CHEMBL5566801,=,=,nM,3220.0,uM,3.22,PTP1B
CHEMBL5556693,=,=,nM,2170.0,uM,2.17,PTP1B
CHEMBL5560637,=,=,nM,610.0,uM,0.61,PTP1B
CHEMBL5567776,=,=,nM,410.0,uM,0.41,PTP1B
CHEMBL5567073,=,=,nM,4090.0,uM,4.09,PTP1B
CHEMBL5564167,=,=,nM,3760.0,uM,3.76,PTP1B
CHEMBL5568550,=,=,nM,1820.0,uM,1.82,PTP1B
CHEMBL5560557,=,=,nM,1180.0,uM,1.18,PTP1B
CHEMBL5537066,=,=,nM,1070.0,uM,1.07,PTP1B
CHEMBL5559860,=,=,nM,910.0,uM,0.91,PTP1B
CHEMBL5555375,=,=,nM,1320.0,uM,1.32,PTP1B
CHEMBL5567799,=,=,nM,1480.0,uM,1.48,PTP1B
CHEMBL5549781,=,=,nM,890.0,uM,0.89,PTP1B
CHEMBL5563559,=,=,nM,1210.0,uM,1.21,PTP1B
CHEMBL5557123,=,=,nM,1120.0,uM,1.12,PTP1B
CHEMBL5532077,=,=,nM,650.0,uM,0.65,PTP1B
CHEMBL5562778,=,=,nM,3560.0,uM,3.56,PTP1B
CHEMBL5518105,=,=,nM,1470.0,uM,1.47,PTP1B
CHEMBL5555556,=,=,nM,1070.0,uM,1.07,PTP1B
CHEMBL5561953,=,=,nM,1240.0,uM,1.24,PTP1B
CHEMBL5555356,=,=,nM,1350.0,uM,1.35,PTP1B
CHEMBL5556146,=,=,nM,1410.0,uM,1.41,PTP1B
CHEMBL5562671,=,=,nM,750.0,uM,0.75,PTP1B
CHEMBL5542548,=,=,nM,820.0,uM,0.82,PTP1B
CHEMBL5531981,=,=,nM,1130.0,uM,1.13,PTP1B
CHEMBL5532562,=,=,nM,980.0,uM,0.98,PTP1B
CHEMBL5556233,=,=,nM,1730.0,uM,1.73,PTP1B
CHEMBL5555685,=,=,nM,3770.0,uM,3.77,PTP1B
CHEMBL1478,=,=,nM,9620.0,uM,9.62,PTP1B
CHEMBL57974,=,=,nM,2217000.0,uM,2217.0,PTP1B
CHEMBL5563600,>,>,nM,500000.0,uM,500.0,PTP1B
CHEMBL5568311,>,>,nM,500000.0,uM,500.0,PTP1B
CHEMBL5555119,=,=,nM,447200.0,uM,447.2,PTP1B
CHEMBL5559251,>,>,nM,500000.0,uM,500.0,PTP1B
CHEMBL5560087,=,=,nM,40200.0,uM,40.2,PTP1B
CHEMBL5556892,=,=,nM,189250.0,uM,189.25,PTP1B
CHEMBL5561438,>,>,nM,500000.0,uM,500.0,PTP1B
CHEMBL5567968,=,=,nM,36610.0,uM,36.61,PTP1B
CHEMBL5095164,=,=,nM,0.69,nM,0.69,PTP1B
CHEMBL5559660,=,=,nM,3.09,nM,3.09,PTP1B
CHEMBL5572657,=,=,nM,5000.0,uM,5.0,PTP1B
CHEMBL5570631,=,=,nM,5000.0,uM,5.0,PTP1B
CHEMBL5565151,=,=,nM,5000.0,uM,5.0,PTP1B
CHEMBL5619195,=,=,nM,2.8,nM,2.8,PTP1B
CHEMBL590122,=,=,nM,18.0,nM,18.0,PTP1B
CHEMBL259628,=,=,nM,4.7,nM,4.7,PTP1B
CHEMBL5619222,=,=,nM,120.0,nM,120.0,PTP1B
CHEMBL5619806,=,=,nM,0.63,nM,0.63,PTP1B
CHEMBL5618850,<,<,nM,10.0,nM,10.0,PTP1B
CHEMBL5618838,=,=,nM,10.0,nM,10.0,PTP1B
CHEMBL5095164,=,=,nM,2.5,nM,2.5,PTP1B
CHEMBL4762771,=,=,nM,3170.0,uM,3.17,PTP1B
CHEMBL502013,=,=,nM,14500.0,uM,14.5,PTP1B
CHEMBL5631051,=,=,nM,11310.0,uM,11.31,PTP1B
CHEMBL5630980,=,=,nM,5370.0,uM,5.37,PTP1B
CHEMBL5630776,=,=,nM,1600.0,uM,1.6,PTP1B
CHEMBL5624568,=,=,nM,1750.0,uM,1.75,PTP1B
CHEMBL5624504,=,=,nM,1120.0,uM,1.12,PTP1B
CHEMBL5624932,=,=,nM,4140.0,uM,4.14,PTP1B
CHEMBL5631198,=,=,nM,1340.0,uM,1.34,PTP1B
CHEMBL5631059,=,=,nM,1870.0,uM,1.87,PTP1B
CHEMBL5624831,=,=,nM,1510.0,uM,1.51,PTP1B
CHEMBL5630421,=,=,nM,430.0,uM,0.43,PTP1B
CHEMBL5625012,=,=,nM,770.0,uM,0.77,PTP1B
CHEMBL5630431,=,=,nM,200.0,uM,0.2,PTP1B
CHEMBL5630201,=,=,nM,1530.0,uM,1.53,PTP1B
CHEMBL5630372,=,=,nM,40.0,uM,0.04,PTP1B
CHEMBL5625090,=,=,nM,5540.0,uM,5.54,PTP1B
CHEMBL5625142,=,=,nM,1530.0,uM,1.53,PTP1B
CHEMBL5625121,=,=,nM,940.0,uM,0.94,PTP1B
CHEMBL5624636,=,=,nM,160.0,uM,0.16,PTP1B
CHEMBL5630876,=,=,nM,390.0,uM,0.39,PTP1B
CHEMBL5630729,=,=,nM,15400.0,uM,15.4,PTP1B
CHEMBL5630847,=,=,nM,9370.0,uM,9.37,PTP1B
CHEMBL5630820,=,=,nM,7320.0,uM,7.32,PTP1B
CHEMBL5630400,=,=,nM,58060.0,uM,58.06,PTP1B
CHEMBL5630282,=,=,nM,9490.0,uM,9.49,PTP1B
CHEMBL5624477,=,=,nM,5720.0,uM,5.72,PTP1B
CHEMBL5624654,=,=,nM,1030.0,uM,1.03,PTP1B
CHEMBL5630679,=,=,nM,7960.0,uM,7.96,PTP1B
CHEMBL5629890,=,=,nM,14510.0,uM,14.51,PTP1B
CHEMBL5624938,=,=,nM,1270.0,uM,1.27,PTP1B
CHEMBL5630880,=,=,nM,4390.0,uM,4.39,PTP1B
CHEMBL5630180,=,=,nM,197.0,uM,0.197,PTP1B
CHEMBL5624515,=,=,nM,289.0,uM,0.289,PTP1B
CHEMBL5630566,=,=,nM,179.0,uM,0.179,PTP1B
CHEMBL5631021,=,=,nM,139.0,uM,0.139,PTP1B
CHEMBL5624847,=,=,nM,117.0,uM,0.117,PTP1B
CHEMBL5624539,=,=,nM,354.0,uM,0.354,PTP1B
CHEMBL5624476,=,=,nM,171.0,uM,0.171,PTP1B
CHEMBL5631075,=,=,nM,199.0,uM,0.199,PTP1B
CHEMBL5630676,=,=,nM,42.0,uM,0.042,PTP1B
CHEMBL5624535,=,=,nM,129.0,uM,0.129,PTP1B
CHEMBL169,=,=,nM,2490.0,uM,2.49,PTP1B
CHEMBL5629878,=,=,nM,13700.0,uM,13.7,PTP1B
CHEMBL5629904,=,=,nM,5900.0,uM,5.9,PTP1B
CHEMBL5624951,=,=,nM,10700.0,uM,10.7,PTP1B
CHEMBL5630538,=,=,nM,6400.0,uM,6.4,PTP1B
CHEMBL5630329,=,=,nM,7100.0,uM,7.1,PTP1B
CHEMBL3319356,=,=,nM,2290.0,nM,2290.0,PTP1B
CHEMBL480477,=,=,nM,48000.0,nM,48000.0,PTP1B
CHEMBL480477,=,=,nM,46000.0,nM,46000.0,PTP1B
CHEMBL5848347,=,=,nM,7000.0,nM,7000.0,PTP1B
CHEMBL5875339,=,=,nM,2900.0,nM,2900.0,PTP1B
CHEMBL5811295,=,=,nM,2800.0,nM,2800.0,PTP1B
CHEMBL5946660,=,=,nM,6500.0,nM,6500.0,PTP1B
CHEMBL5912516,=,=,nM,8600.0,nM,8600.0,PTP1B
CHEMBL5912516,=,=,nM,1900.0,nM,1900.0,PTP1B
CHEMBL5978005,=,=,nM,3400.0,nM,3400.0,PTP1B
CHEMBL6004394,=,=,nM,1200.0,nM,1200.0,PTP1B
CHEMBL5776864,=,=,nM,2300.0,nM,2300.0,PTP1B
CHEMBL388590,=,=,nM,53800.0,nM,53800.0,PTP1B
CHEMBL1474963,>,>,nM,150000.0,nM,150000.0,PTP1B
CHEMBL1523279,=,=,nM,71400.0,nM,71400.0,PTP1B
CHEMBL3248231,>,>,nM,100000.0,nM,100000.0,PTP1B
CHEMBL4649133,>,>,nM,100000.0,nM,100000.0,PTP1B
CHEMBL4633719,>,>,nM,100000.0,nM,100000.0,PTP1B
CHEMBL4635310,>,>,nM,100000.0,nM,100000.0,PTP1B
CHEMBL4649025,>,>,nM,100000.0,nM,100000.0,PTP1B
CHEMBL4642395,=,=,nM,62000.0,nM,62000.0,PTP1B
CHEMBL4638797,>,>,nM,10000.0,nM,10000.0,PTP1B
CHEMBL4636634,>,>,nM,10000.0,nM,10000.0,PTP1B
CHEMBL4635310,>,>,nM,100000.0,nM,100000.0,PTP1B
CHEMBL5848788,>,>,nM,100000.0,nM,100000.0,PTP1B
CHEMBL4647032,>,>,nM,50000.0,nM,50000.0,PTP1B
CHEMBL4636548,>,>,nM,50000.0,nM,50000.0,PTP1B
CHEMBL4632655,>,>,nM,50000.0,nM,50000.0,PTP1B
CHEMBL4640123,>,>,nM,50000.0,nM,50000.0,PTP1B
CHEMBL4636357,>,>,nM,100000.0,nM,100000.0,PTP1B
CHEMBL4632818,=,=,nM,45100.0,nM,45100.0,PTP1B
CHEMBL4645770,>,>,nM,50000.0,nM,50000.0,PTP1B
CHEMBL4649838,>,>,nM,50000.0,nM,50000.0,PTP1B
CHEMBL4647377,=,=,nM,29500.0,nM,29500.0,PTP1B
CHEMBL4637459,>,>,nM,50000.0,nM,50000.0,PTP1B
CHEMBL4642274,>,>,nM,50000.0,nM,50000.0,PTP1B
CHEMBL4649071,>,>,nM,50000.0,nM,50000.0,PTP1B
CHEMBL4644874,>,>,nM,50000.0,nM,50000.0,PTP1B
CHEMBL4649843,>,>,nM,50000.0,nM,50000.0,PTP1B
CHEMBL4649291,>,>,nM,50000.0,nM,50000.0,PTP1B
CHEMBL4635176,>,>,nM,50000.0,nM,50000.0,PTP1B
CHEMBL4635765,=,=,nM,38900.0,nM,38900.0,PTP1B
CHEMBL4646506,>,>,nM,50000.0,nM,50000.0,PTP1B
CHEMBL4647367,>,>,nM,30000.0,nM,30000.0,PTP1B
CHEMBL4637373,=,=,nM,16400.0,nM,16400.0,PTP1B
CHEMBL4638011,>,>,nM,30000.0,nM,30000.0,PTP1B
CHEMBL4641106,=,=,nM,27400.0,nM,27400.0,PTP1B
CHEMBL4649112,>,>,nM,30000.0,nM,30000.0,PTP1B
CHEMBL4641525,>,>,nM,30000.0,nM,30000.0,PTP1B
CHEMBL4632681,>,>,nM,30000.0,nM,30000.0,PTP1B
CHEMBL4633441,>,>,nM,30000.0,nM,30000.0,PTP1B
CHEMBL4647989,>,>,nM,30000.0,nM,30000.0,PTP1B
CHEMBL6133545,=,=,nM,1600.0,uM,1.6,PTP1B
CHEMBL6082989,=,=,nM,900.0,uM,0.9,PTP1B
CHEMBL6101831,=,=,nM,3900.0,uM,3.9,PTP1B
CHEMBL6083009,=,=,nM,1500.0,uM,1.5,PTP1B
CHEMBL6078100,=,=,nM,1100.0,uM,1.1,PTP1B
CHEMBL6078022,=,=,nM,1400.0,uM,1.4,PTP1B
CHEMBL169,=,=,nM,3000.0,uM,3.0,PTP1B
CHEMBL2396719,=,=,nM,1130.0,uM,1.13,PTP1B
CHEMBL6133408,=,=,nM,3520.0,uM,3.52,PTP1B
CHEMBL6146280,=,=,nM,1500.0,uM,1.5,PTP1B
CHEMBL6142357,=,=,nM,2450.0,uM,2.45,PTP1B
CHEMBL6078598,=,=,nM,430.0,uM,0.43,PTP1B
CHEMBL6078029,=,=,nM,4490.0,uM,4.49,PTP1B
CHEMBL6103444,=,=,nM,2910.0,uM,2.91,PTP1B
CHEMBL6120825,=,=,nM,2600.0,uM,2.6,PTP1B
CHEMBL6148148,=,=,nM,2340.0,uM,2.34,PTP1B
CHEMBL6082988,=,=,nM,2950.0,uM,2.95,PTP1B
CHEMBL6103296,=,=,nM,4800.0,uM,4.8,PTP1B
CHEMBL6133607,=,=,nM,5300.0,uM,5.3,PTP1B
CHEMBL6160623,=,=,nM,9010.0,uM,9.01,PTP1B
CHEMBL179166,=,=,nM,680.0,uM,0.68,PTP1B
CHEMBL6160148,=,=,nM,8720.0,uM,8.72,PTP1B
CHEMBL6133106,=,=,nM,7120.0,uM,7.12,PTP1B
CHEMBL6120725,=,=,nM,38430.0,uM,38.43,PTP1B
CHEMBL6142024,=,=,nM,5310.0,uM,5.31,PTP1B
CHEMBL6103211,=,=,nM,25240.0,uM,25.24,PTP1B
CHEMBL6161198,=,=,nM,5620.0,uM,5.62,PTP1B
CHEMBL6148292,=,=,nM,58320.0,uM,58.32,PTP1B
CHEMBL6132720,=,=,nM,2740.0,uM,2.74,PTP1B
CHEMBL6103417,=,=,nM,10310.0,uM,10.31,PTP1B
CHEMBL6146407,=,=,nM,12170.0,uM,12.17,PTP1B
CHEMBL6102893,=,=,nM,31220.0,uM,31.22,PTP1B
CHEMBL6146824,=,=,nM,14130.0,uM,14.13,PTP1B
CHEMBL169,=,=,nM,2150.0,uM,2.15,PTP1B
CHEMBL6102688,=,=,nM,79740.0,uM,79.74,PTP1B
CHEMBL6103357,=,=,nM,5400.0,uM,5.4,PTP1B
CHEMBL6133883,=,=,nM,6600.0,uM,6.6,PTP1B
CHEMBL481657,=,=,nM,58900.0,uM,58.9,PTP1B
CHEMBL6152164,=,=,nM,11200.0,uM,11.2,PTP1B
CHEMBL6146623,=,=,nM,8000.0,uM,8.0,PTP1B
CHEMBL1586775,=,=,nM,10800.0,uM,10.8,PTP1B
CHEMBL6147688,=,=,nM,47000.0,uM,47.0,PTP1B
CHEMBL169,=,=,nM,3500.0,uM,3.5,PTP1B
CHEMBL6161147,=,=,nM,42800.0,uM,42.8,PTP1B
CHEMBL6162719,,,,,,,PTP1B
CHEMBL6152900,>,>,nM,50000.0,uM,50.0,PTP1B
CHEMBL6152690,=,=,nM,21300.0,uM,21.3,PTP1B
CHEMBL28626,=,=,nM,15.0,nM,15.0,PTP1B
CHEMBL6160120,=,=,nM,2545.0,uM,2.545,PTP1B
CHEMBL6133319,=,=,nM,2448.0,uM,2.448,PTP1B
CHEMBL6160058,=,=,nM,1429.0,uM,1.429,PTP1B
CHEMBL6133179,=,=,nM,1061.0,uM,1.061,PTP1B
CHEMBL6170577,=,=,nM,3253.0,uM,3.253,PTP1B
CHEMBL6160382,=,=,nM,3592.0,uM,3.592,PTP1B
CHEMBL6133787,=,=,nM,3020.0,uM,3.02,PTP1B
CHEMBL6148652,=,=,nM,1995.0,uM,1.995,PTP1B
CHEMBL6170940,=,=,nM,1712.0,uM,1.712,PTP1B
CHEMBL6149009,=,=,nM,2149.0,uM,2.149,PTP1B
CHEMBL6166874,=,=,nM,2586.0,uM,2.586,PTP1B
CHEMBL6152261,=,=,nM,2165.0,uM,2.165,PTP1B
CHEMBL294467,=,=,nM,5158.0,uM,5.158,PTP1B
CHEMBL6144994,=,=,nM,805.0,uM,0.805,PTP1B
CHEMBL6144756,,,,,,,PTP1B
CHEMBL6167962,=,=,nM,2142.0,uM,2.142,PTP1B
CHEMBL6160993,=,=,nM,4214.0,uM,4.214,PTP1B
CHEMBL6163396,,,,,,,PTP1B
CHEMBL6167409,=,=,nM,4413.0,uM,4.413,PTP1B
CHEMBL6151386,,,,,,,PTP1B
CHEMBL6164461,,,,,,,PTP1B
CHEMBL6173837,=,=,nM,871.0,uM,0.871,PTP1B
CHEMBL5404938,=,=,nM,961.0,uM,0.961,PTP1B
CHEMBL6162922,=,=,nM,461.0,uM,0.461,PTP1B
CHEMBL6144157,=,=,nM,395.0,uM,0.395,PTP1B
CHEMBL6145406,=,=,nM,855.0,uM,0.855,PTP1B
CHEMBL6152154,=,=,nM,1642.0,uM,1.642,PTP1B
CHEMBL6171168,=,=,nM,294.0,uM,0.294,PTP1B
CHEMBL6163062,>,>,nM,100000.0,uM,100.0,PTP1B
CHEMBL6160655,>,>,nM,100000.0,uM,100.0,PTP1B
CHEMBL4441293,>,>,nM,500000.0,uM,500.0,PTP1B
CHEMBL6176101,>,>,nM,500000.0,uM,500.0,PTP1B
CHEMBL6165307,=,=,nM,59900.0,uM,59.9,PTP1B
CHEMBL6173866,>,>,nM,500000.0,uM,500.0,PTP1B
CHEMBL6166652,=,=,nM,57600.0,uM,57.6,PTP1B
CHEMBL6162107,=,=,nM,53000.0,uM,53.0,PTP1B
CHEMBL6173373,,,,,,,PTP1B
CHEMBL6162990,,,,,,,PTP1B
CHEMBL4586052,>,>,nM,500000.0,uM,500.0,PTP1B
CHEMBL6151961,=,=,nM,82000.0,uM,82.0,PTP1B
CHEMBL6171353,=,=,nM,29300.0,uM,29.3,PTP1B
CHEMBL6168888,=,=,nM,7900.0,uM,7.9,PTP1B
CHEMBL6144248,=,=,nM,5200.0,uM,5.2,PTP1B
CHEMBL6162659,=,=,nM,40800.0,uM,40.8,PTP1B
CHEMBL6164764,=,=,nM,6400.0,uM,6.4,PTP1B
CHEMBL6175113,=,=,nM,4200.0,uM,4.2,PTP1B
CHEMBL6170234,=,=,nM,3600.0,uM,3.6,PTP1B
CHEMBL6176004,=,=,nM,65800.0,uM,65.8,PTP1B
CHEMBL6166048,=,=,nM,2200.0,uM,2.2,PTP1B
CHEMBL196,,,,,,,PTP1B
CHEMBL404271,,,,,,,PTP1B
CHEMBL168,=,=,nM,13200.0,uM,13.2,PTP1B
CHEMBL5423615,=,=,nM,4.7,nM,4.7,PTP1B
CHEMBL9363,=,=,nM,8040.0,uM,8.04,PTP1B
CHEMBL267759,=,=,nM,40.0,uM,0.04,PTP1B
CHEMBL269166,=,=,nM,3.0,uM,0.003,PTP1B
CHEMBL193233,=,=,nM,2500.0,uM,2.5,PTP1B
CHEMBL6161146,=,=,nM,80.0,nM,80.0,PTP1B
CHEMBL5268430,=,=,nM,104.0,nM,104.0,PTP1B
CHEMBL6142333,=,=,nM,8.39,nM,8.39,PTP1B
CHEMBL6152734,=,=,nM,471900.0,uM,471.9,PTP1B
CHEMBL6150529,=,=,nM,112600.0,uM,112.6,PTP1B
CHEMBL1230611,=,=,nM,129000.0,uM,129.0,PTP1B
CHEMBL6169974,=,=,nM,27000.0,uM,27.0,PTP1B
CHEMBL508583,=,=,nM,224000.0,uM,224.0,PTP1B
CHEMBL5220392,=,=,nM,78000.0,uM,78.0,PTP1B
CHEMBL6172893,=,=,nM,5.8,nM,5.8,PTP1B
CHEMBL6142458,<,<,nM,2.5,nM,2.5,PTP1B
CHEMBL6165237,=,=,nM,16.4,nM,16.4,PTP1B
CHEMBL6147388,=,=,nM,36.2,nM,36.2,PTP1B
CHEMBL6174621,=,=,nM,59.5,nM,59.5,PTP1B
CHEMBL6168812,=,=,nM,69.7,nM,69.7,PTP1B
CHEMBL6170637,=,=,nM,131.9,nM,131.9,PTP1B
CHEMBL5314543,=,=,nM,1.0,nM,1.0,PTP1B
CHEMBL6177218,=,=,nM,0.63,nM,0.63,PTP1B
CHEMBL5619806,=,=,nM,0.6,nM,0.6,PTP1B
CHEMBL6171763,<,<,nM,1.0,nM,1.0,PTP1B
CHEMBL5619195,=,=,nM,2.8,nM,2.8,PTP1B
CHEMBL6173565,=,=,nM,10.0,nM,10.0,PTP1B
CHEMBL5423615,=,=,nM,4.7,nM,4.7,PTP1B
CHEMBL1230611,=,=,nM,25000.0,uM,25.0,PTP1B
CHEMBL1232829,=,=,nM,8000.0,uM,8.0,PTP1B
CHEMBL6169974,=,=,nM,7700.0,uM,7.7,PTP1B
CHEMBL508583,=,=,nM,1000.0,uM,1.0,PTP1B
CHEMBL5220392,=,=,nM,1050.0,uM,1.05,PTP1B
CHEMBL6152530,=,=,nM,54000.0,uM,54.0,PTP1B
CHEMBL5268667,=,=,nM,35000.0,uM,35.0,PTP1B
CHEMBL6148594,=,=,nM,6270.0,uM,6.27,PTP1B
CHEMBL6164570,>,>,nM,30000.0,uM,30.0,PTP1B
CHEMBL6165415,=,=,nM,23600.0,uM,23.6,PTP1B
CHEMBL6166971,>,>,nM,30000.0,uM,30.0,PTP1B
CHEMBL510572,=,=,nM,7280.0,uM,7.28,PTP1B
CHEMBL452770,=,=,nM,4650.0,uM,4.65,PTP1B
CHEMBL169,=,=,nM,2800.0,uM,2.8,PTP1B
CHEMBL3103433,=,=,nM,3.7,nM,3.7,PTP1B
CHEMBL6170709,=,=,nM,79100.0,uM,79.1,PTP1B
CHEMBL6150920,>,>,nM,50000.0,uM,50.0,PTP1B
CHEMBL6151656,>,>,nM,50000.0,uM,50.0,PTP1B
CHEMBL235595,=,=,nM,1300.0,uM,1.3,PTP1B
CHEMBL184041,=,=,nM,1600.0,uM,1.6,PTP1B
CHEMBL6193126,=,=,nM,100.0,nM,100.0,PTP1B
CHEMBL6191744,=,=,nM,11130.0,uM,11.13,PTP1B
CHEMBL6191841,=,=,nM,620.0,uM,0.62,PTP1B
CHEMBL6191696,=,=,nM,1890.0,uM,1.89,PTP1B
CHEMBL6192448,=,=,nM,1950.0,uM,1.95,PTP1B
CHEMBL6189734,=,=,nM,710.0,uM,0.71,PTP1B
CHEMBL6192931,=,=,nM,8970.0,uM,8.97,PTP1B
CHEMBL6189733,=,=,nM,830.0,uM,0.83,PTP1B
CHEMBL6190525,=,=,nM,720.0,uM,0.72,PTP1B
CHEMBL6189033,=,=,nM,13980.0,uM,13.98,PTP1B
CHEMBL6191174,=,=,nM,16640.0,uM,16.64,PTP1B
CHEMBL6190339,=,=,nM,570.0,uM,0.57,PTP1B
CHEMBL6191339,=,=,nM,3670.0,uM,3.67,PTP1B
CHEMBL6193094,=,=,nM,680.0,uM,0.68,PTP1B
CHEMBL595,=,=,nM,650.0,uM,0.65,PTP1B
CHEMBL93558,=,=,nM,217000.0,uM,217.0,DPP4
CHEMBL443622,=,=,nM,41000.0,uM,41.0,DPP4
CHEMBL403882,=,=,nM,15000.0,uM,15.0,DPP4
CHEMBL328655,>,>,nM,500000.0,uM,500.0,DPP4
CHEMBL328795,=,=,nM,188000.0,uM,188.0,DPP4
CHEMBL97674,=,=,nM,247000.0,uM,247.0,DPP4
CHEMBL317126,=,=,nM,14000.0,uM,14.0,DPP4
CHEMBL383705,=,=,nM,4000.0,uM,4.0,DPP4
CHEMBL93505,>,>,nM,1000000.0,uM,1000.0,DPP4
CHEMBL329171,>,>,nM,500000.0,uM,500.0,DPP4
CHEMBL94955,=,=,nM,134900.0,uM,134.9,DPP4
CHEMBL97180,=,=,nM,213000.0,uM,213.0,DPP4
CHEMBL98008,=,=,nM,17000.0,uM,17.0,DPP4
CHEMBL97025,>,>,nM,1000000.0,uM,1000.0,DPP4
CHEMBL317944,=,=,nM,23210.0,uM,23.21,DPP4
CHEMBL93507,=,=,nM,67000.0,uM,67.0,DPP4
CHEMBL93931,=,=,nM,21000.0,uM,21.0,DPP4
CHEMBL97064,=,=,nM,190000.0,uM,190.0,DPP4
CHEMBL503274,=,=,nM,4000.0,uM,4.0,DPP4
CHEMBL499101,=,=,nM,122000.0,uM,122.0,DPP4
CHEMBL328694,=,=,nM,39000.0,uM,39.0,DPP4
CHEMBL317537,>,>,nM,1000000.0,uM,1000.0,DPP4
CHEMBL305170,=,=,nM,116000.0,nM,116000.0,DPP4
CHEMBL1790478,=,=,nM,190.0,nM,190.0,DPP4
CHEMBL66032,=,=,nM,11.0,nM,11.0,DPP4
CHEMBL63726,=,=,nM,95.0,nM,95.0,DPP4
CHEMBL303131,=,=,nM,17000.0,nM,17000.0,DPP4
CHEMBL292342,=,=,nM,250.0,nM,250.0,DPP4
CHEMBL63698,=,=,nM,44.0,nM,44.0,DPP4
CHEMBL291428,=,=,nM,63.0,nM,63.0,DPP4
CHEMBL66189,=,=,nM,30000.0,nM,30000.0,DPP4
CHEMBL1790483,=,=,nM,25.0,nM,25.0,DPP4
CHEMBL67279,=,=,nM,26.0,nM,26.0,DPP4
CHEMBL63860,=,=,nM,15.0,nM,15.0,DPP4
CHEMBL67089,=,=,nM,16000.0,nM,16000.0,DPP4
CHEMBL65406,=,=,nM,4000.0,nM,4000.0,DPP4
CHEMBL304007,=,=,nM,32.0,nM,32.0,DPP4
CHEMBL63652,=,=,nM,70.0,nM,70.0,DPP4
CHEMBL63406,=,=,nM,60.0,nM,60.0,DPP4
CHEMBL63895,=,=,nM,20.0,nM,20.0,DPP4
CHEMBL276884,=,=,nM,9100000.0,uM,9100.0,DPP4
CHEMBL1182947,=,=,nM,32000.0,uM,32.0,DPP4
CHEMBL273694,>,>,nM,10000.0,uM,10.0,DPP4
CHEMBL265344,=,=,nM,400.0,uM,0.4,DPP4
CHEMBL9237,=,=,nM,47000.0,uM,47.0,DPP4
CHEMBL9724,=,=,nM,31000.0,uM,31.0,DPP4
CHEMBL9561,=,=,nM,22000.0,uM,22.0,DPP4
CHEMBL9238,=,=,nM,36.0,uM,0.036,DPP4
CHEMBL9512,=,=,nM,500.0,uM,0.5,DPP4
CHEMBL269209,=,=,nM,600.0,uM,0.6,DPP4
CHEMBL273851,=,=,nM,5000.0,uM,5.0,DPP4
CHEMBL268012,=,=,nM,1800000.0,uM,1800.0,DPP4
CHEMBL9295,=,=,nM,30.0,uM,0.03,DPP4
CHEMBL269757,=,=,nM,700.0,uM,0.7,DPP4
CHEMBL9263,=,=,nM,800.0,uM,0.8,DPP4
CHEMBL9433,=,=,nM,400.0,uM,0.4,DPP4
CHEMBL9565,=,=,nM,190000.0,uM,190.0,DPP4
CHEMBL268527,=,=,nM,1400.0,uM,1.4,DPP4
CHEMBL9408,=,=,nM,16.0,uM,0.016,DPP4
CHEMBL430281,=,=,nM,2300.0,uM,2.3,DPP4
CHEMBL274829,=,=,nM,23.0,uM,0.023,DPP4
CHEMBL9527,=,=,nM,5000.0,uM,5.0,DPP4
CHEMBL278393,=,=,nM,320.0,nM,320.0,DPP4
CHEMBL98408,=,=,nM,420.0,nM,420.0,DPP4
CHEMBL1682974,=,=,nM,33.0,nM,33.0,DPP4
CHEMBL22359,=,=,nM,53.0,nM,53.0,DPP4
CHEMBL22679,=,=,nM,94.0,nM,94.0,DPP4
CHEMBL3084936,=,=,nM,24.0,nM,24.0,DPP4
CHEMBL3084942,=,=,nM,18.0,nM,18.0,DPP4
CHEMBL3084949,=,=,nM,15.0,nM,15.0,DPP4
CHEMBL3084939,=,=,nM,35.0,nM,35.0,DPP4
CHEMBL3084935,=,=,nM,23.0,nM,23.0,DPP4
CHEMBL3084943,=,=,nM,24.0,nM,24.0,DPP4
CHEMBL3084954,=,=,nM,17.0,nM,17.0,DPP4
CHEMBL3084937,=,=,nM,7.5,nM,7.5,DPP4
CHEMBL3084938,=,=,nM,26.0,nM,26.0,DPP4
CHEMBL25437,=,=,nM,88.0,nM,88.0,DPP4
CHEMBL278558,=,=,nM,190.0,nM,190.0,DPP4
CHEMBL23176,=,=,nM,25.0,nM,25.0,DPP4
CHEMBL3084940,=,=,nM,64.0,nM,64.0,DPP4
CHEMBL3084946,=,=,nM,38.0,nM,38.0,DPP4
CHEMBL142703,=,=,nM,34.0,nM,34.0,DPP4
CHEMBL3084947,=,=,nM,33.0,nM,33.0,DPP4
CHEMBL77538,=,=,nM,22.0,nM,22.0,DPP4
CHEMBL3084952,=,=,nM,17.0,nM,17.0,DPP4
CHEMBL3084956,=,=,nM,9.0,nM,9.0,DPP4
CHEMBL23979,=,=,nM,89.0,nM,89.0,DPP4
CHEMBL3084948,=,=,nM,21.0,nM,21.0,DPP4
CHEMBL3084955,=,=,nM,55.0,nM,55.0,DPP4
CHEMBL3084941,=,=,nM,98.0,nM,98.0,DPP4
CHEMBL497992,=,=,nM,2.6,nM,2.6,DPP4
CHEMBL3084953,=,=,nM,10.0,nM,10.0,DPP4
CHEMBL3084944,=,=,nM,46.0,nM,46.0,DPP4
CHEMBL25211,=,=,nM,22.0,nM,22.0,DPP4
CHEMBL3084951,=,=,nM,20.0,nM,20.0,DPP4
CHEMBL3084945,=,=,nM,2700.0,nM,2700.0,DPP4
CHEMBL3084950,=,=,nM,29.0,nM,29.0,DPP4
CHEMBL544475,=,=,nM,3400.0,uM,3.4,DPP4
CHEMBL543539,=,=,nM,948000.0,uM,948.0,DPP4
CHEMBL543057,=,=,nM,277000.0,uM,277.0,DPP4
CHEMBL554880,=,=,nM,31800.0,uM,31.8,DPP4
CHEMBL77538,=,=,nM,22.0,nM,22.0,DPP4
CHEMBL77538,=,=,nM,7.0,nM,7.0,DPP4
CHEMBL539758,=,=,nM,51400.0,uM,51.4,DPP4
CHEMBL553407,=,=,nM,2300.0,uM,2.3,DPP4
CHEMBL544474,=,=,nM,207000.0,uM,207.0,DPP4
CHEMBL544717,=,=,nM,4700.0,uM,4.7,DPP4
CHEMBL307636,=,=,nM,2.0,nM,2.0,DPP4
CHEMBL307636,=,=,nM,3.2,nM,3.2,DPP4
CHEMBL543062,=,=,nM,8400.0,uM,8.4,DPP4
CHEMBL554957,=,=,nM,103000.0,uM,103.0,DPP4
CHEMBL289580,=,=,nM,746000.0,uM,746.0,DPP4
CHEMBL544950,=,=,nM,2400.0,uM,2.4,DPP4
CHEMBL288207,=,=,nM,52600.0,uM,52.6,DPP4
CHEMBL554683,=,=,nM,6700.0,uM,6.7,DPP4
CHEMBL554882,=,=,nM,170000.0,uM,170.0,DPP4
CHEMBL41114,=,=,nM,18000.0,uM,18.0,DPP4
CHEMBL554682,=,=,nM,731000.0,uM,731.0,DPP4
CHEMBL544478,=,=,nM,14000.0,uM,14.0,DPP4
CHEMBL544241,=,=,nM,17000.0,uM,17.0,DPP4
CHEMBL539500,=,=,nM,18000.0,uM,18.0,DPP4
CHEMBL555560,=,=,nM,320.0,uM,0.32,DPP4
CHEMBL77539,=,=,nM,8.0,nM,8.0,DPP4
CHEMBL77539,=,=,nM,8.7,nM,8.7,DPP4
CHEMBL539243,=,=,nM,1100.0,uM,1.1,DPP4
CHEMBL283880,=,=,ug.mL-1,23.4,ug ml-1,23.4,DPP4
CHEMBL283880,=,=,nM,87900.0,uM,87.9,DPP4
CHEMBL151999,=,=,ug.mL-1,12.0,ug ml-1,12.0,DPP4
CHEMBL151999,=,=,nM,30400.0,uM,30.4,DPP4
CHEMBL313952,=,=,ug.mL-1,21.3,ug ml-1,21.3,DPP4
CHEMBL313952,=,=,nM,65900.0,uM,65.9,DPP4
CHEMBL153236,>,>,ug.mL-1,100.0,ug ml-1,100.0,DPP4
CHEMBL153236,>,>,nM,318200.0,uM,318.2,DPP4
CHEMBL315471,=,=,ug.mL-1,16.0,ug ml-1,16.0,DPP4
CHEMBL315471,=,=,nM,60100.0,uM,60.1,DPP4
CHEMBL88474,=,=,ug.mL-1,14.1,ug ml-1,14.1,DPP4
CHEMBL88474,=,=,nM,43600.0,uM,43.6,DPP4
CHEMBL152529,>,>,ug.mL-1,100.0,ug ml-1,100.0,DPP4
CHEMBL152529,>,>,nM,337500.0,uM,337.5,DPP4
CHEMBL90558,=,=,ug.mL-1,81.0,ug ml-1,81.0,DPP4
CHEMBL90558,=,=,nM,251200.0,uM,251.2,DPP4
CHEMBL8916,>,>,ug.mL-1,100.0,ug ml-1,100.0,DPP4
CHEMBL8916,>,>,nM,398000.0,uM,398.0,DPP4
CHEMBL277841,>,>,ug.mL-1,100.0,ug ml-1,100.0,DPP4
CHEMBL277841,>,>,nM,374100.0,uM,374.1,DPP4
CHEMBL90616,>,>,ug.mL-1,100.0,ug ml-1,100.0,DPP4
CHEMBL90616,>,>,nM,283800.0,uM,283.8,DPP4
CHEMBL345319,=,=,ug.mL-1,64.4,ug ml-1,64.4,DPP4
CHEMBL345319,=,=,nM,225700.0,uM,225.7,DPP4
CHEMBL29292,>,>,ug.mL-1,100.0,ug ml-1,100.0,DPP4
CHEMBL29292,>,>,nM,324300.0,uM,324.3,DPP4
CHEMBL113918,>,>,ug.mL-1,100.0,ug ml-1,100.0,DPP4
CHEMBL113918,>,>,nM,337500.0,uM,337.5,DPP4
CHEMBL88953,=,=,ug.mL-1,12.8,ug ml-1,12.8,DPP4
CHEMBL88953,=,=,nM,43300.0,uM,43.3,DPP4
CHEMBL89081,>,>,ug.mL-1,100.0,ug ml-1,100.0,DPP4
CHEMBL89081,>,>,nM,325300.0,uM,325.3,DPP4
CHEMBL329471,=,=,ug.mL-1,18.7,ug ml-1,18.7,DPP4
CHEMBL329471,=,=,nM,57800.0,uM,57.8,DPP4
CHEMBL151461,=,=,ug.mL-1,18.7,ug ml-1,18.7,DPP4
CHEMBL151461,=,=,nM,88200.0,uM,88.2,DPP4
CHEMBL91130,>,>,ug.mL-1,100.0,ug ml-1,100.0,DPP4
CHEMBL91130,>,>,nM,283800.0,uM,283.8,DPP4
CHEMBL153096,=,=,ug.mL-1,12.8,ug ml-1,12.8,DPP4
CHEMBL153096,=,=,nM,43300.0,uM,43.3,DPP4
CHEMBL424612,=,=,ug.mL-1,19.8,ug ml-1,19.8,DPP4
CHEMBL424612,=,=,nM,74100.0,uM,74.1,DPP4
CHEMBL153037,=,=,ug.mL-1,15.1,ug ml-1,15.1,DPP4
CHEMBL153037,=,=,nM,36700.0,uM,36.7,DPP4
CHEMBL169758,=,=,nM,660.0,uM,0.66,DPP4
CHEMBL168986,=,=,nM,130.0,uM,0.13,DPP4
CHEMBL366751,=,=,nM,550.0,uM,0.55,DPP4
CHEMBL172276,=,=,nM,670.0,uM,0.67,DPP4
CHEMBL171033,=,=,nM,83.0,uM,0.083,DPP4
CHEMBL439836,=,=,nM,71.0,uM,0.071,DPP4
CHEMBL352343,=,=,nM,280.0,uM,0.28,DPP4
CHEMBL169962,=,=,nM,110.0,uM,0.11,DPP4
CHEMBL352737,=,=,nM,480.0,uM,0.48,DPP4
CHEMBL368156,=,=,nM,840.0,uM,0.84,DPP4
CHEMBL171437,=,=,nM,72.0,uM,0.072,DPP4
CHEMBL433732,=,=,nM,420.0,uM,0.42,DPP4
CHEMBL354576,=,=,nM,110.0,uM,0.11,DPP4
CHEMBL168866,=,=,nM,170.0,uM,0.17,DPP4
CHEMBL172631,=,=,nM,210.0,uM,0.21,DPP4
CHEMBL171430,=,=,nM,1700.0,uM,1.7,DPP4
CHEMBL169204,=,=,nM,13.0,uM,0.013,DPP4
CHEMBL355203,=,=,nM,180.0,uM,0.18,DPP4
CHEMBL171342,=,=,nM,83.0,uM,0.083,DPP4
CHEMBL354936,=,=,nM,110.0,uM,0.11,DPP4
CHEMBL169812,=,=,nM,230.0,uM,0.23,DPP4
CHEMBL172624,=,=,nM,1200.0,uM,1.2,DPP4
CHEMBL355716,=,=,nM,270.0,uM,0.27,DPP4
CHEMBL353840,=,=,nM,47.0,uM,0.047,DPP4
CHEMBL169179,=,=,nM,46.0,uM,0.046,DPP4
CHEMBL172730,=,=,nM,3900.0,uM,3.9,DPP4
CHEMBL168281,=,=,nM,220.0,uM,0.22,DPP4
CHEMBL171609,=,=,nM,440.0,uM,0.44,DPP4
CHEMBL352632,=,=,nM,870.0,uM,0.87,DPP4
CHEMBL355248,=,=,nM,150.0,uM,0.15,DPP4
CHEMBL170051,=,=,nM,330.0,uM,0.33,DPP4
CHEMBL171733,=,=,nM,110.0,uM,0.11,DPP4
CHEMBL355051,=,=,nM,290.0,uM,0.29,DPP4
CHEMBL433533,=,=,nM,420.0,uM,0.42,DPP4
CHEMBL171290,=,=,nM,250.0,uM,0.25,DPP4
CHEMBL355244,=,=,nM,4600.0,uM,4.6,DPP4
CHEMBL352354,=,=,nM,240.0,uM,0.24,DPP4
CHEMBL352402,=,=,nM,110.0,uM,0.11,DPP4
CHEMBL352520,=,=,nM,43.0,uM,0.043,DPP4
CHEMBL172057,=,=,nM,180.0,uM,0.18,DPP4
CHEMBL353590,=,=,nM,1100.0,uM,1.1,DPP4
CHEMBL355479,=,=,nM,94.0,uM,0.094,DPP4
CHEMBL352548,=,=,nM,95.0,uM,0.095,DPP4
CHEMBL22310,=,=,nM,48.0,nM,48.0,DPP4
CHEMBL22545,=,=,nM,830.0,nM,830.0,DPP4
CHEMBL23223,=,=,nM,89.0,nM,89.0,DPP4
CHEMBL22359,=,=,nM,53.0,nM,53.0,DPP4
CHEMBL23051,=,=,nM,270.0,nM,270.0,DPP4
CHEMBL25437,=,=,nM,88.0,nM,88.0,DPP4
CHEMBL23880,=,=,nM,210.0,nM,210.0,DPP4
CHEMBL416008,=,=,nM,360.0,nM,360.0,DPP4
CHEMBL281561,=,=,nM,75.0,nM,75.0,DPP4
CHEMBL283309,=,=,nM,58.0,nM,58.0,DPP4
CHEMBL280658,=,=,nM,73.0,nM,73.0,DPP4
CHEMBL278558,=,=,nM,190.0,nM,190.0,DPP4
CHEMBL283368,=,=,nM,67.0,nM,67.0,DPP4
CHEMBL23176,=,=,nM,25.0,nM,25.0,DPP4
CHEMBL277693,=,=,nM,88.0,nM,88.0,DPP4
CHEMBL281178,=,=,nM,35.0,nM,35.0,DPP4
CHEMBL23110,=,=,nM,55.0,nM,55.0,DPP4
CHEMBL23879,=,=,nM,250.0,nM,250.0,DPP4
CHEMBL277193,=,=,nM,250.0,nM,250.0,DPP4
CHEMBL23979,=,=,nM,89.0,nM,89.0,DPP4
CHEMBL23981,=,=,nM,340.0,nM,340.0,DPP4
CHEMBL279944,=,=,nM,27.0,nM,27.0,DPP4
CHEMBL431885,=,=,nM,870.0,nM,870.0,DPP4
CHEMBL23660,=,=,nM,54.0,nM,54.0,DPP4
CHEMBL22679,=,=,nM,94.0,nM,94.0,DPP4
CHEMBL23924,=,=,nM,110.0,nM,110.0,DPP4
CHEMBL423108,=,=,nM,23.0,nM,23.0,DPP4
CHEMBL278393,=,=,nM,320.0,nM,320.0,DPP4
CHEMBL277635,=,=,nM,70.0,nM,70.0,DPP4
CHEMBL22294,=,=,nM,21.0,nM,21.0,DPP4
CHEMBL23891,=,=,nM,56.0,nM,56.0,DPP4
CHEMBL22511,=,=,nM,170.0,nM,170.0,DPP4
CHEMBL25211,=,=,nM,22.0,nM,22.0,DPP4
CHEMBL289562,=,=,nM,42000.0,uM,42.0,DPP4
CHEMBL357606,=,=,nM,1700.0,uM,1.7,DPP4
CHEMBL37229,=,=,nM,1500.0,uM,1.5,DPP4
CHEMBL93507,=,=,nM,67000.0,uM,67.0,DPP4
CHEMBL37536,=,=,nM,47.0,uM,0.047,DPP4
CHEMBL317944,=,=,nM,23100.0,uM,23.1,DPP4
CHEMBL147314,=,=,nM,250000.0,uM,250.0,DPP4
CHEMBL37654,=,=,nM,130.0,uM,0.13,DPP4
CHEMBL148261,=,=,nM,3500.0,uM,3.5,DPP4
CHEMBL34764,=,=,nM,180.0,uM,0.18,DPP4
CHEMBL328694,=,=,nM,39000.0,uM,39.0,DPP4
CHEMBL149498,>,>,nM,1000000.0,uM,1000.0,DPP4
CHEMBL329171,>,>,nM,500000.0,uM,500.0,DPP4
CHEMBL148955,=,=,nM,318000.0,uM,318.0,DPP4
CHEMBL287534,=,=,nM,20000.0,uM,20.0,DPP4
CHEMBL358358,=,=,nM,107000.0,uM,107.0,DPP4
CHEMBL34603,=,=,nM,1400.0,uM,1.4,DPP4
CHEMBL443622,=,=,nM,41000.0,uM,41.0,DPP4
CHEMBL36333,=,=,nM,2500.0,uM,2.5,DPP4
CHEMBL35451,=,=,nM,40000.0,uM,40.0,DPP4
CHEMBL93931,=,=,nM,21000.0,uM,21.0,DPP4
CHEMBL289399,=,=,nM,170000.0,uM,170.0,DPP4
CHEMBL146437,>,>,nM,500000.0,uM,500.0,DPP4
CHEMBL146995,=,=,nM,67000.0,uM,67.0,DPP4
CHEMBL38165,=,=,nM,1000.0,uM,1.0,DPP4
CHEMBL148142,>,>,nM,1000000.0,uM,1000.0,DPP4
CHEMBL148392,>,>,nM,1000000.0,uM,1000.0,DPP4
CHEMBL288171,=,=,nM,14000.0,uM,14.0,DPP4
CHEMBL148026,>,>,nM,500000.0,uM,500.0,DPP4
CHEMBL147923,>,>,nM,1000000.0,uM,1000.0,DPP4
CHEMBL146877,=,=,nM,151000.0,uM,151.0,DPP4
CHEMBL34842,=,=,nM,0.2,uM,0.0002,DPP4
CHEMBL503274,=,=,nM,4000.0,uM,4.0,DPP4
CHEMBL148955,=,=,nM,318000.0,uM,318.0,DPP4
CHEMBL434886,=,=,nM,167000.0,uM,167.0,DPP4
CHEMBL146509,>,>,nM,1000000.0,uM,1000.0,DPP4
CHEMBL319514,=,=,nM,200.0,uM,0.2,DPP4
CHEMBL499101,=,=,nM,122000.0,uM,122.0,DPP4
CHEMBL37289,=,=,nM,100.0,uM,0.1,DPP4
CHEMBL359211,>,>,nM,500000.0,uM,500.0,DPP4
CHEMBL144226,>,>,nM,1000000.0,uM,1000.0,DPP4
CHEMBL97180,=,=,nM,213000.0,uM,213.0,DPP4
CHEMBL343616,>,>,nM,1000000.0,uM,1000.0,DPP4
CHEMBL34062,=,=,nM,0.1,uM,0.0001,DPP4
CHEMBL37980,=,=,nM,10000.0,uM,10.0,DPP4
CHEMBL277390,=,=,nM,12.0,uM,0.012,DPP4
CHEMBL277390,=,=,nM,1000.0,uM,1.0,DPP4
CHEMBL37687,=,=,nM,53.0,uM,0.053,DPP4
CHEMBL37960,=,=,nM,3.0,uM,0.003,DPP4
CHEMBL147583,>,>,nM,1000000.0,uM,1000.0,DPP4
CHEMBL461912,=,=,nM,320.0,uM,0.32,DPP4
CHEMBL416787,=,=,nM,31000.0,uM,31.0,DPP4
CHEMBL403882,=,=,nM,15000.0,uM,15.0,DPP4
CHEMBL67680,=,=,nM,30.0,uM,0.03,DPP4
CHEMBL67680,=,=,nM,630.0,uM,0.63,DPP4
CHEMBL36666,=,=,nM,0.2,uM,0.0002,DPP4
CHEMBL383705,=,=,nM,4000.0,uM,4.0,DPP4
CHEMBL148127,=,=,nM,374000.0,uM,374.0,DPP4
CHEMBL356207,=,=,nM,289000.0,uM,289.0,DPP4
CHEMBL148025,=,=,nM,217000.0,uM,217.0,DPP4
CHEMBL287847,=,=,nM,14000.0,uM,14.0,DPP4
CHEMBL37655,=,=,nM,240.0,uM,0.24,DPP4
CHEMBL317126,=,=,nM,14000.0,uM,14.0,DPP4
CHEMBL346877,=,=,nM,50400.0,uM,50.4,DPP4
CHEMBL147923,=,=,nM,500000.0,uM,500.0,DPP4
CHEMBL146190,=,=,nM,229000.0,uM,229.0,DPP4
CHEMBL356055,>,>,nM,1000000.0,uM,1000.0,DPP4
CHEMBL37748,=,=,nM,340.0,uM,0.34,DPP4
CHEMBL148002,=,=,nM,360000.0,uM,360.0,DPP4
CHEMBL145813,=,=,nM,51000.0,uM,51.0,DPP4
CHEMBL344507,>,>,nM,125000.0,uM,125.0,DPP4
CHEMBL97025,>,>,nM,1000000.0,uM,1000.0,DPP4
CHEMBL1160335,=,=,nM,1500.0,uM,1.5,DPP4
CHEMBL1160335,=,=,nM,3500.0,uM,3.5,DPP4
CHEMBL305759,=,=,nM,10000.0,uM,10.0,DPP4
CHEMBL305759,=,=,nM,25000.0,uM,25.0,DPP4
CHEMBL36282,=,=,nM,47000.0,uM,47.0,DPP4
CHEMBL35000,=,=,nM,1100.0,uM,1.1,DPP4
CHEMBL343650,=,=,nM,377000.0,uM,377.0,DPP4
CHEMBL328795,=,=,nM,188000.0,uM,188.0,DPP4
CHEMBL37645,=,=,nM,1750.0,uM,1.75,DPP4
CHEMBL35116,=,=,nM,0.9,uM,0.0009,DPP4
CHEMBL343907,>,>,nM,500000.0,uM,500.0,DPP4
CHEMBL148569,,,nM,,uM,,DPP4
CHEMBL302602,=,=,nM,3.0,uM,0.003,DPP4
CHEMBL302602,=,=,nM,610.0,uM,0.61,DPP4
CHEMBL290620,=,=,nM,80000.0,uM,80.0,DPP4
CHEMBL148285,=,=,nM,250000.0,uM,250.0,DPP4
CHEMBL34779,=,=,nM,350.0,uM,0.35,DPP4
CHEMBL348246,=,=,nM,500000.0,uM,500.0,DPP4
CHEMBL34972,=,=,nM,90.0,uM,0.09,DPP4
CHEMBL147691,=,=,nM,93000.0,uM,93.0,DPP4
CHEMBL144027,=,=,nM,500000.0,uM,500.0,DPP4
CHEMBL278393,=,=,nM,17000.0,uM,17.0,DPP4
CHEMBL36020,=,=,nM,10.0,uM,0.01,DPP4
CHEMBL97064,=,=,nM,190000.0,uM,190.0,DPP4
CHEMBL461506,=,=,nM,247000.0,uM,247.0,DPP4
CHEMBL35016,=,=,nM,1500.0,uM,1.5,DPP4
CHEMBL444537,=,=,nM,52000.0,uM,52.0,DPP4
CHEMBL145855,>,>,nM,1000000.0,uM,1000.0,DPP4
CHEMBL145862,=,=,nM,18100.0,uM,18.1,DPP4
CHEMBL147923,>,>,nM,1000000.0,uM,1000.0,DPP4
CHEMBL148461,>,>,nM,1000000.0,uM,1000.0,DPP4
CHEMBL148954,=,=,nM,81000.0,uM,81.0,DPP4
CHEMBL67679,=,=,nM,20.0,uM,0.02,DPP4
CHEMBL67679,=,=,nM,570.0,uM,0.57,DPP4
CHEMBL286301,=,=,nM,18000.0,uM,18.0,DPP4
CHEMBL461506,=,=,nM,134900.0,uM,134.9,DPP4
CHEMBL146450,>>,>>,nM,1000000.0,uM,1000.0,DPP4
CHEMBL329909,=,=,nM,163.0,nM,163.0,DPP4
CHEMBL96229,=,=,nM,24200.0,nM,24200.0,DPP4
CHEMBL3084822,=,=,nM,70.0,nM,70.0,DPP4
CHEMBL316832,=,=,nM,598.0,nM,598.0,DPP4
CHEMBL94597,=,=,nM,298.0,nM,298.0,DPP4
CHEMBL330670,=,=,nM,444.0,nM,444.0,DPP4
CHEMBL94147,=,=,nM,291.0,nM,291.0,DPP4
CHEMBL94908,=,=,nM,105.0,nM,105.0,DPP4
CHEMBL327264,=,=,nM,377.0,nM,377.0,DPP4
CHEMBL94046,=,=,nM,18700.0,nM,18700.0,DPP4
CHEMBL93847,=,=,nM,338.0,nM,338.0,DPP4
CHEMBL96607,=,=,nM,372.0,nM,372.0,DPP4
CHEMBL96942,=,=,nM,305.0,nM,305.0,DPP4
CHEMBL3084816,=,=,nM,7.0,nM,7.0,DPP4
CHEMBL328613,=,=,nM,26100.0,nM,26100.0,DPP4
CHEMBL313423,=,=,nM,9610.0,nM,9610.0,DPP4
CHEMBL3084814,=,=,nM,17.0,nM,17.0,DPP4
CHEMBL96748,=,=,nM,192.0,nM,192.0,DPP4
CHEMBL96160,=,=,nM,266.0,nM,266.0,DPP4
CHEMBL96299,=,=,nM,346.0,nM,346.0,DPP4
CHEMBL328994,=,=,nM,133.0,nM,133.0,DPP4
CHEMBL96113,>,>,nM,1000000.0,nM,1000000.0,DPP4
CHEMBL93354,=,=,nM,36.0,nM,36.0,DPP4
CHEMBL96071,=,=,nM,242.0,nM,242.0,DPP4
CHEMBL328794,=,=,nM,228.0,nM,228.0,DPP4
CHEMBL96395,=,=,nM,434000.0,nM,434000.0,DPP4
CHEMBL330373,=,=,nM,15.0,nM,15.0,DPP4
CHEMBL318511,=,=,nM,52600.0,nM,52600.0,DPP4
CHEMBL321509,=,=,nM,635.0,nM,635.0,DPP4
CHEMBL96666,=,=,nM,2.0,nM,2.0,DPP4
CHEMBL322904,>,>,nM,500000.0,nM,500000.0,DPP4
CHEMBL95088,=,=,nM,26.0,nM,26.0,DPP4
CHEMBL3084820,=,=,nM,10.0,nM,10.0,DPP4
CHEMBL3084826,=,=,nM,477000.0,nM,477000.0,DPP4
CHEMBL329282,=,=,nM,989.0,nM,989.0,DPP4
CHEMBL96891,=,=,nM,109000.0,nM,109000.0,DPP4
CHEMBL319798,=,=,nM,23.0,nM,23.0,DPP4
CHEMBL96892,=,=,nM,13.0,nM,13.0,DPP4
CHEMBL307636,=,=,nM,2.0,nM,2.0,DPP4
CHEMBL307636,=,=,nM,3.15,nM,3.15,DPP4
CHEMBL92028,=,=,nM,104.0,nM,104.0,DPP4
CHEMBL96453,=,=,nM,988.0,nM,988.0,DPP4
CHEMBL3084819,=,=,nM,18.0,nM,18.0,DPP4
CHEMBL330623,=,=,nM,18600.0,nM,18600.0,DPP4
CHEMBL96593,=,=,nM,53.0,nM,53.0,DPP4
CHEMBL96491,=,=,nM,282.0,nM,282.0,DPP4
CHEMBL3084821,=,=,nM,14.0,nM,14.0,DPP4
CHEMBL92710,=,=,nM,256.0,nM,256.0,DPP4
CHEMBL3084817,=,=,nM,64.0,nM,64.0,DPP4
CHEMBL94312,=,=,nM,80.0,nM,80.0,DPP4
CHEMBL319080,=,=,nM,3.0,nM,3.0,DPP4
CHEMBL3084824,=,=,nM,149.0,nM,149.0,DPP4
CHEMBL3084818,=,=,nM,183.0,nM,183.0,DPP4
CHEMBL330426,=,=,nM,296.0,nM,296.0,DPP4
CHEMBL96890,=,=,nM,491.0,nM,491.0,DPP4
CHEMBL323130,=,=,nM,63.0,nM,63.0,DPP4
CHEMBL3084811,=,=,nM,3.5,nM,3.5,DPP4
CHEMBL3084811,=,=,nM,2.7,nM,2.7,DPP4
CHEMBL93034,=,=,nM,7000.0,nM,7000.0,DPP4
CHEMBL330326,=,=,nM,398.0,nM,398.0,DPP4
CHEMBL96908,=,=,nM,24.0,nM,24.0,DPP4
CHEMBL327166,=,=,nM,29.0,nM,29.0,DPP4
CHEMBL77538,=,=,nM,22.0,nM,22.0,DPP4
CHEMBL77538,=,=,nM,7.0,nM,7.0,DPP4
CHEMBL96459,=,=,nM,16.0,nM,16.0,DPP4
CHEMBL330717,=,=,nM,83.0,nM,83.0,DPP4
CHEMBL431425,=,=,nM,64.0,nM,64.0,DPP4
CHEMBL96080,=,=,nM,612.0,nM,612.0,DPP4
CHEMBL317787,=,=,nM,261.0,nM,261.0,DPP4
CHEMBL94647,=,=,nM,466.0,nM,466.0,DPP4
CHEMBL323129,=,=,nM,218.0,nM,218.0,DPP4
CHEMBL322903,=,=,nM,1170.0,nM,1170.0,DPP4
CHEMBL77539,=,=,nM,8.0,nM,8.0,DPP4
CHEMBL77539,=,=,nM,8.73,nM,8.73,DPP4
CHEMBL318612,=,=,nM,103000.0,nM,103000.0,DPP4
CHEMBL3084823,=,=,nM,62.0,nM,62.0,DPP4
CHEMBL3084815,=,=,nM,5.0,nM,5.0,DPP4
CHEMBL317331,>,>,nM,1000000.0,nM,1000000.0,DPP4
CHEMBL3084813,=,=,nM,931000.0,nM,931000.0,DPP4
CHEMBL3084825,=,=,nM,22.0,nM,22.0,DPP4
CHEMBL92711,=,=,nM,33.0,nM,33.0,DPP4
CHEMBL96183,=,=,nM,3000.0,nM,3000.0,DPP4
CHEMBL95089,=,=,nM,54.0,nM,54.0,DPP4
CHEMBL94630,=,=,nM,123.0,nM,123.0,DPP4
CHEMBL318775,=,=,nM,102.0,nM,102.0,DPP4
CHEMBL321724,=,=,nM,1540.0,nM,1540.0,DPP4
CHEMBL96577,=,=,nM,436.0,nM,436.0,DPP4
CHEMBL96814,=,=,nM,7400.0,nM,7400.0,DPP4
CHEMBL320143,=,=,nM,475.0,nM,475.0,DPP4
CHEMBL96937,=,=,nM,35.0,nM,35.0,DPP4
CHEMBL329581,=,=,nM,109000.0,nM,109000.0,DPP4
CHEMBL3084812,=,=,nM,7.0,nM,7.0,DPP4
CHEMBL330600,=,=,nM,132000.0,uM,132.0,DPP4
CHEMBL98801,=,=,nM,196000.0,uM,196.0,DPP4
CHEMBL98415,=,=,nM,250000.0,uM,250.0,DPP4
CHEMBL440325,=,=,nM,518000.0,uM,518.0,DPP4
CHEMBL98148,>,>,nM,500000.0,uM,500.0,DPP4
CHEMBL98423,=,=,nM,278000.0,uM,278.0,DPP4
CHEMBL100715,>>,>>,nM,1000000.0,uM,1000.0,DPP4
CHEMBL98860,=,=,nM,179000.0,uM,179.0,DPP4
CHEMBL99506,=,=,nM,70000.0,uM,70.0,DPP4
CHEMBL99111,=,=,nM,125000.0,uM,125.0,DPP4
CHEMBL319350,=,=,nM,13000.0,uM,13.0,DPP4
CHEMBL418979,>,>,nM,500000.0,uM,500.0,DPP4
CHEMBL100370,=,=,nM,148000.0,uM,148.0,DPP4
CHEMBL99047,=,=,nM,417000.0,uM,417.0,DPP4
CHEMBL98097,>,>,nM,1000000.0,uM,1000.0,DPP4
CHEMBL97970,=,=,nM,266000.0,uM,266.0,DPP4
CHEMBL328197,=,=,nM,64000.0,uM,64.0,DPP4
CHEMBL415317,>,>,nM,1000000.0,uM,1000.0,DPP4
CHEMBL320672,=,=,nM,151000.0,uM,151.0,DPP4
CHEMBL316487,=,=,nM,56000.0,uM,56.0,DPP4
CHEMBL418788,=,=,nM,205000.0,uM,205.0,DPP4
CHEMBL101656,>>,>>,nM,1000000.0,uM,1000.0,DPP4
CHEMBL99936,>,>,nM,1000000.0,uM,1000.0,DPP4
CHEMBL98647,>,>,nM,500000.0,uM,500.0,DPP4
CHEMBL317950,>,>,nM,500000.0,uM,500.0,DPP4
CHEMBL93505,>,>,nM,1000000.0,uM,1000.0,DPP4
CHEMBL99263,=,=,nM,247000.0,uM,247.0,DPP4
CHEMBL98060,=,=,nM,500000.0,uM,500.0,DPP4
CHEMBL97884,=,=,nM,301000.0,uM,301.0,DPP4
CHEMBL98762,=,=,nM,345000.0,uM,345.0,DPP4
CHEMBL97977,=,=,nM,496000.0,uM,496.0,DPP4
CHEMBL99247,=,=,nM,192000.0,uM,192.0,DPP4
CHEMBL98869,=,=,nM,165000.0,uM,165.0,DPP4
CHEMBL329314,=,=,nM,68000.0,uM,68.0,DPP4
CHEMBL430661,>,>,nM,500000.0,uM,500.0,DPP4
CHEMBL319583,>,>,nM,500000.0,uM,500.0,DPP4
CHEMBL318670,=,=,nM,418000.0,uM,418.0,DPP4
CHEMBL317312,=,=,nM,188000.0,uM,188.0,DPP4
CHEMBL327499,=,=,nM,250000.0,uM,250.0,DPP4
CHEMBL99260,>,>,nM,500000.0,uM,500.0,DPP4
CHEMBL329966,>,>,nM,125000.0,uM,125.0,DPP4
CHEMBL101401,=,=,nM,545000.0,uM,545.0,DPP4
CHEMBL317949,=,=,nM,186000.0,uM,186.0,DPP4
CHEMBL318212,>>,>>,nM,1000000.0,uM,1000.0,DPP4
CHEMBL319520,>,>,nM,500000.0,uM,500.0,DPP4
CHEMBL424612,=,=,ug.mL-1,19.8,ug ml-1,19.8,DPP4
CHEMBL91366,>,>,ug.mL-1,100.0,ug ml-1,100.0,DPP4
CHEMBL89630,>,>,ug.mL-1,100.0,ug ml-1,100.0,DPP4
CHEMBL432044,>,>,ug.mL-1,100.0,ug ml-1,100.0,DPP4
CHEMBL87161,>,>,ug.mL-1,100.0,ug ml-1,100.0,DPP4
CHEMBL88811,>,>,ug.mL-1,100.0,ug ml-1,100.0,DPP4
CHEMBL89450,>,>,ug.mL-1,100.0,ug ml-1,100.0,DPP4
CHEMBL86373,>,>,ug.mL-1,100.0,ug ml-1,100.0,DPP4
CHEMBL442758,>,>,ug.mL-1,100.0,ug ml-1,100.0,DPP4
CHEMBL90558,=,=,ug.mL-1,81.0,ug ml-1,81.0,DPP4
CHEMBL89026,>,>,ug.mL-1,100.0,ug ml-1,100.0,DPP4
CHEMBL308333,>,>,ug.mL-1,100.0,ug ml-1,100.0,DPP4
CHEMBL313952,=,=,ug.mL-1,21.3,ug ml-1,21.3,DPP4
CHEMBL63895,=,=,ug.mL-1,18.3,ug ml-1,18.3,DPP4
CHEMBL316290,>,>,ug.mL-1,100.0,ug ml-1,100.0,DPP4
CHEMBL315938,>,>,ug.mL-1,100.0,ug ml-1,100.0,DPP4
CHEMBL315662,>,>,ug.mL-1,100.0,ug ml-1,100.0,DPP4
CHEMBL283880,=,=,ug.mL-1,23.4,ug ml-1,23.4,DPP4
CHEMBL88645,>,>,ug.mL-1,100.0,ug ml-1,100.0,DPP4
CHEMBL29292,>,>,ug.mL-1,100.0,ug ml-1,100.0,DPP4
CHEMBL88338,>,>,ug.mL-1,100.0,ug ml-1,100.0,DPP4
CHEMBL37260,=,=,nM,5700.0,uM,5.7,DPP4
CHEMBL290598,=,=,nM,7000.0,uM,7.0,DPP4
CHEMBL8783,>,>,ug.mL-1,100.0,ug ml-1,100.0,DPP4
CHEMBL432081,=,=,nM,7900.0,uM,7.9,DPP4
CHEMBL86597,>,>,ug.mL-1,100.0,ug ml-1,100.0,DPP4
CHEMBL88474,=,=,ug.mL-1,14.1,ug ml-1,14.1,DPP4
CHEMBL315471,>,>,ug.mL-1,100.0,ug ml-1,100.0,DPP4
CHEMBL88953,=,=,ug.mL-1,12.8,ug ml-1,12.8,DPP4
CHEMBL366345,>,>,nM,250000.0,uM,250.0,DPP4
CHEMBL176202,>,>,nM,125000.0,uM,125.0,DPP4
CHEMBL175988,>,>,nM,1000000.0,uM,1000.0,DPP4
CHEMBL176121,>,>,nM,1000000.0,uM,1000.0,DPP4
CHEMBL177472,>,>,nM,1000000.0,uM,1000.0,DPP4
CHEMBL177823,>,>,nM,250000.0,uM,250.0,DPP4
CHEMBL177735,>,>,nM,1000000.0,uM,1000.0,DPP4
CHEMBL175708,>,>,nM,1000000.0,uM,1000.0,DPP4
CHEMBL175764,>,>,nM,250000.0,uM,250.0,DPP4
CHEMBL177746,=,=,nM,148000.0,uM,148.0,DPP4
CHEMBL175260,=,=,nM,1000000.0,uM,1000.0,DPP4
CHEMBL177644,>,>,nM,1000000.0,uM,1000.0,DPP4
CHEMBL177696,>,>,nM,1000000.0,uM,1000.0,DPP4
CHEMBL176262,>,>,nM,1000000.0,uM,1000.0,DPP4
CHEMBL368869,>,>,nM,1000000.0,uM,1000.0,DPP4
CHEMBL177632,>,>,nM,1000000.0,uM,1000.0,DPP4
CHEMBL178843,>,>,nM,1000000.0,uM,1000.0,DPP4
CHEMBL178844,>,>,nM,1000000.0,uM,1000.0,DPP4
CHEMBL178433,>,>,nM,1000000.0,uM,1000.0,DPP4
CHEMBL175977,>,>,nM,1000000.0,uM,1000.0,DPP4
CHEMBL175629,>,>,nM,1000000.0,uM,1000.0,DPP4
CHEMBL176062,>,>,nM,1000000.0,uM,1000.0,DPP4
CHEMBL177265,>,>,nM,500000.0,uM,500.0,DPP4
CHEMBL177980,=,=,nM,12000.0,uM,12.0,DPP4
CHEMBL173824,>,>,nM,1000000.0,uM,1000.0,DPP4
CHEMBL366856,>,>,nM,1000000.0,uM,1000.0,DPP4
CHEMBL180514,=,=,nM,15000.0,uM,15.0,DPP4
CHEMBL175966,>,>,nM,500000.0,uM,500.0,DPP4
CHEMBL175034,=,=,nM,2130.0,uM,2.13,DPP4
CHEMBL179771,=,=,nM,350.0,uM,0.35,DPP4
CHEMBL179687,=,=,nM,3700.0,uM,3.7,DPP4
CHEMBL177180,>,>,nM,1000000.0,uM,1000.0,DPP4
CHEMBL367660,>,>,nM,1000000.0,uM,1000.0,DPP4
CHEMBL368716,>,>,nM,1000000.0,uM,1000.0,DPP4
CHEMBL179248,>,>,nM,1000000.0,uM,1000.0,DPP4
CHEMBL176138,>,>,nM,1000000.0,uM,1000.0,DPP4
CHEMBL176096,>,>,nM,1000000.0,uM,1000.0,DPP4
CHEMBL359843,>,>,nM,250000.0,uM,250.0,DPP4
CHEMBL179028,>,>,nM,1000000.0,uM,1000.0,DPP4
CHEMBL275472,>,>,nM,500000.0,uM,500.0,DPP4
CHEMBL178975,>,>,nM,250000.0,uM,250.0,DPP4
CHEMBL175442,>,>,nM,250000.0,uM,250.0,DPP4
CHEMBL176211,>,>,nM,1000000.0,uM,1000.0,DPP4
CHEMBL180424,>,>,nM,250000.0,uM,250.0,DPP4
CHEMBL179382,>,>,nM,250000.0,uM,250.0,DPP4
CHEMBL361154,>,>,nM,250000.0,uM,250.0,DPP4
CHEMBL179423,>,>,nM,125000.0,uM,125.0,DPP4
CHEMBL175900,>,>,nM,1000000.0,uM,1000.0,DPP4
CHEMBL176944,>,>,nM,1000000.0,uM,1000.0,DPP4
CHEMBL537625,=,=,nM,455.0,nM,455.0,DPP4
CHEMBL537844,=,=,nM,231.0,nM,231.0,DPP4
CHEMBL558196,=,=,nM,128.0,nM,128.0,DPP4
CHEMBL537400,=,=,nM,27.0,nM,27.0,DPP4
CHEMBL539077,=,=,nM,18.0,nM,18.0,DPP4
CHEMBL557187,=,=,nM,68.0,nM,68.0,DPP4
CHEMBL558585,=,=,nM,71.0,nM,71.0,DPP4
CHEMBL559011,=,=,nM,103.0,nM,103.0,DPP4
CHEMBL175872,=,=,nM,139.0,nM,139.0,DPP4
CHEMBL366549,=,=,nM,3100.0,nM,3100.0,DPP4
CHEMBL278393,=,=,nM,1034.0,nM,1034.0,DPP4
CHEMBL440021,=,=,nM,15000.0,nM,15000.0,DPP4
CHEMBL179845,>,>,nM,100000.0,nM,100000.0,DPP4
CHEMBL361107,>,>,nM,100000.0,nM,100000.0,DPP4
CHEMBL367368,>,>,nM,100000.0,nM,100000.0,DPP4
CHEMBL142703,=,=,nM,51.0,nM,51.0,DPP4
CHEMBL77538,=,=,nM,53.0,nM,53.0,DPP4
CHEMBL307636,=,=,nM,12.0,nM,12.0,DPP4
CHEMBL98408,=,=,nM,1660.0,nM,1660.0,DPP4
CHEMBL179289,=,=,nM,63.0,nM,63.0,DPP4
CHEMBL362018,=,=,nM,274.0,nM,274.0,DPP4
CHEMBL361235,>,>,nM,100000.0,nM,100000.0,DPP4
CHEMBL361551,>,>,nM,100000.0,nM,100000.0,DPP4
CHEMBL361758,>,>,nM,100000.0,nM,100000.0,DPP4
CHEMBL180664,>,>,nM,100000.0,nM,100000.0,DPP4
CHEMBL179996,>,>,nM,100000.0,nM,100000.0,DPP4
CHEMBL180000,=,=,nM,13000.0,nM,13000.0,DPP4
CHEMBL361863,=,=,nM,31000.0,nM,31000.0,DPP4
CHEMBL184262,=,=,nM,3000.0,nM,3000.0,DPP4
CHEMBL364780,>,>,nM,100000.0,nM,100000.0,DPP4
CHEMBL362364,=,=,nM,16480.0,nM,16480.0,DPP4
CHEMBL185020,=,=,nM,39640.0,nM,39640.0,DPP4
CHEMBL185332,=,=,nM,44860.0,nM,44860.0,DPP4
CHEMBL183947,=,=,nM,51000.0,nM,51000.0,DPP4
CHEMBL183517,=,=,nM,5700.0,nM,5700.0,DPP4
CHEMBL181239,=,=,nM,46910.0,nM,46910.0,DPP4
CHEMBL182168,=,=,nM,27470.0,nM,27470.0,DPP4
CHEMBL362140,=,=,nM,33000.0,nM,33000.0,DPP4
CHEMBL184572,=,=,nM,80.0,uM,0.08,DPP4
CHEMBL184651,=,=,nM,410.0,uM,0.41,DPP4
CHEMBL185222,=,=,nM,2620.0,uM,2.62,DPP4
CHEMBL363542,=,=,nM,200.0,uM,0.2,DPP4
CHEMBL186611,=,=,nM,1040.0,nM,1040.0,DPP4
CHEMBL184624,=,=,nM,3700.0,nM,3700.0,DPP4
CHEMBL264551,=,=,nM,1600.0,nM,1600.0,DPP4
CHEMBL360488,=,=,nM,922.0,nM,922.0,DPP4
CHEMBL182861,=,=,nM,610.0,nM,610.0,DPP4
CHEMBL185482,=,=,nM,143.0,nM,143.0,DPP4
CHEMBL184808,=,=,nM,155.0,nM,155.0,DPP4
CHEMBL184902,=,=,nM,166.0,nM,166.0,DPP4
CHEMBL369738,=,=,nM,51.0,nM,51.0,DPP4
CHEMBL184636,=,=,nM,19.0,nM,19.0,DPP4
CHEMBL186877,=,=,nM,0.1,nM,0.1,DPP4
CHEMBL184738,=,=,nM,1900.0,nM,1900.0,DPP4
CHEMBL187118,=,=,nM,931.0,nM,931.0,DPP4
CHEMBL185351,=,=,nM,981.0,nM,981.0,DPP4
CHEMBL185121,=,=,nM,2519.0,nM,2519.0,DPP4
CHEMBL185601,=,=,nM,2263.0,nM,2263.0,DPP4
CHEMBL182544,=,=,nM,2026.0,nM,2026.0,DPP4
CHEMBL405786,=,=,nM,8951.0,nM,8951.0,DPP4
CHEMBL185538,=,=,nM,3611.0,nM,3611.0,DPP4
CHEMBL363879,=,=,nM,3279.0,nM,3279.0,DPP4
CHEMBL184442,=,=,nM,3028.0,nM,3028.0,DPP4
CHEMBL366278,=,=,nM,10700.0,nM,10700.0,DPP4
CHEMBL184259,=,=,nM,7688.0,nM,7688.0,DPP4
CHEMBL365066,=,=,nM,14860.0,nM,14860.0,DPP4
CHEMBL184937,=,=,nM,1552.0,nM,1552.0,DPP4
CHEMBL184986,=,=,nM,1700.0,nM,1700.0,DPP4
CHEMBL184961,=,=,nM,9400.0,nM,9400.0,DPP4
CHEMBL184912,=,=,nM,589.0,nM,589.0,DPP4
CHEMBL433572,=,=,nM,270.0,nM,270.0,DPP4
CHEMBL360396,=,=,nM,8476.0,nM,8476.0,DPP4
CHEMBL184928,=,=,nM,2026.0,nM,2026.0,DPP4
CHEMBL363319,=,=,nM,119.0,nM,119.0,DPP4
CHEMBL184262,=,=,nM,3000.0,nM,3000.0,DPP4
CHEMBL186032,=,=,nM,11000.0,nM,11000.0,DPP4
CHEMBL184040,=,=,nM,134.0,nM,134.0,DPP4
CHEMBL263946,=,=,nM,44.0,nM,44.0,DPP4
CHEMBL187293,=,=,nM,34.0,nM,34.0,DPP4
CHEMBL365414,=,=,nM,35000.0,nM,35000.0,DPP4
CHEMBL184672,=,=,nM,36000.0,nM,36000.0,DPP4
CHEMBL362538,=,=,nM,19000.0,nM,19000.0,DPP4
CHEMBL360425,=,=,nM,30.0,nM,30.0,DPP4
CHEMBL183207,=,=,nM,14.0,nM,14.0,DPP4
CHEMBL360167,=,=,nM,1100.0,nM,1100.0,DPP4
CHEMBL364385,=,=,nM,690.0,nM,690.0,DPP4
CHEMBL184380,=,=,nM,405.0,nM,405.0,DPP4
CHEMBL185067,=,=,nM,114.0,nM,114.0,DPP4
CHEMBL184071,=,=,nM,225.0,nM,225.0,DPP4
CHEMBL175872,=,=,nM,139.0,nM,139.0,DPP4
CHEMBL186610,=,=,nM,108.0,nM,108.0,DPP4
CHEMBL366290,=,=,nM,0.3,nM,0.3,DPP4
CHEMBL183418,=,=,nM,7200.0,nM,7200.0,DPP4
CHEMBL186649,=,=,nM,1900.0,uM,1.9,DPP4
CHEMBL365875,=,=,nM,3600.0,nM,3600.0,DPP4
CHEMBL365834,=,=,nM,3300.0,nM,3300.0,DPP4
CHEMBL187699,=,=,nM,4200.0,nM,4200.0,DPP4
CHEMBL183098,=,=,nM,1200.0,nM,1200.0,DPP4
CHEMBL184593,=,=,nM,1200.0,nM,1200.0,DPP4
CHEMBL425347,=,=,nM,510.0,nM,510.0,DPP4
CHEMBL182223,=,=,nM,75.0,nM,75.0,DPP4
CHEMBL366049,=,=,nM,54.0,nM,54.0,DPP4
CHEMBL186596,=,=,nM,539.0,nM,539.0,DPP4
CHEMBL435882,=,=,nM,721.0,nM,721.0,DPP4
CHEMBL185244,=,=,nM,170.0,nM,170.0,DPP4
CHEMBL184346,=,=,nM,39.0,nM,39.0,DPP4
CHEMBL361263,=,=,nM,1640.0,nM,1640.0,DPP4
CHEMBL186787,=,=,nM,118.0,nM,118.0,DPP4
CHEMBL183736,=,=,nM,18.0,nM,18.0,DPP4
CHEMBL365010,=,=,nM,7.1,nM,7.1,DPP4
CHEMBL365836,=,=,nM,10.0,nM,10.0,DPP4
CHEMBL365837,=,=,nM,3.7,nM,3.7,DPP4
CHEMBL365838,=,=,nM,5.1,nM,5.1,DPP4
CHEMBL187963,=,=,nM,82.0,nM,82.0,DPP4
CHEMBL366286,=,=,nM,12.0,nM,12.0,DPP4
CHEMBL365231,=,=,nM,13.0,nM,13.0,DPP4
CHEMBL364100,=,=,nM,1.8,nM,1.8,DPP4
CHEMBL364101,=,=,nM,18.0,nM,18.0,DPP4
CHEMBL364102,=,=,nM,0.48,nM,0.48,DPP4
CHEMBL364103,=,=,nM,1.6,nM,1.6,DPP4
CHEMBL183289,=,=,nM,8.2,nM,8.2,DPP4
CHEMBL364140,=,=,nM,0.83,nM,0.83,DPP4
CHEMBL184177,=,=,nM,9.5,nM,9.5,DPP4
CHEMBL366047,=,=,nM,33.0,nM,33.0,DPP4
CHEMBL366048,=,=,nM,1.7,nM,1.7,DPP4
CHEMBL184527,=,=,nM,1.6,nM,1.6,DPP4
CHEMBL184630,=,=,nM,12.0,nM,12.0,DPP4
CHEMBL365280,=,=,nM,295.0,nM,295.0,DPP4
CHEMBL451492,=,=,nM,161.0,nM,161.0,DPP4
CHEMBL186482,=,=,nM,87.0,nM,87.0,DPP4
CHEMBL183060,=,=,nM,37.0,nM,37.0,DPP4
CHEMBL77538,=,=,nM,22.0,nM,22.0,DPP4
CHEMBL142703,=,=,nM,3.5,nM,3.5,DPP4
CHEMBL186566,=,=,nM,4.0,nM,4.0,DPP4
CHEMBL497992,=,=,nM,2.6,nM,2.6,DPP4
CHEMBL365000,=,=,nM,5.0,nM,5.0,DPP4
CHEMBL186406,=,=,nM,320.0,nM,320.0,DPP4
CHEMBL186308,=,=,nM,250.0,nM,250.0,DPP4
CHEMBL363250,=,=,nM,7.0,nM,7.0,DPP4
CHEMBL189645,=,=,nM,980.0,uM,0.98,DPP4
CHEMBL189881,=,=,nM,64.0,uM,0.064,DPP4
CHEMBL365567,=,=,nM,390.0,uM,0.39,DPP4
CHEMBL189046,=,=,nM,1600.0,uM,1.6,DPP4
CHEMBL190031,=,=,nM,3500.0,uM,3.5,DPP4
CHEMBL191327,=,=,nM,6.6,uM,0.0066,DPP4
CHEMBL372004,=,=,nM,220.0,uM,0.22,DPP4
CHEMBL191208,=,=,nM,110.0,uM,0.11,DPP4
CHEMBL190752,=,=,nM,37.0,uM,0.037,DPP4
CHEMBL191067,=,=,nM,12.0,uM,0.012,DPP4
CHEMBL191067,=,=,nM,39.0,nM,39.0,DPP4
CHEMBL191067,=,=,nM,387.0,nM,387.0,DPP4
CHEMBL191067,=,=,nM,376.0,nM,376.0,DPP4
CHEMBL191067,=,=,nM,12.0,nM,12.0,DPP4
CHEMBL191067,=,=,nM,18.0,nM,18.0,DPP4
CHEMBL359581,=,=,nM,192.0,uM,0.192,DPP4
CHEMBL189067,=,=,nM,110.0,uM,0.11,DPP4
CHEMBL188643,=,=,nM,99.0,uM,0.099,DPP4
CHEMBL190788,=,=,nM,71.0,uM,0.071,DPP4
CHEMBL190593,=,=,nM,94.0,uM,0.094,DPP4
CHEMBL188444,=,=,nM,11.0,uM,0.011,DPP4
CHEMBL425558,=,=,nM,20.0,uM,0.02,DPP4
CHEMBL364939,=,=,nM,59.0,uM,0.059,DPP4
CHEMBL188043,=,=,nM,44.0,uM,0.044,DPP4
CHEMBL191258,=,=,nM,9.2,uM,0.0092,DPP4
CHEMBL370755,=,=,nM,45.0,uM,0.045,DPP4
CHEMBL371588,=,=,nM,67.0,uM,0.067,DPP4
CHEMBL370509,=,=,nM,100.0,uM,0.1,DPP4
CHEMBL363115,=,=,nM,17.0,uM,0.017,DPP4
CHEMBL364355,=,=,nM,29.0,uM,0.029,DPP4
CHEMBL190466,=,=,nM,7.5,uM,0.0075,DPP4
CHEMBL372486,=,=,nM,30.0,uM,0.03,DPP4
CHEMBL191337,=,=,nM,27.0,uM,0.027,DPP4
CHEMBL190863,=,=,nM,9.1,uM,0.0091,DPP4
CHEMBL365967,=,=,nM,230.0,uM,0.23,DPP4
CHEMBL189055,=,=,nM,3.3,uM,0.0033,DPP4
CHEMBL190923,=,=,nM,550.0,uM,0.55,DPP4
CHEMBL371347,=,=,nM,520.0,uM,0.52,DPP4
CHEMBL188096,=,=,nM,13.0,uM,0.013,DPP4
CHEMBL190217,=,=,nM,21.0,uM,0.021,DPP4
CHEMBL191486,=,=,nM,56.0,uM,0.056,DPP4
CHEMBL190269,=,=,nM,43.0,uM,0.043,DPP4
CHEMBL191473,=,=,nM,2.2,uM,0.0022,DPP4
CHEMBL370677,=,=,nM,21.0,uM,0.021,DPP4
CHEMBL541919,=,=,nM,19.0,uM,0.019,DPP4
CHEMBL552503,=,=,nM,20.0,uM,0.02,DPP4
CHEMBL98408,=,=,nM,1660.0,nM,1660.0,DPP4
CHEMBL369883,=,=,nM,63.0,nM,63.0,DPP4
CHEMBL362018,=,=,nM,227.0,nM,227.0,DPP4
CHEMBL179289,=,=,nM,99.0,nM,99.0,DPP4
CHEMBL193105,=,=,nM,45.0,nM,45.0,DPP4
CHEMBL192116,=,=,nM,47.0,nM,47.0,DPP4
CHEMBL373148,=,=,nM,73.0,nM,73.0,DPP4
CHEMBL193202,=,=,nM,72.0,nM,72.0,DPP4
CHEMBL191866,=,=,nM,195.0,nM,195.0,DPP4
CHEMBL364922,=,=,nM,87.0,nM,87.0,DPP4
CHEMBL190029,=,=,nM,123.0,nM,123.0,DPP4
CHEMBL365113,=,=,nM,238.0,nM,238.0,DPP4
CHEMBL190183,=,=,nM,97.0,nM,97.0,DPP4
CHEMBL142703,=,=,nM,51.0,nM,51.0,DPP4
CHEMBL77538,=,=,nM,53.0,nM,53.0,DPP4
CHEMBL307636,=,=,nM,12.0,nM,12.0,DPP4
CHEMBL191274,=,=,nM,212.0,nM,212.0,DPP4
CHEMBL189220,=,=,nM,251.0,nM,251.0,DPP4
CHEMBL191577,=,=,nM,116.0,nM,116.0,DPP4
CHEMBL359759,=,=,nM,252.0,nM,252.0,DPP4
CHEMBL192733,=,=,nM,182.0,nM,182.0,DPP4
CHEMBL193106,=,=,nM,305.0,nM,305.0,DPP4
CHEMBL189258,=,=,nM,140.0,nM,140.0,DPP4
CHEMBL193168,=,=,nM,6.7,nmol/L,6.7,DPP4
CHEMBL195063,=,=,nM,0.33,nmol/L,0.33,DPP4
CHEMBL433811,=,=,nM,0.28,nmol/L,0.28,DPP4
CHEMBL371143,=,=,nM,0.19,nmol/L,0.19,DPP4
CHEMBL370540,=,=,nM,0.18,nmol/L,0.18,DPP4
CHEMBL370046,=,=,nM,0.13,nmol/L,0.13,DPP4
CHEMBL194717,=,=,nM,0.13,nmol/L,0.13,DPP4
CHEMBL22310,=,=,nM,48.0,nM,48.0,DPP4
CHEMBL98408,=,=,nM,420.0,nM,420.0,DPP4
CHEMBL191775,=,=,nM,460.0,nM,460.0,DPP4
CHEMBL192983,=,=,nM,968.0,nM,968.0,DPP4
CHEMBL362973,=,=,nM,1400.0,uM,1.4,DPP4
CHEMBL362976,=,=,nM,1100.0,uM,1.1,DPP4
CHEMBL370734,=,=,nM,480.0,uM,0.48,DPP4
CHEMBL195862,=,=,nM,4200.0,uM,4.2,DPP4
CHEMBL191652,=,=,nM,54000.0,uM,54.0,DPP4
CHEMBL191823,=,=,nM,3700.0,uM,3.7,DPP4
CHEMBL192781,=,=,nM,1100.0,uM,1.1,DPP4
CHEMBL195270,=,=,nM,3700.0,uM,3.7,DPP4
CHEMBL366173,=,=,nM,1100.0,uM,1.1,DPP4
CHEMBL364093,=,=,nM,2800.0,uM,2.8,DPP4
CHEMBL365575,=,=,nM,280.0,uM,0.28,DPP4
CHEMBL191354,=,=,nM,250.0,uM,0.25,DPP4
CHEMBL190454,=,=,nM,170.0,uM,0.17,DPP4
CHEMBL192365,=,=,nM,360.0,uM,0.36,DPP4
CHEMBL194489,=,=,nM,600.0,uM,0.6,DPP4
CHEMBL370079,=,=,nM,3600.0,uM,3.6,DPP4
CHEMBL369888,=,=,nM,770.0,uM,0.77,DPP4
CHEMBL191933,=,=,nM,120.0,uM,0.12,DPP4
CHEMBL365996,=,=,nM,2000.0,uM,2.0,DPP4
CHEMBL362930,=,=,nM,7900.0,uM,7.9,DPP4
CHEMBL552788,=,=,nM,1700.0,uM,1.7,DPP4
CHEMBL192396,=,=,nM,1500.0,uM,1.5,DPP4
CHEMBL191858,=,=,nM,240.0,uM,0.24,DPP4
CHEMBL195205,=,=,nM,110.0,uM,0.11,DPP4
CHEMBL371846,=,=,nM,110.0,uM,0.11,DPP4
CHEMBL192449,=,=,nM,580.0,uM,0.58,DPP4
CHEMBL370240,=,=,nM,100.0,uM,0.1,DPP4
CHEMBL191769,=,=,nM,86.0,uM,0.086,DPP4
CHEMBL365953,=,=,nM,110.0,uM,0.11,DPP4
CHEMBL425375,=,=,nM,130.0,uM,0.13,DPP4
CHEMBL372472,=,=,nM,150.0,uM,0.15,DPP4
CHEMBL192425,=,=,nM,75.0,uM,0.075,DPP4
CHEMBL263326,=,=,nM,150.0,uM,0.15,DPP4
CHEMBL195755,=,=,nM,56.0,uM,0.056,DPP4
CHEMBL365780,=,=,nM,110.0,uM,0.11,DPP4
CHEMBL366031,=,=,nM,140.0,uM,0.14,DPP4
CHEMBL192117,=,=,nM,27.0,uM,0.027,DPP4
CHEMBL192421,=,=,nM,100.0,uM,0.1,DPP4
CHEMBL189881,=,=,nM,64.0,uM,0.064,DPP4
CHEMBL192980,=,=,nM,510.0,uM,0.51,DPP4
CHEMBL195420,=,=,nM,0.25,nmol/L,0.25,DPP4
CHEMBL192165,=,=,nM,6.6,nmol/L,6.6,DPP4
CHEMBL381626,=,=,nM,2.9,nmol/L,2.9,DPP4
CHEMBL77538,=,=,nM,1.4,nmol/L,1.4,DPP4
CHEMBL191699,=,=,nM,9.7,nmol/L,9.700000000000001,DPP4
CHEMBL192882,=,=,nM,3.0,nmol/L,3.0,DPP4
CHEMBL195335,=,=,nM,0.53,nmol/L,0.53,DPP4
CHEMBL195804,=,=,nM,4.6,nmol/L,4.6,DPP4
CHEMBL194993,=,=,nM,1.9,nmol/L,1.9,DPP4
CHEMBL539939,=,=,nM,5.5,nmol/L,5.5,DPP4
CHEMBL371585,=,=,nM,1.5,nmol/L,1.5,DPP4
CHEMBL195905,=,=,nM,95.0,uM,0.095,DPP4
CHEMBL364057,=,=,nM,110.0,uM,0.11,DPP4
CHEMBL190979,=,=,nM,98.0,uM,0.098,DPP4
CHEMBL370033,=,=,nM,140.0,uM,0.14,DPP4
CHEMBL195378,=,=,nM,6.0,uM,0.006,DPP4
CHEMBL370072,=,=,nM,3.0,uM,0.003,DPP4
CHEMBL195443,=,=,nM,130.0,uM,0.13,DPP4
CHEMBL191514,=,=,nM,390.0,uM,0.39,DPP4
CHEMBL193887,=,=,nM,710.0,uM,0.71,DPP4
CHEMBL363175,=,=,nM,440.0,uM,0.44,DPP4
CHEMBL191906,=,=,nM,370.0,uM,0.37,DPP4
CHEMBL194437,=,=,nM,420.0,uM,0.42,DPP4
CHEMBL191812,=,=,nM,240.0,uM,0.24,DPP4
CHEMBL278729,=,=,nM,150.0,uM,0.15,DPP4
CHEMBL195173,=,=,nM,60.0,uM,0.06,DPP4
CHEMBL363584,=,=,nM,37.0,uM,0.037,DPP4
CHEMBL195739,=,=,nM,140.0,uM,0.14,DPP4
CHEMBL195667,=,=,nM,69.0,uM,0.069,DPP4
CHEMBL426469,=,=,nM,250.0,uM,0.25,DPP4
CHEMBL197413,=,=,nM,110.0,uM,0.11,DPP4
CHEMBL195721,=,=,nM,130.0,uM,0.13,DPP4
CHEMBL191805,=,=,nM,150.0,uM,0.15,DPP4
CHEMBL196010,=,=,nM,180.0,uM,0.18,DPP4
CHEMBL194979,=,=,nM,150.0,uM,0.15,DPP4
CHEMBL193885,=,=,nM,350.0,uM,0.35,DPP4
CHEMBL196114,=,=,nM,160.0,uM,0.16,DPP4
CHEMBL370269,=,=,nM,160.0,uM,0.16,DPP4
CHEMBL369894,=,=,nM,220.0,uM,0.22,DPP4
CHEMBL366166,=,=,nM,300.0,uM,0.3,DPP4
CHEMBL373268,=,=,nM,270.0,uM,0.27,DPP4
CHEMBL193802,=,=,nM,780.0,uM,0.78,DPP4
CHEMBL197301,=,=,nM,150.0,uM,0.15,DPP4
CHEMBL363606,=,=,nM,130.0,uM,0.13,DPP4
CHEMBL197300,=,=,nM,39.0,uM,0.039,DPP4
CHEMBL196938,=,=,nM,72.0,uM,0.072,DPP4
CHEMBL371521,=,=,nM,130.0,uM,0.13,DPP4
CHEMBL425905,=,=,nM,160.0,uM,0.16,DPP4
CHEMBL195984,=,=,nM,85.0,uM,0.085,DPP4
CHEMBL364461,=,=,nM,590.0,uM,0.59,DPP4
CHEMBL196333,=,=,nM,480.0,uM,0.48,DPP4
CHEMBL426649,=,=,nM,310.0,uM,0.31,DPP4
CHEMBL195547,=,=,nM,360.0,uM,0.36,DPP4
CHEMBL197352,=,=,nM,260.0,uM,0.26,DPP4
CHEMBL425200,=,=,nM,380.0,uM,0.38,DPP4
CHEMBL372078,=,=,nM,130.0,uM,0.13,DPP4
CHEMBL425380,=,=,nM,290.0,uM,0.29,DPP4
CHEMBL363375,=,=,nM,95000.0,uM,95.0,DPP4
CHEMBL195030,=,=,nM,26.0,uM,0.026,DPP4
CHEMBL381665,=,=,nM,13.0,uM,0.013,DPP4
CHEMBL196881,=,=,nM,1.4,uM,0.0014,DPP4
CHEMBL197082,=,=,nM,180.0,uM,0.18,DPP4
CHEMBL426469,=,=,nM,250.0,uM,0.25,DPP4
CHEMBL197413,=,=,nM,110.0,uM,0.11,DPP4
CHEMBL370269,=,=,nM,160.0,uM,0.16,DPP4
CHEMBL373268,=,=,nM,270.0,uM,0.27,DPP4
CHEMBL197300,=,=,nM,39.0,uM,0.039,DPP4
CHEMBL425905,=,=,nM,160.0,uM,0.16,DPP4
CHEMBL381200,=,=,nM,130.0,nM,130.0,DPP4
CHEMBL382980,=,=,nM,75.0,nM,75.0,DPP4
CHEMBL371429,=,=,nM,25.0,nM,25.0,DPP4
CHEMBL371130,=,=,nM,27.0,nM,27.0,DPP4
CHEMBL382974,=,=,nM,27.0,nM,27.0,DPP4
CHEMBL196267,=,=,nM,58.0,nM,58.0,DPP4
CHEMBL373269,=,=,nM,8.0,nM,8.0,DPP4
CHEMBL372180,=,=,nM,61.0,nM,61.0,DPP4
CHEMBL434184,=,=,nM,16000.0,nM,16000.0,DPP4
CHEMBL305170,=,=,nM,0.3,nM,0.3,DPP4
CHEMBL196120,=,=,nM,0.8,nM,0.8,DPP4
CHEMBL427012,=,=,nM,12.0,nM,12.0,DPP4
CHEMBL381444,=,=,nM,560.0,nM,560.0,DPP4
CHEMBL196188,=,=,nM,1600.0,nM,1600.0,DPP4
CHEMBL196933,=,=,nM,7.8,nM,7.8,DPP4
CHEMBL195481,,,nM,,nM,,DPP4
CHEMBL195271,=,=,nM,32000.0,nM,32000.0,DPP4
CHEMBL196180,=,=,nM,810.0,nM,810.0,DPP4
CHEMBL194249,=,=,nM,370.0,nM,370.0,DPP4
CHEMBL194250,=,=,nM,17000.0,nM,17000.0,DPP4
CHEMBL196461,=,=,nM,2000.0,nM,2000.0,DPP4
CHEMBL373319,=,=,nM,1200.0,nM,1200.0,DPP4
CHEMBL194517,,,nM,,nM,,DPP4
CHEMBL194625,,,nM,,nM,,DPP4
CHEMBL194852,=,=,nM,4.5,nM,4.5,DPP4
CHEMBL194428,=,=,nM,15.0,nM,15.0,DPP4
CHEMBL195189,=,=,nM,0.3,nM,0.3,DPP4
CHEMBL194496,,,nM,,nM,,DPP4
CHEMBL365322,=,=,nM,0.89,nM,0.89,DPP4
CHEMBL362922,=,=,nM,25.0,nM,25.0,DPP4
CHEMBL98408,=,=,nM,1660.0,nM,1660.0,DPP4
CHEMBL202711,=,=,nM,1108.0,nM,1108.0,DPP4
CHEMBL201644,=,=,nM,15.0,nM,15.0,DPP4
CHEMBL425756,=,=,nM,22.0,nM,22.0,DPP4
CHEMBL380902,=,=,nM,30.0,nM,30.0,DPP4
CHEMBL201424,=,=,nM,49.0,nM,49.0,DPP4
CHEMBL201398,=,=,nM,811.0,nM,811.0,DPP4
CHEMBL425585,=,=,nM,54.0,nM,54.0,DPP4
CHEMBL371057,=,=,nM,428.0,nM,428.0,DPP4
CHEMBL371480,=,=,nM,298.0,nM,298.0,DPP4
CHEMBL201544,=,=,nM,564.0,nM,564.0,DPP4
CHEMBL201158,=,=,nM,119.0,nM,119.0,DPP4
CHEMBL372391,=,=,nM,784.0,nM,784.0,DPP4
CHEMBL382847,=,=,nM,369.0,nM,369.0,DPP4
CHEMBL201695,=,=,nM,447.0,nM,447.0,DPP4
CHEMBL203032,=,=,nM,317.0,nM,317.0,DPP4
CHEMBL382907,=,=,nM,452.0,nM,452.0,DPP4
CHEMBL383841,=,=,nM,527.0,nM,527.0,DPP4
CHEMBL201753,=,=,nM,1418.0,nM,1418.0,DPP4
CHEMBL372746,=,=,nM,676.0,nM,676.0,DPP4
CHEMBL381530,=,=,nM,132.0,nM,132.0,DPP4
CHEMBL203084,=,=,nM,83.0,nM,83.0,DPP4
CHEMBL424854,=,=,nM,651.0,nM,651.0,DPP4
CHEMBL200103,=,=,nM,116.0,nM,116.0,DPP4
CHEMBL371907,=,=,nM,3236.0,nM,3236.0,DPP4
CHEMBL142703,=,=,nM,51.0,nM,51.0,DPP4
CHEMBL77538,=,=,nM,53.0,nM,53.0,DPP4
CHEMBL307636,=,=,nM,12.0,nM,12.0,DPP4
CHEMBL381145,=,=,nM,25.0,uM,0.025,DPP4
CHEMBL202634,=,=,nM,1100.0,uM,1.1,DPP4
CHEMBL378597,=,=,nM,31.0,uM,0.031,DPP4
CHEMBL377724,=,=,nM,26.0,uM,0.026,DPP4
CHEMBL203379,=,=,nM,48.0,uM,0.048,DPP4
CHEMBL206501,=,=,nM,26.0,uM,0.026,DPP4
CHEMBL438265,=,=,nM,120.0,uM,0.12,DPP4
CHEMBL203267,=,=,nM,37.0,uM,0.037,DPP4
CHEMBL380496,=,=,nM,67.0,uM,0.067,DPP4
CHEMBL203169,=,=,nM,38.0,uM,0.038,DPP4
CHEMBL425039,=,=,nM,52.0,uM,0.052,DPP4
CHEMBL424687,=,=,nM,61.0,uM,0.061,DPP4
CHEMBL383651,=,=,nM,69.0,uM,0.069,DPP4
CHEMBL203736,=,=,nM,49.0,uM,0.049,DPP4
CHEMBL203323,=,=,nM,570.0,uM,0.57,DPP4
CHEMBL206252,=,=,nM,320.0,uM,0.32,DPP4
CHEMBL205872,=,=,nM,29.0,uM,0.029,DPP4
CHEMBL206172,=,=,nM,229.0,uM,0.229,DPP4
CHEMBL438258,=,=,nM,92.0,uM,0.092,DPP4
CHEMBL382674,=,=,nM,90.0,uM,0.09,DPP4
CHEMBL383323,=,=,nM,117.0,uM,0.117,DPP4
CHEMBL206792,=,=,nM,74.0,uM,0.074,DPP4
CHEMBL206383,=,=,nM,34.0,uM,0.034,DPP4
CHEMBL383705,=,=,nM,3000.0,uM,3.0,DPP4
CHEMBL382127,=,=,nM,40000.0,uM,40.0,DPP4
CHEMBL382382,=,=,nM,30000.0,uM,30.0,DPP4
CHEMBL378152,=,=,nM,3300.0,uM,3.3,DPP4
CHEMBL206496,=,=,nM,2300.0,uM,2.3,DPP4
CHEMBL203105,=,=,nM,37000.0,uM,37.0,DPP4
CHEMBL206743,=,=,nM,75000.0,uM,75.0,DPP4
CHEMBL381340,=,=,nM,45000.0,uM,45.0,DPP4
CHEMBL382127,=,=,nM,33000.0,uM,33.0,DPP4
CHEMBL425584,=,=,nM,90.0,nM,90.0,DPP4
CHEMBL381806,=,=,nM,23.0,nM,23.0,DPP4
CHEMBL382382,=,=,nM,33000.0,uM,33.0,DPP4
CHEMBL383488,=,=,nM,72.0,nM,72.0,DPP4
CHEMBL206954,>,>,nM,3000.0,nM,3000.0,DPP4
CHEMBL207896,>,>,nM,3000.0,nM,3000.0,DPP4
CHEMBL378712,>,>,nM,3000.0,nM,3000.0,DPP4
CHEMBL208850,>,>,nM,3000.0,nM,3000.0,DPP4
CHEMBL377672,>,>,nM,3000.0,nM,3000.0,DPP4
CHEMBL378421,>,>,nM,3000.0,nM,3000.0,DPP4
CHEMBL383087,>,>,nM,3000.0,nM,3000.0,DPP4
CHEMBL427036,>,>,nM,3000.0,nM,3000.0,DPP4
CHEMBL382045,=,=,nM,875.0,nM,875.0,DPP4
CHEMBL207620,=,=,nM,771.0,nM,771.0,DPP4
CHEMBL378958,>,>,nM,30000.0,uM,30.0,DPP4
CHEMBL210328,>,>,nM,30000.0,uM,30.0,DPP4
CHEMBL379948,>,>,nM,30000.0,uM,30.0,DPP4
CHEMBL379500,>,>,nM,30000.0,uM,30.0,DPP4
CHEMBL438067,>,>,nM,30000.0,uM,30.0,DPP4
CHEMBL209934,>,>,nM,3000.0,nM,3000.0,DPP4
CHEMBL209933,>,>,nM,3000.0,nM,3000.0,DPP4
CHEMBL379947,>,>,nM,3000.0,nM,3000.0,DPP4
CHEMBL378750,=,=,nM,1860.0,nM,1860.0,DPP4
CHEMBL208756,=,=,nM,955.0,nM,955.0,DPP4
CHEMBL377749,=,=,nM,702.0,nM,702.0,DPP4
CHEMBL378709,=,=,nM,454.0,nM,454.0,DPP4
CHEMBL381111,=,=,nM,201.0,nM,201.0,DPP4
CHEMBL208657,=,=,nM,123.0,nM,123.0,DPP4
CHEMBL209994,=,=,nM,91.0,nM,91.0,DPP4
CHEMBL379086,=,=,nM,84.0,nM,84.0,DPP4
CHEMBL209191,=,=,nM,64.0,nM,64.0,DPP4
CHEMBL208288,>,>,nM,3000.0,nM,3000.0,DPP4
CHEMBL209768,>,>,nM,3000.0,nM,3000.0,DPP4
CHEMBL209764,>,>,nM,3000.0,nM,3000.0,DPP4
CHEMBL208744,>,>,nM,3000.0,nM,3000.0,DPP4
CHEMBL209344,>,>,nM,3000.0,nM,3000.0,DPP4
CHEMBL380870,>,>,nM,3000.0,nM,3000.0,DPP4
CHEMBL380681,=,=,nM,1220.0,nM,1220.0,DPP4
CHEMBL209127,=,=,nM,1160.0,nM,1160.0,DPP4
CHEMBL379260,=,=,nM,1110.0,nM,1110.0,DPP4
CHEMBL377058,=,=,nM,689.0,nM,689.0,DPP4
CHEMBL208952,=,=,nM,687.0,nM,687.0,DPP4
CHEMBL208902,=,=,nM,663.0,nM,663.0,DPP4
CHEMBL209058,=,=,nM,651.0,nM,651.0,DPP4
CHEMBL210259,=,=,nM,261.0,nM,261.0,DPP4
CHEMBL211024,=,=,nM,237.0,nM,237.0,DPP4
CHEMBL377320,=,=,nM,208.0,nM,208.0,DPP4
CHEMBL208673,=,=,nM,164.0,nM,164.0,DPP4
CHEMBL207980,=,=,nM,106.0,nM,106.0,DPP4
CHEMBL379522,=,=,nM,104.0,nM,104.0,DPP4
CHEMBL207912,=,=,nM,74.0,nM,74.0,DPP4
CHEMBL379522,=,=,nM,109.0,nM,109.0,DPP4
CHEMBL379522,=,=,nM,92.0,nM,92.0,DPP4
CHEMBL379522,=,=,nM,69.0,nM,69.0,DPP4
CHEMBL208957,=,=,nM,7.5,nM,7.5,DPP4
CHEMBL210829,=,=,nM,6.2,nM,6.2,DPP4
CHEMBL537869,=,=,nM,8.8,nM,8.8,DPP4
CHEMBL209064,=,=,nM,6.3,nM,6.3,DPP4
CHEMBL378048,=,=,nM,5.2,nM,5.2,DPP4
CHEMBL210974,=,=,nM,2.7,nM,2.7,DPP4
CHEMBL210621,=,=,nM,150.0,nM,150.0,DPP4
CHEMBL209111,=,=,nM,8.6,nM,8.6,DPP4
CHEMBL209710,=,=,nM,22.0,nM,22.0,DPP4
CHEMBL379702,=,=,nM,13.0,nM,13.0,DPP4
CHEMBL210459,=,=,nM,8.0,nM,8.0,DPP4
CHEMBL210999,=,=,nM,5.3,nM,5.3,DPP4
CHEMBL377221,=,=,nM,4.3,nM,4.3,DPP4
CHEMBL207348,=,=,nM,4.1,nM,4.1,DPP4
CHEMBL378673,=,=,nM,13.0,nM,13.0,DPP4
CHEMBL209162,=,=,nM,8.0,nM,8.0,DPP4
CHEMBL208957,=,=,nM,57.0,nM,57.0,DPP4
CHEMBL210829,=,=,nM,34.0,nM,34.0,DPP4
CHEMBL537869,=,=,nM,55.0,nM,55.0,DPP4
CHEMBL209064,=,=,nM,71.0,nM,71.0,DPP4
CHEMBL378048,=,=,nM,63.0,nM,63.0,DPP4
CHEMBL210974,=,=,nM,41.0,nM,41.0,DPP4
CHEMBL210621,=,=,nM,640.0,nM,640.0,DPP4
CHEMBL209111,=,=,nM,61.0,nM,61.0,DPP4
CHEMBL209710,=,=,nM,223.0,nM,223.0,DPP4
CHEMBL379702,=,=,nM,177.0,nM,177.0,DPP4
CHEMBL210459,=,=,nM,53.0,nM,53.0,DPP4
CHEMBL210999,=,=,nM,35.0,nM,35.0,DPP4
CHEMBL377221,=,=,nM,44.0,nM,44.0,DPP4
CHEMBL207348,=,=,nM,16.0,nM,16.0,DPP4
CHEMBL378673,=,=,nM,133.0,nM,133.0,DPP4
CHEMBL209162,=,=,nM,79.0,nM,79.0,DPP4
CHEMBL379261,=,=,nM,109.0,uM,0.109,DPP4
CHEMBL210522,=,=,nM,984.0,uM,0.984,DPP4
CHEMBL210995,=,=,nM,1.7,uM,0.0017,DPP4
CHEMBL427219,=,=,nM,129.0,uM,0.129,DPP4
CHEMBL378086,=,=,nM,228.0,uM,0.228,DPP4
CHEMBL210590,=,=,nM,245.0,uM,0.245,DPP4
CHEMBL210353,=,=,nM,84.0,uM,0.084,DPP4
CHEMBL201644,=,=,nM,15.0,uM,0.015,DPP4
CHEMBL210941,=,=,nM,2587.0,uM,2.587,DPP4
CHEMBL210920,=,=,nM,1957.0,uM,1.957,DPP4
CHEMBL380240,=,=,nM,4130.0,uM,4.13,DPP4
CHEMBL377776,=,=,nM,144.0,uM,0.144,DPP4
CHEMBL209981,=,=,nM,72.0,uM,0.072,DPP4
CHEMBL210718,=,=,nM,73.0,uM,0.073,DPP4
CHEMBL208964,=,=,nM,50.0,uM,0.05,DPP4
CHEMBL210225,=,=,nM,73.0,uM,0.073,DPP4
CHEMBL215299,=,=,nM,325000.0,uM,325.0,DPP4
CHEMBL213514,>,>,nM,125000.0,uM,125.0,DPP4
CHEMBL214630,>,>,nM,125000.0,uM,125.0,DPP4
CHEMBL214580,=,=,nM,234000.0,uM,234.0,DPP4
CHEMBL373665,>,>,nM,125000.0,uM,125.0,DPP4
CHEMBL215244,>,>,nM,100000.0,uM,100.0,DPP4
CHEMBL215824,>,>,nM,250000.0,uM,250.0,DPP4
CHEMBL98869,=,=,nM,196000.0,uM,196.0,DPP4
CHEMBL216253,=,=,nM,4.0,nM,4.0,DPP4
CHEMBL1422,=,=,nM,18.0,nM,18.0,DPP4
CHEMBL216186,=,=,nM,27.0,nM,27.0,DPP4
CHEMBL217051,=,=,nM,7.2,nM,7.2,DPP4
CHEMBL384816,=,=,nM,160.0,nM,160.0,DPP4
CHEMBL217015,=,=,nM,89.0,nM,89.0,DPP4
CHEMBL217016,=,=,nM,14.0,nM,14.0,DPP4
CHEMBL385711,=,=,nM,6.6,nM,6.6,DPP4
CHEMBL217005,=,=,nM,150.0,nM,150.0,DPP4
CHEMBL216234,=,=,nM,2300.0,nM,2300.0,DPP4
CHEMBL384382,=,=,nM,67000.0,nM,67000.0,DPP4
CHEMBL216643,=,=,nM,140.0,nM,140.0,DPP4
CHEMBL218459,=,=,nM,16.0,nM,16.0,DPP4
CHEMBL386380,=,=,nM,0.91,nM,0.91,DPP4
CHEMBL216178,=,=,nM,0.49,nM,0.49,DPP4
CHEMBL217702,=,=,nM,0.29,nM,0.29,DPP4
CHEMBL217271,=,=,nM,2.6,nM,2.6,DPP4
CHEMBL371480,=,=,nM,298.0,uM,0.298,DPP4
CHEMBL216383,=,=,nM,207.0,uM,0.207,DPP4
CHEMBL385637,=,=,nM,197.0,uM,0.197,DPP4
CHEMBL384985,=,=,nM,253.0,uM,0.253,DPP4
CHEMBL386326,=,=,nM,225.0,uM,0.225,DPP4
CHEMBL385394,=,=,nM,174.0,uM,0.174,DPP4
CHEMBL217198,=,=,nM,116.0,uM,0.116,DPP4
CHEMBL217059,=,=,nM,127.0,uM,0.127,DPP4
CHEMBL217060,=,=,nM,269.0,uM,0.269,DPP4
CHEMBL382907,=,=,nM,452.0,uM,0.452,DPP4
CHEMBL216377,=,=,nM,239.0,uM,0.239,DPP4
CHEMBL216453,=,=,nM,190.0,uM,0.19,DPP4
CHEMBL216296,=,=,nM,433.0,uM,0.433,DPP4
CHEMBL201158,=,=,nM,119.0,uM,0.119,DPP4
CHEMBL202711,=,=,nM,1108.0,uM,1.108,DPP4
CHEMBL216203,=,=,nM,911.0,uM,0.911,DPP4
CHEMBL217245,=,=,nM,42.0,uM,0.042,DPP4
CHEMBL201544,=,=,nM,564.0,uM,0.564,DPP4
CHEMBL274770,=,=,nM,144.0,uM,0.144,DPP4
CHEMBL217212,=,=,nM,1300.0,uM,1.3,DPP4
CHEMBL217339,=,=,nM,252.0,uM,0.252,DPP4
CHEMBL274103,=,=,nM,236.0,uM,0.236,DPP4
CHEMBL384493,=,=,nM,247.0,uM,0.247,DPP4
CHEMBL216878,=,=,nM,320.0,uM,0.32,DPP4
CHEMBL217290,=,=,nM,232.0,uM,0.232,DPP4
CHEMBL218393,=,=,nM,181.0,uM,0.181,DPP4
CHEMBL218026,=,=,nM,118.0,uM,0.118,DPP4
CHEMBL218289,=,=,nM,84.0,nM,84.0,DPP4
CHEMBL217388,=,=,nM,280.0,nM,280.0,DPP4
CHEMBL217017,=,=,nM,39.0,nM,39.0,DPP4
CHEMBL217532,=,=,nM,3800.0,nM,3800.0,DPP4
CHEMBL217801,=,=,nM,820.0,nM,820.0,DPP4
CHEMBL386895,=,=,nM,21000.0,nM,21000.0,DPP4
CHEMBL554090,=,=,nM,110.0,nM,110.0,DPP4
CHEMBL553006,=,=,nM,340.0,nM,340.0,DPP4
CHEMBL541664,=,=,nM,5.0,nM,5.0,DPP4
CHEMBL216854,=,=,nM,19700.0,uM,19.7,DPP4
CHEMBL374936,=,=,nM,122.0,uM,0.122,DPP4
CHEMBL219602,=,=,nM,190.0,uM,0.19,DPP4
CHEMBL218882,=,=,nM,330.0,uM,0.33,DPP4
CHEMBL220301,=,=,nM,1610.0,uM,1.61,DPP4
CHEMBL220249,=,=,nM,1790.0,uM,1.79,DPP4
CHEMBL220021,=,=,nM,3820.0,uM,3.82,DPP4
CHEMBL375875,=,=,nM,15600.0,uM,15.6,DPP4
CHEMBL375414,=,=,nM,990.0,uM,0.99,DPP4
CHEMBL219370,=,=,nM,4820.0,uM,4.82,DPP4
CHEMBL219369,=,=,nM,4790.0,uM,4.79,DPP4
CHEMBL426335,=,=,nM,12400.0,uM,12.4,DPP4
CHEMBL216774,=,=,nM,1820.0,uM,1.82,DPP4
CHEMBL219278,=,=,nM,43.0,uM,0.043,DPP4
CHEMBL216835,=,=,nM,17.0,uM,0.017,DPP4
CHEMBL386812,=,=,nM,8.0,uM,0.008,DPP4
CHEMBL216855,=,=,nM,830.0,uM,0.83,DPP4
CHEMBL374703,=,=,nM,160.0,uM,0.16,DPP4
CHEMBL438992,=,=,nM,200.0,uM,0.2,DPP4
CHEMBL374032,=,=,nM,4590.0,uM,4.59,DPP4
CHEMBL219382,=,=,nM,7360.0,uM,7.36,DPP4
CHEMBL218911,=,=,nM,520.0,uM,0.52,DPP4
CHEMBL375146,=,=,nM,19.0,uM,0.019,DPP4
CHEMBL218776,=,=,nM,19.0,uM,0.019,DPP4
CHEMBL387333,=,=,nM,19.0,uM,0.019,DPP4
CHEMBL218306,=,=,nM,3050.0,uM,3.05,DPP4
CHEMBL218254,=,=,nM,1830.0,uM,1.83,DPP4
CHEMBL220404,=,=,nM,1210.0,uM,1.21,DPP4
CHEMBL220402,=,=,nM,560.0,uM,0.56,DPP4
CHEMBL375745,=,=,nM,19.0,uM,0.019,DPP4
CHEMBL219434,=,=,nM,31.0,uM,0.031,DPP4
CHEMBL375442,=,=,nM,52.0,uM,0.052,DPP4
CHEMBL220357,=,=,nM,70.0,uM,0.07,DPP4
CHEMBL219371,=,=,nM,13.0,uM,0.013,DPP4
CHEMBL376498,=,=,nM,13.0,uM,0.013,DPP4
CHEMBL435320,=,=,nM,40.0,uM,0.04,DPP4
CHEMBL223114,=,=,nM,147.0,nmol/L,147.0,DPP4
CHEMBL223916,=,=,nM,6.5,nmol/L,6.5,DPP4
CHEMBL223915,=,=,nM,45.4,nmol/L,45.4,DPP4
CHEMBL390512,=,=,nM,7.0,nmol/L,7.0,DPP4
CHEMBL223914,=,=,nM,5.8,nmol/L,5.8,DPP4
CHEMBL411561,=,=,nM,51.5,nmol/L,51.5,DPP4
CHEMBL388111,=,=,nM,4.8,nmol/L,4.8,DPP4
CHEMBL224346,=,=,nM,19.2,nmol/L,19.2,DPP4
CHEMBL225493,=,=,nM,7.9,nmol/L,7.9,DPP4
CHEMBL389244,=,=,nM,11.0,nmol/L,11.0,DPP4
CHEMBL223865,=,=,nM,112.0,nmol/L,112.0,DPP4
CHEMBL227615,=,=,nM,26.4,nmol/L,26.4,DPP4
CHEMBL228032,=,=,nM,228.0,nmol/L,228.0,DPP4
CHEMBL226771,=,=,nM,17.0,nmol/L,17.0,DPP4
CHEMBL227482,=,=,nM,16.8,nmol/L,16.8,DPP4
CHEMBL228243,=,=,nM,13.9,nmol/L,13.9,DPP4
CHEMBL389624,=,=,nM,13.6,nmol/L,13.6,DPP4
CHEMBL228021,=,=,nM,6.4,nmol/L,6.4,DPP4
CHEMBL389848,=,=,nM,9.1,nmol/L,9.1,DPP4
CHEMBL227800,=,=,nM,7.1,nmol/L,7.1,DPP4
CHEMBL227737,=,=,nM,9.6,nmol/L,9.6,DPP4
CHEMBL387666,>,>,nM,300.0,nmol/L,300.0,DPP4
CHEMBL227867,>,>,nM,300.0,nmol/L,300.0,DPP4
CHEMBL227418,=,=,nM,85.9,nmol/L,85.9,DPP4
CHEMBL376562,=,=,nM,154.0,nmol/L,154.0,DPP4
CHEMBL389906,>,>,nM,300.0,nmol/L,300.0,DPP4
CHEMBL224421,>,>,nM,300.0,nmol/L,300.0,DPP4
CHEMBL441559,=,=,nM,37.2,nmol/L,37.2,DPP4
CHEMBL376587,>,>,nM,300.0,nmol/L,300.0,DPP4
CHEMBL223497,=,=,nM,34.0,nmol/L,34.0,DPP4
CHEMBL223060,=,=,nM,181.0,nmol/L,181.0,DPP4
CHEMBL374688,=,=,nM,25.2,nmol/L,25.2,DPP4
CHEMBL390513,=,=,nM,25.4,nmol/L,25.4,DPP4
CHEMBL224435,=,=,nM,558.0,nmol/L,558.0,DPP4
CHEMBL77538,=,=,nM,1.4,nmol/L,1.4,DPP4
CHEMBL224419,=,=,nM,270.0,nmol/L,270.0,DPP4
CHEMBL195420,=,=,nM,0.25,nmol/L,0.25,DPP4
CHEMBL381626,=,=,nM,2.9,nmol/L,2.9,DPP4
CHEMBL192165,=,=,nM,6.6,nmol/L,6.6,DPP4
CHEMBL2068511,=,=,nM,5.3,nM,5.3,DPP4
CHEMBL2068511,=,=,nM,4.2,nM,4.2,DPP4
CHEMBL305170,=,=,nM,2300.0,nM,2300.0,DPP4
CHEMBL67279,=,=,nM,1.6,nM,1.6,DPP4
CHEMBL196120,=,=,nM,21000.0,nM,21000.0,DPP4
CHEMBL63860,=,=,nM,0.54,nM,0.54,DPP4
CHEMBL2068512,=,=,nM,480.0,nM,480.0,DPP4
CHEMBL67279,=,=,nM,1200.0,nM,1200.0,DPP4
CHEMBL196120,>,>,nM,21000.0,nM,21000.0,DPP4
CHEMBL63860,=,=,nM,1400.0,nM,1400.0,DPP4
CHEMBL2068512,=,=,nM,460.0,nM,460.0,DPP4
CHEMBL305170,>,>,nM,2300.0,nM,2300.0,DPP4
CHEMBL227954,=,=,nM,13.0,uM,0.013,DPP4
CHEMBL227356,=,=,nM,18.0,uM,0.018,DPP4
CHEMBL390776,=,=,nM,30.0,uM,0.03,DPP4
CHEMBL227089,=,=,nM,19.0,uM,0.019,DPP4
CHEMBL375508,=,=,nM,4.0,uM,0.004,DPP4
CHEMBL227670,=,=,nM,8.0,uM,0.008,DPP4
CHEMBL227676,=,=,nM,5.0,uM,0.005,DPP4
CHEMBL390529,=,=,nM,13.0,uM,0.013,DPP4
CHEMBL387552,=,=,nM,29.0,uM,0.029,DPP4
CHEMBL228004,=,=,nM,15.0,uM,0.015,DPP4
CHEMBL389074,=,=,nM,5.0,uM,0.005,DPP4
CHEMBL425483,=,=,nM,4.0,uM,0.004,DPP4
CHEMBL227464,=,=,nM,5.0,uM,0.005,DPP4
CHEMBL427257,=,=,nM,11.5,nM,11.5,DPP4
CHEMBL439394,=,=,nM,126.0,nM,126.0,DPP4
CHEMBL230601,=,=,nM,29.6,nM,29.6,DPP4
CHEMBL230603,=,=,nM,139.0,nM,139.0,DPP4
CHEMBL230602,=,=,nM,11.0,nM,11.0,DPP4
CHEMBL395798,=,=,nM,2.77,nM,2.77,DPP4
CHEMBL394837,=,=,nM,1.49,nM,1.49,DPP4
CHEMBL230497,=,=,nM,34.3,nM,34.3,DPP4
CHEMBL394836,=,=,nM,397.0,nM,397.0,DPP4
CHEMBL230496,=,=,nM,15.1,nM,15.1,DPP4
CHEMBL394594,=,=,nM,142.0,nM,142.0,DPP4
CHEMBL230495,=,=,nM,143.0,nM,143.0,DPP4
CHEMBL230389,=,=,nM,24.6,nM,24.6,DPP4
CHEMBL397242,=,=,nM,60.3,nM,60.3,DPP4
CHEMBL230388,=,=,nM,37.3,nM,37.3,DPP4
CHEMBL397241,=,=,nM,33.0,nM,33.0,DPP4
CHEMBL230387,=,=,nM,9.7,nM,9.7,DPP4
CHEMBL397010,=,=,nM,1050.0,nM,1050.0,DPP4
CHEMBL397010,=,=,nM,765.0,nM,765.0,DPP4
CHEMBL230283,=,=,nM,9.6,nM,9.6,DPP4
CHEMBL230282,=,=,nM,8.0,nM,8.0,DPP4
CHEMBL390886,=,=,nM,19.2,nM,19.2,DPP4
CHEMBL395004,=,=,nM,10.5,nM,10.5,DPP4
CHEMBL231117,=,=,nM,15.1,nM,15.1,DPP4
CHEMBL231011,=,=,nM,11.5,nM,11.5,DPP4
CHEMBL390885,=,=,nM,9.0,nM,9.0,DPP4
CHEMBL231010,=,=,nM,69.9,nM,69.9,DPP4
CHEMBL390884,=,=,nM,11.6,nM,11.6,DPP4
CHEMBL231009,=,=,nM,20.7,nM,20.7,DPP4
CHEMBL216643,=,=,nM,142.0,nM,142.0,DPP4
CHEMBL390853,=,=,nM,6.6,nM,6.6,DPP4
CHEMBL231151,=,=,nM,1460.0,nM,1460.0,DPP4
CHEMBL396789,=,=,nM,1995.0,nM,1995.0,DPP4
CHEMBL230095,=,=,nM,2209.0,nM,2209.0,DPP4
CHEMBL395762,=,=,nM,2.0,nM,2.0,DPP4
CHEMBL231050,=,=,nM,1397.0,nM,1397.0,DPP4
CHEMBL395546,=,=,nM,1325.0,nM,1325.0,DPP4
CHEMBL410187,=,=,nM,1247.0,nM,1247.0,DPP4
CHEMBL231654,=,=,nM,995.0,nM,995.0,DPP4
CHEMBL396195,=,=,nM,864.0,nM,864.0,DPP4
CHEMBL231653,=,=,nM,780.0,nM,780.0,DPP4
CHEMBL231552,=,=,nM,731.0,nM,731.0,DPP4
CHEMBL231551,=,=,nM,539.0,nM,539.0,DPP4
CHEMBL388900,=,=,nM,520.0,nM,520.0,DPP4
CHEMBL230938,=,=,nM,310.0,nM,310.0,DPP4
CHEMBL230937,=,=,nM,170.0,nM,170.0,DPP4
CHEMBL363319,=,=,nM,119.0,nM,119.0,DPP4
CHEMBL230840,=,=,nM,37.0,nM,37.0,DPP4
CHEMBL230839,=,=,nM,33.0,nM,33.0,DPP4
CHEMBL427261,=,=,nM,21.0,nM,21.0,DPP4
CHEMBL397716,=,=,nM,8.0,nM,8.0,DPP4
CHEMBL390193,=,=,nM,210.0,uM,0.21,DPP4
CHEMBL228312,=,=,nM,16.0,uM,0.016,DPP4
CHEMBL228311,=,=,nM,9.0,uM,0.009,DPP4
CHEMBL390080,=,=,nM,6.0,uM,0.006,DPP4
CHEMBL231497,=,=,nM,6.0,uM,0.006,DPP4
CHEMBL231496,=,=,nM,31.0,uM,0.031,DPP4
CHEMBL390241,=,=,nM,5.0,uM,0.005,DPP4
CHEMBL231397,=,=,nM,8.0,uM,0.008,DPP4
CHEMBL231396,=,=,nM,1.2,uM,0.0012,DPP4
CHEMBL231395,=,=,nM,7.0,uM,0.007,DPP4
CHEMBL231295,=,=,nM,8.0,uM,0.008,DPP4
CHEMBL389804,=,=,nM,2.0,uM,0.002,DPP4
CHEMBL231294,=,=,nM,26.0,uM,0.026,DPP4
CHEMBL231293,=,=,nM,5.0,uM,0.005,DPP4
CHEMBL389803,=,=,nM,22.0,uM,0.022,DPP4
CHEMBL231196,=,=,nM,13.0,uM,0.013,DPP4
CHEMBL231195,=,=,nM,43.0,uM,0.043,DPP4
CHEMBL231194,=,=,nM,130.0,uM,0.13,DPP4
CHEMBL389538,=,=,nM,12.0,uM,0.012,DPP4
CHEMBL231092,=,=,nM,7.0,uM,0.007,DPP4
CHEMBL231091,=,=,nM,3700.0,uM,3.7,DPP4
CHEMBL389537,=,=,nM,54.0,uM,0.054,DPP4
CHEMBL231090,=,=,nM,63.0,uM,0.063,DPP4
CHEMBL230985,=,=,nM,82.0,uM,0.082,DPP4
CHEMBL427259,=,=,nM,90.0,uM,0.09,DPP4
CHEMBL230984,=,=,nM,37.0,uM,0.037,DPP4
CHEMBL230883,=,=,nM,14.0,uM,0.014,DPP4
CHEMBL230449,=,=,nM,650.0,uM,0.65,DPP4
CHEMBL389602,=,=,nM,463.0,uM,0.463,DPP4
CHEMBL274740,=,=,nM,67.0,uM,0.067,DPP4
CHEMBL230342,=,=,nM,111.0,uM,0.111,DPP4
CHEMBL390194,=,=,nM,125.0,uM,0.125,DPP4
CHEMBL230341,=,=,nM,144.0,uM,0.144,DPP4
CHEMBL230340,=,=,nM,58.0,uM,0.058,DPP4
CHEMBL233127,=,=,nM,5.6,nM,5.6,DPP4
CHEMBL381626,=,=,nM,20.0,nM,20.0,DPP4
CHEMBL389324,=,=,nM,5.3,nM,5.3,DPP4
CHEMBL244010,=,=,nM,7.1,nM,7.1,DPP4
CHEMBL413797,=,=,nM,4.9,nM,4.9,DPP4
CHEMBL244009,=,=,nM,22.0,nM,22.0,DPP4
CHEMBL390418,=,=,nM,8.9,nM,8.9,DPP4
CHEMBL244008,=,=,nM,23.0,nM,23.0,DPP4
CHEMBL243800,=,=,nM,8.3,nM,8.3,DPP4
CHEMBL243799,=,=,nM,3.3,nM,3.3,DPP4
CHEMBL390221,=,=,nM,2.5,nM,2.5,DPP4
CHEMBL243798,=,=,nM,3.9,nM,3.9,DPP4
CHEMBL245059,=,=,nM,9.1,nM,9.1,DPP4
CHEMBL396513,=,=,nM,6.1,nM,6.1,DPP4
CHEMBL244843,=,=,nM,16.0,nM,16.0,DPP4
CHEMBL396512,=,=,nM,3.5,nM,3.5,DPP4
CHEMBL389138,=,=,nM,7.8,nM,7.8,DPP4
CHEMBL242492,=,=,nM,2.4,nM,2.4,DPP4
CHEMBL242987,=,=,nM,2.9,nM,2.9,DPP4
CHEMBL437570,=,=,nM,5.7,nM,5.7,DPP4
CHEMBL242985,=,=,nM,3.4,nM,3.4,DPP4
CHEMBL245069,=,=,nM,3.5,nM,3.5,DPP4
CHEMBL394165,=,=,nM,6.2,nM,6.2,DPP4
CHEMBL381626,=,=,nM,20.0,nM,20.0,DPP4
CHEMBL232315,=,=,nM,7.7,nM,7.7,DPP4
CHEMBL232311,=,=,nM,2.4,nM,2.4,DPP4
CHEMBL391558,=,=,nM,4.5,nM,4.5,DPP4
CHEMBL232103,=,=,nM,1.8,nM,1.8,DPP4
CHEMBL234158,=,=,nM,16.0,nM,16.0,DPP4
CHEMBL395919,=,=,nM,3.8,nM,3.8,DPP4
CHEMBL234356,=,=,nM,6.3,nM,6.3,DPP4
CHEMBL242985,=,=,nM,3.4,nM,3.4,DPP4
CHEMBL245069,=,=,nM,3.5,nM,3.5,DPP4
CHEMBL429258,=,=,nM,20.0,nM,20.0,DPP4
CHEMBL232920,=,=,nM,13.0,nM,13.0,DPP4
CHEMBL393957,=,=,nM,6.5,nM,6.5,DPP4
CHEMBL232919,=,=,nM,13.0,nM,13.0,DPP4
CHEMBL394932,=,=,nM,15.0,nM,15.0,DPP4
CHEMBL232914,=,=,nM,10.0,nM,10.0,DPP4
CHEMBL400615,=,=,nM,4.8,nM,4.8,DPP4
CHEMBL415647,=,=,nM,4.3,nM,4.3,DPP4
CHEMBL232716,=,=,nM,11.0,nM,11.0,DPP4
CHEMBL400614,=,=,nM,8.3,nM,8.3,DPP4
CHEMBL400613,=,=,nM,4.9,nM,4.9,DPP4
CHEMBL428369,=,=,nM,5.6,nM,5.6,DPP4
CHEMBL234373,=,=,nM,4.0,nM,4.0,DPP4
CHEMBL393498,=,=,nM,6.0,nM,6.0,DPP4
CHEMBL234163,=,=,nM,4.9,nM,4.9,DPP4
CHEMBL434960,=,=,nM,5.7,nM,5.7,DPP4
CHEMBL232316,=,=,nM,4.4,nM,4.4,DPP4
CHEMBL391559,=,=,nM,3.5,nM,3.5,DPP4
CHEMBL388475,=,=,nM,98.0,nM,98.0,DPP4
CHEMBL233891,=,=,nM,234.0,nM,234.0,DPP4
CHEMBL233686,=,=,nM,219.0,nM,219.0,DPP4
CHEMBL390240,=,=,nM,29.0,nM,29.0,DPP4
CHEMBL390239,=,=,nM,30.0,nM,30.0,DPP4
CHEMBL233685,=,=,nM,37.0,nM,37.0,DPP4
CHEMBL233684,=,=,nM,69.0,nM,69.0,DPP4
CHEMBL389600,=,=,nM,190.0,nM,190.0,DPP4
CHEMBL233474,=,=,nM,65.0,nM,65.0,DPP4
CHEMBL389599,=,=,nM,30.0,nM,30.0,DPP4
CHEMBL233472,=,=,nM,60.0,nM,60.0,DPP4
CHEMBL233058,=,=,nM,84.0,nM,84.0,DPP4
CHEMBL232845,=,=,nM,76.0,nM,76.0,DPP4
CHEMBL427261,=,=,nM,21.0,nM,21.0,DPP4
CHEMBL232648,=,=,nM,180.0,nM,180.0,DPP4
CHEMBL235120,=,=,nM,23.0,nM,23.0,DPP4
CHEMBL388433,=,=,nM,1580.0,nM,1580.0,DPP4
CHEMBL243231,=,=,nM,264.0,nM,264.0,DPP4
CHEMBL243230,=,=,nM,59.0,nM,59.0,DPP4
CHEMBL388431,=,=,nM,145.0,nM,145.0,DPP4
CHEMBL245181,=,=,nM,511.0,nM,511.0,DPP4
CHEMBL243227,=,=,nM,366.0,nM,366.0,DPP4
CHEMBL397744,=,=,nM,486.0,nM,486.0,DPP4
CHEMBL397743,=,=,nM,1018.0,nM,1018.0,DPP4
CHEMBL1422,=,=,nM,18.0,nM,18.0,DPP4
CHEMBL394834,=,=,nM,87.0,nM,87.0,DPP4
CHEMBL394833,=,=,nM,151.0,nM,151.0,DPP4
CHEMBL243872,=,=,nM,805.0,nM,805.0,DPP4
CHEMBL216186,=,=,nM,27.0,nM,27.0,DPP4
CHEMBL389151,=,=,nM,82.0,nM,82.0,DPP4
CHEMBL242813,=,=,nM,128.0,nM,128.0,DPP4
CHEMBL242811,=,=,nM,272.0,nM,272.0,DPP4
CHEMBL232262,=,=,nM,135.0,nM,135.0,DPP4
CHEMBL1422,=,=,nM,18.0,nM,18.0,DPP4
CHEMBL232191,=,=,nM,140.0,nM,140.0,DPP4
CHEMBL234635,=,=,nM,21.0,nM,21.0,DPP4
CHEMBL400624,=,=,nM,13.0,nM,13.0,DPP4
CHEMBL234412,=,=,nM,520.0,nM,520.0,DPP4
CHEMBL232595,=,=,nM,4.0,nM,4.0,DPP4
CHEMBL429982,=,=,nM,50.0,nM,50.0,DPP4
CHEMBL391070,=,=,nM,4.0,nM,4.0,DPP4
CHEMBL234431,=,=,nM,32.0,nM,32.0,DPP4
CHEMBL234430,=,=,nM,650.0,nM,650.0,DPP4
CHEMBL540711,=,=,nM,5130.0,nM,5130.0,DPP4
CHEMBL392085,=,=,nM,3730.0,nM,3730.0,DPP4
CHEMBL234238,=,=,nM,9380.0,nM,9380.0,DPP4
CHEMBL234048,=,=,nM,370.0,nM,370.0,DPP4
CHEMBL392084,=,=,nM,10590.0,nM,10590.0,DPP4
CHEMBL234047,=,=,nM,1520.0,nM,1520.0,DPP4
CHEMBL392083,=,=,nM,990.0,nM,990.0,DPP4
CHEMBL234046,=,=,nM,220.0,nM,220.0,DPP4
CHEMBL428894,=,=,nM,200.0,nM,200.0,DPP4
CHEMBL391037,=,=,nM,270.0,nM,270.0,DPP4
CHEMBL231996,=,=,nM,8900.0,uM,8.9,DPP4
CHEMBL231995,=,=,nM,25600.0,uM,25.6,DPP4
CHEMBL231994,=,=,nM,600.0,uM,0.6,DPP4
CHEMBL397353,=,=,nM,31300.0,uM,31.3,DPP4
CHEMBL234616,=,=,nM,14800.0,uM,14.8,DPP4
CHEMBL234615,=,=,nM,5300.0,uM,5.3,DPP4
CHEMBL397144,=,=,nM,13600.0,uM,13.6,DPP4
CHEMBL234614,=,=,nM,9400.0,uM,9.4,DPP4
CHEMBL394507,=,=,nM,1500.0,uM,1.5,DPP4
CHEMBL234613,=,=,nM,3300.0,uM,3.3,DPP4
CHEMBL234429,=,=,nM,18400.0,uM,18.4,DPP4
CHEMBL396136,=,=,nM,2300.0,uM,2.3,DPP4
CHEMBL234428,=,=,nM,26000.0,uM,26.0,DPP4
CHEMBL234427,=,=,nM,4900.0,uM,4.9,DPP4
CHEMBL234426,=,=,nM,2600.0,uM,2.6,DPP4
CHEMBL443316,=,=,nM,2800.0,uM,2.8,DPP4
CHEMBL234236,=,=,nM,142000.0,uM,142.0,DPP4
CHEMBL234235,=,=,nM,5800.0,uM,5.8,DPP4
CHEMBL234233,=,=,nM,8400.0,uM,8.4,DPP4
CHEMBL234045,=,=,nM,2100.0,uM,2.1,DPP4
CHEMBL234043,=,=,nM,13400.0,uM,13.4,DPP4
CHEMBL396857,=,=,nM,15000.0,uM,15.0,DPP4
CHEMBL234611,=,=,nM,6300.0,uM,6.3,DPP4
CHEMBL234610,=,=,nM,35700.0,uM,35.7,DPP4
CHEMBL394662,=,=,nM,3500.0,uM,3.5,DPP4
CHEMBL234414,=,=,nM,18600.0,uM,18.6,DPP4
CHEMBL234413,=,=,nM,45200.0,uM,45.2,DPP4
CHEMBL1422,=,=,nM,18.0,nM,18.0,DPP4
CHEMBL233564,=,=,nM,0.67,nM,0.67,DPP4
CHEMBL233563,=,=,nM,5.3,nM,5.3,DPP4
CHEMBL392924,=,=,nM,6.6,nM,6.6,DPP4
CHEMBL233360,=,=,nM,21.0,nM,21.0,DPP4
CHEMBL234911,=,=,nM,77.0,uM,0.077,DPP4
CHEMBL393947,=,=,nM,25.0,uM,0.025,DPP4
CHEMBL232185,=,=,nM,22.0,uM,0.022,DPP4
CHEMBL232759,=,=,nM,47.0,uM,0.047,DPP4
CHEMBL232572,=,=,nM,255.0,uM,0.255,DPP4
CHEMBL232571,=,=,nM,10.0,uM,0.01,DPP4
CHEMBL391645,=,=,nM,30.0,uM,0.03,DPP4
CHEMBL232570,=,=,nM,17.0,uM,0.017,DPP4
CHEMBL395166,=,=,nM,56.0,uM,0.056,DPP4
CHEMBL399408,=,=,nM,20.0,uM,0.02,DPP4
CHEMBL391269,=,=,nM,339.0,uM,0.339,DPP4
CHEMBL233337,=,=,nM,680.0,uM,0.68,DPP4
CHEMBL233136,=,=,nM,53.0,uM,0.053,DPP4
CHEMBL232725,=,=,nM,84.0,uM,0.084,DPP4
CHEMBL232111,=,=,nM,224.0,uM,0.224,DPP4
CHEMBL233996,=,=,nM,210.0,uM,0.21,DPP4
CHEMBL232586,=,=,nM,95.0,uM,0.095,DPP4
CHEMBL399615,=,=,nM,15.0,uM,0.015,DPP4
CHEMBL392552,=,=,nM,63.0,uM,0.063,DPP4
CHEMBL232153,=,=,nM,35.0,uM,0.035,DPP4
CHEMBL231698,=,=,nM,7939.0,uM,7.939,DPP4
CHEMBL231697,=,=,nM,223.0,uM,0.223,DPP4
CHEMBL391929,=,=,nM,67.0,uM,0.067,DPP4
CHEMBL438309,=,=,nM,200.0,nM,200.0,DPP4
CHEMBL236507,=,=,nM,140.0,nM,140.0,DPP4
CHEMBL237568,=,=,nM,150.0,nM,150.0,DPP4
CHEMBL237567,=,=,nM,2000.0,nM,2000.0,DPP4
CHEMBL399409,=,=,nM,1000.0,nM,1000.0,DPP4
CHEMBL237758,=,=,nM,790.0,nM,790.0,DPP4
CHEMBL392697,=,=,nM,2900.0,nM,2900.0,DPP4
CHEMBL235201,=,=,nM,2300.0,nM,2300.0,DPP4
CHEMBL392696,=,=,nM,1400.0,nM,1400.0,DPP4
CHEMBL236705,=,=,nM,21.0,nM,21.0,DPP4
CHEMBL237786,=,=,nM,37.0,nM,37.0,DPP4
CHEMBL237785,=,=,nM,31.0,nM,31.0,DPP4
CHEMBL237569,=,=,nM,70.0,nM,70.0,DPP4
CHEMBL399207,=,=,nM,120.0,nM,120.0,DPP4
CHEMBL236719,=,=,nM,14.0,nM,14.0,DPP4
CHEMBL236508,=,=,nM,5.0,nM,5.0,DPP4
CHEMBL391252,=,=,nM,32.0,nM,32.0,DPP4
CHEMBL236085,=,=,nM,1300.0,nM,1300.0,DPP4
CHEMBL236084,=,=,nM,71.0,nM,71.0,DPP4
CHEMBL391251,=,=,nM,120.0,nM,120.0,DPP4
CHEMBL236923,=,=,nM,51.0,nM,51.0,DPP4
CHEMBL391837,=,=,nM,160.0,nM,160.0,DPP4
CHEMBL236922,=,=,nM,130.0,nM,130.0,DPP4
CHEMBL412585,=,=,nM,470.0,nM,470.0,DPP4
CHEMBL236714,=,=,nM,47.0,nM,47.0,DPP4
CHEMBL237343,=,=,nM,51.0,nM,51.0,DPP4
CHEMBL393612,=,=,nM,19.0,nM,19.0,DPP4
CHEMBL237342,=,=,nM,37.0,nM,37.0,DPP4
CHEMBL237341,=,=,nM,190.0,nM,190.0,DPP4
CHEMBL393611,=,=,nM,180.0,nM,180.0,DPP4
CHEMBL391048,=,=,nM,57.0,nM,57.0,DPP4
CHEMBL236707,=,=,nM,230.0,nM,230.0,DPP4
CHEMBL391047,=,=,nM,93.0,nM,93.0,DPP4
CHEMBL236706,=,=,nM,260.0,nM,260.0,DPP4
CHEMBL236705,=,=,nM,13.0,nM,13.0,DPP4
CHEMBL237786,=,=,nM,6.4,nM,6.4,DPP4
CHEMBL237343,=,=,nM,14.0,nM,14.0,DPP4
CHEMBL237119,=,=,nM,12.0,uM,0.012,DPP4
CHEMBL237547,=,=,nM,16.0,uM,0.016,DPP4
CHEMBL237337,=,=,nM,4.0,uM,0.004,DPP4
CHEMBL237336,=,=,nM,64.0,uM,0.064,DPP4
CHEMBL237152,=,=,nM,1.5,uM,0.0015,DPP4
CHEMBL237151,=,=,nM,4.6,uM,0.0046,DPP4
CHEMBL392524,=,=,nM,12.0,uM,0.012,DPP4
CHEMBL237152,=,=,nM,28.0,uM,0.028,DPP4
CHEMBL237151,=,=,nM,150.0,uM,0.15,DPP4
CHEMBL392524,=,=,nM,390.0,uM,0.39,DPP4
CHEMBL237997,=,=,nM,2.5,uM,0.0025,DPP4
CHEMBL237783,=,=,nM,260.0,uM,0.26,DPP4
CHEMBL400841,=,=,nM,2.3,uM,0.0023,DPP4
CHEMBL237566,=,=,nM,310.0,uM,0.31,DPP4
CHEMBL237997,=,=,nM,23.0,uM,0.023,DPP4
CHEMBL237783,=,=,nM,670.0,uM,0.67,DPP4
CHEMBL400841,=,=,nM,26.0,uM,0.026,DPP4
CHEMBL237566,=,=,nM,820.0,uM,0.82,DPP4
CHEMBL235199,=,=,nM,38.0,uM,0.038,DPP4
CHEMBL235198,=,=,nM,220.0,uM,0.22,DPP4
CHEMBL437557,=,=,nM,4.8,uM,0.0048,DPP4
CHEMBL238191,=,=,nM,32.0,uM,0.032,DPP4
CHEMBL238190,=,=,nM,11.0,uM,0.011,DPP4
CHEMBL237972,=,=,nM,150.0,uM,0.15,DPP4
CHEMBL235223,=,=,nM,260.0,uM,0.26,DPP4
CHEMBL235004,=,=,nM,100.0,uM,0.1,DPP4
CHEMBL235199,=,=,nM,120.0,uM,0.12,DPP4
CHEMBL235198,=,=,nM,450.0,uM,0.45,DPP4
CHEMBL437557,=,=,nM,130.0,uM,0.13,DPP4
CHEMBL238191,=,=,nM,130.0,uM,0.13,DPP4
CHEMBL238190,=,=,nM,290.0,uM,0.29,DPP4
CHEMBL237972,=,=,nM,1500.0,uM,1.5,DPP4
CHEMBL235223,=,=,nM,1900.0,uM,1.9,DPP4
CHEMBL235004,=,=,nM,2700.0,uM,2.7,DPP4
CHEMBL397070,=,=,nM,90000.0,uM,90.0,DPP4
CHEMBL238050,>,>,nM,250000.0,uM,250.0,DPP4
CHEMBL437965,>,>,nM,1000000.0,uM,1000.0,DPP4
CHEMBL392163,>,>,nM,250000.0,uM,250.0,DPP4
CHEMBL440982,>,>,nM,500000.0,uM,500.0,DPP4
CHEMBL237860,>,>,nM,1000000.0,uM,1000.0,DPP4
CHEMBL399402,>,>,nM,250000.0,uM,250.0,DPP4
CHEMBL392162,>,>,nM,50000.0,uM,50.0,DPP4
CHEMBL398373,>,>,nM,500000.0,uM,500.0,DPP4
CHEMBL238114,=,=,nM,4200.0,uM,4.2,DPP4
CHEMBL236781,=,=,nM,8000.0,uM,8.0,DPP4
CHEMBL427850,>,>,nM,125000.0,uM,125.0,DPP4
CHEMBL392139,=,=,nM,261000.0,uM,261.0,DPP4
CHEMBL236602,=,=,nM,326000.0,uM,326.0,DPP4
CHEMBL439205,=,=,nM,4800.0,uM,4.8,DPP4
CHEMBL391721,=,=,nM,117000.0,uM,117.0,DPP4
CHEMBL237673,=,=,nM,503000.0,uM,503.0,DPP4
CHEMBL391720,>,>,nM,1000000.0,uM,1000.0,DPP4
CHEMBL237658,=,=,nM,142000.0,uM,142.0,DPP4
CHEMBL236586,=,=,nM,89000.0,uM,89.0,DPP4
CHEMBL399189,=,=,nM,16000.0,uM,16.0,DPP4
CHEMBL235766,=,=,nM,14.0,uM,0.014,DPP4
CHEMBL439382,=,=,nM,5600.0,uM,5.6,DPP4
CHEMBL1182947,=,=,nM,55000.0,uM,55.0,DPP4
CHEMBL237500,=,=,nM,1.0,nM,1.0,DPP4
CHEMBL235133,=,=,nM,3900.0,nM,3900.0,DPP4
CHEMBL237499,=,=,nM,3.0,nM,3.0,DPP4
CHEMBL237289,=,=,nM,1.0,nM,1.0,DPP4
CHEMBL391307,=,=,nM,8.0,nM,8.0,DPP4
CHEMBL237288,=,=,nM,9.0,nM,9.0,DPP4
CHEMBL237287,=,=,nM,4.0,nM,4.0,DPP4
CHEMBL391089,=,=,nM,2.0,nM,2.0,DPP4
CHEMBL429450,=,=,nM,4.0,nM,4.0,DPP4
CHEMBL237067,=,=,nM,3.0,nM,3.0,DPP4
CHEMBL237488,=,=,nM,6.0,nM,6.0,DPP4
CHEMBL365000,=,=,nM,5.0,nM,5.0,DPP4
CHEMBL237281,=,=,nM,56.0,nM,56.0,DPP4
CHEMBL391634,=,=,nM,284.0,nM,284.0,DPP4
CHEMBL237280,=,=,nM,88.0,nM,88.0,DPP4
CHEMBL237279,=,=,nM,35.0,nM,35.0,DPP4
CHEMBL399216,=,=,nM,82.0,nM,82.0,DPP4
CHEMBL235792,=,=,nM,200.0,nM,200.0,DPP4
CHEMBL235352,=,=,nM,580.0,nM,580.0,DPP4
CHEMBL235134,=,=,nM,2800.0,nM,2800.0,DPP4
CHEMBL397057,>,>,nM,33000.0,nM,33000.0,DPP4
CHEMBL398076,>,>,nM,33000.0,nM,33000.0,DPP4
CHEMBL67279,=,=,nM,0.1,nM,0.1,DPP4
CHEMBL224435,=,=,nM,538.0,nmol/L,538.0,DPP4
CHEMBL241464,=,=,nM,1.2,nmol/L,1.2,DPP4
CHEMBL241253,=,=,nM,1.0,nmol/L,1.0,DPP4
CHEMBL241252,=,=,nM,1.5,nmol/L,1.5,DPP4
CHEMBL399610,=,=,nM,0.92,nmol/L,0.92,DPP4
CHEMBL399405,=,=,nM,1.6,nmol/L,1.6,DPP4
CHEMBL239565,=,=,nM,2.5,nmol/L,2.5,DPP4
CHEMBL239564,=,=,nM,3.1,nmol/L,3.1,DPP4
CHEMBL395854,=,=,nM,2.7,nmol/L,2.7,DPP4
CHEMBL239356,=,=,nM,2.4,nmol/L,2.4,DPP4
CHEMBL238516,=,=,nM,2.3,nmol/L,2.3,DPP4
CHEMBL395606,=,=,nM,5.6,nmol/L,5.6,DPP4
CHEMBL238515,=,=,nM,1.3,nmol/L,1.3,DPP4
CHEMBL241246,=,=,nM,3.0,nmol/L,3.0,DPP4
CHEMBL241245,=,=,nM,6.8,nmol/L,6.8,DPP4
CHEMBL391578,=,=,nM,4.3,nmol/L,4.3,DPP4
CHEMBL391466,=,=,nM,1.6,nmol/L,1.6,DPP4
CHEMBL239984,=,=,nM,8.2,nmol/L,8.2,DPP4
CHEMBL239983,=,=,nM,10.8,nmol/L,10.8,DPP4
CHEMBL391577,=,=,nM,4.1,nmol/L,4.1,DPP4
CHEMBL238507,=,=,nM,8.7,nmol/L,8.7,DPP4
CHEMBL397893,=,=,nM,12.2,nmol/L,12.2,DPP4
CHEMBL238506,=,=,nM,13.5,nmol/L,13.5,DPP4
CHEMBL240602,=,=,nM,21.0,nmol/L,21.0,DPP4
CHEMBL391433,=,=,nM,30.5,nmol/L,30.5,DPP4
CHEMBL240601,=,=,nM,10.9,nmol/L,10.9,DPP4
CHEMBL391332,=,=,nM,57.5,nmol/L,57.5,DPP4
CHEMBL241674,=,=,nM,13.9,nmol/L,13.9,DPP4
CHEMBL391331,=,=,nM,47.6,nmol/L,47.6,DPP4
CHEMBL241673,=,=,nM,127.0,nmol/L,127.0,DPP4
CHEMBL534959,=,=,nM,3850.0,nM,3850.0,DPP4
CHEMBL539611,=,=,nM,70.0,nM,70.0,DPP4
CHEMBL535180,=,=,nM,50.0,nM,50.0,DPP4
CHEMBL539610,=,=,nM,350.0,nM,350.0,DPP4
CHEMBL534960,=,=,nM,500.0,nM,500.0,DPP4
CHEMBL557776,=,=,nM,990.0,nM,990.0,DPP4
CHEMBL393336,=,=,nM,50.0,nM,50.0,DPP4
CHEMBL191067,=,=,nM,12.0,uM,0.012,DPP4
CHEMBL392825,=,=,nM,21.0,uM,0.021,DPP4
CHEMBL245545,=,=,nM,16.0,uM,0.016,DPP4
CHEMBL428747,=,=,nM,29.0,uM,0.029,DPP4
CHEMBL395696,=,=,nM,27.0,uM,0.027,DPP4
CHEMBL245380,=,=,nM,74.0,uM,0.074,DPP4
CHEMBL245379,=,=,nM,22.0,uM,0.022,DPP4
CHEMBL246374,=,=,nM,24.0,uM,0.024,DPP4
CHEMBL246373,=,=,nM,440.0,uM,0.44,DPP4
CHEMBL397854,=,=,nM,360.0,uM,0.36,DPP4
CHEMBL246372,=,=,nM,460.0,uM,0.46,DPP4
CHEMBL246170,=,=,nM,330.0,uM,0.33,DPP4
CHEMBL395213,=,=,nM,48.0,uM,0.048,DPP4
CHEMBL246169,=,=,nM,210.0,uM,0.21,DPP4
CHEMBL246168,=,=,nM,150.0,uM,0.15,DPP4
CHEMBL245971,=,=,nM,600.0,uM,0.6,DPP4
CHEMBL245970,=,=,nM,160.0,uM,0.16,DPP4
CHEMBL437379,=,=,nM,300.0,uM,0.3,DPP4
CHEMBL245969,=,=,nM,28.0,uM,0.028,DPP4
CHEMBL396168,=,=,nM,25.0,uM,0.025,DPP4
CHEMBL429653,=,=,nM,430.0,uM,0.43,DPP4
CHEMBL245772,=,=,nM,870.0,uM,0.87,DPP4
CHEMBL377221,=,=,nM,4.0,uM,0.004,DPP4
CHEMBL189881,=,=,nM,64.0,uM,0.064,DPP4
CHEMBL191067,=,=,nM,390.0,uM,0.39,DPP4
CHEMBL392825,=,=,nM,47.0,uM,0.047,DPP4
CHEMBL245545,=,=,nM,40.0,uM,0.04,DPP4
CHEMBL428747,=,=,nM,190.0,uM,0.19,DPP4
CHEMBL245379,=,=,nM,92.0,uM,0.092,DPP4
CHEMBL246374,=,=,nM,200.0,uM,0.2,DPP4
CHEMBL245969,=,=,nM,160.0,uM,0.16,DPP4
CHEMBL395696,=,=,nM,97.0,uM,0.097,DPP4
CHEMBL245380,=,=,nM,210.0,uM,0.21,DPP4
CHEMBL246373,=,=,nM,3470.0,uM,3.47,DPP4
CHEMBL397854,=,=,nM,1280.0,uM,1.28,DPP4
CHEMBL246372,=,=,nM,1490.0,uM,1.49,DPP4
CHEMBL246170,=,=,nM,510.0,uM,0.51,DPP4
CHEMBL535180,=,=,nM,501.19,,-6.3,DPP4
CHEMBL539611,=,=,nM,707.95,,-6.15,DPP4
CHEMBL399499,=,=,nM,59.0,nM,59.0,DPP4
CHEMBL400068,=,=,nM,2.0,nM,2.0,DPP4
CHEMBL250353,=,=,nM,5.0,nM,5.0,DPP4
CHEMBL250351,=,=,nM,4.0,nM,4.0,DPP4
CHEMBL250147,=,=,nM,2.0,nM,2.0,DPP4
CHEMBL249945,=,=,nM,11.0,nM,11.0,DPP4
CHEMBL249945,=,=,nM,18.0,nM,18.0,DPP4
CHEMBL404210,=,=,nM,14.0,nM,14.0,DPP4
CHEMBL400722,=,=,nM,12.0,nM,12.0,DPP4
CHEMBL400752,=,=,nM,7.0,nM,7.0,DPP4
CHEMBL250999,=,=,nM,4.0,nM,4.0,DPP4
CHEMBL401304,=,=,nM,4.0,nM,4.0,DPP4
CHEMBL250787,=,=,nM,25.0,nM,25.0,DPP4
CHEMBL251376,=,=,nM,274.0,nM,274.0,DPP4
CHEMBL401057,=,=,nM,68.0,nM,68.0,DPP4
CHEMBL248936,=,=,nM,71.0,nM,71.0,DPP4
CHEMBL248743,=,=,nM,100.0,nM,100.0,DPP4
CHEMBL1422,=,=,nM,18.0,nM,18.0,DPP4
CHEMBL402496,=,=,nM,140.0,uM,0.14,DPP4
CHEMBL250285,=,=,nM,5.8,uM,0.0058,DPP4
CHEMBL250285,=,=,nM,780.0,uM,0.78,DPP4
CHEMBL250284,=,=,nM,8.4,uM,0.0084,DPP4
CHEMBL250284,=,=,nM,570.0,uM,0.57,DPP4
CHEMBL250283,=,=,nM,370.0,uM,0.37,DPP4
CHEMBL250283,=,=,nM,630.0,uM,0.63,DPP4
CHEMBL1204389,=,=,nM,250.0,uM,0.25,DPP4
CHEMBL400911,=,=,nM,490.0,uM,0.49,DPP4
CHEMBL248810,=,=,nM,110.0,uM,0.11,DPP4
CHEMBL248810,=,=,nM,340.0,uM,0.34,DPP4
CHEMBL400954,=,=,nM,50.0,uM,0.05,DPP4
CHEMBL400954,=,=,nM,380.0,uM,0.38,DPP4
CHEMBL248615,=,=,nM,570.0,uM,0.57,DPP4
CHEMBL250204,=,=,nM,60.0,uM,0.06,DPP4
CHEMBL250204,=,=,nM,610.0,uM,0.61,DPP4
CHEMBL250202,=,=,nM,45.0,uM,0.045,DPP4
CHEMBL250006,=,=,nM,65.0,uM,0.065,DPP4
CHEMBL250006,=,=,nM,190.0,uM,0.19,DPP4
CHEMBL398661,=,=,nM,280.0,uM,0.28,DPP4
CHEMBL248997,=,=,nM,130.0,uM,0.13,DPP4
CHEMBL400761,=,=,nM,250.0,uM,0.25,DPP4
CHEMBL248788,=,=,nM,250.0,uM,0.25,DPP4
CHEMBL429829,=,=,nM,260.0,uM,0.26,DPP4
CHEMBL400278,=,=,nM,220.0,uM,0.22,DPP4
CHEMBL398492,=,=,nM,230.0,uM,0.23,DPP4
CHEMBL251405,=,=,nM,180.0,uM,0.18,DPP4
CHEMBL251404,=,=,nM,130.0,uM,0.13,DPP4
CHEMBL251205,=,=,nM,150.0,uM,0.15,DPP4
CHEMBL249427,=,=,nM,30.0,nM,30.0,DPP4
CHEMBL401269,=,=,nM,86.0,nM,86.0,DPP4
CHEMBL401378,=,=,nM,46.0,nM,46.0,DPP4
CHEMBL428936,=,=,nM,65.0,nM,65.0,DPP4
CHEMBL399348,>,>,nM,3.0,nM,3.0,DPP4
CHEMBL250620,=,=,nM,3.8,nM,3.8,DPP4
CHEMBL248838,=,=,nM,79.0,nM,79.0,DPP4
CHEMBL248837,=,=,nM,62.0,nM,62.0,DPP4
CHEMBL249826,=,=,nM,49.0,nM,49.0,DPP4
CHEMBL249825,=,=,nM,47.0,nM,47.0,DPP4
CHEMBL399247,=,=,nM,42.0,nM,42.0,DPP4
CHEMBL401268,=,=,nM,40.0,nM,40.0,DPP4
CHEMBL249620,=,=,nM,38.0,nM,38.0,DPP4
CHEMBL250611,=,=,nM,91.0,nM,91.0,DPP4
CHEMBL399693,=,=,nM,83.0,nM,83.0,DPP4
CHEMBL250400,=,=,nM,81.0,nM,81.0,DPP4
CHEMBL428937,=,=,nM,80.0,nM,80.0,DPP4
CHEMBL250399,=,=,nM,78.0,nM,78.0,DPP4
CHEMBL249174,=,=,nM,69.0,nM,69.0,DPP4
CHEMBL250393,=,=,nM,50.0,nM,50.0,DPP4
CHEMBL250852,=,=,nM,27.0,nM,27.0,DPP4
CHEMBL248795,=,=,nM,6.2,nM,6.2,DPP4
CHEMBL400338,=,=,nM,5.4,nM,5.4,DPP4
CHEMBL248794,=,=,nM,5.3,nM,5.3,DPP4
CHEMBL438520,=,=,nM,3.6,nM,3.6,DPP4
CHEMBL248793,=,=,nM,3.3,nM,3.3,DPP4
CHEMBL399525,=,=,nM,3.2,nM,3.2,DPP4
CHEMBL248599,=,=,nM,2.4,nM,2.4,DPP4
CHEMBL249407,=,=,nM,10.0,nM,10.0,DPP4
CHEMBL249406,=,=,nM,10.0,nM,10.0,DPP4
CHEMBL399726,=,=,nM,8.5,nM,8.5,DPP4
CHEMBL249203,=,=,nM,6.7,nM,6.7,DPP4
CHEMBL249602,=,=,nM,5.3,nM,5.3,DPP4
CHEMBL249601,=,=,nM,5.5,nM,5.5,DPP4
CHEMBL400533,=,=,nM,3.5,nM,3.5,DPP4
CHEMBL249408,=,=,nM,3.4,nM,3.4,DPP4
CHEMBL400532,=,=,nM,3.0,nM,3.0,DPP4
CHEMBL429482,=,=,nM,4.7,nM,4.7,DPP4
CHEMBL399791,=,=,nM,1.1,nM,1.1,DPP4
CHEMBL429115,=,=,nM,1.3,nM,1.3,DPP4
CHEMBL254229,>,>,nM,36900.0,uM,36.9,DPP4
CHEMBL251977,>,>,nM,36900.0,uM,36.9,DPP4
CHEMBL254649,>,>,nM,36900.0,uM,36.9,DPP4
CHEMBL254648,>,>,nM,36900.0,uM,36.9,DPP4
CHEMBL254647,>,>,nM,39100.0,uM,39.1,DPP4
CHEMBL254440,>,>,nM,41300.0,uM,41.3,DPP4
CHEMBL254439,>,>,nM,40200.0,uM,40.2,DPP4
CHEMBL399481,>,>,nM,39100.0,uM,39.1,DPP4
CHEMBL557176,=,=,nM,0.4,nM,0.4,DPP4
CHEMBL557176,=,=,nM,132.0,nM,132.0,DPP4
CHEMBL536312,=,=,nM,6.3,nM,6.3,DPP4
CHEMBL536312,=,=,nM,587.0,nM,587.0,DPP4
CHEMBL536536,=,=,nM,0.5,nM,0.5,DPP4
CHEMBL536536,=,=,nM,90.0,nM,90.0,DPP4
CHEMBL536536,=,=,nM,0.32,nM,0.32,DPP4
CHEMBL536536,=,=,nM,430.0,nM,430.0,DPP4
CHEMBL1203953,=,=,nM,0.18,nM,0.18,DPP4
CHEMBL559371,=,=,nM,116.0,nM,116.0,DPP4
CHEMBL540888,=,=,nM,0.46,nM,0.46,DPP4
CHEMBL540888,=,=,nM,131.0,nM,131.0,DPP4
CHEMBL536090,=,=,nM,0.31,nM,0.31,DPP4
CHEMBL536090,=,=,nM,438.0,nM,438.0,DPP4
CHEMBL539352,=,=,nM,0.43,nM,0.43,DPP4
CHEMBL539352,=,=,nM,320.0,nM,320.0,DPP4
CHEMBL539350,=,=,nM,0.66,nM,0.66,DPP4
CHEMBL539350,=,=,nM,140.0,nM,140.0,DPP4
CHEMBL556979,=,=,nM,2.8,nM,2.8,DPP4
CHEMBL556979,=,=,nM,377.0,nM,377.0,DPP4
CHEMBL537000,=,=,nM,32.0,nM,32.0,DPP4
CHEMBL537000,=,=,nM,1.5,nM,1.5,DPP4
CHEMBL536999,=,=,nM,5.7,nM,5.7,DPP4
CHEMBL536999,=,=,nM,123.0,nM,123.0,DPP4
CHEMBL556606,=,=,nM,5.0,nM,5.0,DPP4
CHEMBL556606,=,=,nM,113.0,nM,113.0,DPP4
CHEMBL536089,=,=,nM,11.0,nM,11.0,DPP4
CHEMBL536311,=,=,nM,12.0,nM,12.0,DPP4
CHEMBL557219,=,=,nM,209.0,nM,209.0,DPP4
CHEMBL536089,=,=,nM,100.0,nM,100.0,DPP4
CHEMBL536088,=,=,nM,175.0,nM,175.0,DPP4
CHEMBL536765,=,=,nM,92.0,nM,92.0,DPP4
CHEMBL558779,=,=,nM,4.3,nM,4.3,DPP4
CHEMBL557542,=,=,nM,88.0,nM,88.0,DPP4
CHEMBL553787,=,=,nM,42.0,nM,42.0,DPP4
CHEMBL557990,=,=,nM,91.0,nM,91.0,DPP4
CHEMBL2021529,=,=,nM,14.0,nM,14.0,DPP4
CHEMBL2021541,=,=,nM,23.0,nM,23.0,DPP4
CHEMBL175872,=,=,nM,139.0,nM,139.0,DPP4
CHEMBL184624,=,=,nM,3700.0,nM,3700.0,DPP4
CHEMBL539077,=,=,nM,18.0,nM,18.0,DPP4
CHEMBL1431,=,=,nM,29000.0,uM,29.0,DPP4
CHEMBL403882,=,=,nM,9700.0,nM,9700.0,DPP4
CHEMBL269952,=,=,nM,14.0,nM,14.0,DPP4
CHEMBL269953,=,=,nM,29.0,nM,29.0,DPP4
CHEMBL403449,=,=,nM,18.0,nM,18.0,DPP4
CHEMBL270163,=,=,nM,23.0,nM,23.0,DPP4
CHEMBL269965,=,=,nM,17.0,nM,17.0,DPP4
CHEMBL402645,=,=,nM,52.0,nM,52.0,DPP4
CHEMBL437592,=,=,nM,21.0,nM,21.0,DPP4
CHEMBL271444,=,=,nM,37.0,nM,37.0,DPP4
CHEMBL403969,=,=,nM,19.0,nM,19.0,DPP4
CHEMBL270395,=,=,nM,604.0,nM,604.0,DPP4
CHEMBL403970,=,=,nM,130.0,nM,130.0,DPP4
CHEMBL271870,=,=,nM,410.0,nM,410.0,DPP4
CHEMBL439067,=,=,nM,340.0,nM,340.0,DPP4
CHEMBL272079,=,=,nM,69.0,nM,69.0,DPP4
CHEMBL273206,=,=,nM,52.0,nM,52.0,DPP4
CHEMBL404159,=,=,nM,350.0,nM,350.0,DPP4
CHEMBL257742,=,=,nM,310.0,nM,310.0,DPP4
CHEMBL256691,=,=,nM,20.0,nM,20.0,DPP4
CHEMBL258101,=,=,nM,20.0,nM,20.0,DPP4
CHEMBL271062,=,=,nM,670.0,nM,670.0,DPP4
CHEMBL403882,,,,,,,DPP4
CHEMBL271062,,,,,,,DPP4
CHEMBL258101,=,=,nM,420.0,nM,420.0,DPP4
CHEMBL269952,=,=,nM,41.0,nM,41.0,DPP4
CHEMBL269953,=,=,nM,35.0,nM,35.0,DPP4
CHEMBL403449,=,=,nM,44.0,nM,44.0,DPP4
CHEMBL270163,=,=,nM,77.0,nM,77.0,DPP4
CHEMBL269965,=,=,nM,40.0,nM,40.0,DPP4
CHEMBL402645,=,=,nM,150.0,nM,150.0,DPP4
CHEMBL437592,=,=,nM,86.0,nM,86.0,DPP4
CHEMBL271444,=,=,nM,92.0,nM,92.0,DPP4
CHEMBL403969,=,=,nM,58.0,nM,58.0,DPP4
CHEMBL270395,=,=,nM,1300.0,nM,1300.0,DPP4
CHEMBL403970,=,=,nM,620.0,nM,620.0,DPP4
CHEMBL271870,=,=,nM,1900.0,nM,1900.0,DPP4
CHEMBL439067,=,=,nM,1100.0,nM,1100.0,DPP4
CHEMBL272079,=,=,nM,210.0,nM,210.0,DPP4
CHEMBL273206,=,=,nM,150.0,nM,150.0,DPP4
CHEMBL404159,=,=,nM,970.0,nM,970.0,DPP4
CHEMBL257742,=,=,nM,970.0,nM,970.0,DPP4
CHEMBL256691,=,=,nM,80.0,nM,80.0,DPP4
CHEMBL258288,=,=,nM,44.0,nM,44.0,DPP4
CHEMBL402236,=,=,nM,30.0,nM,30.0,DPP4
CHEMBL256871,=,=,nM,42.0,nM,42.0,DPP4
CHEMBL402151,=,=,nM,42.0,nM,42.0,DPP4
CHEMBL271694,=,=,nM,50.0,nM,50.0,DPP4
CHEMBL269926,=,=,nM,50000.0,nM,50000.0,DPP4
CHEMBL403160,=,=,nM,2000.0,nM,2000.0,DPP4
CHEMBL365441,=,=,nM,80.0,nM,80.0,DPP4
CHEMBL404030,=,=,nM,30.0,nM,30.0,DPP4
CHEMBL375745,=,=,nM,19.0,uM,0.019,DPP4
CHEMBL404079,=,=,nM,12.0,uM,0.012,DPP4
CHEMBL402163,=,=,nM,0.21,uM,0.00021,DPP4
CHEMBL255591,=,=,nM,93.0,uM,0.093,DPP4
CHEMBL445674,=,=,nM,3.2,uM,0.0032,DPP4
CHEMBL1162974,=,=,nM,21.0,uM,0.021,DPP4
CHEMBL429757,=,=,nM,50.0,uM,0.05,DPP4
CHEMBL257023,=,=,nM,7.5,uM,0.0075,DPP4
CHEMBL256172,=,=,nM,57.0,uM,0.057,DPP4
CHEMBL401932,=,=,nM,1490.0,uM,1.49,DPP4
CHEMBL257709,=,=,nM,90.0,uM,0.09,DPP4
CHEMBL256603,=,=,nM,645.0,uM,0.645,DPP4
CHEMBL255351,=,=,nM,525.0,uM,0.525,DPP4
CHEMBL437026,=,=,nM,1165.0,uM,1.165,DPP4
CHEMBL376498,=,=,nM,13.0,uM,0.013,DPP4
CHEMBL220357,=,=,nM,70.0,uM,0.07,DPP4
CHEMBL435320,=,=,nM,40.0,uM,0.04,DPP4
CHEMBL437206,=,=,nM,17.0,uM,0.017,DPP4
CHEMBL403415,=,=,nM,122.0,uM,0.122,DPP4
CHEMBL438992,=,=,nM,203.0,uM,0.203,DPP4
CHEMBL257036,=,=,nM,30000.0,uM,30.0,DPP4
CHEMBL273209,=,=,nM,32.0,uM,0.032,DPP4
CHEMBL272114,=,=,nM,8.0,uM,0.008,DPP4
CHEMBL257653,=,=,nM,50.0,uM,0.05,DPP4
CHEMBL257852,=,=,nM,52.0,uM,0.052,DPP4
CHEMBL256266,=,=,nM,61.0,uM,0.061,DPP4
CHEMBL261246,=,=,nM,11.0,uM,0.011,DPP4
CHEMBL263137,=,=,nM,66.0,uM,0.066,DPP4
CHEMBL263139,=,=,nM,97.0,uM,0.097,DPP4
CHEMBL257636,=,=,nM,160.0,uM,0.16,DPP4
CHEMBL403156,=,=,nM,102.0,uM,0.102,DPP4
CHEMBL401542,=,=,nM,96.0,uM,0.096,DPP4
CHEMBL257308,=,=,nM,66.0,uM,0.066,DPP4
CHEMBL404544,=,=,nM,630.0,uM,0.63,DPP4
CHEMBL406201,=,=,nM,790.0,uM,0.79,DPP4
CHEMBL272771,=,=,nM,320.0,uM,0.32,DPP4
CHEMBL255552,=,=,nM,62.0,uM,0.062,DPP4
CHEMBL256625,=,=,nM,98.0,uM,0.098,DPP4
CHEMBL256624,=,=,nM,1600.0,uM,1.6,DPP4
CHEMBL428065,=,=,nM,2000.0,uM,2.0,DPP4
CHEMBL256826,=,=,nM,4000.0,uM,4.0,DPP4
CHEMBL270365,=,=,nM,63.0,uM,0.063,DPP4
CHEMBL256252,=,=,nM,400.0,uM,0.4,DPP4
CHEMBL403862,=,=,nM,40000.0,uM,40.0,DPP4
CHEMBL255769,=,=,nM,1000.0,uM,1.0,DPP4
CHEMBL255554,=,=,nM,12000.0,uM,12.0,DPP4
CHEMBL232914,=,=,nM,10.0,nM,10.0,DPP4
CHEMBL406219,=,=,nM,51.0,nM,51.0,DPP4
CHEMBL438547,=,=,nM,11.0,nM,11.0,DPP4
CHEMBL402466,=,=,nM,24.0,nM,24.0,DPP4
CHEMBL260509,=,=,nM,17.0,nM,17.0,DPP4
CHEMBL260702,=,=,nM,16.0,nM,16.0,DPP4
CHEMBL260701,=,=,nM,60.0,nM,60.0,DPP4
CHEMBL261460,=,=,nM,56.0,nM,56.0,DPP4
CHEMBL261462,=,=,nM,41.0,nM,41.0,DPP4
CHEMBL261463,=,=,nM,600.0,nM,600.0,DPP4
CHEMBL407296,=,=,nM,24.0,nM,24.0,DPP4
CHEMBL259198,=,=,nM,25.0,nM,25.0,DPP4
CHEMBL407293,=,=,nM,13000.0,nM,13000.0,DPP4
CHEMBL430057,=,=,nM,5.6,nM,5.6,DPP4
CHEMBL409010,=,=,nM,110.0,nM,110.0,DPP4
CHEMBL260543,=,=,nM,70.0,nM,70.0,DPP4
CHEMBL260198,=,=,nM,1100.0,nM,1100.0,DPP4
CHEMBL260197,=,=,nM,16.0,nM,16.0,DPP4
CHEMBL403553,=,=,nM,1.0,nM,1.0,DPP4
CHEMBL403408,=,=,nM,2.0,nM,2.0,DPP4
CHEMBL257376,=,=,nM,1.0,nM,1.0,DPP4
CHEMBL257999,=,=,nM,3.0,nM,3.0,DPP4
CHEMBL401971,=,=,nM,5.0,nM,5.0,DPP4
CHEMBL256969,=,=,nM,4.0,nM,4.0,DPP4
CHEMBL404220,=,=,nM,4.0,nM,4.0,DPP4
CHEMBL256928,=,=,nM,26.0,nM,26.0,DPP4
CHEMBL401502,=,=,nM,3.0,nM,3.0,DPP4
CHEMBL256929,=,=,nM,25.0,nM,25.0,DPP4
CHEMBL256729,=,=,nM,14.0,nM,14.0,DPP4
CHEMBL256121,=,=,nM,1.0,nM,1.0,DPP4
CHEMBL255517,=,=,nM,24.0,nM,24.0,DPP4
CHEMBL402111,=,=,nM,559.0,nM,559.0,DPP4
CHEMBL402573,=,=,nM,582.0,nM,582.0,DPP4
CHEMBL257589,=,=,nM,3059.0,nM,3059.0,DPP4
CHEMBL257795,=,=,nM,99.0,nM,99.0,DPP4
CHEMBL401972,=,=,nM,107.0,nM,107.0,DPP4
CHEMBL255862,=,=,nM,19.0,nM,19.0,DPP4
CHEMBL255864,=,=,nM,52.0,nM,52.0,DPP4
CHEMBL255492,=,=,nM,21.0,nM,21.0,DPP4
CHEMBL255491,=,=,nM,89.0,nM,89.0,DPP4
CHEMBL255709,=,=,nM,7.0,nM,7.0,DPP4
CHEMBL256521,=,=,nM,5.0,nM,5.0,DPP4
CHEMBL401709,=,=,nM,13.0,nM,13.0,DPP4
CHEMBL402819,=,=,nM,2.0,nM,2.0,DPP4
CHEMBL404326,=,=,nM,15.0,nM,15.0,DPP4
CHEMBL237500,=,=,nM,1.0,nM,1.0,DPP4
CHEMBL77538,=,=,nM,7.0,nM,7.0,DPP4
CHEMBL469660,=,=,nM,5.3,nM,5.3,DPP4
CHEMBL454193,=,=,nM,8.3,nM,8.3,DPP4
CHEMBL469659,=,=,nM,3.1,nM,3.1,DPP4
CHEMBL451937,=,=,nM,3.1,nM,3.1,DPP4
CHEMBL511785,=,=,nM,4.1,nM,4.1,DPP4
CHEMBL470681,=,=,nM,3.3,nM,3.3,DPP4
CHEMBL513725,=,=,nM,3.3,nM,3.3,DPP4
CHEMBL470477,=,=,nM,2.6,nM,2.6,DPP4
CHEMBL470476,=,=,nM,3.1,nM,3.1,DPP4
CHEMBL470330,=,=,nM,33.0,nM,33.0,DPP4
CHEMBL472097,>,>,nM,316.0,nM,316.0,DPP4
CHEMBL472096,=,=,nM,4.6,nM,4.6,DPP4
CHEMBL1203962,=,=,nM,13.0,nM,13.0,DPP4
CHEMBL469452,=,=,nM,8.7,nM,8.7,DPP4
CHEMBL472102,=,=,nM,7.8,nM,7.8,DPP4
CHEMBL512726,=,=,nM,2.9,nM,2.9,DPP4
CHEMBL472101,=,=,nM,27.0,nM,27.0,DPP4
CHEMBL508845,=,=,nM,16.0,nM,16.0,DPP4
CHEMBL472100,=,=,nM,88.0,nM,88.0,DPP4
CHEMBL512890,=,=,nM,12.0,nM,12.0,DPP4
CHEMBL471089,=,=,nM,8.6,nM,8.6,DPP4
CHEMBL512694,=,=,nM,22.0,nM,22.0,DPP4
CHEMBL471088,=,=,nM,6.2,nM,6.2,DPP4
CHEMBL470893,=,=,nM,7.3,nM,7.3,DPP4
CHEMBL511128,=,=,nM,252.0,nM,252.0,DPP4
CHEMBL485828,=,=,nM,39.0,nM,39.0,DPP4
CHEMBL504237,>,>,nM,316.0,nM,316.0,DPP4
CHEMBL520854,=,=,nM,31.0,nM,31.0,DPP4
CHEMBL485827,=,=,nM,75.0,nM,75.0,DPP4
CHEMBL488810,=,=,nM,109.0,nM,109.0,DPP4
CHEMBL487862,=,=,nM,13.0,nM,13.0,DPP4
CHEMBL487861,=,=,nM,5.8,nM,5.8,DPP4
CHEMBL487860,=,=,nM,1.5,nM,1.5,DPP4
CHEMBL519585,=,=,nM,5.7,nM,5.7,DPP4
CHEMBL488036,=,=,nM,2.9,nM,2.9,DPP4
CHEMBL488419,=,=,nM,5.4,nM,5.4,DPP4
CHEMBL488418,=,=,nM,4.5,nM,4.5,DPP4
CHEMBL487681,=,=,nM,8.2,nM,8.2,DPP4
CHEMBL521224,=,=,nM,2.4,nM,2.4,DPP4
CHEMBL500008,=,=,nM,2.7,nM,2.7,DPP4
CHEMBL487680,=,=,nM,2.8,nM,2.8,DPP4
CHEMBL1744354,=,=,nM,1.1,nM,1.1,DPP4
CHEMBL488022,=,=,nM,510.0,uM,0.51,DPP4
CHEMBL488027,=,=,nM,4300.0,uM,4.3,DPP4
CHEMBL488713,=,=,nM,8500.0,uM,8.5,DPP4
CHEMBL488714,=,=,nM,2700.0,uM,2.7,DPP4
CHEMBL528328,=,=,nM,2200.0,uM,2.2,DPP4
CHEMBL452836,=,=,nM,1400.0,uM,1.4,DPP4
CHEMBL488909,=,=,nM,2800.0,uM,2.8,DPP4
CHEMBL488908,=,=,nM,2500.0,uM,2.5,DPP4
CHEMBL488056,=,=,nM,5900.0,uM,5.9,DPP4
CHEMBL470118,=,=,nM,1400.0,uM,1.4,DPP4
CHEMBL1422,=,=,nM,110.0,uM,0.11,DPP4
CHEMBL479536,=,=,nM,3600.0,uM,3.6,DPP4
CHEMBL516747,=,=,nM,2600.0,uM,2.6,DPP4
CHEMBL512013,=,=,nM,4800.0,uM,4.8,DPP4
CHEMBL472200,=,=,nM,1900.0,uM,1.9,DPP4
CHEMBL472199,=,=,nM,690.0,uM,0.69,DPP4
CHEMBL472381,=,=,nM,8900.0,uM,8.9,DPP4
CHEMBL471515,=,=,nM,9100.0,uM,9.1,DPP4
CHEMBL471343,=,=,nM,1600.0,uM,1.6,DPP4
CHEMBL518296,=,=,nM,2000.0,uM,2.0,DPP4
CHEMBL456885,=,=,nM,2100.0,uM,2.1,DPP4
CHEMBL459881,=,=,nM,3100.0,uM,3.1,DPP4
CHEMBL518629,=,=,nM,1300.0,uM,1.3,DPP4
CHEMBL462564,=,=,nM,3700.0,uM,3.7,DPP4
CHEMBL461112,=,=,nM,7400.0,uM,7.4,DPP4
CHEMBL460951,=,=,nM,770.0,uM,0.77,DPP4
CHEMBL459883,=,=,nM,1600.0,uM,1.6,DPP4
CHEMBL459882,=,=,nM,3000.0,uM,3.0,DPP4
CHEMBL461129,=,=,nM,1600.0,uM,1.6,DPP4
CHEMBL511872,=,=,nM,5600.0,uM,5.6,DPP4
CHEMBL460950,=,=,nM,1900.0,uM,1.9,DPP4
CHEMBL460949,=,=,nM,1600.0,uM,1.6,DPP4
CHEMBL452327,=,=,nM,2200.0,uM,2.2,DPP4
CHEMBL452326,=,=,nM,2700.0,uM,2.7,DPP4
CHEMBL510797,=,=,nM,710.0,uM,0.71,DPP4
CHEMBL234412,=,=,nM,710.0,nM,710.0,DPP4
CHEMBL525183,=,=,nM,370.0,nM,370.0,DPP4
CHEMBL186406,=,=,nM,320.0,nM,320.0,DPP4
CHEMBL498167,=,=,nM,250.0,nM,250.0,DPP4
CHEMBL443250,=,=,nM,170.0,nM,170.0,DPP4
CHEMBL380860,=,=,nM,110.0,nM,110.0,DPP4
CHEMBL280658,=,=,nM,73.0,nM,73.0,DPP4
CHEMBL451319,=,=,nM,69.0,nM,69.0,DPP4
CHEMBL496131,=,=,nM,43.0,nM,43.0,DPP4
CHEMBL495932,=,=,nM,25.0,nM,25.0,DPP4
CHEMBL77538,=,=,nM,22.0,nM,22.0,DPP4
CHEMBL504823,=,=,nM,21.0,nM,21.0,DPP4
CHEMBL1422,=,=,nM,18.0,nM,18.0,DPP4
CHEMBL507254,=,=,nM,12.0,nM,12.0,DPP4
CHEMBL497993,=,=,nM,11.0,nM,11.0,DPP4
CHEMBL324777,=,=,nM,9.0,nM,9.0,DPP4
CHEMBL497992,=,=,nM,2.6,nM,2.6,DPP4
CHEMBL509777,=,=,nM,390000.0,nM,390000.0,DPP4
CHEMBL361235,=,=,nM,230000.0,nM,230000.0,DPP4
CHEMBL523066,=,=,nM,180000.0,nM,180000.0,DPP4
CHEMBL496953,=,=,nM,50000.0,nM,50000.0,DPP4
CHEMBL497782,=,=,nM,13000.0,nM,13000.0,DPP4
CHEMBL522911,=,=,nM,12000.0,nM,12000.0,DPP4
CHEMBL371907,=,=,nM,3300.0,nM,3300.0,DPP4
CHEMBL527015,=,=,nM,45.0,nM,45.0,DPP4
CHEMBL522909,=,=,nM,21.0,nM,21.0,DPP4
CHEMBL513764,=,=,nM,7800.0,nM,7800.0,DPP4
CHEMBL471633,=,=,nM,1000.0,nM,1000.0,DPP4
CHEMBL471841,=,=,nM,2200.0,nM,2200.0,DPP4
CHEMBL471842,=,=,nM,870.0,nM,870.0,DPP4
CHEMBL470170,=,=,nM,2500.0,nM,2500.0,DPP4
CHEMBL470171,=,=,nM,3300.0,nM,3300.0,DPP4
CHEMBL512145,=,=,nM,570.0,nM,570.0,DPP4
CHEMBL469325,=,=,nM,470.0,nM,470.0,DPP4
CHEMBL469538,=,=,nM,190.0,nM,190.0,DPP4
CHEMBL512718,=,=,nM,64.0,nM,64.0,DPP4
CHEMBL472027,=,=,nM,13.0,nM,13.0,DPP4
CHEMBL512709,=,=,nM,12.0,nM,12.0,DPP4
CHEMBL470356,=,=,nM,2.7,nM,2.7,DPP4
CHEMBL470357,=,=,nM,3.3,nM,3.3,DPP4
CHEMBL513543,=,=,nM,270.0,nM,270.0,DPP4
CHEMBL469730,=,=,nM,35.0,nM,35.0,DPP4
CHEMBL469521,=,=,nM,130.0,nM,130.0,DPP4
CHEMBL469522,=,=,nM,70.0,nM,70.0,DPP4
CHEMBL469740,=,=,nM,350.0,nM,350.0,DPP4
CHEMBL471834,=,=,nM,1.0,nM,1.0,DPP4
CHEMBL470164,=,=,nM,3.6,nM,3.6,DPP4
CHEMBL512651,=,=,nM,0.64,nM,0.64,DPP4
CHEMBL469317,=,=,nM,1.9,nM,1.9,DPP4
CHEMBL504021,=,=,nM,0.79,nM,0.79,DPP4
CHEMBL1422,=,=,nM,30.0,uM,0.03,DPP4
CHEMBL142703,=,=,nM,56.0,uM,0.056,DPP4
CHEMBL522002,=,=,nM,298.0,uM,0.298,DPP4
CHEMBL493544,=,=,nM,10.0,uM,0.01,DPP4
CHEMBL493760,=,=,nM,1600.0,uM,1.6,DPP4
CHEMBL475662,=,=,nM,8.0,uM,0.008,DPP4
CHEMBL474002,=,=,nM,31.0,uM,0.031,DPP4
CHEMBL474003,=,=,nM,12.0,uM,0.012,DPP4
CHEMBL475169,=,=,nM,31.0,uM,0.031,DPP4
CHEMBL475863,=,=,nM,12.0,uM,0.012,DPP4
CHEMBL474025,=,=,nM,16.0,uM,0.016,DPP4
CHEMBL514006,=,=,nM,25.0,uM,0.025,DPP4
CHEMBL475870,=,=,nM,14.0,uM,0.014,DPP4
CHEMBL514317,=,=,nM,13.0,uM,0.013,DPP4
CHEMBL493543,=,=,nM,2.0,uM,0.002,DPP4
CHEMBL2364733,=,=,nM,2.0,uM,0.002,DPP4
CHEMBL494146,=,=,nM,5.0,uM,0.005,DPP4
CHEMBL494147,=,=,nM,35.0,uM,0.035,DPP4
CHEMBL494339,=,=,nM,40.0,uM,0.04,DPP4
CHEMBL494340,=,=,nM,6.0,uM,0.006,DPP4
CHEMBL492536,=,=,nM,7.0,uM,0.007,DPP4
CHEMBL492733,=,=,nM,5.0,uM,0.005,DPP4
CHEMBL474047,=,=,nM,9.0,uM,0.009,DPP4
CHEMBL474048,=,=,nM,6.0,uM,0.006,DPP4
CHEMBL474049,=,=,nM,7.0,uM,0.007,DPP4
CHEMBL474211,=,=,nM,10.0,uM,0.01,DPP4
CHEMBL474394,=,=,nM,22.0,uM,0.022,DPP4
CHEMBL475465,=,=,nM,7.0,uM,0.007,DPP4
CHEMBL474800,=,=,nM,15.0,uM,0.015,DPP4
CHEMBL475634,=,=,nM,17.0,uM,0.017,DPP4
CHEMBL516080,=,=,nM,31.0,uM,0.031,DPP4
CHEMBL474808,=,=,nM,8.0,uM,0.008,DPP4
CHEMBL474982,=,=,nM,19.0,uM,0.019,DPP4
CHEMBL515435,=,=,nM,37.0,uM,0.037,DPP4
CHEMBL474983,=,=,nM,11.0,uM,0.011,DPP4
CHEMBL470428,>,>,nM,30000.0,uM,30.0,DPP4
CHEMBL445544,=,=,nM,1930.0,uM,1.93,DPP4
CHEMBL450211,=,=,nM,3580.0,uM,3.58,DPP4
CHEMBL510157,>,>,nM,30000.0,uM,30.0,DPP4
CHEMBL450091,=,=,nM,25900.0,uM,25.9,DPP4
CHEMBL469545,>,>,nM,30000.0,uM,30.0,DPP4
CHEMBL501314,=,=,nM,3250.0,uM,3.25,DPP4
CHEMBL509672,=,=,nM,1420.0,uM,1.42,DPP4
CHEMBL471648,>,>,nM,30000.0,uM,30.0,DPP4
CHEMBL496691,=,=,nM,1970.0,uM,1.97,DPP4
CHEMBL451619,=,=,nM,272.0,uM,0.272,DPP4
CHEMBL496863,=,=,nM,270.0,uM,0.27,DPP4
CHEMBL497735,=,=,nM,35.0,nM,35.0,DPP4
CHEMBL498749,=,=,nM,26.0,nM,26.0,DPP4
CHEMBL525011,=,=,nM,19.0,nM,19.0,DPP4
CHEMBL485123,=,=,nM,18.0,nM,18.0,DPP4
CHEMBL485124,=,=,nM,22.0,nM,22.0,DPP4
CHEMBL485125,=,=,nM,27.0,nM,27.0,DPP4
CHEMBL484528,=,=,nM,4.0,nM,4.0,DPP4
CHEMBL397070,=,=,nM,90000.0,uM,90.0,DPP4
CHEMBL453582,>,>,nM,250000.0,uM,250.0,DPP4
CHEMBL508197,>,>,nM,500000.0,uM,500.0,DPP4
CHEMBL452521,>,>,nM,1000000.0,uM,1000.0,DPP4
CHEMBL452520,>,>,nM,500000.0,uM,500.0,DPP4
CHEMBL488493,>,>,nM,100000.0,uM,100.0,DPP4
CHEMBL527647,=,=,nM,4970.0,uM,4.97,DPP4
CHEMBL486049,>,>,nM,250000.0,uM,250.0,DPP4
CHEMBL488047,>,>,nM,31250.0,uM,31.25,DPP4
CHEMBL487872,=,=,nM,178000.0,uM,178.0,DPP4
CHEMBL487871,>,>,nM,62500.0,uM,62.5,DPP4
CHEMBL520200,>,>,nM,50000.0,uM,50.0,DPP4
CHEMBL488227,=,=,nM,245000.0,uM,245.0,DPP4
CHEMBL488226,=,=,nM,161000.0,uM,161.0,DPP4
CHEMBL488225,>,>,nM,100000.0,uM,100.0,DPP4
CHEMBL506177,>,>,nM,100000.0,uM,100.0,DPP4
CHEMBL502153,>,>,nM,100000.0,uM,100.0,DPP4
CHEMBL488105,>,>,nM,100000.0,uM,100.0,DPP4
CHEMBL453199,>,>,nM,100000.0,uM,100.0,DPP4
CHEMBL487432,>,>,nM,100000.0,uM,100.0,DPP4
CHEMBL510322,>,>,nM,50000.0,uM,50.0,DPP4
CHEMBL508193,>,>,nM,100000.0,uM,100.0,DPP4
CHEMBL469878,>,>,nM,100000.0,uM,100.0,DPP4
CHEMBL469679,>,>,nM,100000.0,uM,100.0,DPP4
CHEMBL469678,>,>,nM,100000.0,uM,100.0,DPP4
CHEMBL469669,>,>,nM,100000.0,uM,100.0,DPP4
CHEMBL466590,=,=,nM,80100.0,uM,80.1,DPP4
CHEMBL469892,>,>,nM,100000.0,uM,100.0,DPP4
CHEMBL469891,>,>,nM,100000.0,uM,100.0,DPP4
CHEMBL469890,=,=,nM,115000.0,uM,115.0,DPP4
CHEMBL383705,=,=,nM,5400.0,uM,5.4,DPP4
CHEMBL481466,,,,,,,DPP4
CHEMBL472128,=,=,nM,560.0,uM,0.56,DPP4
CHEMBL518144,=,=,nM,2500.0,uM,2.5,DPP4
CHEMBL511659,=,=,nM,52000.0,uM,52.0,DPP4
CHEMBL471747,=,=,nM,530.0,uM,0.53,DPP4
CHEMBL471731,=,=,nM,2200.0,uM,2.2,DPP4
CHEMBL471547,=,=,nM,290.0,uM,0.29,DPP4
CHEMBL471546,=,=,nM,340.0,uM,0.34,DPP4
CHEMBL512705,>,>,nM,1000000.0,uM,1000.0,DPP4
CHEMBL488227,=,=,nM,245000.0,uM,245.0,DPP4
CHEMBL471544,=,=,nM,35.0,uM,0.035,DPP4
CHEMBL461092,=,=,nM,3700.0,uM,3.7,DPP4
CHEMBL449318,>,>,nM,1000000.0,uM,1000.0,DPP4
CHEMBL488226,=,=,nM,161000.0,uM,161.0,DPP4
CHEMBL461913,=,=,nM,51000.0,uM,51.0,DPP4
CHEMBL461912,=,=,nM,320.0,uM,0.32,DPP4
CHEMBL456298,>,>,nM,1000000.0,uM,1000.0,DPP4
CHEMBL461911,=,=,nM,500000.0,uM,500.0,DPP4
CHEMBL455298,=,=,nM,23000.0,uM,23.0,DPP4
CHEMBL461506,=,=,nM,247000.0,uM,247.0,DPP4
CHEMBL469890,=,=,nM,115000.0,uM,115.0,DPP4
CHEMBL457550,>,>,nM,1000000.0,uM,1000.0,DPP4
CHEMBL460887,=,=,nM,94000.0,uM,94.0,DPP4
CHEMBL460886,=,=,nM,3500.0,uM,3.5,DPP4
CHEMBL460885,=,=,nM,107000.0,uM,107.0,DPP4
CHEMBL503809,=,=,nM,93000.0,uM,93.0,DPP4
CHEMBL452470,=,=,nM,52000.0,uM,52.0,DPP4
CHEMBL461291,=,=,nM,15000.0,uM,15.0,DPP4
CHEMBL446007,=,=,nM,374000.0,uM,374.0,DPP4
CHEMBL83418,=,=,nM,67000.0,uM,67.0,DPP4
CHEMBL461496,=,=,nM,50400.0,uM,50.4,DPP4
CHEMBL442952,=,=,nM,15000.0,uM,15.0,DPP4
CHEMBL501521,=,=,nM,23100.0,uM,23.1,DPP4
CHEMBL461290,=,=,nM,16800.0,uM,16.8,DPP4
CHEMBL461289,=,=,nM,12700.0,uM,12.7,DPP4
CHEMBL460065,=,=,nM,9700.0,uM,9.7,DPP4
CHEMBL459643,=,=,nM,118000.0,uM,118.0,DPP4
CHEMBL459642,=,=,nM,15600.0,uM,15.6,DPP4
CHEMBL501126,=,=,nM,39000.0,uM,39.0,DPP4
CHEMBL511346,=,=,nM,43500.0,uM,43.5,DPP4
CHEMBL459641,=,=,nM,190000.0,uM,190.0,DPP4
CHEMBL459159,=,=,nM,37000.0,uM,37.0,DPP4
CHEMBL459438,=,=,nM,98000.0,uM,98.0,DPP4
CHEMBL443373,=,=,nM,188000.0,uM,188.0,DPP4
CHEMBL499101,=,=,nM,122000.0,uM,122.0,DPP4
CHEMBL455542,>,>,nM,1000000.0,uM,1000.0,DPP4
CHEMBL453918,=,=,nM,21000.0,uM,21.0,DPP4
CHEMBL452029,=,=,nM,286000.0,uM,286.0,DPP4
CHEMBL98008,=,=,nM,17000.0,uM,17.0,DPP4
CHEMBL453574,=,=,nM,24000.0,uM,24.0,DPP4
CHEMBL453573,=,=,nM,3900.0,uM,3.9,DPP4
CHEMBL503274,=,=,nM,4000.0,uM,4.0,DPP4
CHEMBL403882,=,=,nM,15000.0,uM,15.0,DPP4
CHEMBL443622,=,=,nM,41000.0,uM,41.0,DPP4
CHEMBL97025,>,>,nM,1000000.0,uM,1000.0,DPP4
CHEMBL397070,=,=,nM,90000.0,uM,90.0,DPP4
CHEMBL98869,=,=,nM,165000.0,uM,165.0,DPP4
CHEMBL1422,=,=,nM,40.0,uM,0.04,DPP4
CHEMBL510594,=,=,nM,22.0,uM,0.022,DPP4
CHEMBL98408,=,=,nM,1700.0,uM,1.7,DPP4
CHEMBL142703,=,=,nM,120.0,uM,0.12,DPP4
CHEMBL382127,=,=,nM,40000.0,uM,40.0,DPP4
CHEMBL381806,=,=,nM,23.0,uM,0.023,DPP4
CHEMBL512887,=,=,nM,9800.0,nM,9800.0,DPP4
CHEMBL452290,=,=,nM,100.0,nM,100.0,DPP4
CHEMBL452289,=,=,nM,32.0,nM,32.0,DPP4
CHEMBL512895,=,=,nM,71.0,nM,71.0,DPP4
CHEMBL472123,=,=,nM,107.0,nM,107.0,DPP4
CHEMBL442673,=,=,nM,110.0,nM,110.0,DPP4
CHEMBL471936,=,=,nM,253.0,nM,253.0,DPP4
CHEMBL472124,=,=,nM,245.0,nM,245.0,DPP4
CHEMBL504506,=,=,nM,1300.0,nM,1300.0,DPP4
CHEMBL388475,=,=,nM,98.0,nM,98.0,DPP4
CHEMBL488678,=,=,nM,120.0,nM,120.0,DPP4
CHEMBL452297,=,=,nM,85.0,nM,85.0,DPP4
CHEMBL510073,=,=,nM,120.0,nM,120.0,DPP4
CHEMBL452805,=,=,nM,40.0,nM,40.0,DPP4
CHEMBL507738,=,=,nM,20.0,nM,20.0,DPP4
CHEMBL527198,=,=,nM,46.0,nM,46.0,DPP4
CHEMBL488469,=,=,nM,40.0,nM,40.0,DPP4
CHEMBL519591,=,=,nM,600.0,nM,600.0,DPP4
CHEMBL487630,=,=,nM,615.0,nM,615.0,DPP4
CHEMBL520067,=,=,nM,4400.0,nM,4400.0,DPP4
CHEMBL220249,=,=,nM,1800.0,nM,1800.0,DPP4
CHEMBL507719,=,=,nM,55.0,nM,55.0,DPP4
CHEMBL488637,=,=,nM,8800.0,nM,8800.0,DPP4
CHEMBL488484,=,=,nM,200.0,nM,200.0,DPP4
CHEMBL527424,=,=,nM,9200.0,nM,9200.0,DPP4
CHEMBL433572,=,=,nM,270.0,nM,270.0,DPP4
CHEMBL513425,=,=,nM,70.0,nM,70.0,DPP4
CHEMBL519139,=,=,nM,1440.0,nM,1440.0,DPP4
CHEMBL482338,=,=,nM,510.0,nM,510.0,DPP4
CHEMBL480549,=,=,nM,3400.0,nM,3400.0,DPP4
CHEMBL480550,=,=,nM,490.0,nM,490.0,DPP4
CHEMBL481554,=,=,nM,410.0,nM,410.0,DPP4
CHEMBL481714,=,=,nM,490.0,nM,490.0,DPP4
CHEMBL521267,=,=,nM,1392.0,nM,1392.0,DPP4
CHEMBL481725,=,=,nM,1500.0,nM,1500.0,DPP4
CHEMBL481897,=,=,nM,350.0,nM,350.0,DPP4
CHEMBL482070,=,=,nM,3100.0,nM,3100.0,DPP4
CHEMBL482071,=,=,nM,405.0,nM,405.0,DPP4
CHEMBL520089,=,=,nM,387.0,nM,387.0,DPP4
CHEMBL481157,=,=,nM,6400.0,nM,6400.0,DPP4
CHEMBL519773,=,=,nM,597.0,nM,597.0,DPP4
CHEMBL481158,=,=,nM,423.0,nM,423.0,DPP4
CHEMBL393336,=,=,nM,87.0,nM,87.0,DPP4
CHEMBL482154,=,=,nM,223.0,nM,223.0,DPP4
CHEMBL474630,=,=,nM,239.0,nM,239.0,DPP4
CHEMBL474631,=,=,nM,788.0,nM,788.0,DPP4
CHEMBL474794,=,=,nM,180.0,nM,180.0,DPP4
CHEMBL474812,=,=,nM,288.0,nM,288.0,DPP4
CHEMBL474813,=,=,nM,150.0,nM,150.0,DPP4
CHEMBL475654,=,=,nM,50.0,nM,50.0,DPP4
CHEMBL475655,=,=,nM,67.0,nM,67.0,DPP4
CHEMBL473830,=,=,nM,260.0,nM,260.0,DPP4
CHEMBL515387,=,=,nM,12.9,nM,12.9,DPP4
CHEMBL475246,=,=,nM,8.7,nM,8.7,DPP4
CHEMBL515597,=,=,nM,8.2,nM,8.2,DPP4
CHEMBL475574,=,=,nM,5.8,nM,5.8,DPP4
CHEMBL475573,=,=,nM,7.4,nM,7.4,DPP4
CHEMBL474409,=,=,nM,5.6,nM,5.6,DPP4
CHEMBL514011,=,=,nM,4.8,nM,4.8,DPP4
CHEMBL474410,=,=,nM,5.2,nM,5.2,DPP4
CHEMBL475586,=,=,nM,5.2,nM,5.2,DPP4
CHEMBL473419,=,=,nM,51.0,nM,51.0,DPP4
CHEMBL473418,=,=,nM,31.0,nM,31.0,DPP4
CHEMBL514623,=,=,nM,31.0,nM,31.0,DPP4
CHEMBL474421,=,=,nM,13.0,nM,13.0,DPP4
CHEMBL472992,=,=,nM,309.0,nM,309.0,DPP4
CHEMBL515869,=,=,nM,25.0,nM,25.0,DPP4
CHEMBL472993,=,=,nM,309.0,nM,309.0,DPP4
CHEMBL473188,=,=,nM,41.0,nM,41.0,DPP4
CHEMBL514935,=,=,nM,134.0,nM,134.0,DPP4
CHEMBL472995,=,=,nM,338.0,nM,338.0,DPP4
CHEMBL515387,=,=,nM,11.3,nM,11.3,DPP4
CHEMBL242813,=,=,nM,128.0,nM,128.0,DPP4
CHEMBL517072,=,=,nM,71.0,nM,71.0,DPP4
CHEMBL233685,=,=,nM,37.0,nM,37.0,DPP4
CHEMBL479370,=,=,nM,68.0,nM,68.0,DPP4
CHEMBL394834,=,=,nM,87.0,nM,87.0,DPP4
CHEMBL394833,=,=,nM,151.0,nM,151.0,DPP4
CHEMBL243872,=,=,nM,805.0,nM,805.0,DPP4
CHEMBL1422,=,=,nM,18.0,nM,18.0,DPP4
CHEMBL216186,=,=,nM,27.0,nM,27.0,DPP4
CHEMBL8260,>,>,nM,200000.0,uM,200.0,DPP4
CHEMBL210276,>,>,nM,200000.0,uM,200.0,DPP4
CHEMBL50,=,=,nM,130000.0,uM,130.0,DPP4
CHEMBL150,=,=,nM,132000.0,uM,132.0,DPP4
CHEMBL226335,=,=,nM,145000.0,uM,145.0,DPP4
CHEMBL485818,=,=,nM,225000.0,uM,225.0,DPP4
CHEMBL479380,=,=,nM,165.0,nM,165.0,DPP4
CHEMBL480713,>,>,nM,10000.0,nM,10000.0,DPP4
CHEMBL480712,=,=,nM,93.0,nM,93.0,DPP4
CHEMBL519272,=,=,nM,1300.0,nM,1300.0,DPP4
CHEMBL452998,=,=,nM,91.0,nM,91.0,DPP4
CHEMBL480705,=,=,nM,78.0,nM,78.0,DPP4
CHEMBL519265,=,=,nM,147.0,nM,147.0,DPP4
CHEMBL480324,=,=,nM,123.0,nM,123.0,DPP4
CHEMBL479736,=,=,nM,85.0,nM,85.0,DPP4
CHEMBL471956,=,=,nM,49.0,nM,49.0,DPP4
CHEMBL511125,=,=,nM,27.0,nM,27.0,DPP4
CHEMBL509391,=,=,nM,3670.0,nM,3670.0,DPP4
CHEMBL480537,=,=,nM,221.0,nM,221.0,DPP4
CHEMBL480536,=,=,nM,186.0,nM,186.0,DPP4
CHEMBL482104,=,=,nM,186.0,nM,186.0,DPP4
CHEMBL479983,=,=,nM,146.0,nM,146.0,DPP4
CHEMBL482262,=,=,nM,181.0,nM,181.0,DPP4
CHEMBL482261,=,=,nM,84.0,nM,84.0,DPP4
CHEMBL480943,=,=,nM,1715.0,nM,1715.0,DPP4
CHEMBL480942,=,=,nM,118.0,nM,118.0,DPP4
CHEMBL520921,=,=,nM,630.0,nM,630.0,DPP4
CHEMBL479803,=,=,nM,422.0,nM,422.0,DPP4
CHEMBL480781,=,=,nM,141.0,nM,141.0,DPP4
CHEMBL479794,=,=,nM,92.0,nM,92.0,DPP4
CHEMBL481177,=,=,nM,63.0,nM,63.0,DPP4
CHEMBL520266,=,=,nM,42.0,nM,42.0,DPP4
CHEMBL479538,=,=,nM,31.0,nM,31.0,DPP4
CHEMBL471960,=,=,nM,51.0,nM,51.0,DPP4
CHEMBL471785,=,=,nM,3740.0,nM,3740.0,DPP4
CHEMBL471784,=,=,nM,3430.0,nM,3430.0,DPP4
CHEMBL480155,=,=,nM,95.0,nM,95.0,DPP4
CHEMBL480154,=,=,nM,229.0,nM,229.0,DPP4
CHEMBL480914,=,=,nM,109.0,nM,109.0,DPP4
CHEMBL480913,=,=,nM,2540.0,nM,2540.0,DPP4
CHEMBL481288,=,=,nM,59.0,nM,59.0,DPP4
CHEMBL481290,=,=,nM,152.0,nM,152.0,DPP4
CHEMBL481669,=,=,nM,95.0,nM,95.0,DPP4
CHEMBL520434,=,=,nM,38.0,nM,38.0,DPP4
CHEMBL479567,=,=,nM,110.0,nM,110.0,DPP4
CHEMBL479381,=,=,nM,153.0,nM,153.0,DPP4
CHEMBL77538,=,=,nM,22.0,nM,22.0,DPP4
CHEMBL184651,=,=,nM,140.0,uM,0.14,DPP4
CHEMBL142703,=,=,nM,34.0,nM,34.0,DPP4
CHEMBL186566,=,=,nM,4.0,nM,4.0,DPP4
CHEMBL515378,=,=,nM,251.0,nM,251.0,DPP4
CHEMBL461117,=,=,nM,0.6,nM,0.6,DPP4
CHEMBL472096,=,=,nM,4.6,nM,4.6,DPP4
CHEMBL456413,=,=,nM,22.0,nM,22.0,DPP4
CHEMBL456419,=,=,nM,6.2,nM,6.2,DPP4
CHEMBL456420,=,=,nM,0.13,nM/L,0.13,DPP4
CHEMBL445437,=,=,nM,0.15,nM/L,0.15,DPP4
CHEMBL413797,=,=,nM,4.9,nM,4.9,DPP4
CHEMBL98408,=,=,nM,420.0,nM,420.0,DPP4
CHEMBL278393,=,=,nM,320.0,nM,320.0,DPP4
CHEMBL25437,=,=,nM,88.0,nM,88.0,DPP4
CHEMBL390513,=,=,nM,25.4,nM,25.4,DPP4
CHEMBL237119,=,=,nM,0.012,nM,0.012,DPP4
CHEMBL237336,=,=,nM,0.064,nM,0.064,DPP4
CHEMBL459357,=,=,nM,4.3,nM,4.3,DPP4
CHEMBL22310,=,=,nM,48.0,nM,48.0,DPP4
CHEMBL460842,=,=,nM,8.0,nM,8.0,DPP4
CHEMBL445949,=,=,nM,0.48,nM,0.48,DPP4
CHEMBL175872,=,=,nM,139.0,nM,139.0,DPP4
CHEMBL459591,=,=,nM,18.0,nM,18.0,DPP4
CHEMBL459806,<,<,nM,10.0,nM,10.0,DPP4
CHEMBL459807,=,=,nM,2.28,nM,2.28,DPP4
CHEMBL460013,=,=,nM,7690.0,uM,7.69,DPP4
CHEMBL460013,=,=,nM,6030.0,uM,6.03,DPP4
CHEMBL473166,=,=,nM,85.0,uM,0.085,DPP4
CHEMBL514617,=,=,nM,54.0,uM,0.054,DPP4
CHEMBL473172,=,=,nM,64.0,uM,0.064,DPP4
CHEMBL515552,=,=,nM,84.0,uM,0.084,DPP4
CHEMBL472976,=,=,nM,75.0,uM,0.075,DPP4
CHEMBL472977,=,=,nM,62.0,uM,0.062,DPP4
CHEMBL473176,=,=,nM,85.0,uM,0.085,DPP4
CHEMBL473973,=,=,nM,60.0,uM,0.06,DPP4
CHEMBL474559,=,=,nM,73.0,uM,0.073,DPP4
CHEMBL474560,=,=,nM,86.0,uM,0.086,DPP4
CHEMBL463481,=,=,nM,42.0,uM,0.042,DPP4
CHEMBL474959,=,=,nM,68.0,uM,0.068,DPP4
CHEMBL474960,=,=,nM,101.0,uM,0.101,DPP4
CHEMBL472797,=,=,nM,24.0,uM,0.024,DPP4
CHEMBL474767,=,=,nM,16.0,uM,0.016,DPP4
CHEMBL474768,=,=,nM,56.0,uM,0.056,DPP4
CHEMBL463481,=,=,nM,47.0,uM,0.047,DPP4
CHEMBL447393,=,=,nM,27.0,uM,0.027,DPP4
CHEMBL464092,=,=,nM,19.0,uM,0.019,DPP4
CHEMBL517776,=,=,nM,15.0,uM,0.015,DPP4
CHEMBL464093,=,=,nM,21.0,uM,0.021,DPP4
CHEMBL463277,=,=,nM,22.0,uM,0.022,DPP4
CHEMBL518831,=,=,nM,26.0,uM,0.026,DPP4
CHEMBL462839,=,=,nM,17.0,uM,0.017,DPP4
CHEMBL463230,=,=,nM,20.0,uM,0.02,DPP4
CHEMBL463231,=,=,nM,26.0,uM,0.026,DPP4
CHEMBL1422,=,=,nM,30.0,uM,0.03,DPP4
CHEMBL142703,=,=,nM,51.0,uM,0.051,DPP4
CHEMBL474767,=,=,nM,10.0,nM,10.0,DPP4
CHEMBL474767,=,=,nM,15.0,nM,15.0,DPP4
CHEMBL425584,=,=,nM,90.0,nM,90.0,DPP4
CHEMBL562525,=,=,nM,27.0,nM,27.0,DPP4
CHEMBL550862,=,=,nM,49.0,nM,49.0,DPP4
CHEMBL552263,=,=,nM,92.0,nM,92.0,DPP4
CHEMBL553936,=,=,nM,92.0,nM,92.0,DPP4
CHEMBL560123,=,=,nM,47.0,nM,47.0,DPP4
CHEMBL563911,=,=,nM,87.0,nM,87.0,DPP4
CHEMBL562981,=,=,nM,66.0,nM,66.0,DPP4
CHEMBL557851,=,=,nM,77.0,nM,77.0,DPP4
CHEMBL563108,=,=,nM,27.0,nM,27.0,DPP4
CHEMBL564043,=,=,nM,14.0,nM,14.0,DPP4
CHEMBL564249,=,=,nM,0.38,nM,0.38,DPP4
CHEMBL561120,=,=,nM,12.0,nM,12.0,DPP4
CHEMBL563648,=,=,nM,9.0,nM,9.0,DPP4
CHEMBL539187,=,=,nM,34.0,nM,34.0,DPP4
CHEMBL561322,=,=,nM,8.0,nM,8.0,DPP4
CHEMBL549842,=,=,nM,53.0,nM,53.0,DPP4
CHEMBL562603,=,=,nM,94.0,nM,94.0,DPP4
CHEMBL565056,=,=,nM,27.0,nM,27.0,DPP4
CHEMBL549432,=,=,nM,20.0,nM,20.0,DPP4
CHEMBL560183,=,=,nM,24.0,nM,24.0,DPP4
CHEMBL560184,=,=,nM,30.0,nM,30.0,DPP4
CHEMBL563272,=,=,nM,8.0,nM,8.0,DPP4
CHEMBL142703,=,=,nM,3.0,nM,3.0,DPP4
CHEMBL385517,=,=,nM,3.0,nM,3.0,DPP4
CHEMBL539691,=,=,nM,105.0,nM,105.0,DPP4
CHEMBL564670,=,=,nM,26.0,nM,26.0,DPP4
CHEMBL560583,=,=,nM,56.0,nM,56.0,DPP4
CHEMBL564854,=,=,nM,33.0,nM,33.0,DPP4
CHEMBL561263,=,=,nM,63.0,nM,63.0,DPP4
CHEMBL563772,=,=,nM,53.0,nM,53.0,DPP4
CHEMBL561462,=,=,nM,109.0,nM,109.0,DPP4
CHEMBL558956,=,=,nM,89.0,nM,89.0,DPP4
CHEMBL560985,=,=,nM,59.0,nM,59.0,DPP4
CHEMBL558313,=,=,nM,205.0,nM,205.0,DPP4
CHEMBL556219,=,=,nM,118.0,nM,118.0,DPP4
CHEMBL552403,=,=,nM,152.0,nM,152.0,DPP4
CHEMBL558509,>,>,nM,1600.0,uM,1.6,DPP4
CHEMBL556220,>,>,nM,16000.0,uM,16.0,DPP4
CHEMBL552404,>,>,nM,16000.0,uM,16.0,DPP4
CHEMBL551323,>,>,nM,1600.0,uM,1.6,DPP4
CHEMBL87265,>,>,nM,1600.0,uM,1.6,DPP4
CHEMBL562388,=,=,nM,15.0,uM,0.015,DPP4
CHEMBL541438,=,=,nM,11.0,uM,0.011,DPP4
CHEMBL557514,=,=,nM,23.0,uM,0.023,DPP4
CHEMBL557447,=,=,nM,15.0,uM,0.015,DPP4
CHEMBL559477,=,=,nM,12.0,uM,0.012,DPP4
CHEMBL552068,=,=,nM,8.3,uM,0.0083,DPP4
CHEMBL562188,=,=,nM,6.7,uM,0.0067,DPP4
CHEMBL549502,=,=,nM,51.0,uM,0.051,DPP4
CHEMBL560926,=,=,nM,329.0,uM,0.329,DPP4
CHEMBL556494,=,=,nM,8.6,uM,0.0086,DPP4
CHEMBL561793,=,=,nM,7.1,uM,0.0071,DPP4
CHEMBL560729,=,=,nM,52.0,uM,0.052,DPP4
CHEMBL563383,=,=,nM,13.0,uM,0.013,DPP4
CHEMBL549645,=,=,nM,56.0,uM,0.056,DPP4
CHEMBL560192,=,=,nM,8.0,uM,0.008,DPP4
CHEMBL559940,=,=,nM,4.2,uM,0.0042,DPP4
CHEMBL550801,=,=,nM,47.0,uM,0.047,DPP4
CHEMBL552479,=,=,nM,14.0,uM,0.014,DPP4
CHEMBL562953,=,=,nM,18.0,uM,0.018,DPP4
CHEMBL563155,=,=,nM,53.0,uM,0.053,DPP4
CHEMBL550598,=,=,nM,28.0,uM,0.028,DPP4
CHEMBL562530,=,=,nM,22.0,uM,0.022,DPP4
CHEMBL558253,=,=,nM,47.0,uM,0.047,DPP4
CHEMBL560669,=,=,nM,17.0,uM,0.017,DPP4
CHEMBL552071,=,=,nM,77.0,uM,0.077,DPP4
CHEMBL537962,=,=,nM,30.0,uM,0.03,DPP4
CHEMBL549913,=,=,nM,68.0,uM,0.068,DPP4
CHEMBL559940,=,=,nM,11.0,uM,0.011,DPP4
CHEMBL562188,=,=,nM,16.0,uM,0.016,DPP4
CHEMBL552068,=,=,nM,17.0,uM,0.017,DPP4
CHEMBL541438,=,=,nM,32.0,uM,0.032,DPP4
CHEMBL559477,=,=,nM,23.0,uM,0.023,DPP4
CHEMBL562388,=,=,nM,24.0,uM,0.024,DPP4
CHEMBL563648,=,=,nM,9.0,nM,9.0,DPP4
CHEMBL558647,=,=,nM,2.7,nM,2.7,DPP4
CHEMBL558452,=,=,nM,1.5,nM,1.5,DPP4
CHEMBL559602,=,=,nM,5.6,nM,5.6,DPP4
CHEMBL564283,=,=,nM,12.0,nM,12.0,DPP4
CHEMBL559543,=,=,nM,27.0,nM,27.0,DPP4
CHEMBL559601,=,=,nM,7.8,nM,7.8,DPP4
CHEMBL550321,=,=,nM,6.8,nM,6.8,DPP4
CHEMBL564105,=,=,nM,1.1,nM,1.1,DPP4
CHEMBL550114,=,=,nM,3.5,nM,3.5,DPP4
CHEMBL557860,=,=,nM,5.9,nM,5.9,DPP4
CHEMBL558323,=,=,nM,6.3,nM,6.3,DPP4
CHEMBL558322,=,=,nM,3.7,nM,3.7,DPP4
CHEMBL557723,=,=,nM,4.8,nM,4.8,DPP4
CHEMBL563901,=,=,nM,2.2,nM,2.2,DPP4
CHEMBL554908,=,=,nM,1.3,nM,1.3,DPP4
CHEMBL552069,=,=,nM,2.7,nM,2.7,DPP4
CHEMBL549992,=,=,nM,10.0,nM,10.0,DPP4
CHEMBL557315,=,=,nM,6.1,nM,6.1,DPP4
CHEMBL565101,=,=,nM,2.3,nM,2.3,DPP4
CHEMBL563849,=,=,nM,2.0,nM,2.0,DPP4
CHEMBL549296,=,=,nM,3.9,nM,3.9,DPP4
CHEMBL549581,=,=,nM,7.1,nM,7.1,DPP4
CHEMBL564488,=,=,nM,5.4,nM,5.4,DPP4
CHEMBL562467,=,=,nM,15.0,nM,15.0,DPP4
CHEMBL556708,=,=,nM,6.3,nM,6.3,DPP4
CHEMBL562072,=,=,nM,3.2,nM,3.2,DPP4
CHEMBL552127,=,=,nM,4.0,nM,4.0,DPP4
CHEMBL563244,=,=,nM,3.5,nM,3.5,DPP4
CHEMBL563272,=,=,nM,8.0,nM,8.0,DPP4
CHEMBL1202082,=,=,nM,53.5,nM,53.5,DPP4
CHEMBL1202090,=,=,nM,68.1,nM,68.1,DPP4
CHEMBL1202091,=,=,nM,47.8,nM,47.8,DPP4
CHEMBL1202092,=,=,nM,68.6,nM,68.6,DPP4
CHEMBL1202083,=,=,nM,34.8,nM,34.8,DPP4
CHEMBL1202086,=,=,nM,29.3,nM,29.3,DPP4
CHEMBL1202093,=,=,nM,82.4,nM,82.4,DPP4
CHEMBL1202081,=,=,nM,65.1,nM,65.1,DPP4
CHEMBL1202089,=,=,nM,25.8,nM,25.8,DPP4
CHEMBL1202087,=,=,nM,44.5,nM,44.5,DPP4
CHEMBL1202088,=,=,nM,60.1,nM,60.1,DPP4
CHEMBL1202084,=,=,nM,133.6,nM,133.6,DPP4
CHEMBL1202094,=,=,nM,20.4,nM,20.4,DPP4
CHEMBL1202080,=,=,nM,2.0,nM,2.0,DPP4
CHEMBL1202085,=,=,nM,165.6,nM,165.6,DPP4
CHEMBL142703,=,=,nM,16.6,nM,16.6,DPP4
CHEMBL376359,<,<,nM,10.0,nM,10.0,DPP4
CHEMBL1422,=,=,nM,18.0,nM,18.0,DPP4
CHEMBL142703,=,=,nM,3.5,nM,3.5,DPP4
CHEMBL567263,=,=,nM,90.0,uM,0.09,DPP4
CHEMBL566460,=,=,nM,31.0,uM,0.031,DPP4
CHEMBL585663,=,=,nM,90.0,uM,0.09,DPP4
CHEMBL565613,=,=,nM,62.0,uM,0.062,DPP4
CHEMBL584276,=,=,nM,120.0,uM,0.12,DPP4
CHEMBL566617,=,=,nM,76.0,uM,0.076,DPP4
CHEMBL565999,=,=,nM,180.0,uM,0.18,DPP4
CHEMBL566854,=,=,nM,130.0,uM,0.13,DPP4
CHEMBL1090,=,=,nM,62.0,nM,62.0,DPP4
CHEMBL567278,=,=,nM,7.0,uM,0.007,DPP4
CHEMBL565633,=,=,nM,2.0,uM,0.002,DPP4
CHEMBL566672,=,=,nM,3.0,uM,0.003,DPP4
CHEMBL565813,=,=,nM,2.0,uM,0.002,DPP4
CHEMBL585129,=,=,nM,4.0,uM,0.004,DPP4
CHEMBL566616,=,=,nM,4.0,uM,0.004,DPP4
CHEMBL566425,=,=,nM,1.0,uM,0.001,DPP4
CHEMBL567279,=,=,nM,5.0,uM,0.005,DPP4
CHEMBL584494,=,=,nM,10.0,uM,0.01,DPP4
CHEMBL566628,=,=,nM,2.0,uM,0.002,DPP4
CHEMBL567727,=,=,nM,4.0,uM,0.004,DPP4
CHEMBL566829,=,=,nM,3.0,uM,0.003,DPP4
CHEMBL566419,=,=,nM,17.0,uM,0.017,DPP4
CHEMBL584692,=,=,nM,11.0,uM,0.011,DPP4
CHEMBL584698,=,=,nM,17.0,uM,0.017,DPP4
CHEMBL585290,=,=,nM,22.0,uM,0.022,DPP4
CHEMBL567728,=,=,nM,16.0,uM,0.016,DPP4
CHEMBL565600,=,=,nM,2.0,uM,0.002,DPP4
CHEMBL567270,=,=,nM,28.0,uM,0.028,DPP4
CHEMBL568111,=,=,nM,32.0,uM,0.032,DPP4
CHEMBL567893,=,=,nM,10000.0,uM,10.0,DPP4
CHEMBL590326,=,=,nM,510.0,nM,510.0,DPP4
CHEMBL592779,=,=,nM,30.0,nM,30.0,DPP4
CHEMBL592778,=,=,nM,22.0,nM,22.0,DPP4
CHEMBL600440,=,=,nM,7800.0,nM,7800.0,DPP4
CHEMBL592547,=,=,nM,430.0,nM,430.0,DPP4
CHEMBL605285,=,=,nM,1330.0,nM,1330.0,DPP4
CHEMBL589598,=,=,nM,142.0,nM,142.0,DPP4
CHEMBL590330,=,=,nM,1150.0,nM,1150.0,DPP4
CHEMBL600045,=,=,nM,142.0,nM,142.0,DPP4
CHEMBL590086,=,=,nM,19.0,nM,19.0,DPP4
CHEMBL590329,=,=,nM,3.7,nM,3.7,DPP4
CHEMBL590812,=,=,nM,9.3,nM,9.3,DPP4
CHEMBL601074,=,=,nM,13.0,nM,13.0,DPP4
CHEMBL591060,=,=,nM,10000.0,nM,10000.0,DPP4
CHEMBL591289,=,=,nM,2200.0,nM,2200.0,DPP4
CHEMBL591290,=,=,nM,13.0,nM,13.0,DPP4
CHEMBL591291,=,=,nM,2.6,nM,2.6,DPP4
CHEMBL591118,=,=,nM,6.8,nM,6.8,DPP4
CHEMBL591117,=,=,nM,3.6,nM,3.6,DPP4
CHEMBL591982,=,=,nM,61.0,nM,61.0,DPP4
CHEMBL591277,=,=,nM,38.0,nM,38.0,DPP4
CHEMBL591278,=,=,nM,5500.0,nM,5500.0,DPP4
CHEMBL591279,=,=,nM,0.5,nM,0.5,DPP4
CHEMBL601937,=,=,nM,1.7,nM,1.7,DPP4
CHEMBL598470,=,=,nM,1.2,nM,1.2,DPP4
CHEMBL590557,=,=,nM,11.0,nM,11.0,DPP4
CHEMBL598754,=,=,nM,53000.0,nM,53000.0,DPP4
CHEMBL598755,=,=,nM,19.0,nM,19.0,DPP4
CHEMBL401229,>,>,nM,3000.0,nM,3000.0,DPP4
CHEMBL236934,>,>,nM,3000.0,nM,3000.0,DPP4
CHEMBL236935,>,>,nM,3000.0,nM,3000.0,DPP4
CHEMBL237140,>,>,nM,3000.0,nM,3000.0,DPP4
CHEMBL237141,>,>,nM,3000.0,nM,3000.0,DPP4
CHEMBL237357,>,>,nM,3000.0,nM,3000.0,DPP4
CHEMBL235202,>,>,nM,3000.0,nM,3000.0,DPP4
CHEMBL235420,>,>,nM,3000.0,nM,3000.0,DPP4
CHEMBL392698,>,>,nM,3000.0,nM,3000.0,DPP4
CHEMBL238201,>,>,nM,3000.0,nM,3000.0,DPP4
CHEMBL238202,>,>,nM,3000.0,nM,3000.0,DPP4
CHEMBL392907,>,>,nM,3000.0,nM,3000.0,DPP4
CHEMBL398101,>,>,nM,3000.0,nM,3000.0,DPP4
CHEMBL234986,>,>,nM,3000.0,nM,3000.0,DPP4
CHEMBL234987,>,>,nM,3000.0,nM,3000.0,DPP4
CHEMBL76578,>,>,nM,100000.0,nM,100000.0,DPP4
CHEMBL142703,=,=,nM,9.0,uM,0.009,DPP4
CHEMBL1083589,=,=,nM,12.0,uM,0.012,DPP4
CHEMBL1082653,=,=,nM,8.0,uM,0.008,DPP4
CHEMBL1082654,=,=,nM,59.0,uM,0.059,DPP4
CHEMBL1082973,=,=,nM,65.0,uM,0.065,DPP4
CHEMBL1082974,=,=,nM,80.0,uM,0.08,DPP4
CHEMBL1083916,=,=,nM,204.0,uM,0.204,DPP4
CHEMBL1084473,=,=,nM,326.0,uM,0.326,DPP4
CHEMBL1082345,=,=,nM,121.0,uM,0.121,DPP4
CHEMBL1082346,=,=,nM,27.0,uM,0.027,DPP4
CHEMBL1082347,=,=,nM,27.0,uM,0.027,DPP4
CHEMBL1082348,=,=,nM,47.0,uM,0.047,DPP4
CHEMBL1082350,=,=,nM,32.0,uM,0.032,DPP4
CHEMBL1085552,=,=,nM,19.0,uM,0.019,DPP4
CHEMBL1085306,=,=,nM,19.0,uM,0.019,DPP4
CHEMBL1085305,=,=,nM,27.0,uM,0.027,DPP4
CHEMBL1084972,=,=,nM,29.0,uM,0.029,DPP4
CHEMBL1084601,=,=,nM,66.0,uM,0.066,DPP4
CHEMBL1085598,=,=,nM,160.0,uM,0.16,DPP4
CHEMBL1085597,=,=,nM,63.0,uM,0.063,DPP4
CHEMBL1085596,=,=,nM,93.0,uM,0.093,DPP4
CHEMBL1085595,=,=,nM,24.0,uM,0.024,DPP4
CHEMBL1085333,=,=,nM,20.0,uM,0.02,DPP4
CHEMBL1085332,=,=,nM,26.0,uM,0.026,DPP4
CHEMBL1085075,=,=,nM,18.0,uM,0.018,DPP4
CHEMBL1085074,=,=,nM,27.0,uM,0.027,DPP4
CHEMBL1085580,=,=,nM,27.0,uM,0.027,DPP4
CHEMBL1085579,=,=,nM,32.0,uM,0.032,DPP4
CHEMBL1086039,=,=,nM,24.0,uM,0.024,DPP4
CHEMBL1082465,=,=,nM,39.0,uM,0.039,DPP4
CHEMBL1082464,=,=,nM,50.0,uM,0.05,DPP4
CHEMBL1082463,=,=,nM,30.0,uM,0.03,DPP4
CHEMBL1082462,=,=,nM,15.0,uM,0.015,DPP4
CHEMBL1086502,=,=,nM,180.0,uM,0.18,DPP4
CHEMBL1082997,=,=,nM,71.0,uM,0.071,DPP4
CHEMBL1082996,=,=,nM,15.0,uM,0.015,DPP4
CHEMBL217198,=,=,nM,116.0,uM,0.116,DPP4
CHEMBL201644,=,=,nM,15.0,uM,0.015,DPP4
CHEMBL385517,=,=,nM,3.4,uM,0.0034,DPP4
CHEMBL142703,=,=,nM,51.0,uM,0.051,DPP4
CHEMBL1422,=,=,nM,30.0,uM,0.03,DPP4
CHEMBL1082996,=,=,nM,847.0,nM,847.0,DPP4
CHEMBL1422,=,=,nM,18.0,nM,18.0,DPP4
CHEMBL142703,=,=,nM,17.0,nM,17.0,DPP4
CHEMBL1082462,=,=,nM,5.0,nM,5.0,DPP4
CHEMBL1082463,=,=,nM,21.0,nM,21.0,DPP4
CHEMBL1085579,,,,,,,DPP4
CHEMBL1085580,,,,,,,DPP4
CHEMBL1085074,=,=,nM,14.0,nM,14.0,DPP4
CHEMBL1085075,,,,,,,DPP4
CHEMBL1085333,=,=,nM,13.0,nM,13.0,DPP4
CHEMBL1085595,=,=,nM,15.0,nM,15.0,DPP4
CHEMBL1084972,,,,,,,DPP4
CHEMBL1085305,,,,,,,DPP4
CHEMBL1085306,=,=,nM,19.0,nM,19.0,DPP4
CHEMBL1085552,=,=,nM,18.0,nM,18.0,DPP4
CHEMBL1082996,=,=,nM,210.0,nM,210.0,DPP4
CHEMBL1422,=,=,nM,46.0,nM,46.0,DPP4
CHEMBL142703,=,=,nM,16.0,nM,16.0,DPP4
CHEMBL1082462,=,=,nM,10.0,nM,10.0,DPP4
CHEMBL1082463,=,=,nM,23.0,nM,23.0,DPP4
CHEMBL1085333,=,=,nM,14.0,nM,14.0,DPP4
CHEMBL1085306,=,=,nM,24.0,nM,24.0,DPP4
CHEMBL1085269,=,=,nM,9.0,uM,0.009,DPP4
CHEMBL1085522,=,=,nM,120.0,uM,0.12,DPP4
CHEMBL1082707,=,=,nM,39.0,uM,0.039,DPP4
CHEMBL1082708,=,=,nM,69.0,uM,0.069,DPP4
CHEMBL1082716,=,=,nM,50.0,uM,0.05,DPP4
CHEMBL1083031,=,=,nM,24.0,uM,0.024,DPP4
CHEMBL1083032,=,=,nM,14.0,uM,0.014,DPP4
CHEMBL1086466,=,=,nM,83.0,uM,0.083,DPP4
CHEMBL1083287,=,=,nM,13.0,uM,0.013,DPP4
CHEMBL1083588,=,=,nM,13.0,uM,0.013,DPP4
CHEMBL1422,=,=,nM,23.0,uM,0.023,DPP4
CHEMBL142703,=,=,nM,56.0,uM,0.056,DPP4
CHEMBL98762,>,>,nM,100000.0,uM,100.0,DPP4
CHEMBL397070,>,>,nM,100000.0,uM,100.0,DPP4
CHEMBL362018,>,>,nM,100000.0,uM,100.0,DPP4
CHEMBL387050,=,=,nM,8000.0,uM,8.0,DPP4
CHEMBL1243372,=,=,nM,10.0,uM,0.01,DPP4
CHEMBL1243373,>,>,nM,20000.0,uM,20.0,DPP4
CHEMBL1243374,>,>,nM,100000.0,uM,100.0,DPP4
CHEMBL1243402,>,>,nM,100000.0,uM,100.0,DPP4
CHEMBL1243403,>,>,nM,100000.0,uM,100.0,DPP4
CHEMBL1242939,>,>,nM,100000.0,uM,100.0,DPP4
CHEMBL1242940,>,>,nM,100000.0,uM,100.0,DPP4
CHEMBL1242966,>,>,nM,100000.0,uM,100.0,DPP4
CHEMBL1242967,>,>,nM,100000.0,uM,100.0,DPP4
CHEMBL1242993,>,>,nM,100000.0,uM,100.0,DPP4
CHEMBL1242994,>,>,nM,100000.0,uM,100.0,DPP4
CHEMBL1243027,>,>,nM,100000.0,uM,100.0,DPP4
CHEMBL1243028,>,>,nM,100000.0,uM,100.0,DPP4
CHEMBL1243060,>,>,nM,100000.0,uM,100.0,DPP4
CHEMBL1243061,>,>,nM,100000.0,uM,100.0,DPP4
CHEMBL1243091,>,>,nM,100000.0,uM,100.0,DPP4
CHEMBL1243092,>,>,nM,100000.0,uM,100.0,DPP4
CHEMBL1243093,>,>,nM,100000.0,uM,100.0,DPP4
CHEMBL1243126,>,>,nM,100000.0,uM,100.0,DPP4
CHEMBL1243127,>,>,nM,100000.0,uM,100.0,DPP4
CHEMBL1243153,>,>,nM,100000.0,uM,100.0,DPP4
CHEMBL1243154,>,>,nM,100000.0,uM,100.0,DPP4
CHEMBL1243183,>,>,nM,100000.0,uM,100.0,DPP4
CHEMBL1243184,=,=,nM,570.0,uM,0.57,DPP4
CHEMBL1243215,>,>,nM,100000.0,uM,100.0,DPP4
CHEMBL1243216,>,>,nM,100000.0,uM,100.0,DPP4
CHEMBL1243248,>,>,nM,100000.0,uM,100.0,DPP4
CHEMBL1276717,,,,,,,DPP4
CHEMBL1276468,,,,,,,DPP4
CHEMBL1275858,,,,,,,DPP4
CHEMBL1276331,,,,,,,DPP4
CHEMBL1275615,,,,,,,DPP4
CHEMBL1275857,,,,,,,DPP4
CHEMBL1276772,,,,,,,DPP4
CHEMBL1275856,,,,,,,DPP4
CHEMBL1276746,,,,,,,DPP4
CHEMBL1276590,=,=,nM,2300.0,nM,2300.0,DPP4
CHEMBL1276619,=,=,nM,1240.0,nM,1240.0,DPP4
CHEMBL1276682,=,=,nM,1236.0,nM,1236.0,DPP4
CHEMBL1276591,=,=,nM,1060.0,nM,1060.0,DPP4
CHEMBL1276620,=,=,nM,460.0,nM,460.0,DPP4
CHEMBL1275851,=,=,nM,360.0,nM,360.0,DPP4
CHEMBL1276650,=,=,nM,300.0,nM,300.0,DPP4
CHEMBL1275853,=,=,nM,124.0,nM,124.0,DPP4
CHEMBL1275854,=,=,nM,114.0,nM,114.0,DPP4
CHEMBL1275852,=,=,nM,101.0,nM,101.0,DPP4
CHEMBL1288231,=,=,nM,1.8,nM,1.8,DPP4
CHEMBL1288232,=,=,nM,36.0,nM,36.0,DPP4
CHEMBL1288260,=,=,nM,28.0,nM,28.0,DPP4
CHEMBL1288261,=,=,nM,27.0,nM,27.0,DPP4
CHEMBL1288288,=,=,nM,12.0,nM,12.0,DPP4
CHEMBL1288289,=,=,nM,13.0,nM,13.0,DPP4
CHEMBL1287844,=,=,nM,23.0,nM,23.0,DPP4
CHEMBL1287845,=,=,nM,122.0,nM,122.0,DPP4
CHEMBL1287874,=,=,nM,103.0,nM,103.0,DPP4
CHEMBL1287875,=,=,nM,87.0,nM,87.0,DPP4
CHEMBL1287901,=,=,nM,23.0,nM,23.0,DPP4
CHEMBL1287902,=,=,nM,151.0,nM,151.0,DPP4
CHEMBL3216724,=,=,nM,3.7,nM,3.7,DPP4
CHEMBL3216940,=,=,nM,19.0,nM,19.0,DPP4
CHEMBL3216270,=,=,nM,8.1,nM,8.1,DPP4
CHEMBL3215827,=,=,nM,1.8,nM,1.8,DPP4
CHEMBL3216271,=,=,nM,19.0,nM,19.0,DPP4
CHEMBL3216483,=,=,nM,23.0,nM,23.0,DPP4
CHEMBL3216272,=,=,nM,30.0,nM,30.0,DPP4
CHEMBL1644844,=,=,nM,2.8,nM,2.8,DPP4
CHEMBL3217158,=,=,nM,8.2,nM,8.2,DPP4
CHEMBL3215828,=,=,nM,11.0,nM,11.0,DPP4
CHEMBL3215611,=,=,nM,53.0,nM,53.0,DPP4
CHEMBL3216064,=,=,nM,1.1,nM,1.1,DPP4
CHEMBL3216485,=,=,nM,2.9,nM,2.9,DPP4
CHEMBL3216725,=,=,nM,1.1,nM,1.1,DPP4
CHEMBL3216941,=,=,nM,23.0,nM,23.0,DPP4
CHEMBL3216726,=,=,nM,7.8,nM,7.8,DPP4
CHEMBL3217159,=,=,nM,12.0,nM,12.0,DPP4
CHEMBL3216727,=,=,nM,69.0,nM,69.0,DPP4
CHEMBL3216942,=,=,nM,17.0,nM,17.0,DPP4
CHEMBL3217160,=,=,nM,73.0,nM,73.0,DPP4
CHEMBL1614729,=,=,nM,18.0,nM,18.0,DPP4
CHEMBL3216725,=,=,nM,1.1,nM,1.1,DPP4
CHEMBL1651763,=,=,nM,0.87,nM,0.87,DPP4
CHEMBL1651764,=,=,nM,1.32,nM,1.32,DPP4
CHEMBL1651765,=,=,nM,88.82,nM,88.82,DPP4
CHEMBL1651766,=,=,nM,0.33,nM,0.33,DPP4
CHEMBL1651767,=,=,nM,1.72,nM,1.72,DPP4
CHEMBL376359,=,=,nM,3.4,nM,3.4,DPP4
CHEMBL1650449,=,=,nM,10.0,uM,0.01,DPP4
CHEMBL1650448,=,=,nM,3800.0,uM,3.8,DPP4
CHEMBL1650447,=,=,nM,590.0,uM,0.59,DPP4
CHEMBL1650446,=,=,nM,17000.0,uM,17.0,DPP4
CHEMBL1650445,=,=,nM,830.0,uM,0.83,DPP4
CHEMBL1650444,=,=,nM,27.0,uM,0.027,DPP4
CHEMBL1650443,=,=,nM,4.0,uM,0.004,DPP4
CHEMBL1650442,=,=,nM,890.0,uM,0.89,DPP4
CHEMBL1650441,=,=,nM,14.0,uM,0.014,DPP4
CHEMBL1650440,=,=,nM,8.0,uM,0.008,DPP4
CHEMBL1650439,=,=,nM,12.0,uM,0.012,DPP4
CHEMBL1650438,=,=,nM,36.0,uM,0.036,DPP4
CHEMBL1650437,=,=,nM,68.0,uM,0.068,DPP4
CHEMBL1650436,=,=,nM,57.0,uM,0.057,DPP4
CHEMBL376359,=,=,nM,7.0,uM,0.007,DPP4
CHEMBL1650435,=,=,nM,4.0,uM,0.004,DPP4
CHEMBL1650434,=,=,nM,6.0,uM,0.006,DPP4
CHEMBL1650433,=,=,nM,8.0,uM,0.008,DPP4
CHEMBL1650432,=,=,nM,8.0,uM,0.008,DPP4
CHEMBL1650431,=,=,nM,430.0,uM,0.43,DPP4
CHEMBL1650430,=,=,nM,3.0,uM,0.003,DPP4
CHEMBL1650429,=,=,nM,6.0,uM,0.006,DPP4
CHEMBL1650428,=,=,nM,21.0,uM,0.021,DPP4
CHEMBL1650427,=,=,nM,22.0,uM,0.022,DPP4
CHEMBL1650426,=,=,nM,8.0,uM,0.008,DPP4
CHEMBL1650425,=,=,nM,570.0,uM,0.57,DPP4
CHEMBL1650424,=,=,nM,20.0,uM,0.02,DPP4
CHEMBL1650423,=,=,nM,5.0,uM,0.005,DPP4
CHEMBL1650422,=,=,nM,5.0,uM,0.005,DPP4
CHEMBL1650421,=,=,nM,200.0,uM,0.2,DPP4
CHEMBL1650420,=,=,nM,5.0,uM,0.005,DPP4
CHEMBL1650419,=,=,nM,77.0,uM,0.077,DPP4
CHEMBL1650418,=,=,nM,12.0,uM,0.012,DPP4
CHEMBL1650417,=,=,nM,990.0,uM,0.99,DPP4
CHEMBL1650416,=,=,nM,240.0,uM,0.24,DPP4
CHEMBL1650415,=,=,nM,540.0,uM,0.54,DPP4
CHEMBL1650414,=,=,nM,23.0,uM,0.023,DPP4
CHEMBL1650413,=,=,nM,13.0,uM,0.013,DPP4
CHEMBL1650412,=,=,nM,23.0,uM,0.023,DPP4
CHEMBL1650411,=,=,nM,4.0,uM,0.004,DPP4
CHEMBL1650410,=,=,nM,17.0,uM,0.017,DPP4
CHEMBL1650409,=,=,nM,10.0,uM,0.01,DPP4
CHEMBL1650408,=,=,nM,6.0,uM,0.006,DPP4
CHEMBL1650407,=,=,nM,7400.0,uM,7.4,DPP4
CHEMBL1650406,=,=,nM,8.0,uM,0.008,DPP4
CHEMBL1235761,=,=,nM,5.0,uM,0.005,DPP4
CHEMBL1650405,=,=,nM,7.0,uM,0.007,DPP4
CHEMBL1650403,=,=,nM,14.0,uM,0.014,DPP4
CHEMBL1650404,=,=,nM,6.0,uM,0.006,DPP4
CHEMBL3216493,=,=,nM,23.0,nM,23.0,DPP4
CHEMBL3215844,=,=,nM,8.7,nM,8.7,DPP4
CHEMBL3216279,=,=,nM,9.6,nM,9.6,DPP4
CHEMBL3216495,=,=,nM,6.6,nM,6.6,DPP4
CHEMBL3142227,=,=,nM,1.1,nM,1.1,DPP4
CHEMBL3215845,=,=,nM,18.0,nM,18.0,DPP4
CHEMBL3216734,=,=,nM,20.0,nM,20.0,DPP4
CHEMBL3216954,=,=,nM,39.0,nM,39.0,DPP4
CHEMBL3216718,=,=,nM,66.0,nM,66.0,DPP4
CHEMBL3216937,=,=,nM,57.0,nM,57.0,DPP4
CHEMBL3216477,=,=,nM,58.0,nM,58.0,DPP4
CHEMBL3216938,=,=,nM,18.0,nM,18.0,DPP4
CHEMBL3216719,=,=,nM,5.7,nM,5.7,DPP4
CHEMBL3215820,=,=,nM,4.4,nM,4.4,DPP4
CHEMBL3215608,=,=,nM,19.0,nM,19.0,DPP4
CHEMBL3215606,=,=,nM,4.6,nM,4.6,DPP4
CHEMBL3216060,=,=,nM,2.5,nM,2.5,DPP4
CHEMBL3215607,=,=,nM,10.0,nM,10.0,DPP4
CHEMBL1672127,=,=,nM,5.3,nM,5.3,DPP4
CHEMBL1683476,=,=,nM,601.0,nM,601.0,DPP4
CHEMBL1683477,=,=,nM,204.0,nM,204.0,DPP4
CHEMBL1683478,=,=,nM,212.0,nM,212.0,DPP4
CHEMBL1683479,=,=,nM,101.0,nM,101.0,DPP4
CHEMBL1683480,=,=,nM,1700.0,nM,1700.0,DPP4
CHEMBL1683481,=,=,nM,807.0,nM,807.0,DPP4
CHEMBL1683482,=,=,nM,680.0,nM,680.0,DPP4
CHEMBL1683483,=,=,nM,88.0,nM,88.0,DPP4
CHEMBL1681806,=,=,nM,77.0,nM,77.0,DPP4
CHEMBL1683484,=,=,nM,357.0,nM,357.0,DPP4
CHEMBL1422,=,=,nM,20.0,nM,20.0,DPP4
CHEMBL1683485,=,=,nM,328.0,nM,328.0,DPP4
CHEMBL1683486,=,=,nM,229.0,nM,229.0,DPP4
CHEMBL1683487,=,=,nM,41.0,nM,41.0,DPP4
CHEMBL1683488,=,=,nM,51.0,nM,51.0,DPP4
CHEMBL1683489,=,=,nM,95.0,nM,95.0,DPP4
CHEMBL1683490,=,=,nM,102.0,nM,102.0,DPP4
CHEMBL1683491,=,=,nM,112.0,nM,112.0,DPP4
CHEMBL1683492,=,=,nM,192.0,nM,192.0,DPP4
CHEMBL1683493,=,=,nM,64.0,nM,64.0,DPP4
CHEMBL1683494,=,=,nM,64.0,nM,64.0,DPP4
CHEMBL1683495,=,=,nM,216.0,nM,216.0,DPP4
CHEMBL1683496,=,=,nM,56.0,nM,56.0,DPP4
CHEMBL1683497,=,=,nM,28.0,nM,28.0,DPP4
CHEMBL1683498,=,=,nM,6.0,nM,6.0,DPP4
CHEMBL1683499,=,=,nM,77.0,nM,77.0,DPP4
CHEMBL1683500,=,=,nM,80.0,nM,80.0,DPP4
CHEMBL1683501,=,=,nM,80.0,nM,80.0,DPP4
CHEMBL1683502,=,=,nM,13.0,nM,13.0,DPP4
CHEMBL1683503,=,=,nM,68.0,nM,68.0,DPP4
CHEMBL1683504,=,=,nM,3.0,nM,3.0,DPP4
CHEMBL1683505,=,=,nM,50.0,nM,50.0,DPP4
CHEMBL1683506,=,=,nM,1.0,nM,1.0,DPP4
CHEMBL1683507,=,=,nM,17.0,nM,17.0,DPP4
CHEMBL1683508,=,=,nM,1.2,nM,1.2,DPP4
CHEMBL1683641,=,=,nM,25.0,nM,25.0,DPP4
CHEMBL1614845,=,=,nM,10.0,nM,10.0,DPP4
CHEMBL1683642,=,=,nM,175.0,nM,175.0,DPP4
CHEMBL1683643,=,=,nM,13.0,nM,13.0,DPP4
CHEMBL1683644,=,=,nM,309.0,nM,309.0,DPP4
CHEMBL1422,=,=,nM,18.0,uM,0.018,DPP4
CHEMBL25211,=,=,nM,22.0,uM,0.022,DPP4
CHEMBL1682974,=,=,nM,33.0,uM,0.033,DPP4
CHEMBL1682975,=,=,nM,140.0,uM,0.14,DPP4
CHEMBL1682976,=,=,nM,110.0,uM,0.11,DPP4
CHEMBL1682977,=,=,nM,85.0,uM,0.085,DPP4
CHEMBL1682978,=,=,nM,180.0,uM,0.18,DPP4
CHEMBL1682979,=,=,nM,140.0,uM,0.14,DPP4
CHEMBL1682980,=,=,nM,400.0,uM,0.4,DPP4
CHEMBL1682981,=,=,nM,99.0,uM,0.099,DPP4
CHEMBL1682982,=,=,nM,84.0,uM,0.084,DPP4
CHEMBL1682983,=,=,nM,150.0,uM,0.15,DPP4
CHEMBL1682984,=,=,nM,130.0,uM,0.13,DPP4
CHEMBL1682985,=,=,nM,94.0,uM,0.094,DPP4
CHEMBL1683086,=,=,nM,280.0,uM,0.28,DPP4
CHEMBL1683087,=,=,nM,500.0,uM,0.5,DPP4
CHEMBL1683088,=,=,nM,170.0,uM,0.17,DPP4
CHEMBL1683089,=,=,nM,100.0,uM,0.1,DPP4
CHEMBL1683090,=,=,nM,110.0,uM,0.11,DPP4
CHEMBL1683091,=,=,nM,55.0,uM,0.055,DPP4
CHEMBL1683092,=,=,nM,38.0,uM,0.038,DPP4
CHEMBL1683093,=,=,nM,670.0,uM,0.67,DPP4
CHEMBL1683094,=,=,nM,570.0,uM,0.57,DPP4
CHEMBL1683095,=,=,nM,260.0,uM,0.26,DPP4
CHEMBL1683096,=,=,nM,1300.0,uM,1.3,DPP4
CHEMBL1683097,=,=,nM,2400.0,uM,2.4,DPP4
CHEMBL1683098,=,=,nM,120.0,uM,0.12,DPP4
CHEMBL1683099,=,=,nM,990.0,uM,0.99,DPP4
CHEMBL1683100,=,=,nM,130.0,uM,0.13,DPP4
CHEMBL1683101,=,=,nM,110.0,uM,0.11,DPP4
CHEMBL1683102,=,=,nM,730.0,uM,0.73,DPP4
CHEMBL1683103,=,=,nM,140.0,uM,0.14,DPP4
CHEMBL1683104,=,=,nM,140.0,uM,0.14,DPP4
CHEMBL1683105,=,=,nM,120.0,uM,0.12,DPP4
CHEMBL1683106,=,=,nM,120.0,uM,0.12,DPP4
CHEMBL1683107,=,=,nM,110.0,uM,0.11,DPP4
CHEMBL1683108,=,=,nM,140.0,uM,0.14,DPP4
CHEMBL1683109,=,=,nM,140.0,uM,0.14,DPP4
CHEMBL1683110,=,=,nM,260.0,uM,0.26,DPP4
CHEMBL1683111,=,=,nM,110.0,uM,0.11,DPP4
CHEMBL1683112,=,=,nM,100.0,uM,0.1,DPP4
CHEMBL1683113,=,=,nM,1000.0,uM,1.0,DPP4
CHEMBL1683114,=,=,nM,850.0,uM,0.85,DPP4
CHEMBL1683115,=,=,nM,280.0,uM,0.28,DPP4
CHEMBL1681802,=,=,nM,330.0,uM,0.33,DPP4
CHEMBL1683116,=,=,nM,1800.0,uM,1.8,DPP4
CHEMBL1683117,=,=,nM,330.0,uM,0.33,DPP4
CHEMBL1683118,=,=,nM,1300.0,uM,1.3,DPP4
CHEMBL1683119,=,=,nM,57.0,uM,0.057,DPP4
CHEMBL1683120,=,=,nM,200.0,uM,0.2,DPP4
CHEMBL1683121,=,=,nM,70.0,uM,0.07,DPP4
CHEMBL1683122,=,=,nM,310.0,uM,0.31,DPP4
CHEMBL1683123,=,=,nM,270.0,uM,0.27,DPP4
CHEMBL1683124,=,=,nM,910.0,uM,0.91,DPP4
CHEMBL1683125,=,=,nM,290.0,uM,0.29,DPP4
CHEMBL1683126,=,=,nM,220.0,uM,0.22,DPP4
CHEMBL1683127,=,=,nM,710.0,uM,0.71,DPP4
CHEMBL1683128,=,=,nM,690.0,uM,0.69,DPP4
CHEMBL1683129,=,=,nM,450.0,uM,0.45,DPP4
CHEMBL1683130,=,=,nM,130.0,uM,0.13,DPP4
CHEMBL1683131,=,=,nM,450.0,uM,0.45,DPP4
CHEMBL1683132,=,=,nM,110.0,uM,0.11,DPP4
CHEMBL1683133,=,=,nM,430.0,uM,0.43,DPP4
CHEMBL1683134,=,=,nM,77.0,uM,0.077,DPP4
CHEMBL1683135,=,=,nM,71.0,uM,0.071,DPP4
CHEMBL1683136,=,=,nM,110.0,uM,0.11,DPP4
CHEMBL1683137,=,=,nM,82.0,uM,0.082,DPP4
CHEMBL1683138,=,=,nM,18.0,uM,0.018,DPP4
CHEMBL1683139,=,=,nM,670.0,uM,0.67,DPP4
CHEMBL1683140,=,=,nM,75.0,uM,0.075,DPP4
CHEMBL1683141,=,=,nM,78.0,uM,0.078,DPP4
CHEMBL1683142,=,=,nM,72.0,uM,0.072,DPP4
CHEMBL1683143,=,=,nM,54.0,uM,0.054,DPP4
CHEMBL1683144,=,=,nM,51.0,uM,0.051,DPP4
CHEMBL1683145,=,=,nM,21.0,uM,0.021,DPP4
CHEMBL1683557,=,=,nM,13.0,nM,13.0,DPP4
CHEMBL1683558,=,=,nM,488.0,nM,488.0,DPP4
CHEMBL1683559,=,=,nM,47.0,nM,47.0,DPP4
CHEMBL1683560,=,=,nM,1.6,nM,1.6,DPP4
CHEMBL1683561,=,=,nM,153.0,nM,153.0,DPP4
CHEMBL1683562,=,=,nM,12.0,nM,12.0,DPP4
CHEMBL1683563,=,=,nM,19.0,nM,19.0,DPP4
CHEMBL1683564,=,=,nM,1400.0,nM,1400.0,DPP4
CHEMBL1683565,=,=,nM,74.0,nM,74.0,DPP4
CHEMBL1683566,=,=,nM,39.0,nM,39.0,DPP4
CHEMBL1683567,=,=,nM,59.0,nM,59.0,DPP4
CHEMBL1683568,=,=,nM,26.0,nM,26.0,DPP4
CHEMBL1683569,=,=,nM,37.0,nM,37.0,DPP4
CHEMBL1683570,=,=,nM,8.4,nM,8.4,DPP4
CHEMBL1683571,=,=,nM,23.0,nM,23.0,DPP4
CHEMBL1683572,=,=,nM,13.0,nM,13.0,DPP4
CHEMBL1422,=,=,nM,19.4,nM,19.4,DPP4
CHEMBL1684000,=,=,nM,17.83,nM,17.83,DPP4
CHEMBL1683999,=,=,nM,47.27,nM,47.27,DPP4
CHEMBL1683998,=,=,nM,22.76,nM,22.76,DPP4
CHEMBL1683997,=,=,nM,26.17,nM,26.17,DPP4
CHEMBL1683996,=,=,nM,15.8,nM,15.8,DPP4
CHEMBL1683995,=,=,nM,33.25,nM,33.25,DPP4
CHEMBL1683994,=,=,nM,28.6,nM,28.6,DPP4
CHEMBL1683993,=,=,nM,33.17,nM,33.17,DPP4
CHEMBL1683992,=,=,nM,33.78,nM,33.78,DPP4
CHEMBL1683991,=,=,nM,12.4,nM,12.4,DPP4
CHEMBL1683990,=,=,nM,26.64,nM,26.64,DPP4
CHEMBL1683989,=,=,nM,36.43,nM,36.43,DPP4
CHEMBL1683988,=,=,nM,46.61,nM,46.61,DPP4
CHEMBL1683987,=,=,nM,30.03,nM,30.03,DPP4
CHEMBL1683986,=,=,nM,75.35,nM,75.35,DPP4
CHEMBL1683985,=,=,nM,46.89,nM,46.89,DPP4
CHEMBL1683984,=,=,nM,45.2,nM,45.2,DPP4
CHEMBL1683983,=,=,nM,37.54,nM,37.54,DPP4
CHEMBL1683982,=,=,nM,52.34,nM,52.34,DPP4
CHEMBL1683981,=,=,nM,29.92,nM,29.92,DPP4
CHEMBL1683980,=,=,nM,15.09,nM,15.09,DPP4
CHEMBL1683979,=,=,nM,50.66,nM,50.66,DPP4
CHEMBL1683978,=,=,nM,22.53,nM,22.53,DPP4
CHEMBL1681811,=,=,nM,77.06,nM,77.06,DPP4
CHEMBL1683977,=,=,nM,89.5,nM,89.5,DPP4
CHEMBL1688409,<,<,nM,50000.0,uM,50.0,DPP4
CHEMBL1688410,<,<,nM,50000.0,uM,50.0,DPP4
CHEMBL1688411,>,>,nM,50000.0,uM,50.0,DPP4
CHEMBL1688412,>,>,nM,50000.0,uM,50.0,DPP4
CHEMBL1688413,<,<,nM,50000.0,uM,50.0,DPP4
CHEMBL1688414,<,<,nM,50000.0,uM,50.0,DPP4
CHEMBL1687950,<,<,nM,50000.0,uM,50.0,DPP4
CHEMBL1688415,=,=,nM,80.0,uM,0.08,DPP4
CHEMBL1688416,=,=,nM,686.0,uM,0.686,DPP4
CHEMBL1688417,<,<,nM,50000.0,uM,50.0,DPP4
CHEMBL1688418,=,=,nM,937.0,uM,0.937,DPP4
CHEMBL1688419,=,=,nM,674.0,uM,0.674,DPP4
CHEMBL1688420,<,<,nM,50000.0,uM,50.0,DPP4
CHEMBL1688421,<,<,nM,50000.0,uM,50.0,DPP4
CHEMBL1688422,<,<,nM,50000.0,uM,50.0,DPP4
CHEMBL1688423,=,=,nM,674.0,uM,0.674,DPP4
CHEMBL1688424,<,<,nM,50000.0,uM,50.0,DPP4
CHEMBL1688425,=,=,nM,16.0,uM,0.016,DPP4
CHEMBL1688426,=,=,nM,11.0,uM,0.011,DPP4
CHEMBL1688427,<,<,nM,50000.0,uM,50.0,DPP4
CHEMBL1688428,=,=,nM,44.0,uM,0.044,DPP4
CHEMBL1688429,<,<,nM,50000.0,uM,50.0,DPP4
CHEMBL1688430,<,<,nM,50000.0,uM,50.0,DPP4
CHEMBL1688431,=,=,nM,10.0,uM,0.01,DPP4
CHEMBL1688432,>,>,nM,50000.0,uM,50.0,DPP4
CHEMBL1688433,>,>,nM,50000.0,uM,50.0,DPP4
CHEMBL1688434,>,>,nM,50000.0,uM,50.0,DPP4
CHEMBL1688435,>,>,nM,50000.0,uM,50.0,DPP4
CHEMBL1688436,>,>,nM,50000.0,uM,50.0,DPP4
CHEMBL1688437,>,>,nM,50000.0,uM,50.0,DPP4
CHEMBL1688438,>,>,nM,50000.0,uM,50.0,DPP4
CHEMBL1688514,>,>,nM,50000.0,uM,50.0,DPP4
CHEMBL1688515,>,>,nM,50000.0,uM,50.0,DPP4
CHEMBL1688516,>,>,nM,50000.0,uM,50.0,DPP4
CHEMBL1688517,>,>,nM,50000.0,uM,50.0,DPP4
CHEMBL1688518,>,>,nM,50000.0,uM,50.0,DPP4
CHEMBL1688519,>,>,nM,50000.0,uM,50.0,DPP4
CHEMBL1688520,>,>,nM,50000.0,uM,50.0,DPP4
CHEMBL1688521,>,>,nM,50000.0,uM,50.0,DPP4
CHEMBL1688522,>,>,nM,50000.0,uM,50.0,DPP4
CHEMBL1688523,>,>,nM,50000.0,uM,50.0,DPP4
CHEMBL1688524,>,>,nM,50000.0,uM,50.0,DPP4
CHEMBL1688525,>,>,nM,50000.0,uM,50.0,DPP4
CHEMBL1688526,>,>,nM,50000.0,uM,50.0,DPP4
CHEMBL1688527,>,>,nM,50000.0,uM,50.0,DPP4
CHEMBL1688528,>,>,nM,50000.0,uM,50.0,DPP4
CHEMBL214381,=,=,nM,3000.0,uM,3.0,DPP4
CHEMBL1688426,=,=,nM,6.0,uM,0.006,DPP4
CHEMBL1761683,=,=,nM,35600.0,uM,35.6,DPP4
CHEMBL1761684,=,=,nM,21300.0,uM,21.3,DPP4
CHEMBL1761685,=,=,nM,26200.0,uM,26.2,DPP4
CHEMBL1761686,=,=,nM,32700.0,uM,32.7,DPP4
CHEMBL1761687,=,=,nM,29100.0,uM,29.1,DPP4
CHEMBL1765236,=,=,nM,0.7,nM,0.7,DPP4
CHEMBL63860,=,=,nM,1.0,nM,1.0,DPP4
CHEMBL1765235,=,=,nM,7.0,nM,7.0,DPP4
CHEMBL1765234,=,=,nM,19.0,nM,19.0,DPP4
CHEMBL63860,=,=,nM,1600.0,nM,1600.0,DPP4
CHEMBL67279,=,=,nM,470.0,nM,470.0,DPP4
CHEMBL1765235,=,=,nM,8.3,nM,8.3,DPP4
CHEMBL1765234,=,=,nM,20.0,nM,20.0,DPP4
CHEMBL67279,=,=,nM,1.5,nM,1.5,DPP4
CHEMBL1771583,=,=,nM,3100.0,uM,3.1,DPP4
CHEMBL1771584,=,=,nM,4000.0,uM,4.0,DPP4
CHEMBL1779688,=,=,nM,92.6,nM,92.6,DPP4
CHEMBL1779689,=,=,nM,311.0,nM,311.0,DPP4
CHEMBL1779690,=,=,nM,44.8,nM,44.8,DPP4
CHEMBL1779691,=,=,nM,42.7,nM,42.7,DPP4
CHEMBL1779692,=,=,nM,116.0,nM,116.0,DPP4
CHEMBL1779693,=,=,nM,54.1,nM,54.1,DPP4
CHEMBL1779694,=,=,nM,38.5,nM,38.5,DPP4
CHEMBL1779695,=,=,nM,13.7,nM,13.7,DPP4
CHEMBL1779696,=,=,nM,48.9,nM,48.9,DPP4
CHEMBL1779697,=,=,nM,50.7,nM,50.7,DPP4
CHEMBL1779698,=,=,nM,38.9,nM,38.9,DPP4
CHEMBL1779699,=,=,nM,33.9,nM,33.9,DPP4
CHEMBL1779700,=,=,nM,33.8,nM,33.8,DPP4
CHEMBL1779701,=,=,nM,30.8,nM,30.8,DPP4
CHEMBL1779702,=,=,nM,26.7,nM,26.7,DPP4
CHEMBL1779703,=,=,nM,29.0,nM,29.0,DPP4
CHEMBL1779704,=,=,nM,7.4,nM,7.4,DPP4
CHEMBL1779705,=,=,nM,12.0,nM,12.0,DPP4
CHEMBL1779706,=,=,nM,7.4,nM,7.4,DPP4
CHEMBL1779707,=,=,nM,4.3,nM,4.3,DPP4
CHEMBL1779708,=,=,nM,1.7,nM,1.7,DPP4
CHEMBL1779709,=,=,nM,2.2,nM,2.2,DPP4
CHEMBL1779710,=,=,nM,0.9,nM,0.9,DPP4
CHEMBL1779711,=,=,nM,17.0,nM,17.0,DPP4
CHEMBL1779712,=,=,nM,11.0,nM,11.0,DPP4
CHEMBL1779713,=,=,nM,5.2,nM,5.2,DPP4
CHEMBL1779714,=,=,nM,1.3,nM,1.3,DPP4
CHEMBL1809262,=,=,nM,34.0,nM,34.0,DPP4
CHEMBL1809263,=,=,nM,49.0,nM,49.0,DPP4
CHEMBL1809264,=,=,nM,57.0,nM,57.0,DPP4
CHEMBL1808463,=,=,nM,26.0,nM,26.0,DPP4
CHEMBL1808464,=,=,nM,4.2,nM,4.2,DPP4
CHEMBL3216514,=,=,nM,84.0,nM,84.0,DPP4
CHEMBL3215633,=,=,nM,52.0,nM,52.0,DPP4
CHEMBL3216748,=,=,nM,7.5,nM,7.5,DPP4
CHEMBL1808468,=,=,nM,1.8,nM,1.8,DPP4
CHEMBL3216749,=,=,nM,55.0,nM,55.0,DPP4
CHEMBL3215858,=,=,nM,100.0,nM,100.0,DPP4
CHEMBL3215634,=,=,nM,9.2,nM,9.2,DPP4
CHEMBL3215859,=,=,nM,11.0,nM,11.0,DPP4
CHEMBL1808473,=,=,nM,2.2,nM,2.2,DPP4
CHEMBL1808474,=,=,nM,2.7,nM,2.7,DPP4
CHEMBL3142227,=,=,nM,1.3,nM,1.3,DPP4
CHEMBL1808475,=,=,nM,47.0,nM,47.0,DPP4
CHEMBL1814760,=,=,nM,17700.0,uM,17.7,DPP4
CHEMBL1814633,>,>,nM,50000.0,uM,50.0,DPP4
CHEMBL1814634,>,>,nM,100000.0,uM,100.0,DPP4
CHEMBL1814737,>,>,nM,100000.0,uM,100.0,DPP4
CHEMBL1814738,>,>,nM,100000.0,uM,100.0,DPP4
CHEMBL1814739,>,>,nM,50000.0,uM,50.0,DPP4
CHEMBL1814740,>,>,nM,100000.0,uM,100.0,DPP4
CHEMBL1814741,>,>,nM,50000.0,uM,50.0,DPP4
CHEMBL3216066,>,>,nM,100000.0,uM,100.0,DPP4
CHEMBL1814743,>,>,nM,100000.0,uM,100.0,DPP4
CHEMBL1814744,>,>,nM,100000.0,uM,100.0,DPP4
CHEMBL1814745,>,>,nM,100000.0,uM,100.0,DPP4
CHEMBL3215830,>,>,nM,100000.0,uM,100.0,DPP4
CHEMBL1814747,>,>,nM,100000.0,uM,100.0,DPP4
CHEMBL1814748,>,>,nM,100000.0,uM,100.0,DPP4
CHEMBL1814749,>,>,nM,50000.0,uM,50.0,DPP4
CHEMBL3216276,>,>,nM,100000.0,uM,100.0,DPP4
CHEMBL1814751,>,>,nM,100000.0,uM,100.0,DPP4
CHEMBL1814752,>,>,nM,100000.0,uM,100.0,DPP4
CHEMBL1814753,>,>,nM,100000.0,uM,100.0,DPP4
CHEMBL1811949,>,>,nM,100000.0,uM,100.0,DPP4
CHEMBL1814754,>,>,nM,100000.0,uM,100.0,DPP4
CHEMBL1814755,>,>,nM,100000.0,uM,100.0,DPP4
CHEMBL1814756,>,>,nM,100000.0,uM,100.0,DPP4
CHEMBL1814757,>,>,nM,100000.0,uM,100.0,DPP4
CHEMBL1814758,>,>,nM,100000.0,uM,100.0,DPP4
CHEMBL1814632,>,>,nM,100000.0,uM,100.0,DPP4
CHEMBL1814759,>,>,nM,100000.0,uM,100.0,DPP4
CHEMBL3216065,>,>,nM,100000.0,uM,100.0,DPP4
CHEMBL1422,=,=,nM,40.0,uM,0.04,DPP4
CHEMBL142703,=,=,nM,120.0,uM,0.12,DPP4
CHEMBL385517,=,=,nM,0.6,nM,0.6,DPP4
CHEMBL98869,=,=,nM,165000.0,uM,165.0,DPP4
CHEMBL1814633,>,>,nM,100000.0,uM,100.0,DPP4
CHEMBL1812727,>,>,nM,100000.0,uM,100.0,DPP4
CHEMBL1812728,=,=,nM,16000.0,uM,16.0,DPP4
CHEMBL1812729,=,=,nM,87000.0,uM,87.0,DPP4
CHEMBL1812730,>,>,nM,100000.0,uM,100.0,DPP4
CHEMBL1812731,>,>,nM,100000.0,uM,100.0,DPP4
CHEMBL1812732,>,>,nM,100000.0,uM,100.0,DPP4
CHEMBL1812733,=,=,nM,8300.0,uM,8.3,DPP4
CHEMBL1812734,=,=,nM,2400.0,uM,2.4,DPP4
CHEMBL1812735,=,=,nM,2400.0,uM,2.4,DPP4
CHEMBL1812736,=,=,nM,1600.0,uM,1.6,DPP4
CHEMBL1812737,=,=,nM,3800.0,uM,3.8,DPP4
CHEMBL1812738,=,=,nM,1900.0,uM,1.9,DPP4
CHEMBL1812900,=,=,nM,980.0,uM,0.98,DPP4
CHEMBL1812901,=,=,nM,360.0,uM,0.36,DPP4
CHEMBL1812902,=,=,nM,1100.0,uM,1.1,DPP4
CHEMBL1812903,=,=,nM,2400.0,uM,2.4,DPP4
CHEMBL1812904,=,=,nM,1900.0,uM,1.9,DPP4
CHEMBL1812905,=,=,nM,4000.0,uM,4.0,DPP4
CHEMBL1812906,=,=,nM,790.0,uM,0.79,DPP4
CHEMBL1812907,=,=,nM,870.0,uM,0.87,DPP4
CHEMBL1808475,=,=,nM,240.0,uM,0.24,DPP4
CHEMBL1812909,=,=,nM,1100.0,uM,1.1,DPP4
CHEMBL1812910,=,=,nM,280.0,uM,0.28,DPP4
CHEMBL1812911,=,=,nM,1500.0,uM,1.5,DPP4
CHEMBL1422,=,=,nM,3.5,nM,3.5,DPP4
CHEMBL142703,=,=,nM,0.58,nM,0.58,DPP4
CHEMBL376359,=,=,nM,1.0,nM,1.0,DPP4
CHEMBL1819089,=,=,nM,0.34,nM,0.34,DPP4
CHEMBL1819092,>,>,nM,1000.0,nM,1000.0,DPP4
CHEMBL1819091,=,=,nM,26.0,nM,26.0,DPP4
CHEMBL1819090,=,=,nM,1.1,nM,1.1,DPP4
CHEMBL34603,=,=,nM,1400.0,nM,1400.0,DPP4
CHEMBL289562,=,=,nM,42000.0,nM,42000.0,DPP4
CHEMBL36020,=,=,nM,10.0,nM,10.0,DPP4
CHEMBL34062,=,=,nM,0.1,nM,0.1,DPP4
CHEMBL1909975,=,=,nM,3.0,nM,3.0,DPP4
CHEMBL122206,=,=,nM,7.0,nM,7.0,DPP4
CHEMBL331950,=,=,nM,920.0,uM,0.92,DPP4
CHEMBL1929387,=,=,nM,3.8,nM,3.8,DPP4
CHEMBL1929388,=,=,nM,13.0,nM,13.0,DPP4
CHEMBL1929389,=,=,nM,32.0,nM,32.0,DPP4
CHEMBL1929390,=,=,nM,1.8,nM,1.8,DPP4
CHEMBL1929391,=,=,nM,15.0,nM,15.0,DPP4
CHEMBL1929392,=,=,nM,11.0,nM,11.0,DPP4
CHEMBL1929393,=,=,nM,80.0,nM,80.0,DPP4
CHEMBL1929394,=,=,nM,28.0,nM,28.0,DPP4
CHEMBL1929395,=,=,nM,110.0,nM,110.0,DPP4
CHEMBL1951417,=,=,nM,2100.0,nM,2100.0,DPP4
CHEMBL1951418,=,=,nM,400.0,nM,400.0,DPP4
CHEMBL1951419,=,=,nM,23.0,nM,23.0,DPP4
CHEMBL1951420,=,=,nM,10.0,nM,10.0,DPP4
CHEMBL1951421,=,=,nM,20.0,nM,20.0,DPP4
CHEMBL1951422,=,=,nM,25.0,nM,25.0,DPP4
CHEMBL1951423,=,=,nM,4.0,nM,4.0,DPP4
CHEMBL1951424,=,=,nM,17.0,nM,17.0,DPP4
CHEMBL1951425,=,=,nM,60.0,nM,60.0,DPP4
CHEMBL1951426,=,=,nM,15.0,nM,15.0,DPP4
CHEMBL1951427,=,=,nM,10.0,nM,10.0,DPP4
CHEMBL1951428,=,=,nM,5.0,nM,5.0,DPP4
CHEMBL1951429,=,=,nM,4.0,nM,4.0,DPP4
CHEMBL1951430,=,=,nM,1.0,nM,1.0,DPP4
CHEMBL1951431,=,=,nM,4.0,nM,4.0,DPP4
CHEMBL1951432,=,=,nM,0.5,nM,0.5,DPP4
CHEMBL1951433,=,=,nM,3.0,nM,3.0,DPP4
CHEMBL1951434,=,=,nM,8.0,nM,8.0,DPP4
CHEMBL1951435,=,=,nM,9.0,nM,9.0,DPP4
CHEMBL237500,=,=,nM,0.1,nM,0.1,DPP4
CHEMBL1951436,=,=,nM,60.0,nM,60.0,DPP4
CHEMBL1951437,=,=,nM,7.0,nM,7.0,DPP4
CHEMBL1951438,=,=,nM,6.0,nM,6.0,DPP4
CHEMBL1951439,=,=,nM,9.0,nM,9.0,DPP4
CHEMBL1951440,=,=,nM,45.0,nM,45.0,DPP4
CHEMBL1951595,=,=,nM,1.5,nM,1.5,DPP4
CHEMBL1951596,=,=,nM,4.0,nM,4.0,DPP4
CHEMBL1951597,=,=,nM,10.0,nM,10.0,DPP4
CHEMBL1951598,=,=,nM,0.5,nM,0.5,DPP4
CHEMBL1951599,=,=,nM,1.0,nM,1.0,DPP4
CHEMBL1951600,=,=,nM,2.0,nM,2.0,DPP4
CHEMBL1951601,=,=,nM,9.0,nM,9.0,DPP4
CHEMBL1951602,=,=,nM,25.0,nM,25.0,DPP4
CHEMBL1951603,=,=,nM,2.0,nM,2.0,DPP4
CHEMBL1951604,=,=,nM,4.0,nM,4.0,DPP4
CHEMBL1951605,=,=,nM,20.0,nM,20.0,DPP4
CHEMBL1951606,=,=,nM,250.0,nM,250.0,DPP4
CHEMBL1951607,=,=,nM,2.0,nM,2.0,DPP4
CHEMBL1951608,=,=,nM,3.0,nM,3.0,DPP4
CHEMBL1951609,=,=,nM,2.0,nM,2.0,DPP4
CHEMBL1951610,=,=,nM,10.0,nM,10.0,DPP4
CHEMBL1951611,=,=,nM,1.0,nM,1.0,DPP4
CHEMBL1949693,=,=,nM,5.5,nM,5.5,DPP4
CHEMBL1951612,=,=,nM,5.0,nM,5.0,DPP4
CHEMBL1951613,=,=,nM,7.5,nM,7.5,DPP4
CHEMBL1951416,=,=,nM,1.0,nM,1.0,DPP4
CHEMBL1951614,=,=,nM,2.0,nM,2.0,DPP4
CHEMBL2011528,=,=,nM,1650.0,uM,1.65,DPP4
CHEMBL2011534,=,=,nM,1100.0,uM,1.1,DPP4
CHEMBL2011535,=,=,nM,350.0,uM,0.35,DPP4
CHEMBL2011537,>,>,nM,100000.0,uM,100.0,DPP4
CHEMBL67279,=,=,nM,22.0,uM,0.022,DPP4
CHEMBL1422,=,=,nM,40.0,uM,0.04,DPP4
CHEMBL142703,=,=,nM,120.0,uM,0.12,DPP4
CHEMBL2022512,=,=,nM,13100.0,uM,13.1,DPP4
CHEMBL2024671,>,>,nM,100000.0,uM,100.0,DPP4
CHEMBL2024672,>,>,nM,100000.0,uM,100.0,DPP4
CHEMBL2024673,>,>,nM,100000.0,uM,100.0,DPP4
CHEMBL2024674,>,>,nM,100000.0,uM,100.0,DPP4
CHEMBL2022505,>,>,nM,100000.0,uM,100.0,DPP4
CHEMBL2022506,>,>,nM,100000.0,uM,100.0,DPP4
CHEMBL2022507,>,>,nM,100000.0,uM,100.0,DPP4
CHEMBL2022508,>,>,nM,100000.0,uM,100.0,DPP4
CHEMBL2022509,>,>,nM,100000.0,uM,100.0,DPP4
CHEMBL2022510,>,>,nM,100000.0,uM,100.0,DPP4
CHEMBL2022511,>,>,nM,100000.0,uM,100.0,DPP4
CHEMBL2022513,>,>,nM,100000.0,uM,100.0,DPP4
CHEMBL2022514,>,>,nM,100000.0,uM,100.0,DPP4
CHEMBL1243374,>,>,nM,100000.0,uM,100.0,DPP4
CHEMBL2022515,>,>,nM,100000.0,uM,100.0,DPP4
CHEMBL2022516,>,>,nM,100000.0,uM,100.0,DPP4
CHEMBL2022517,>,>,nM,100000.0,uM,100.0,DPP4
CHEMBL2022518,>,>,nM,100000.0,uM,100.0,DPP4
CHEMBL2022519,>,>,nM,100000.0,uM,100.0,DPP4
CHEMBL2022520,>,>,nM,100000.0,uM,100.0,DPP4
CHEMBL2022521,>,>,nM,100000.0,uM,100.0,DPP4
CHEMBL2022522,>,>,nM,100000.0,uM,100.0,DPP4
CHEMBL2022523,>,>,nM,100000.0,uM,100.0,DPP4
CHEMBL2022524,>,>,nM,100000.0,uM,100.0,DPP4
CHEMBL2022525,>,>,nM,100000.0,uM,100.0,DPP4
CHEMBL2022526,>,>,nM,100000.0,uM,100.0,DPP4
CHEMBL2022527,>,>,nM,100000.0,uM,100.0,DPP4
CHEMBL2022528,>,>,nM,100000.0,uM,100.0,DPP4
CHEMBL2022529,>,>,nM,100000.0,uM,100.0,DPP4
CHEMBL2022530,>,>,nM,100000.0,uM,100.0,DPP4
CHEMBL2021934,>,>,nM,100000.0,uM,100.0,DPP4
CHEMBL2022531,>,>,nM,100000.0,uM,100.0,DPP4
CHEMBL2022532,>,>,nM,100000.0,uM,100.0,DPP4
CHEMBL2022533,>,>,nM,100000.0,uM,100.0,DPP4
CHEMBL2022534,>,>,nM,100000.0,uM,100.0,DPP4
CHEMBL2022535,>,>,nM,100000.0,uM,100.0,DPP4
CHEMBL376359,=,=,nM,3.4,nM,3.4,DPP4
CHEMBL2023067,=,=,nM,1.4,nM,1.4,DPP4
CHEMBL2023066,=,=,nM,2.34,nM,2.34,DPP4
CHEMBL2022464,=,=,nM,13.78,nM,13.78,DPP4
CHEMBL2022467,=,=,nM,2.64,nM,2.64,DPP4
CHEMBL399610,=,=,nM,0.92,nmol/L,0.92,DPP4
CHEMBL391466,=,=,nM,1.6,nmol/L,1.6,DPP4
CHEMBL2058973,=,=,nM,0.61,nmol/L,0.61,DPP4
CHEMBL2058974,=,=,nM,0.73,nmol/L,0.73,DPP4
CHEMBL2058975,=,=,nM,0.51,nmol/L,0.51,DPP4
CHEMBL2058968,=,=,nM,2.2,nmol/L,2.2,DPP4
CHEMBL2058969,=,=,nM,0.95,nmol/L,0.95,DPP4
CHEMBL2058970,=,=,nM,0.56,nmol/L,0.56,DPP4
CHEMBL2058971,=,=,nM,0.37,nmol/L,0.37,DPP4
CHEMBL2058972,=,=,nM,0.61,nmol/L,0.61,DPP4
CHEMBL2058759,=,=,nM,1.6,nmol/L,1.6,DPP4
CHEMBL2058760,=,=,nM,0.8,nmol/L,0.8,DPP4
CHEMBL2058761,=,=,nM,0.59,nmol/L,0.59,DPP4
CHEMBL2058762,=,=,nM,0.39,nmol/L,0.39,DPP4
CHEMBL2058967,=,=,nM,1.2,nmol/L,1.2,DPP4
CHEMBL2058756,=,=,nM,0.5,nmol/L,0.5,DPP4
CHEMBL2058757,=,=,nM,0.55,nmol/L,0.55,DPP4
CHEMBL2058758,=,=,nM,0.42,nmol/L,0.42,DPP4
CHEMBL2063024,=,=,nM,2.3,nM,2.3,DPP4
CHEMBL2063025,=,=,nM,23.0,nM,23.0,DPP4
CHEMBL2063026,=,=,nM,2.1,nM,2.1,DPP4
CHEMBL2063027,=,=,nM,200.0,nM,200.0,DPP4
CHEMBL2063028,=,=,nM,18000.0,uM,18.0,DPP4
CHEMBL2063029,=,=,nM,29.0,nM,29.0,DPP4
CHEMBL2063030,=,=,nM,17.0,nM,17.0,DPP4
CHEMBL2063031,=,=,nM,53.0,nM,53.0,DPP4
CHEMBL2063032,=,=,nM,59.0,nM,59.0,DPP4
CHEMBL2063033,=,=,nM,6.2,nM,6.2,DPP4
CHEMBL2063034,=,=,nM,6.5,nM,6.5,DPP4
CHEMBL2063035,=,=,nM,20.0,nM,20.0,DPP4
CHEMBL2063036,=,=,nM,48.0,nM,48.0,DPP4
CHEMBL2063037,=,=,nM,15.0,nM,15.0,DPP4
CHEMBL2063038,=,=,nM,16.0,nM,16.0,DPP4
CHEMBL2063039,=,=,nM,17.0,nM,17.0,DPP4
CHEMBL2063040,=,=,nM,0.3,nM,0.3,DPP4
CHEMBL63860,=,=,nM,0.46,nM,0.46,DPP4
CHEMBL393336,=,=,nM,6.0,nM,6.0,DPP4
CHEMBL2069828,=,=,nM,85.7,nM,85.7,DPP4
CHEMBL2069829,=,=,nM,194.0,nM,194.0,DPP4
CHEMBL2069830,=,=,nM,291.0,nM,291.0,DPP4
CHEMBL2069831,=,=,nM,264.0,nM,264.0,DPP4
CHEMBL2069832,=,=,nM,99.7,nM,99.7,DPP4
CHEMBL2069833,=,=,nM,569.0,nM,569.0,DPP4
CHEMBL2069834,=,=,nM,50.4,nM,50.4,DPP4
CHEMBL2069835,=,=,nM,101.0,nM,101.0,DPP4
CHEMBL2069836,=,=,nM,103.0,nM,103.0,DPP4
CHEMBL2069837,=,=,nM,212.0,nM,212.0,DPP4
CHEMBL2069838,=,=,nM,52.6,nM,52.6,DPP4
CHEMBL2069839,=,=,nM,45.3,nM,45.3,DPP4
CHEMBL2069840,=,=,nM,39.0,nM,39.0,DPP4
CHEMBL2069841,=,=,nM,64.6,nM,64.6,DPP4
CHEMBL2069842,=,=,nM,56.4,nM,56.4,DPP4
CHEMBL2069843,=,=,nM,45.3,nM,45.3,DPP4
CHEMBL2069844,=,=,nM,53.4,nM,53.4,DPP4
CHEMBL2069845,=,=,nM,56.9,nM,56.9,DPP4
CHEMBL2069846,=,=,nM,47.7,nM,47.7,DPP4
CHEMBL2069847,=,=,nM,67.7,nM,67.7,DPP4
CHEMBL2069848,=,=,nM,24.9,nM,24.9,DPP4
CHEMBL2069849,=,=,nM,65.4,nM,65.4,DPP4
CHEMBL2069850,=,=,nM,57.6,nM,57.6,DPP4
CHEMBL2069851,=,=,nM,74.4,nM,74.4,DPP4
CHEMBL2069852,=,=,nM,91.5,nM,91.5,DPP4
CHEMBL2069853,=,=,nM,31.2,nM,31.2,DPP4
CHEMBL2069854,=,=,nM,50.6,nM,50.6,DPP4
CHEMBL2069855,=,=,nM,33.9,nM,33.9,DPP4
CHEMBL2069856,=,=,nM,76.2,nM,76.2,DPP4
CHEMBL2069308,=,=,nM,36.7,nM,36.7,DPP4
CHEMBL2069857,=,=,nM,42.2,nM,42.2,DPP4
CHEMBL2069858,=,=,nM,30.5,nM,30.5,DPP4
CHEMBL2069859,=,=,nM,113.9,nM,113.9,DPP4
CHEMBL2069860,=,=,nM,57.4,nM,57.4,DPP4
CHEMBL2086587,=,=,nM,320.0,nM,320.0,DPP4
CHEMBL2086588,=,=,nM,890.0,nM,890.0,DPP4
CHEMBL2086589,=,=,nM,863.0,nM,863.0,DPP4
CHEMBL2086590,=,=,nM,93.0,nM,93.0,DPP4
CHEMBL2086591,=,=,nM,31.0,nM,31.0,DPP4
CHEMBL2086592,=,=,nM,28.0,nM,28.0,DPP4
CHEMBL2086593,=,=,nM,715.0,nM,715.0,DPP4
CHEMBL2086594,=,=,nM,107.0,nM,107.0,DPP4
CHEMBL2086595,=,=,nM,298.0,nM,298.0,DPP4
CHEMBL2086596,=,=,nM,869.0,nM,869.0,DPP4
CHEMBL2086597,=,=,nM,843.0,nM,843.0,DPP4
CHEMBL2086598,=,=,nM,74.0,nM,74.0,DPP4
CHEMBL2086599,=,=,nM,26.0,nM,26.0,DPP4
CHEMBL2086600,=,=,nM,19.0,nM,19.0,DPP4
CHEMBL2086601,=,=,nM,694.0,nM,694.0,DPP4
CHEMBL2086602,=,=,nM,104.0,nM,104.0,DPP4
CHEMBL2086603,=,=,nM,311.0,nM,311.0,DPP4
CHEMBL2086604,=,=,nM,879.0,nM,879.0,DPP4
CHEMBL2086605,=,=,nM,863.0,nM,863.0,DPP4
CHEMBL2086606,=,=,nM,100.0,nM,100.0,DPP4
CHEMBL2086607,=,=,nM,34.0,nM,34.0,DPP4
CHEMBL2086608,=,=,nM,31.0,nM,31.0,DPP4
CHEMBL2086609,=,=,nM,723.0,nM,723.0,DPP4
CHEMBL2086610,=,=,nM,116.0,nM,116.0,DPP4
CHEMBL2086611,=,=,nM,10.3,nM,10.3,DPP4
CHEMBL2086612,=,=,nM,13.2,nM,13.2,DPP4
CHEMBL2086613,=,=,nM,2.3,nM,2.3,DPP4
CHEMBL2086614,=,=,nM,3.8,nM,3.8,DPP4
CHEMBL2086615,=,=,nM,11.6,nM,11.6,DPP4
CHEMBL2086616,=,=,nM,14.3,nM,14.3,DPP4
CHEMBL77538,=,=,nM,7.2,nM,7.2,DPP4
CHEMBL142703,=,=,nM,3.2,nM,3.2,DPP4
CHEMBL2058971,=,=,nM,0.37,nmol/L,0.37,DPP4
CHEMBL2058968,=,=,nM,2.2,nmol/L,2.2,DPP4
CHEMBL2058969,=,=,nM,0.95,nmol/L,0.95,DPP4
CHEMBL2147702,=,=,nM,4.5,nmol/L,4.5,DPP4
CHEMBL2147703,=,=,nM,0.26,nmol/L,0.26,DPP4
CHEMBL2147704,=,=,nM,0.2,nmol/L,0.2,DPP4
CHEMBL2147705,=,=,nM,4.0,nmol/L,4.0,DPP4
CHEMBL2147706,=,=,nM,4.3,nmol/L,4.3,DPP4
CHEMBL2147707,=,=,nM,0.94,nmol/L,0.94,DPP4
CHEMBL2147709,=,=,nM,0.32,nmol/L,0.32,DPP4
CHEMBL2147710,=,=,nM,5.6,nmol/L,5.6,DPP4
CHEMBL2147711,=,=,nM,2.9,nmol/L,2.9,DPP4
CHEMBL2147712,=,=,nM,0.3,nmol/L,0.3,DPP4
CHEMBL2147713,=,=,nM,0.85,nmol/L,0.85,DPP4
CHEMBL2147714,=,=,nM,3.4,nmol/L,3.4,DPP4
CHEMBL2147715,=,=,nM,12.0,nmol/L,12.0,DPP4
CHEMBL2147772,=,=,nM,5.0,nmol/L,5.0,DPP4
CHEMBL2147773,=,=,nM,0.62,nmol/L,0.62,DPP4
CHEMBL2147771,=,=,nM,0.63,nmol/L,0.63,DPP4
CHEMBL2147774,=,=,nM,15.0,nmol/L,15.0,DPP4
CHEMBL2147775,=,=,nM,6.3,nmol/L,6.3,DPP4
CHEMBL391466,=,=,nM,1.6,nmol/L,1.6,DPP4
CHEMBL241253,=,=,nM,1.6,nmol/L,1.6,DPP4
CHEMBL2147776,>,>,nM,1000.0,nmol/L,1000.0,DPP4
CHEMBL2147777,=,=,nM,0.37,nmol/L,0.37,DPP4
CHEMBL2147070,=,=,nM,0.48,nM,0.48,DPP4
CHEMBL385517,=,=,nM,3.37,nM,3.37,DPP4
CHEMBL237500,=,=,nM,1.0,nM,1.0,DPP4
CHEMBL376359,=,=,nM,4.0,nM,4.0,DPP4
CHEMBL1422,=,=,nM,18.0,nM,18.0,DPP4
CHEMBL2147057,=,=,nM,418.0,nM,418.0,DPP4
CHEMBL2147087,=,=,nM,103.0,nM,103.0,DPP4
CHEMBL2147184,=,=,nM,400.0,nM,400.0,DPP4
CHEMBL2147185,=,=,nM,3400.0,nM,3400.0,DPP4
CHEMBL2147186,>,>,nM,10000.0,nM,10000.0,DPP4
CHEMBL2147187,=,=,nM,660.0,nM,660.0,DPP4
CHEMBL2147188,=,=,nM,271.0,nM,271.0,DPP4
CHEMBL2147189,=,=,nM,72.0,nM,72.0,DPP4
CHEMBL2147190,=,=,nM,66.0,nM,66.0,DPP4
CHEMBL2147191,=,=,nM,72.0,nM,72.0,DPP4
CHEMBL2147192,=,=,nM,340.0,nM,340.0,DPP4
CHEMBL2147193,=,=,nM,66.0,nM,66.0,DPP4
CHEMBL2147194,=,=,nM,17.0,nM,17.0,DPP4
CHEMBL2147183,=,=,nM,22.0,nM,22.0,DPP4
CHEMBL2147195,=,=,nM,16.0,nM,16.0,DPP4
CHEMBL2147196,=,=,nM,12.0,nM,12.0,DPP4
CHEMBL2147071,=,=,nM,10.0,nM,10.0,DPP4
CHEMBL2147072,=,=,nM,6.3,nM,6.3,DPP4
CHEMBL2147073,=,=,nM,1.6,nM,1.6,DPP4
CHEMBL2147074,=,=,nM,3.8,nM,3.8,DPP4
CHEMBL2147075,=,=,nM,90.0,nM,90.0,DPP4
CHEMBL2147076,=,=,nM,94.0,nM,94.0,DPP4
CHEMBL2147077,=,=,nM,56.0,nM,56.0,DPP4
CHEMBL2147078,=,=,nM,60.0,nM,60.0,DPP4
CHEMBL2147079,=,=,nM,21.0,nM,21.0,DPP4
CHEMBL2147080,=,=,nM,14.0,nM,14.0,DPP4
CHEMBL2147081,=,=,nM,13.0,nM,13.0,DPP4
CHEMBL2147082,=,=,nM,5.8,nM,5.8,DPP4
CHEMBL2147083,=,=,nM,3.5,nM,3.5,DPP4
CHEMBL2147084,=,=,nM,54.0,nM,54.0,DPP4
CHEMBL2147085,=,=,nM,17.0,nM,17.0,DPP4
CHEMBL2147086,=,=,nM,64.0,nM,64.0,DPP4
CHEMBL2147058,=,=,nM,11.0,nM,11.0,DPP4
CHEMBL2147059,=,=,nM,38.0,nM,38.0,DPP4
CHEMBL2147060,=,=,nM,160.0,nM,160.0,DPP4
CHEMBL2147049,=,=,nM,110.0,nM,110.0,DPP4
CHEMBL2147061,>,>,nM,10000.0,nM,10000.0,DPP4
CHEMBL2147062,=,=,nM,150.0,nM,150.0,DPP4
CHEMBL2147063,=,=,nM,6900.0,nM,6900.0,DPP4
CHEMBL2147064,=,=,nM,3500.0,nM,3500.0,DPP4
CHEMBL2147065,=,=,nM,8900.0,nM,8900.0,DPP4
CHEMBL2147066,=,=,nM,51.0,nM,51.0,DPP4
CHEMBL2147067,=,=,nM,90.0,nM,90.0,DPP4
CHEMBL2147068,=,=,nM,25.0,nM,25.0,DPP4
CHEMBL2147069,=,=,nM,4.8,nM,4.8,DPP4
CHEMBL2147056,=,=,nM,0.55,nM,0.55,DPP4
CHEMBL1182947,=,=,nM,15000.0,nM,15000.0,DPP4
CHEMBL2153742,=,=,nM,400.0,nM,400.0,DPP4
CHEMBL2153743,=,=,nM,16.0,nM,16.0,DPP4
CHEMBL2153744,=,=,nM,23.0,nM,23.0,DPP4
CHEMBL2159175,=,=,nM,257.0,nM,257.0,DPP4
CHEMBL2159176,=,=,nM,1070.0,nM,1070.0,DPP4
CHEMBL2159177,=,=,nM,128.0,nM,128.0,DPP4
CHEMBL2159178,=,=,nM,2800.0,nM,2800.0,DPP4
CHEMBL2159179,=,=,nM,57.0,nM,57.0,DPP4
CHEMBL2159180,=,=,nM,69.0,nM,69.0,DPP4
CHEMBL2159181,=,=,nM,33.0,nM,33.0,DPP4
CHEMBL2159182,=,=,nM,17.0,nM,17.0,DPP4
CHEMBL2159183,=,=,nM,371.0,nM,371.0,DPP4
CHEMBL2159184,=,=,nM,24.0,nM,24.0,DPP4
CHEMBL2159185,=,=,nM,29.0,nM,29.0,DPP4
CHEMBL2159186,=,=,nM,20.0,nM,20.0,DPP4
CHEMBL2159187,=,=,nM,7.6,nM,7.6,DPP4
CHEMBL2159188,=,=,nM,4.8,nM,4.8,DPP4
CHEMBL2159189,=,=,nM,260.0,nM,260.0,DPP4
CHEMBL2159190,=,=,nM,2.8,nM,2.8,DPP4
CHEMBL2159191,=,=,nM,6.9,nM,6.9,DPP4
CHEMBL2159192,=,=,nM,2.8,nM,2.8,DPP4
CHEMBL2159193,=,=,nM,4.6,nM,4.6,DPP4
CHEMBL2159194,=,=,nM,9.9,nM,9.9,DPP4
CHEMBL257036,=,=,nM,30000.0,uM,30.0,DPP4
CHEMBL2178959,>,>,nM,100000.0,uM,100.0,DPP4
CHEMBL2178958,>,>,nM,100000.0,uM,100.0,DPP4
CHEMBL189620,>,>,nM,100000.0,uM,100.0,DPP4
CHEMBL2178957,>,>,nM,100000.0,uM,100.0,DPP4
CHEMBL2178956,>,>,nM,100000.0,uM,100.0,DPP4
CHEMBL2178955,>,>,nM,100000.0,uM,100.0,DPP4
CHEMBL2178976,,,,,,,DPP4
CHEMBL2178975,>,>,nM,100000.0,uM,100.0,DPP4
CHEMBL2178974,>,>,nM,100000.0,uM,100.0,DPP4
CHEMBL2178973,>,>,nM,50000.0,uM,50.0,DPP4
CHEMBL2178972,>,>,nM,100000.0,uM,100.0,DPP4
CHEMBL2178971,>,>,nM,100000.0,uM,100.0,DPP4
CHEMBL2178970,>,>,nM,100000.0,uM,100.0,DPP4
CHEMBL2178969,>,>,nM,100000.0,uM,100.0,DPP4
CHEMBL2178968,>,>,nM,100000.0,uM,100.0,DPP4
CHEMBL2178967,>,>,nM,100000.0,uM,100.0,DPP4
CHEMBL2178966,>,>,nM,100000.0,uM,100.0,DPP4
CHEMBL2178965,>,>,nM,100000.0,uM,100.0,DPP4
CHEMBL2178964,>,>,nM,100000.0,uM,100.0,DPP4
CHEMBL2178963,>,>,nM,100000.0,uM,100.0,DPP4
CHEMBL2178962,>,>,nM,100000.0,uM,100.0,DPP4
CHEMBL2178961,>,>,nM,100000.0,uM,100.0,DPP4
CHEMBL2178960,>,>,nM,100000.0,uM,100.0,DPP4
CHEMBL2179408,>,>,nM,100000.0,uM,100.0,DPP4
CHEMBL2179407,>,>,nM,100000.0,uM,100.0,DPP4
CHEMBL2179406,>,>,nM,100000.0,uM,100.0,DPP4
CHEMBL2179405,>,>,nM,100000.0,uM,100.0,DPP4
CHEMBL2178979,>,>,nM,100000.0,uM,100.0,DPP4
CHEMBL2178978,>,>,nM,100000.0,uM,100.0,DPP4
CHEMBL2178977,>,>,nM,100000.0,uM,100.0,DPP4
CHEMBL289651,>,>,nM,100000.0,uM,100.0,DPP4
CHEMBL1088406,>,>,nM,100000.0,uM,100.0,DPP4
CHEMBL2206479,=,=,nM,1100.0,uM,1.1,DPP4
CHEMBL2206477,=,=,nM,670.0,uM,0.67,DPP4
CHEMBL512145,=,=,nM,570.0,uM,0.57,DPP4
CHEMBL2206466,=,=,nM,490.0,uM,0.49,DPP4
CHEMBL2206467,=,=,nM,390.0,uM,0.39,DPP4
CHEMBL2206470,=,=,nM,330.0,uM,0.33,DPP4
CHEMBL2206472,=,=,nM,280.0,uM,0.28,DPP4
CHEMBL2206473,=,=,nM,250.0,uM,0.25,DPP4
CHEMBL2206481,=,=,nM,190.0,uM,0.19,DPP4
CHEMBL469538,=,=,nM,190.0,uM,0.19,DPP4
CHEMBL2206486,=,=,nM,160.0,uM,0.16,DPP4
CHEMBL2206480,=,=,nM,110.0,uM,0.11,DPP4
CHEMBL2206482,=,=,nM,100.0,uM,0.1,DPP4
CHEMBL2206483,=,=,nM,94.0,uM,0.094,DPP4
CHEMBL2206471,=,=,nM,84.0,uM,0.084,DPP4
CHEMBL2206488,=,=,nM,83.0,uM,0.083,DPP4
CHEMBL2206487,=,=,nM,72.0,uM,0.072,DPP4
CHEMBL2206474,=,=,nM,60.0,uM,0.06,DPP4
CHEMBL2206478,=,=,nM,59.0,uM,0.059,DPP4
CHEMBL2206484,=,=,nM,55.0,uM,0.055,DPP4
CHEMBL2206485,=,=,nM,50.0,uM,0.05,DPP4
CHEMBL2206468,=,=,nM,41.0,uM,0.041,DPP4
CHEMBL2206476,=,=,nM,24.0,uM,0.024,DPP4
CHEMBL2206475,=,=,nM,16.0,uM,0.016,DPP4
CHEMBL2203319,=,=,nM,12.0,uM,0.012,DPP4
CHEMBL2206469,=,=,nM,7.8,uM,0.0078,DPP4
CHEMBL34062,=,=,nM,0.1,nM,0.1,DPP4
CHEMBL425584,=,=,nM,90.0,nM,90.0,DPP4
CHEMBL237337,=,=,nM,4.3,nM,4.3,DPP4
CHEMBL218289,=,=,nM,84.0,nM,84.0,DPP4
CHEMBL1229855,=,=,nM,16.0,nM,16.0,DPP4
CHEMBL233360,=,=,nM,21.0,nM,21.0,DPP4
CHEMBL237500,=,=,nM,1.0,nM,1.0,DPP4
CHEMBL237997,=,=,nM,4.8,nM,4.8,DPP4
CHEMBL400841,=,=,nM,2.3,nM,2.3,DPP4
CHEMBL250787,=,=,nM,25.0,nM,25.0,DPP4
CHEMBL513425,=,=,nM,70.0,nM,70.0,DPP4
CHEMBL227954,=,=,nM,13.0,nM,13.0,DPP4
CHEMBL1229644,=,=,nM,22.0,nM,22.0,DPP4
CHEMBL1230044,=,=,nM,65.0,nM,65.0,DPP4
CHEMBL1185242,=,=,nM,12.0,nM,12.0,DPP4
CHEMBL1230015,=,=,nM,19.0,nM,19.0,DPP4
CHEMBL2298396,=,=,nM,23.0,nM,23.0,DPP4
CHEMBL452289,=,=,nM,32.0,nM,32.0,DPP4
CHEMBL272114,=,=,nM,8.0,nM,8.0,DPP4
CHEMBL257036,=,=,nM,30000.0,nM,30000.0,DPP4
CHEMBL1186902,=,=,nM,223.0,nM,223.0,DPP4
CHEMBL515387,=,=,nM,12.9,nM,12.9,DPP4
CHEMBL1194345,=,=,nM,67.0,nM,67.0,DPP4
CHEMBL1197118,=,=,nM,42.0,nM,42.0,DPP4
CHEMBL591118,=,=,nM,6.8,nM,6.8,DPP4
CHEMBL1229820,=,=,nM,0.5,nM,0.5,DPP4
CHEMBL226396,=,=,nM,5.0,nM,5.0,DPP4
CHEMBL1236897,=,=,nM,2000.0,nM,2000.0,DPP4
CHEMBL1233461,=,=,nM,7.0,nM,7.0,DPP4
CHEMBL2333024,>,>,nM,100000.0,nM,100000.0,DPP4
CHEMBL2333023,=,=,nM,1800.0,nM,1800.0,DPP4
CHEMBL67279,=,=,nM,0.9,nM,0.9,DPP4
CHEMBL2333026,>,>,nM,100000.0,nM,100000.0,DPP4
CHEMBL2333025,=,=,nM,2800.0,nM,2800.0,DPP4
CHEMBL1243373,>,>,nM,100000.0,nM,100000.0,DPP4
CHEMBL67089,=,=,nM,13.0,nM,13.0,DPP4
CHEMBL2346919,=,=,nM,211.9,nM,211.9,DPP4
CHEMBL2347039,=,=,nM,1.55,nM,1.55,DPP4
CHEMBL2347038,=,=,nM,15.5,nM,15.5,DPP4
CHEMBL2347037,=,=,nM,5.93,nM,5.93,DPP4
CHEMBL2347036,=,=,nM,4.67,nM,4.67,DPP4
CHEMBL2347035,=,=,nM,11.4,nM,11.4,DPP4
CHEMBL2346930,=,=,nM,52.6,nM,52.6,DPP4
CHEMBL2346929,=,=,nM,14.5,nM,14.5,DPP4
CHEMBL2346928,=,=,nM,60.1,nM,60.1,DPP4
CHEMBL2346927,=,=,nM,139.2,nM,139.2,DPP4
CHEMBL2346926,=,=,nM,7.05,nM,7.05,DPP4
CHEMBL2346925,=,=,nM,48.2,nM,48.2,DPP4
CHEMBL2346924,=,=,nM,27.6,nM,27.6,DPP4
CHEMBL2346923,=,=,nM,44.1,nM,44.1,DPP4
CHEMBL2346922,=,=,nM,44.0,nM,44.0,DPP4
CHEMBL2346921,=,=,nM,460.0,uM,0.46,DPP4
CHEMBL2346920,=,=,nM,860.0,uM,0.86,DPP4
CHEMBL2023067,=,=,nM,44.0,nM,44.0,DPP4
CHEMBL142703,=,=,nM,62.0,nM,62.0,DPP4
CHEMBL385517,=,=,nM,50.0,nM,50.0,DPP4
CHEMBL376359,=,=,nM,24.0,nM,24.0,DPP4
CHEMBL1422,=,=,nM,19.0,nM,19.0,DPP4
CHEMBL237500,=,=,nM,1.0,nM,1.0,DPP4
CHEMBL2385280,>,>,nM,100000.0,uM,100.0,DPP4
CHEMBL2385279,>,>,nM,100000.0,uM,100.0,DPP4
CHEMBL2385278,>,>,nM,100000.0,uM,100.0,DPP4
CHEMBL2385277,>,>,nM,100000.0,uM,100.0,DPP4
CHEMBL2385276,>,>,nM,100000.0,uM,100.0,DPP4
CHEMBL2385275,>,>,nM,100000.0,uM,100.0,DPP4
CHEMBL2385274,>,>,nM,100000.0,uM,100.0,DPP4
CHEMBL2385273,>,>,nM,100000.0,uM,100.0,DPP4
CHEMBL2385272,>,>,nM,100000.0,uM,100.0,DPP4
CHEMBL2385271,>,>,nM,100000.0,uM,100.0,DPP4
CHEMBL2385270,>,>,nM,100000.0,uM,100.0,DPP4
CHEMBL2385302,>,>,nM,100000.0,uM,100.0,DPP4
CHEMBL2385301,>,>,nM,100000.0,uM,100.0,DPP4
CHEMBL2385300,>,>,nM,100000.0,uM,100.0,DPP4
CHEMBL2385299,>,>,nM,100000.0,uM,100.0,DPP4
CHEMBL2385298,>,>,nM,100000.0,uM,100.0,DPP4
CHEMBL2385297,>,>,nM,100000.0,uM,100.0,DPP4
CHEMBL2385296,>,>,nM,100000.0,uM,100.0,DPP4
CHEMBL2385295,>,>,nM,100000.0,uM,100.0,DPP4
CHEMBL2385294,>,>,nM,100000.0,uM,100.0,DPP4
CHEMBL2385293,>,>,nM,100000.0,uM,100.0,DPP4
CHEMBL2385292,>,>,nM,10000.0,uM,10.0,DPP4
CHEMBL2385291,>,>,nM,10000.0,uM,10.0,DPP4
CHEMBL2385290,>,>,nM,100000.0,uM,100.0,DPP4
CHEMBL2385289,>,>,nM,100000.0,uM,100.0,DPP4
CHEMBL2385288,>,>,nM,100000.0,uM,100.0,DPP4
CHEMBL2385287,>,>,nM,100000.0,uM,100.0,DPP4
CHEMBL2385286,>,>,nM,100000.0,uM,100.0,DPP4
CHEMBL2385285,>,>,nM,100000.0,uM,100.0,DPP4
CHEMBL2385284,>,>,nM,100000.0,uM,100.0,DPP4
CHEMBL2385283,>,>,nM,100000.0,uM,100.0,DPP4
CHEMBL2385282,>,>,nM,100000.0,uM,100.0,DPP4
CHEMBL2385281,>,>,nM,100000.0,uM,100.0,DPP4
CHEMBL237500,=,=,nM,2.0,uM,0.002,DPP4
CHEMBL67279,=,=,nM,22.0,uM,0.022,DPP4
CHEMBL2408638,=,=,nM,120.0,nM,120.0,DPP4
CHEMBL237488,=,=,nM,1.0,nM,1.0,DPP4
CHEMBL2408655,=,=,nM,9.0,nM,9.0,DPP4
CHEMBL2408639,=,=,nM,2500.0,nM,2500.0,DPP4
CHEMBL2408638,=,=,nM,73.0,nM,73.0,DPP4
CHEMBL2408651,=,=,nM,290.0,nM,290.0,DPP4
CHEMBL2408649,>,>,nM,5000.0,nM,5000.0,DPP4
CHEMBL2408646,=,=,nM,910.0,nM,910.0,DPP4
CHEMBL2408644,=,=,nM,715.0,nM,715.0,DPP4
CHEMBL2408643,>,>,nM,1000.0,nM,1000.0,DPP4
CHEMBL2408642,=,=,nM,100.0,nM,100.0,DPP4
CHEMBL2408774,=,=,nM,645.0,nM,645.0,DPP4
CHEMBL2408771,=,=,nM,1.6,nM,1.6,DPP4
CHEMBL237488,=,=,nM,1.1,nM,1.1,DPP4
CHEMBL2408655,=,=,nM,11.0,nM,11.0,DPP4
CHEMBL1422,=,=,nM,24.83,nM,24.83,DPP4
CHEMBL142703,=,=,nM,3.0,nM,3.0,DPP4
CHEMBL2418634,=,=,nM,15.7,nM,15.7,DPP4
CHEMBL2418633,=,=,nM,10.02,nM,10.02,DPP4
CHEMBL2418632,=,=,nM,8.57,nM,8.57,DPP4
CHEMBL2418631,=,=,nM,4.35,nM,4.35,DPP4
CHEMBL2418630,=,=,nM,7.5,nM,7.5,DPP4
CHEMBL2418629,=,=,nM,20.84,nM,20.84,DPP4
CHEMBL2418628,=,=,nM,6.05,nM,6.05,DPP4
CHEMBL2417563,=,=,nM,10.45,nM,10.45,DPP4
CHEMBL2418627,=,=,nM,15.24,nM,15.24,DPP4
CHEMBL2418626,=,=,nM,3.79,nM,3.79,DPP4
CHEMBL2418625,=,=,nM,7.56,nM,7.56,DPP4
CHEMBL2418624,=,=,nM,19.54,nM,19.54,DPP4
CHEMBL2418639,=,=,nM,8.28,nM,8.28,DPP4
CHEMBL2418638,=,=,nM,17.61,nM,17.61,DPP4
CHEMBL2418637,=,=,nM,25.5,nM,25.5,DPP4
CHEMBL2418636,=,=,nM,9.39,nM,9.39,DPP4
CHEMBL2418635,=,=,nM,265.0,nM,265.0,DPP4
CHEMBL2425883,>,>,nM,10000.0,nM,10000.0,DPP4
CHEMBL2425882,=,=,nM,2177.5,nM,2177.5,DPP4
CHEMBL2424672,=,=,nM,198.0,nM,198.0,DPP4
CHEMBL2425887,=,=,nM,31.3,nM,31.3,DPP4
CHEMBL2425885,=,=,nM,22.0,nM,22.0,DPP4
CHEMBL2425888,=,=,nM,10.8,nM,10.8,DPP4
CHEMBL2425891,=,=,nM,9.1,nM,9.1,DPP4
CHEMBL2425889,=,=,nM,6.6,nM,6.6,DPP4
CHEMBL2425884,=,=,nM,3.4,nM,3.4,DPP4
CHEMBL2425886,=,=,nM,3.1,nM,3.1,DPP4
CHEMBL2425890,=,=,nM,2.0,nM,2.0,DPP4
CHEMBL2425892,=,=,nM,1.9,nM,1.9,DPP4
CHEMBL376359,=,=,nM,1.5,nM,1.5,DPP4
CHEMBL2425895,=,=,nM,1.2,nM,1.2,DPP4
CHEMBL2425894,=,=,nM,0.7,nM,0.7,DPP4
CHEMBL2425893,=,=,nM,0.4,nM,0.4,DPP4
CHEMBL2425082,>,>,nM,100000.0,nM,100000.0,DPP4
CHEMBL2425078,=,=,nM,38000.0,nM,38000.0,DPP4
CHEMBL2425080,=,=,nM,26600.0,nM,26600.0,DPP4
CHEMBL2425077,=,=,nM,24400.0,nM,24400.0,DPP4
CHEMBL2425081,=,=,nM,13100.0,nM,13100.0,DPP4
CHEMBL2425065,=,=,nM,12600.0,nM,12600.0,DPP4
CHEMBL2425079,=,=,nM,2800.0,nM,2800.0,DPP4
CHEMBL2425066,=,=,nM,720.0,nM,720.0,DPP4
CHEMBL2425062,=,=,nM,140.0,nM,140.0,DPP4
CHEMBL2425067,=,=,nM,125.0,nM,125.0,DPP4
CHEMBL2425071,=,=,nM,64.0,nM,64.0,DPP4
CHEMBL2425076,=,=,nM,56.0,nM,56.0,DPP4
CHEMBL2425073,=,=,nM,48.0,nM,48.0,DPP4
CHEMBL2425074,=,=,nM,37.0,nM,37.0,DPP4
CHEMBL2425063,=,=,nM,37.0,nM,37.0,DPP4
CHEMBL2425072,=,=,nM,27.0,nM,27.0,DPP4
CHEMBL2425064,=,=,nM,27.0,nM,27.0,DPP4
CHEMBL2425068,=,=,nM,11.0,nM,11.0,DPP4
CHEMBL2425069,=,=,nM,1.6,nM,1.6,DPP4
CHEMBL2425070,=,=,nM,1.4,nM,1.4,DPP4
CHEMBL2425060,=,=,nM,1.3,nM,1.3,DPP4
CHEMBL2425075,=,=,nM,1.0,nM,1.0,DPP4
CHEMBL2425061,=,=,nM,0.66,nM,0.66,DPP4
CHEMBL2425059,=,=,nM,0.5,nM,0.5,DPP4
CHEMBL142703,=,=,nM,20.0,uM,0.02,DPP4
CHEMBL3093901,=,=,nM,209.0,uM,0.209,DPP4
CHEMBL3093900,=,=,nM,63.0,uM,0.063,DPP4
CHEMBL3093899,=,=,nM,46.0,uM,0.046,DPP4
CHEMBL3093898,=,=,nM,27.0,uM,0.027,DPP4
CHEMBL3093897,=,=,nM,42.0,uM,0.042,DPP4
CHEMBL200347,=,=,nM,145.0,uM,0.145,DPP4
CHEMBL3093896,=,=,nM,4.0,uM,0.004,DPP4
CHEMBL3093925,=,=,nM,4.0,uM,0.004,DPP4
CHEMBL3093924,=,=,nM,31.0,uM,0.031,DPP4
CHEMBL3093923,=,=,nM,21.0,uM,0.021,DPP4
CHEMBL3093922,=,=,nM,20.0,uM,0.02,DPP4
CHEMBL3093921,=,=,nM,75.0,uM,0.075,DPP4
CHEMBL3093920,=,=,nM,29.0,uM,0.029,DPP4
CHEMBL3093919,=,=,nM,17.0,uM,0.017,DPP4
CHEMBL3093918,=,=,nM,11.0,uM,0.011,DPP4
CHEMBL3093917,=,=,nM,248.0,uM,0.248,DPP4
CHEMBL3093916,=,=,nM,18.0,uM,0.018,DPP4
CHEMBL201268,=,=,nM,27.0,uM,0.027,DPP4
CHEMBL3093915,=,=,nM,60.0,uM,0.06,DPP4
CHEMBL3091488,=,=,nM,23.0,uM,0.023,DPP4
CHEMBL3093914,=,=,nM,17.0,uM,0.017,DPP4
CHEMBL3093913,=,=,nM,6.0,uM,0.006,DPP4
CHEMBL3093912,=,=,nM,20.0,uM,0.02,DPP4
CHEMBL3093911,=,=,nM,22.0,uM,0.022,DPP4
CHEMBL3093910,=,=,nM,94.0,uM,0.094,DPP4
CHEMBL3093909,=,=,nM,125.0,uM,0.125,DPP4
CHEMBL3093908,=,=,nM,6.0,uM,0.006,DPP4
CHEMBL3093907,=,=,nM,5.0,uM,0.005,DPP4
CHEMBL3093906,=,=,nM,292.0,uM,0.292,DPP4
CHEMBL3093905,=,=,nM,15.0,uM,0.015,DPP4
CHEMBL3093904,=,=,nM,4.0,uM,0.004,DPP4
CHEMBL3093903,=,=,nM,3.0,uM,0.003,DPP4
CHEMBL3093902,=,=,nM,17.0,uM,0.017,DPP4
CHEMBL3112963,=,=,nM,60000.0,uM,60.0,DPP4
CHEMBL3112962,=,=,nM,19900.0,uM,19.9,DPP4
CHEMBL3112965,=,=,nM,15700.0,uM,15.7,DPP4
CHEMBL3112961,=,=,nM,11900.0,uM,11.9,DPP4
CHEMBL3112964,=,=,nM,4200.0,uM,4.2,DPP4
CHEMBL3112969,=,=,nM,250.0,uM,0.25,DPP4
CHEMBL3112957,=,=,nM,200.0,uM,0.2,DPP4
CHEMBL3112958,=,=,nM,40.0,uM,0.04,DPP4
CHEMBL3112970,=,=,nM,40.0,uM,0.04,DPP4
CHEMBL3112966,=,=,nM,20.0,uM,0.02,DPP4
CHEMBL1422,=,=,nM,10.0,uM,0.01,DPP4
CHEMBL142703,=,=,nM,10.0,uM,0.01,DPP4
CHEMBL3112971,=,=,nM,9.0,uM,0.009,DPP4
CHEMBL3112967,=,=,nM,7.0,uM,0.007,DPP4
CHEMBL1422,=,=,nM,7.0,uM,0.007,DPP4
CHEMBL3112960,=,=,nM,4.0,uM,0.004,DPP4
CHEMBL3112959,=,=,nM,3.0,uM,0.003,DPP4
CHEMBL3112968,=,=,nM,2.0,uM,0.002,DPP4
CHEMBL3114069,=,=,nM,4364.0,nM,4364.0,DPP4
CHEMBL385517,=,=,nM,30.3,nM,30.3,DPP4
CHEMBL3127979,=,=,nM,113600.0,uM,113.6,DPP4
CHEMBL3127983,=,=,nM,520.0,uM,0.52,DPP4
CHEMBL3127988,=,=,nM,390.0,uM,0.39,DPP4
CHEMBL3127982,=,=,nM,330.0,uM,0.33,DPP4
CHEMBL3127980,=,=,nM,170.0,uM,0.17,DPP4
CHEMBL3127991,=,=,nM,120.0,uM,0.12,DPP4
CHEMBL3127990,=,=,nM,50.0,uM,0.05,DPP4
CHEMBL3127989,=,=,nM,50.0,uM,0.05,DPP4
CHEMBL3127985,=,=,nM,50.0,uM,0.05,DPP4
CHEMBL3127987,=,=,nM,40.0,uM,0.04,DPP4
CHEMBL3127981,=,=,nM,30.0,uM,0.03,DPP4
CHEMBL1422,=,=,nM,20.0,uM,0.02,DPP4
CHEMBL3127992,=,=,nM,10.0,uM,0.01,DPP4
CHEMBL3127984,=,=,nM,5.0,uM,0.005,DPP4
CHEMBL3127986,=,=,nM,4.0,uM,0.004,DPP4
CHEMBL3121246,=,=,nM,113760.0,uM,113.76,DPP4
CHEMBL251958,=,=,nM,33110.0,uM,33.11,DPP4
CHEMBL599763,=,=,nM,26920.0,uM,26.92,DPP4
CHEMBL50,=,=,nM,32730.0,uM,32.73,DPP4
CHEMBL75589,=,=,nM,41690.0,uM,41.69,DPP4
CHEMBL164,=,=,nM,37150.0,uM,37.15,DPP4
CHEMBL1724888,=,=,nM,38430.0,uM,38.43,DPP4
CHEMBL2048503,=,=,nM,41400.0,uM,41.4,DPP4
CHEMBL3220151,=,=,nM,22390.0,uM,22.39,DPP4
CHEMBL17347,=,=,nM,87720.0,uM,87.72,DPP4
CHEMBL66879,=,=,nM,83180.0,uM,83.18,DPP4
CHEMBL508494,=,=,nM,87100.0,uM,87.1,DPP4
CHEMBL269277,=,=,nM,55820.0,uM,55.82,DPP4
CHEMBL400359,=,=,nM,56230.0,uM,56.23,DPP4
CHEMBL3220152,=,=,nM,32360.0,uM,32.36,DPP4
CHEMBL3220153,=,=,nM,16580.0,uM,16.58,DPP4
CHEMBL221542,=,=,nM,28840.0,uM,28.84,DPP4
CHEMBL574038,=,=,nM,14130.0,uM,14.13,DPP4
CHEMBL3236100,=,=,nM,1436.0,nM,1436.0,DPP4
CHEMBL3236101,=,=,nM,378.0,nM,378.0,DPP4
CHEMBL3236102,=,=,nM,382.0,nM,382.0,DPP4
CHEMBL3236103,=,=,nM,342.0,nM,342.0,DPP4
CHEMBL3236104,=,=,nM,217.0,nM,217.0,DPP4
CHEMBL3236105,=,=,nM,193.0,nM,193.0,DPP4
CHEMBL3236106,=,=,nM,1388.0,nM,1388.0,DPP4
CHEMBL3236107,=,=,nM,452.0,nM,452.0,DPP4
CHEMBL3236108,=,=,nM,443.0,nM,443.0,DPP4
CHEMBL3236109,=,=,nM,404.0,nM,404.0,DPP4
CHEMBL3236110,=,=,nM,885.0,nM,885.0,DPP4
CHEMBL3236111,=,=,nM,910.0,nM,910.0,DPP4
CHEMBL3236112,=,=,nM,1034.0,nM,1034.0,DPP4
CHEMBL3236113,=,=,nM,1023.0,nM,1023.0,DPP4
CHEMBL3236114,=,=,nM,997.0,nM,997.0,DPP4
CHEMBL3236115,=,=,nM,119.0,nM,119.0,DPP4
CHEMBL3236116,=,=,nM,84.0,nM,84.0,DPP4
CHEMBL3236117,=,=,nM,77.6,nM,77.6,DPP4
CHEMBL3236118,=,=,nM,122.0,nM,122.0,DPP4
CHEMBL3236119,=,=,nM,79.0,nM,79.0,DPP4
CHEMBL3236120,=,=,nM,74.0,nM,74.0,DPP4
CHEMBL3236121,=,=,nM,8.5,nM,8.5,DPP4
CHEMBL3236122,=,=,nM,157.0,nM,157.0,DPP4
CHEMBL3236123,=,=,nM,119.0,nM,119.0,DPP4
CHEMBL3236124,=,=,nM,125.0,nM,125.0,DPP4
CHEMBL3236125,=,=,nM,111.0,nM,111.0,DPP4
CHEMBL3236126,=,=,nM,19.0,nM,19.0,DPP4
CHEMBL3236127,=,=,nM,197.0,nM,197.0,DPP4
CHEMBL3236128,=,=,nM,148.0,nM,148.0,DPP4
CHEMBL3236129,=,=,nM,134.0,nM,134.0,DPP4
CHEMBL3236130,=,=,nM,137.0,nM,137.0,DPP4
CHEMBL3236131,=,=,nM,43.0,nM,43.0,DPP4
CHEMBL1422,=,=,nM,18.0,nM,18.0,DPP4
CHEMBL1422,=,=,nM,19.0,nM,19.0,DPP4
CHEMBL77538,=,=,nM,22.0,nM,22.0,DPP4
CHEMBL385517,=,=,nM,50.0,nM,50.0,DPP4
CHEMBL142703,=,=,nM,3.5,nM,3.5,DPP4
CHEMBL237500,=,=,nM,2.0,uM,0.002,DPP4
CHEMBL67279,=,=,nM,22.0,uM,0.022,DPP4
CHEMBL3233843,=,=,nM,19000.0,uM,19.0,DPP4
CHEMBL3233847,>,>,nM,50000.0,uM,50.0,DPP4
CHEMBL3233538,>,>,nM,100000.0,uM,100.0,DPP4
CHEMBL3233539,>,>,nM,100000.0,uM,100.0,DPP4
CHEMBL3233540,>,>,nM,100000.0,uM,100.0,DPP4
CHEMBL3233541,>,>,nM,100000.0,uM,100.0,DPP4
CHEMBL3233542,>,>,nM,100000.0,uM,100.0,DPP4
CHEMBL3233543,>,>,nM,100000.0,uM,100.0,DPP4
CHEMBL3233544,>,>,nM,100000.0,uM,100.0,DPP4
CHEMBL3233545,>,>,nM,100000.0,uM,100.0,DPP4
CHEMBL3233546,>,>,nM,100000.0,uM,100.0,DPP4
CHEMBL3233547,>,>,nM,100000.0,uM,100.0,DPP4
CHEMBL3233548,>,>,nM,100000.0,uM,100.0,DPP4
CHEMBL3233549,>,>,nM,100000.0,uM,100.0,DPP4
CHEMBL3233550,>,>,nM,100000.0,uM,100.0,DPP4
CHEMBL3233551,>,>,nM,100000.0,uM,100.0,DPP4
CHEMBL3233552,>,>,nM,100000.0,uM,100.0,DPP4
CHEMBL3233553,>,>,nM,100000.0,uM,100.0,DPP4
CHEMBL3233554,>,>,nM,100000.0,uM,100.0,DPP4
CHEMBL3233555,>,>,nM,100000.0,uM,100.0,DPP4
CHEMBL3233556,>,>,nM,100000.0,uM,100.0,DPP4
CHEMBL3233557,>,>,nM,100000.0,uM,100.0,DPP4
CHEMBL3233558,>,>,nM,100000.0,uM,100.0,DPP4
CHEMBL3233559,>,>,nM,100000.0,uM,100.0,DPP4
CHEMBL3233560,>,>,nM,100000.0,uM,100.0,DPP4
CHEMBL3233561,>,>,nM,100000.0,uM,100.0,DPP4
CHEMBL3233562,>,>,nM,100000.0,uM,100.0,DPP4
CHEMBL3233563,>,>,nM,100000.0,uM,100.0,DPP4
CHEMBL3233564,>,>,nM,100000.0,uM,100.0,DPP4
CHEMBL3233565,>,>,nM,100000.0,uM,100.0,DPP4
CHEMBL3233566,>,>,nM,100000.0,uM,100.0,DPP4
CHEMBL3233567,>,>,nM,100000.0,uM,100.0,DPP4
CHEMBL3233568,>,>,nM,100000.0,uM,100.0,DPP4
CHEMBL3233569,>,>,nM,100000.0,uM,100.0,DPP4
CHEMBL3233570,>,>,nM,100000.0,uM,100.0,DPP4
CHEMBL3233571,>,>,nM,100000.0,uM,100.0,DPP4
CHEMBL3233572,>,>,nM,100000.0,uM,100.0,DPP4
CHEMBL3233573,>,>,nM,100000.0,uM,100.0,DPP4
CHEMBL3233574,>,>,nM,100000.0,uM,100.0,DPP4
CHEMBL3233575,>,>,nM,100000.0,uM,100.0,DPP4
CHEMBL3233833,>,>,nM,100000.0,uM,100.0,DPP4
CHEMBL3233834,>,>,nM,100000.0,uM,100.0,DPP4
CHEMBL3233835,>,>,nM,100000.0,uM,100.0,DPP4
CHEMBL3233836,>,>,nM,100000.0,uM,100.0,DPP4
CHEMBL3233837,>,>,nM,100000.0,uM,100.0,DPP4
CHEMBL3233838,>,>,nM,100000.0,uM,100.0,DPP4
CHEMBL3233839,>,>,nM,100000.0,uM,100.0,DPP4
CHEMBL3233840,>=,>=,nM,100000.0,uM,100.0,DPP4
CHEMBL3233841,>,>,nM,100000.0,uM,100.0,DPP4
CHEMBL3233842,>,>,nM,100000.0,uM,100.0,DPP4
CHEMBL3233844,>,>,nM,100000.0,uM,100.0,DPP4
CHEMBL3233845,>,>,nM,100000.0,uM,100.0,DPP4
CHEMBL3233846,>,>,nM,100000.0,uM,100.0,DPP4
CHEMBL3233848,>,>,nM,100000.0,uM,100.0,DPP4
CHEMBL1243153,>,>,nM,100000.0,uM,100.0,DPP4
CHEMBL2385281,>,>,nM,100000.0,uM,100.0,DPP4
CHEMBL2385300,>,>,nM,100000.0,uM,100.0,DPP4
CHEMBL2333026,>,>,nM,100000.0,uM,100.0,DPP4
CHEMBL1422,=,=,nM,18.0,nM,18.0,DPP4
CHEMBL2105762,=,=,nM,1.6,nM,1.6,DPP4
CHEMBL3343905,>,>,nM,100000.0,uM,100.0,DPP4
CHEMBL3343904,>,>,nM,100000.0,uM,100.0,DPP4
CHEMBL214381,=,=,nM,2530.0,uM,2.53,DPP4
CHEMBL91933,=,=,nM,890.0,uM,0.89,DPP4
CHEMBL3343903,=,=,nM,510.0,uM,0.51,DPP4
CHEMBL3343902,=,=,nM,2390.0,uM,2.39,DPP4
CHEMBL90170,=,=,nM,3350.0,uM,3.35,DPP4
CHEMBL3343901,=,=,nM,750.0,uM,0.75,DPP4
CHEMBL3343900,=,=,nM,2810.0,uM,2.81,DPP4
CHEMBL3343899,=,=,nM,2740.0,uM,2.74,DPP4
CHEMBL3357782,=,=,nM,170.0,uM,0.17,DPP4
CHEMBL3357781,=,=,nM,430.0,uM,0.43,DPP4
CHEMBL3357780,=,=,nM,140.0,uM,0.14,DPP4
CHEMBL3357779,=,=,nM,610.0,uM,0.61,DPP4
CHEMBL3357778,=,=,nM,430.0,uM,0.43,DPP4
CHEMBL3357777,=,=,nM,330.0,uM,0.33,DPP4
CHEMBL3357776,=,=,nM,540.0,uM,0.54,DPP4
CHEMBL3357775,=,=,nM,290.0,uM,0.29,DPP4
CHEMBL3357774,=,=,nM,510.0,uM,0.51,DPP4
CHEMBL3357773,=,=,nM,320.0,uM,0.32,DPP4
CHEMBL3357772,=,=,nM,180.0,uM,0.18,DPP4
CHEMBL3357771,=,=,nM,70.0,uM,0.07,DPP4
CHEMBL3357770,=,=,nM,80.0,uM,0.08,DPP4
CHEMBL3357769,=,=,nM,70.0,uM,0.07,DPP4
CHEMBL1422,=,=,nM,20.0,uM,0.02,DPP4
CHEMBL3357768,=,=,nM,3660.0,uM,3.66,DPP4
CHEMBL3357767,=,=,nM,70.0,uM,0.07,DPP4
CHEMBL3357766,=,=,nM,760.0,uM,0.76,DPP4
CHEMBL3357765,=,=,nM,380.0,uM,0.38,DPP4
CHEMBL3357764,=,=,nM,340.0,uM,0.34,DPP4
CHEMBL3357763,=,=,nM,5810.0,uM,5.81,DPP4
CHEMBL3310986,=,=,nM,730.0,uM,0.73,DPP4
CHEMBL3310987,=,=,nM,2950.0,uM,2.95,DPP4
CHEMBL3310988,=,=,nM,34650.0,uM,34.65,DPP4
CHEMBL3310989,=,=,nM,3640.0,uM,3.64,DPP4
CHEMBL1422,=,=,nM,18.0,uM,0.018,DPP4
CHEMBL3310991,,,,,,,DPP4
CHEMBL3310990,>,>,nM,100000.0,uM,100.0,DPP4
CHEMBL3329703,>,>,nM,100000.0,nM,100000.0,DPP4
CHEMBL3329702,>,>,nM,100000.0,nM,100000.0,DPP4
CHEMBL3329701,>,>,nM,100000.0,nM,100000.0,DPP4
CHEMBL3329700,>,>,nM,100000.0,nM,100000.0,DPP4
CHEMBL3329699,>,>,nM,100000.0,nM,100000.0,DPP4
CHEMBL3329698,>,>,nM,100000.0,nM,100000.0,DPP4
CHEMBL3329697,>,>,nM,100000.0,nM,100000.0,DPP4
CHEMBL3329696,>,>,nM,100000.0,nM,100000.0,DPP4
CHEMBL3329695,>,>,nM,100000.0,nM,100000.0,DPP4
CHEMBL3329694,>,>,nM,100000.0,nM,100000.0,DPP4
CHEMBL3329693,>,>,nM,100000.0,nM,100000.0,DPP4
CHEMBL3329692,=,=,nM,430.0,nM,430.0,DPP4
CHEMBL3329691,=,=,nM,5200.0,nM,5200.0,DPP4
CHEMBL3329690,>,>,nM,100000.0,nM,100000.0,DPP4
CHEMBL1422,=,=,nM,29.0,nM,29.0,DPP4
CHEMBL376359,=,=,nM,7.0,nM,7.0,DPP4
CHEMBL3329624,=,=,nM,100.0,nM,100.0,DPP4
CHEMBL3329625,=,=,nM,3400.0,nM,3400.0,DPP4
CHEMBL3329626,=,=,nM,45.0,nM,45.0,DPP4
CHEMBL3329627,=,=,nM,13.0,nM,13.0,DPP4
CHEMBL3329628,=,=,nM,480.0,nM,480.0,DPP4
CHEMBL3329629,=,=,nM,38000.0,nM,38000.0,DPP4
CHEMBL3329630,=,=,nM,55000.0,nM,55000.0,DPP4
CHEMBL3329631,=,=,nM,1100.0,nM,1100.0,DPP4
CHEMBL3329632,=,=,nM,10.0,nM,10.0,DPP4
CHEMBL3329633,=,=,nM,45.0,nM,45.0,DPP4
CHEMBL3329634,=,=,nM,88000.0,nM,88000.0,DPP4
CHEMBL3329635,>,>,nM,100000.0,nM,100000.0,DPP4
CHEMBL3329636,=,=,nM,110.0,nM,110.0,DPP4
CHEMBL3329637,=,=,nM,2500.0,nM,2500.0,DPP4
CHEMBL3329638,=,=,nM,16000.0,nM,16000.0,DPP4
CHEMBL3329639,=,=,nM,20000.0,nM,20000.0,DPP4
CHEMBL3329640,>,>,nM,100000.0,nM,100000.0,DPP4
CHEMBL3329641,=,=,nM,22.0,nM,22.0,DPP4
CHEMBL3329688,=,=,nM,530.0,nM,530.0,DPP4
CHEMBL3329689,=,=,nM,23000.0,nM,23000.0,DPP4
CHEMBL3330055,=,=,nM,640.0,uM,0.64,DPP4
CHEMBL3330054,=,=,nM,430.0,uM,0.43,DPP4
CHEMBL3330053,=,=,nM,320.0,uM,0.32,DPP4
CHEMBL3330052,=,=,nM,220.0,uM,0.22,DPP4
CHEMBL3330051,=,=,nM,160.0,uM,0.16,DPP4
CHEMBL3330050,=,=,nM,220.0,uM,0.22,DPP4
CHEMBL3330049,=,=,nM,450.0,uM,0.45,DPP4
CHEMBL3330073,=,=,nM,10.0,uM,0.01,DPP4
CHEMBL3330072,=,=,nM,9650.0,uM,9.65,DPP4
CHEMBL3330071,=,=,nM,47440.0,uM,47.44,DPP4
CHEMBL3330070,=,=,nM,70.0,uM,0.07,DPP4
CHEMBL3330069,,,,,,,DPP4
CHEMBL3330068,=,=,nM,1980.0,uM,1.98,DPP4
CHEMBL3330067,=,=,nM,8800.0,uM,8.8,DPP4
CHEMBL3330066,=,=,nM,270.0,uM,0.27,DPP4
CHEMBL3330065,=,=,nM,130.0,uM,0.13,DPP4
CHEMBL3330064,=,=,nM,360.0,uM,0.36,DPP4
CHEMBL3330063,=,=,nM,70.0,uM,0.07,DPP4
CHEMBL3330062,=,=,nM,440.0,uM,0.44,DPP4
CHEMBL142703,=,=,nM,70.0,uM,0.07,DPP4
CHEMBL1422,=,=,nM,20.0,uM,0.02,DPP4
CHEMBL3330061,=,=,nM,1940.0,uM,1.94,DPP4
CHEMBL3330060,=,=,nM,50.0,uM,0.05,DPP4
CHEMBL3330059,=,=,nM,1580.0,uM,1.58,DPP4
CHEMBL3330058,=,=,nM,530.0,uM,0.53,DPP4
CHEMBL3330057,=,=,nM,40.0,uM,0.04,DPP4
CHEMBL3330056,=,=,nM,770.0,uM,0.77,DPP4
CHEMBL3400963,=,=,nM,6.0,nM,6.0,DPP4
CHEMBL3400964,=,=,nM,4.7,nM,4.7,DPP4
CHEMBL3400965,=,=,nM,1.4,nM,1.4,DPP4
CHEMBL3400966,=,=,nM,3.4,nM,3.4,DPP4
CHEMBL3402117,,,,,,,DPP4
CHEMBL3402118,=,=,nM,500.0,uM,0.5,DPP4
CHEMBL3402119,,,,,,,DPP4
CHEMBL3402120,=,=,nM,230.0,uM,0.23,DPP4
CHEMBL3402121,,,,,,,DPP4
CHEMBL3402122,,,,,,,DPP4
CHEMBL3402123,,,,,,,DPP4
CHEMBL3402124,,,,,,,DPP4
CHEMBL3402125,=,=,nM,640.0,uM,0.64,DPP4
CHEMBL3402126,,,,,,,DPP4
CHEMBL3402127,,,,,,,DPP4
CHEMBL3402128,,,,,,,DPP4
CHEMBL3402129,=,=,nM,36.0,uM,0.036,DPP4
CHEMBL3402130,,,,,,,DPP4
CHEMBL3402131,,,,,,,DPP4
CHEMBL3402132,,,,,,,DPP4
CHEMBL1422,=,=,nM,16.0,uM,0.016,DPP4
CHEMBL3425745,=,=,nM,695.0,nM,695.0,DPP4
CHEMBL3425746,=,=,nM,2801.0,nM,2801.0,DPP4
CHEMBL3425747,=,=,nM,28.0,nM,28.0,DPP4
CHEMBL3425747,=,=,nM,70.0,nM,70.0,DPP4
CHEMBL3425748,=,=,nM,145.0,nM,145.0,DPP4
CHEMBL3425748,=,=,nM,537.0,nM,537.0,DPP4
CHEMBL3425749,=,=,nM,85.0,nM,85.0,DPP4
CHEMBL3425750,=,=,nM,108.0,nM,108.0,DPP4
CHEMBL3425751,=,=,nM,67.0,nM,67.0,DPP4
CHEMBL3425752,=,=,nM,258.0,nM,258.0,DPP4
CHEMBL1422,=,=,nM,22.0,nM,22.0,DPP4
CHEMBL3425753,=,=,nM,100.0,nM,100.0,DPP4
CHEMBL3425754,=,=,nM,94.0,nM,94.0,DPP4
CHEMBL3580781,=,=,nM,19.2,nM,19.2,DPP4
CHEMBL3580780,=,=,nM,20.0,nM,20.0,DPP4
CHEMBL3580779,=,=,nM,3.8,nM,3.8,DPP4
CHEMBL3580778,=,=,nM,89.6,nM,89.6,DPP4
CHEMBL3580777,=,=,nM,148.0,nM,148.0,DPP4
CHEMBL3580782,=,=,nM,15.4,nM,15.4,DPP4
CHEMBL3580776,=,=,nM,4.9,nM,4.9,DPP4
CHEMBL3580775,=,=,nM,10.8,nM,10.8,DPP4
CHEMBL3580783,=,=,nM,18.6,nM,18.6,DPP4
CHEMBL3580784,=,=,nM,19.8,nM,19.8,DPP4
CHEMBL3580785,=,=,nM,299.0,nM,299.0,DPP4
CHEMBL3580786,=,=,nM,346.0,nM,346.0,DPP4
CHEMBL3580787,=,=,nM,2290.0,nM,2290.0,DPP4
CHEMBL3580788,=,=,nM,3.0,nM,3.0,DPP4
CHEMBL3580789,=,=,nM,3.4,nM,3.4,DPP4
CHEMBL3580790,=,=,nM,2.9,nM,2.9,DPP4
CHEMBL3580791,=,=,nM,6.4,nM,6.4,DPP4
CHEMBL3580792,=,=,nM,3.4,nM,3.4,DPP4
CHEMBL1422,=,=,nM,19.0,nM,19.0,DPP4
CHEMBL537586,=,=,nM,9.0,nM,9.0,DPP4
CHEMBL67279,=,=,nM,22.0,uM,0.022,DPP4
CHEMBL3233842,>,>,nM,100000.0,uM,100.0,DPP4
CHEMBL237500,=,=,nM,2.0,uM,0.002,DPP4
CHEMBL3616890,=,=,nM,19.4,uM,0.0194,DPP4
CHEMBL3616891,=,=,nM,13900.0,uM,13.9,DPP4
CHEMBL3616892,>,>,nM,100000.0,uM,100.0,DPP4
CHEMBL3616893,>,>,nM,100000.0,uM,100.0,DPP4
CHEMBL3616894,=,=,nM,12200.0,uM,12.2,DPP4
CHEMBL3616895,>,>,nM,50000.0,uM,50.0,DPP4
CHEMBL3616896,=,=,nM,18100.0,uM,18.1,DPP4
CHEMBL3616897,>,>,nM,100000.0,uM,100.0,DPP4
CHEMBL3616898,>,>,nM,100000.0,uM,100.0,DPP4
CHEMBL3616899,>,>,nM,50000.0,uM,50.0,DPP4
CHEMBL3616900,=,=,nM,5.8,uM,0.0058,DPP4
CHEMBL3616901,=,=,nM,25.0,uM,0.025,DPP4
CHEMBL3616902,=,=,nM,29.0,uM,0.029,DPP4
CHEMBL3616903,=,=,nM,180.0,uM,0.18,DPP4
CHEMBL3616888,=,=,nM,650.0,uM,0.65,DPP4
CHEMBL3616904,=,=,nM,1230.0,uM,1.23,DPP4
CHEMBL3616905,=,=,nM,340.0,uM,0.34,DPP4
CHEMBL3616906,=,=,nM,1800.0,uM,1.8,DPP4
CHEMBL3616907,=,=,nM,180.0,uM,0.18,DPP4
CHEMBL3616908,=,=,nM,1440.0,uM,1.44,DPP4
CHEMBL3616909,=,=,nM,220.0,uM,0.22,DPP4
CHEMBL3616910,>,>,nM,100000.0,uM,100.0,DPP4
CHEMBL3616911,>,>,nM,100000.0,uM,100.0,DPP4
CHEMBL3616912,>,>,nM,100000.0,uM,100.0,DPP4
CHEMBL3616913,=,=,nM,980.0,uM,0.98,DPP4
CHEMBL3616914,>,>,nM,100000.0,uM,100.0,DPP4
CHEMBL3616915,>,>,nM,100000.0,uM,100.0,DPP4
CHEMBL3616916,>,>,nM,100000.0,uM,100.0,DPP4
CHEMBL3616917,>,>,nM,100000.0,uM,100.0,DPP4
CHEMBL3616918,,,,,,,DPP4
CHEMBL3616919,>,>,nM,100000.0,uM,100.0,DPP4
CHEMBL3616920,,,,,,,DPP4
CHEMBL237500,=,=,nM,1.0,uM,0.001,DPP4
CHEMBL1422,=,=,nM,12.0,uM,0.012,DPP4
CHEMBL142703,=,=,nM,23.0,uM,0.023,DPP4
CHEMBL376359,=,=,nM,6.9,uM,0.0069,DPP4
CHEMBL4296719,=,=,nM,23.0,uM,0.023,DPP4
CHEMBL3618140,=,=,nM,1250.0,uM,1.25,DPP4
CHEMBL3618139,,,,,,,DPP4
CHEMBL3618138,,,,,,,DPP4
CHEMBL3618137,=,=,nM,100000.0,uM,100.0,DPP4
CHEMBL3618136,,,,,,,DPP4
CHEMBL3618135,,,,,,,DPP4
CHEMBL3618134,=,=,nM,2230.0,uM,2.23,DPP4
CHEMBL3618133,,,,,,,DPP4
CHEMBL3618132,,,,,,,DPP4
CHEMBL3618039,=,=,nM,11000.0,uM,11.0,DPP4
CHEMBL3618038,=,=,nM,1060.0,uM,1.06,DPP4
CHEMBL3618037,=,=,nM,24000.0,uM,24.0,DPP4
CHEMBL3618036,=,=,nM,4000.0,uM,4.0,DPP4
CHEMBL3618035,,,,,,,DPP4
CHEMBL3618034,,,,,,,DPP4
CHEMBL3618033,,,,,,,DPP4
CHEMBL3618032,=,=,nM,1320.0,uM,1.32,DPP4
CHEMBL443753,,,,,,,DPP4
CHEMBL3618031,,,,,,,DPP4
CHEMBL3618030,,,,,,,DPP4
CHEMBL3618029,,,,,,,DPP4
CHEMBL3618141,,,,,,,DPP4
CHEMBL3618142,,,,,,,DPP4
CHEMBL3618143,,,,,,,DPP4
CHEMBL3618144,,,,,,,DPP4
CHEMBL1422,=,=,nM,18.0,uM,0.018,DPP4
CHEMBL1422,=,=,nM,18.0,nM,18.0,DPP4
CHEMBL3632867,=,=,nM,0.8,nM,0.8,DPP4
CHEMBL3632866,=,=,nM,290.0,nM,290.0,DPP4
CHEMBL3632865,=,=,nM,0.6,nM,0.6,DPP4
CHEMBL3632864,=,=,nM,1.5,nM,1.5,DPP4
CHEMBL3644788,=,=,nM,6.0,nM,6.0,DPP4
CHEMBL3644790,=,=,nM,14.0,nM,14.0,DPP4
CHEMBL3644783,=,=,nM,5.0,nM,5.0,DPP4
CHEMBL3644802,>,>,nM,2500.0,nM,2500.0,DPP4
CHEMBL3644787,=,=,nM,10.0,nM,10.0,DPP4
CHEMBL3644799,=,=,nM,409.0,nM,409.0,DPP4
CHEMBL3644782,=,=,nM,36.0,nM,36.0,DPP4
CHEMBL3644785,=,=,nM,39.0,nM,39.0,DPP4
CHEMBL3644801,>,>,nM,2500.0,nM,2500.0,DPP4
CHEMBL3644793,=,=,nM,195.0,nM,195.0,DPP4
CHEMBL3644786,=,=,nM,17.0,nM,17.0,DPP4
CHEMBL3644791,=,=,nM,160.0,nM,160.0,DPP4
CHEMBL3644794,=,=,nM,57.0,nM,57.0,DPP4
CHEMBL3644798,=,=,nM,159.0,nM,159.0,DPP4
CHEMBL3644803,=,=,nM,63.0,nM,63.0,DPP4
CHEMBL3644789,=,=,nM,93.0,nM,93.0,DPP4
CHEMBL3644792,=,=,nM,10.0,nM,10.0,DPP4
CHEMBL3644796,=,=,nM,197.0,nM,197.0,DPP4
CHEMBL3644784,=,=,nM,20.0,nM,20.0,DPP4
CHEMBL3644797,=,=,nM,81.0,nM,81.0,DPP4
CHEMBL3644800,=,=,nM,206.0,nM,206.0,DPP4
CHEMBL3644795,=,=,nM,2500.0,nM,2500.0,DPP4
CHEMBL3734964,=,=,nM,1.6,nM,1.6,DPP4
CHEMBL3735129,=,=,nM,4.3,nM,4.3,DPP4
CHEMBL3735925,=,=,nM,3.7,nM,3.7,DPP4
CHEMBL3734769,=,=,nM,3.2,nM,3.2,DPP4
CHEMBL3734828,=,=,nM,1.1,nM,1.1,DPP4
CHEMBL3735461,=,=,nM,1.3,nM,1.3,DPP4
CHEMBL3734999,=,=,nM,1.8,nM,1.8,DPP4
CHEMBL3735433,=,=,nM,1.8,nM,1.8,DPP4
CHEMBL3736137,=,=,nM,0.3,nM,0.3,DPP4
CHEMBL3735917,=,=,nM,1.7,nM,1.7,DPP4
CHEMBL3735694,=,=,nM,1.7,nM,1.7,DPP4
CHEMBL3735843,=,=,nM,0.4,nM,0.4,DPP4
CHEMBL2425070,=,=,nM,1.4,nM,1.4,DPP4
CHEMBL2105762,=,=,nM,2.6,nM,2.6,DPP4
CHEMBL3736188,=,=,nM,2.3,nM,2.3,DPP4
CHEMBL3735281,=,=,nM,1.8,nM,1.8,DPP4
CHEMBL3734912,=,=,nM,5.7,nM,5.7,DPP4
CHEMBL3735865,=,=,nM,0.7,nM,0.7,DPP4
CHEMBL3736190,=,=,nM,1.6,nM,1.6,DPP4
CHEMBL3735329,=,=,nM,1.6,nM,1.6,DPP4
CHEMBL3645492,=,=,nM,2.6,nM,2.6,DPP4
CHEMBL3736085,=,=,nM,1.6,nM,1.6,DPP4
CHEMBL3735852,=,=,nM,4.9,nM,4.9,DPP4
CHEMBL3736423,=,=,nM,1.9,nM,1.9,DPP4
CHEMBL3736511,=,=,nM,2.3,nM,2.3,DPP4
CHEMBL3736067,=,=,nM,1.9,nM,1.9,DPP4
CHEMBL3736135,=,=,nM,1.4,nM,1.4,DPP4
CHEMBL397070,=,=,nM,90000.0,uM,90.0,DPP4
CHEMBL1814633,>,>,nM,50000.0,uM,50.0,DPP4
CHEMBL471547,=,=,nM,290.0,uM,0.29,DPP4
CHEMBL3797441,>,>,nM,100000.0,uM,100.0,DPP4
CHEMBL3798441,=,=,nM,2600.0,uM,2.6,DPP4
CHEMBL3799388,=,=,nM,19400.0,uM,19.4,DPP4
CHEMBL3798777,=,=,nM,16200.0,uM,16.2,DPP4
CHEMBL3797842,=,=,nM,680.0,uM,0.68,DPP4
CHEMBL3800113,=,=,nM,34000.0,uM,34.0,DPP4
CHEMBL3798975,>,>,nM,50000.0,uM,50.0,DPP4
CHEMBL3797358,>,>,nM,100000.0,uM,100.0,DPP4
CHEMBL3797398,>,>,nM,100000.0,uM,100.0,DPP4
CHEMBL3798691,>,>,nM,100000.0,uM,100.0,DPP4
CHEMBL3800436,>,>,nM,100000.0,uM,100.0,DPP4
CHEMBL3800132,>,>,nM,100000.0,uM,100.0,DPP4
CHEMBL3798277,>,>,nM,100000.0,uM,100.0,DPP4
CHEMBL3800380,=,=,nM,56000.0,uM,56.0,DPP4
CHEMBL3797355,>,>,nM,100000.0,uM,100.0,DPP4
CHEMBL3797536,>,>,nM,100000.0,uM,100.0,DPP4
CHEMBL3797299,=,=,nM,790.0,uM,0.79,DPP4
CHEMBL3799074,=,=,nM,4000.0,uM,4.0,DPP4
CHEMBL3804940,=,=,nM,8.6,nM,8.6,DPP4
CHEMBL3805696,=,=,nM,289.0,nM,289.0,DPP4
CHEMBL3805235,=,=,nM,44.0,nM,44.0,DPP4
CHEMBL3804854,=,=,nM,699.0,nM,699.0,DPP4
CHEMBL3806164,=,=,nM,1170.0,nM,1170.0,DPP4
CHEMBL3806052,=,=,nM,0.12,nM,0.12,DPP4
CHEMBL3805353,=,=,nM,3.5,nM,3.5,DPP4
CHEMBL3806310,=,=,nM,0.6,nM,0.6,DPP4
CHEMBL3805154,=,=,nM,0.5,nM,0.5,DPP4
CHEMBL3804996,=,=,nM,1.9,nM,1.9,DPP4
CHEMBL3805937,=,=,nM,1.4,nM,1.4,DPP4
CHEMBL3805179,=,=,nM,1.1,nM,1.1,DPP4
CHEMBL3804950,=,=,nM,2.9,nM,2.9,DPP4
CHEMBL3806021,=,=,nM,0.6,nM,0.6,DPP4
CHEMBL3804994,=,=,nM,54.0,nM,54.0,DPP4
CHEMBL3805502,=,=,nM,1.5,nM,1.5,DPP4
CHEMBL3805871,=,=,nM,1.1,nM,1.1,DPP4
CHEMBL3805400,=,=,nM,1.5,nM,1.5,DPP4
CHEMBL3805751,=,=,nM,0.5,nM,0.5,DPP4
CHEMBL3806239,=,=,nM,155.0,nM,155.0,DPP4
CHEMBL3806216,=,=,nM,0.7,nM,0.7,DPP4
CHEMBL3806003,=,=,nM,3.7,nM,3.7,DPP4
CHEMBL3806026,=,=,nM,7.3,nM,7.3,DPP4
CHEMBL3805346,=,=,nM,1.7,nM,1.7,DPP4
CHEMBL3806041,=,=,nM,0.24,nM,0.24,DPP4
CHEMBL3805629,=,=,nM,0.23,nM,0.23,DPP4
CHEMBL3806023,=,=,nM,0.56,nM,0.56,DPP4
CHEMBL3806029,=,=,nM,0.7,nM,0.7,DPP4
CHEMBL3805966,=,=,nM,0.14,nM,0.14,DPP4
CHEMBL3806179,=,=,nM,16.0,nM,16.0,DPP4
CHEMBL3805294,=,=,nM,0.7,nM,0.7,DPP4
CHEMBL3806157,=,=,nM,0.6,nM,0.6,DPP4
CHEMBL3804982,=,=,nM,26.0,nM,26.0,DPP4
CHEMBL3805226,=,=,nM,1.1,nM,1.1,DPP4
CHEMBL3687982,=,=,nM,625.0,nM,625.0,DPP4
CHEMBL3687983,=,=,nM,11.2,nM,11.2,DPP4
CHEMBL3813856,=,=,nM,13.5,nM,13.5,DPP4
CHEMBL3687979,=,=,nM,156.1,nM,156.1,DPP4
CHEMBL3687977,=,=,nM,27.4,nM,27.4,DPP4
CHEMBL3687984,=,=,nM,1.7,nM,1.7,DPP4
CHEMBL3687978,=,=,nM,10.6,nM,10.6,DPP4
CHEMBL3687980,=,=,nM,123.0,nM,123.0,DPP4
CHEMBL237500,=,=,nM,0.1,nM,0.1,DPP4
CHEMBL376359,=,=,nM,7.6,nM,7.6,DPP4
CHEMBL1422,=,=,nM,6.24,nM,6.24,DPP4
CHEMBL584162,=,=,nM,14130.0,uM,14.13,DPP4
CHEMBL3952716,=,=,nM,206.71,nM,206.71,DPP4
CHEMBL3926320,=,=,nM,110.1,nM,110.1,DPP4
CHEMBL3926320,=,=,nM,110.1,nM,110.1,DPP4
CHEMBL3928073,=,=,nM,60.61,nM,60.61,DPP4
CHEMBL3919178,=,=,nM,216.2,nM,216.2,DPP4
CHEMBL3942715,=,=,nM,205.2,nM,205.2,DPP4
CHEMBL3910262,=,=,nM,14.6,nM,14.6,DPP4
CHEMBL3929146,=,=,nM,49.73,nM,49.73,DPP4
CHEMBL3892233,=,=,nM,39.2,nM,39.2,DPP4
CHEMBL3920234,=,=,nM,8.42,nM,8.42,DPP4
CHEMBL3950517,=,=,nM,17.65,nM,17.65,DPP4
CHEMBL3890161,=,=,nM,70.42,nM,70.42,DPP4
CHEMBL3959221,=,=,nM,10.9,nM,10.9,DPP4
CHEMBL3932825,=,=,nM,10.71,nM,10.71,DPP4
CHEMBL3952691,=,=,nM,78.33,nM,78.33,DPP4
CHEMBL3981442,=,=,nM,563.9,nM,563.9,DPP4
CHEMBL3934008,=,=,nM,32.64,nM,32.64,DPP4
CHEMBL3892398,=,=,nM,121.56,nM,121.56,DPP4
CHEMBL3972474,=,=,nM,337.8,nM,337.8,DPP4
CHEMBL3928073,=,=,nM,14.95,nM,14.95,DPP4
CHEMBL3955701,=,=,nM,2930.0,nM,2930.0,DPP4
CHEMBL3901191,=,=,nM,19.64,nM,19.64,DPP4
CHEMBL3929146,=,=,nM,813.44,nM,813.44,DPP4
CHEMBL3979508,=,=,nM,5.17,nM,5.17,DPP4
CHEMBL3959221,=,=,nM,8.91,nM,8.91,DPP4
CHEMBL3932825,=,=,nM,5.8,nM,5.8,DPP4
CHEMBL3941804,=,=,nM,2.06,nM,2.06,DPP4
CHEMBL3942843,=,=,nM,6.13,nM,6.13,DPP4
CHEMBL3944427,=,=,nM,1.9,nM,1.9,DPP4
CHEMBL2105762,=,=,nM,2.22,nM,2.22,DPP4
CHEMBL3968332,=,=,nM,50860.0,nM,50860.0,DPP4
CHEMBL3929764,=,=,nM,21520.0,nM,21520.0,DPP4
CHEMBL3959577,=,=,nM,154.67,nM,154.67,DPP4
CHEMBL3959577,=,=,nM,165.0,nM,165.0,DPP4
CHEMBL3971196,=,=,nM,13070.0,nM,13070.0,DPP4
CHEMBL3945617,=,=,nM,800.0,uM,0.8,DPP4
CHEMBL3924059,=,=,nM,770.0,uM,0.77,DPP4
CHEMBL3896047,=,=,nM,360.0,uM,0.36,DPP4
CHEMBL3915044,=,=,nM,510.0,uM,0.51,DPP4
CHEMBL3984849,=,=,nM,120.0,uM,0.12,DPP4
CHEMBL3898220,=,=,nM,300.0,uM,0.3,DPP4
CHEMBL3976778,=,=,nM,220.0,uM,0.22,DPP4
CHEMBL3897118,=,=,nM,260.0,uM,0.26,DPP4
CHEMBL3968249,=,=,nM,280.0,uM,0.28,DPP4
CHEMBL3979866,=,=,nM,360.0,uM,0.36,DPP4
CHEMBL3899590,=,=,nM,890.0,uM,0.89,DPP4
CHEMBL3972227,=,=,nM,610.0,uM,0.61,DPP4
CHEMBL3933623,=,=,nM,500.0,uM,0.5,DPP4
CHEMBL3980269,=,=,nM,140.0,uM,0.14,DPP4
CHEMBL3910158,=,=,nM,250.0,uM,0.25,DPP4
CHEMBL3927979,=,=,nM,2600.0,uM,2.6,DPP4
CHEMBL3909049,=,=,nM,5400.0,uM,5.4,DPP4
CHEMBL1422,=,=,nM,17.0,uM,0.017,DPP4
CHEMBL3920718,=,=,nM,400.0,uM,0.4,DPP4
CHEMBL3892718,=,=,nM,140.0,uM,0.14,DPP4
CHEMBL3929627,=,=,nM,760.0,uM,0.76,DPP4
CHEMBL3901674,=,=,nM,250.0,uM,0.25,DPP4
CHEMBL3902771,=,=,nM,73.0,uM,0.073,DPP4
CHEMBL3973741,=,=,nM,950.0,uM,0.95,DPP4
CHEMBL3911786,=,=,nM,5000.0,uM,5.0,DPP4
CHEMBL3648425,=,=,nM,25400.0,nM,25400.0,DPP4
CHEMBL4115755,=,=,nM,19620.0,nM,19620.0,DPP4
CHEMBL3648424,=,=,nM,12380.0,nM,12380.0,DPP4
CHEMBL3704833,=,=,nM,1.0,nM,1.0,DPP4
CHEMBL3645490,=,=,nM,2.5,nM,2.5,DPP4
CHEMBL3645491,=,=,nM,2.2,nM,2.2,DPP4
CHEMBL3645496,=,=,nM,1.9,nM,1.9,DPP4
CHEMBL3645493,=,=,nM,1.6,nM,1.6,DPP4
CHEMBL3645497,=,=,nM,1.0,nM,1.0,DPP4
CHEMBL3645494,=,=,nM,1.3,nM,1.3,DPP4
CHEMBL3645495,=,=,nM,1.6,nM,1.6,DPP4
CHEMBL3645492,=,=,nM,2.6,nM,2.6,DPP4
CHEMBL3675618,=,=,nM,0.38,nM,0.38,DPP4
CHEMBL3675619,=,=,nM,10.0,nM,10.0,DPP4
CHEMBL3675620,=,=,nM,43.0,nM,43.0,DPP4
CHEMBL3675621,=,=,nM,99.0,nM,99.0,DPP4
CHEMBL3675622,=,=,nM,1.3,nM,1.3,DPP4
CHEMBL3675623,=,=,nM,539.0,nM,539.0,DPP4
CHEMBL3675624,=,=,nM,1.6,nM,1.6,DPP4
CHEMBL3675625,=,=,nM,19.0,nM,19.0,DPP4
CHEMBL3675626,=,=,nM,32.0,nM,32.0,DPP4
CHEMBL3675627,=,=,nM,8.0,nM,8.0,DPP4
CHEMBL3675628,=,=,nM,39.0,nM,39.0,DPP4
CHEMBL3675629,=,=,nM,6113.0,nM,6113.0,DPP4
CHEMBL3675630,=,=,nM,44.0,nM,44.0,DPP4
CHEMBL3675631,=,=,nM,11.0,nM,11.0,DPP4
CHEMBL3675632,=,=,nM,9.0,nM,9.0,DPP4
CHEMBL3675633,=,=,nM,29.0,nM,29.0,DPP4
CHEMBL3675634,=,=,nM,14.0,nM,14.0,DPP4
CHEMBL3675635,=,=,nM,29.0,nM,29.0,DPP4
CHEMBL3675636,=,=,nM,82.0,nM,82.0,DPP4
CHEMBL3675637,=,=,nM,1.0,nM,1.0,DPP4
CHEMBL3680628,=,=,nM,6.0,nM,6.0,DPP4
CHEMBL3680629,=,=,nM,6.0,nM,6.0,DPP4
CHEMBL3680630,=,=,nM,9.0,nM,9.0,DPP4
CHEMBL3680631,=,=,nM,2.0,nM,2.0,DPP4
CHEMBL3680632,=,=,nM,5.0,nM,5.0,DPP4
CHEMBL3680633,=,=,nM,2.0,nM,2.0,DPP4
CHEMBL3680634,=,=,nM,2.0,nM,2.0,DPP4
CHEMBL3680635,=,=,nM,2.0,nM,2.0,DPP4
CHEMBL3680636,=,=,nM,2.0,nM,2.0,DPP4
CHEMBL3680637,=,=,nM,3.0,nM,3.0,DPP4
CHEMBL3694421,=,=,nM,6.8,nM,6.8,DPP4
CHEMBL3694422,=,=,nM,0.7,nM,0.7,DPP4
CHEMBL3694423,=,=,nM,4.3,nM,4.3,DPP4
CHEMBL3694424,=,=,nM,1.0,nM,1.0,DPP4
CHEMBL3697938,=,=,nM,0.9,nM,0.9,DPP4
CHEMBL3697939,=,=,nM,14.5,nM,14.5,DPP4
CHEMBL3697940,=,=,nM,1.7,nM,1.7,DPP4
CHEMBL3697941,=,=,nM,1.6,nM,1.6,DPP4
CHEMBL3697942,=,=,nM,0.4,nM,0.4,DPP4
CHEMBL3697943,=,=,nM,25.4,nM,25.4,DPP4
CHEMBL3697944,=,=,nM,7.1,nM,7.1,DPP4
CHEMBL3697945,=,=,nM,12.9,nM,12.9,DPP4
CHEMBL3697946,=,=,nM,3.0,nM,3.0,DPP4
CHEMBL3697947,=,=,nM,2.9,nM,2.9,DPP4
CHEMBL3697948,=,=,nM,53.3,nM,53.3,DPP4
CHEMBL3697949,=,=,nM,3.9,nM,3.9,DPP4
CHEMBL3697950,=,=,nM,24.6,nM,24.6,DPP4
CHEMBL3644451,=,=,nM,2.3,nM,2.3,DPP4
CHEMBL3644452,=,=,nM,3.4,nM,3.4,DPP4
CHEMBL3644453,=,=,nM,40.0,nM,40.0,DPP4
CHEMBL3644453,=,=,nM,49.0,nM,49.0,DPP4
CHEMBL3644454,=,=,nM,119.0,nM,119.0,DPP4
CHEMBL3644455,=,=,nM,2.6,nM,2.6,DPP4
CHEMBL3644456,=,=,nM,0.5,nM,0.5,DPP4
CHEMBL3644457,=,=,nM,1.6,nM,1.6,DPP4
CHEMBL3644458,=,=,nM,0.6,nM,0.6,DPP4
CHEMBL3644459,=,=,nM,0.17,nM,0.17,DPP4
CHEMBL3644460,=,=,nM,0.46,nM,0.46,DPP4
CHEMBL3644461,=,=,nM,1.1,nM,1.1,DPP4
CHEMBL3639433,=,=,nM,0.7,nM,0.7,DPP4
CHEMBL3644462,=,=,nM,0.7,nM,0.7,DPP4
CHEMBL3644463,=,=,nM,1.7,nM,1.7,DPP4
CHEMBL3644464,=,=,nM,1.5,nM,1.5,DPP4
CHEMBL3644465,=,=,nM,8.1,nM,8.1,DPP4
CHEMBL3650433,=,=,nM,5.7,nM,5.7,DPP4
CHEMBL3650440,=,=,nM,34.0,nM,34.0,DPP4
CHEMBL3650435,=,=,nM,1343.0,nM,1343.0,DPP4
CHEMBL3650436,=,=,nM,1590.0,nM,1590.0,DPP4
CHEMBL3650439,=,=,nM,5.6,nM,5.6,DPP4
CHEMBL3650434,=,=,nM,106.0,nM,106.0,DPP4
CHEMBL3650437,=,=,nM,14.0,nM,14.0,DPP4
CHEMBL3650438,=,=,nM,104.0,nM,104.0,DPP4
CHEMBL63860,=,=,nM,0.26,nM,0.26,DPP4
CHEMBL3686733,=,=,nM,0.35,nM,0.35,DPP4
CHEMBL365322,=,=,nM,3.5,nM,3.5,DPP4
CHEMBL3686734,=,=,nM,73.0,nM,73.0,DPP4
CHEMBL3639856,=,=,nM,63.0,nM,63.0,DPP4
CHEMBL3686735,=,=,nM,6500.0,nM,6500.0,DPP4
CHEMBL67279,=,=,nM,1.7,nM,1.7,DPP4
CHEMBL3686736,=,=,nM,44.0,nM,44.0,DPP4
CHEMBL3686737,=,=,nM,1.0,nM,1.0,DPP4
CHEMBL3686737,=,=,nM,4.0,nM,4.0,DPP4
CHEMBL67089,=,=,nM,1.0,nM,1.0,DPP4
CHEMBL3686738,=,=,nM,3.0,nM,3.0,DPP4
CHEMBL3686739,=,=,nM,42.0,nM,42.0,DPP4
CHEMBL3686740,=,=,nM,160.0,nM,160.0,DPP4
CHEMBL3686741,=,=,nM,9.5,nM,9.5,DPP4
CHEMBL3686742,=,=,nM,24.0,nM,24.0,DPP4
CHEMBL3686752,=,=,nM,200.0,nM,200.0,DPP4
CHEMBL3686743,=,=,nM,17.0,nM,17.0,DPP4
CHEMBL494497,=,=,nM,6.0,nM,6.0,DPP4
CHEMBL3686744,=,=,nM,4.6,nM,4.6,DPP4
CHEMBL3686745,=,=,nM,4.5,nM,4.5,DPP4
CHEMBL3686746,=,=,nM,1.6,nM,1.6,DPP4
CHEMBL3686747,=,=,nM,2.0,nM,2.0,DPP4
CHEMBL3686748,=,=,nM,1.6,nM,1.6,DPP4
CHEMBL3686749,=,=,nM,1.8,nM,1.8,DPP4
CHEMBL3686750,=,=,nM,1.2,nM,1.2,DPP4
CHEMBL63895,=,=,nM,1.1,nM,1.1,DPP4
CHEMBL3686751,=,=,nM,6.4,nM,6.4,DPP4
CHEMBL63860,=,=,nM,1400.0,nM,1400.0,DPP4
CHEMBL3686733,=,=,nM,20000.0,nM,20000.0,DPP4
CHEMBL365322,=,=,nM,9.0,nM,9.0,DPP4
CHEMBL3686734,=,=,nM,220.0,nM,220.0,DPP4
CHEMBL3639856,=,=,nM,440.0,nM,440.0,DPP4
CHEMBL3686735,=,=,nM,7700.0,nM,7700.0,DPP4
CHEMBL67279,=,=,nM,1200.0,nM,1200.0,DPP4
CHEMBL3686736,=,=,nM,5900.0,nM,5900.0,DPP4
CHEMBL3686737,=,=,nM,380.0,nM,380.0,DPP4
CHEMBL3686737,=,=,nM,9000.0,nM,9000.0,DPP4
CHEMBL67089,=,=,nM,7000.0,nM,7000.0,DPP4
CHEMBL3686738,=,=,nM,1900.0,nM,1900.0,DPP4
CHEMBL3686739,=,=,nM,72.0,nM,72.0,DPP4
CHEMBL3686740,=,=,nM,40000.0,nM,40000.0,DPP4
CHEMBL3686741,=,=,nM,69000.0,nM,69000.0,DPP4
CHEMBL3686742,=,=,nM,170.0,nM,170.0,DPP4
CHEMBL63860,=,=,nM,35000.0,nM,35000.0,DPP4
CHEMBL3686743,=,=,nM,28000.0,nM,28000.0,DPP4
CHEMBL494497,=,=,nM,3000.0,nM,3000.0,DPP4
CHEMBL3686744,=,=,nM,890.0,nM,890.0,DPP4
CHEMBL3686745,=,=,nM,7400.0,nM,7400.0,DPP4
CHEMBL3686746,=,=,nM,19000.0,nM,19000.0,DPP4
CHEMBL3686747,=,=,nM,3000.0,nM,3000.0,DPP4
CHEMBL3686748,=,=,nM,700.0,nM,700.0,DPP4
CHEMBL3686749,=,=,nM,7100.0,nM,7100.0,DPP4
CHEMBL63895,=,=,nM,23000.0,nM,23000.0,DPP4
CHEMBL3686751,=,=,nM,7000.0,nM,7000.0,DPP4
CHEMBL3654418,=,=,nM,2.3,nM,2.3,DPP4
CHEMBL3654419,=,=,nM,2.2,nM,2.2,DPP4
CHEMBL3654420,=,=,nM,3.0,nM,3.0,DPP4
CHEMBL3654421,=,=,nM,8.5,nM,8.5,DPP4
CHEMBL3654422,=,=,nM,2.6,nM,2.6,DPP4
CHEMBL3654423,=,=,nM,5.8,nM,5.8,DPP4
CHEMBL3654424,=,=,nM,0.5,nM,0.5,DPP4
CHEMBL3654425,=,=,nM,4.0,nM,4.0,DPP4
CHEMBL3654426,=,=,nM,4.1,nM,4.1,DPP4
CHEMBL3654427,=,=,nM,14.3,nM,14.3,DPP4
CHEMBL3654428,=,=,nM,21.1,nM,21.1,DPP4
CHEMBL3654429,=,=,nM,5.9,nM,5.9,DPP4
CHEMBL3654430,=,=,nM,8.1,nM,8.1,DPP4
CHEMBL3654425,=,=,nM,12.6,nM,12.6,DPP4
CHEMBL3687984,=,=,nM,1.7,nM,1.7,DPP4
CHEMBL3687978,=,=,nM,10.6,nM,10.6,DPP4
CHEMBL3687979,=,=,nM,156.0,nM,156.0,DPP4
CHEMBL3687977,=,=,nM,27.4,nM,27.4,DPP4
CHEMBL3687980,=,=,nM,123.0,nM,123.0,DPP4
CHEMBL3687981,=,=,nM,13.5,nM,13.5,DPP4
CHEMBL3687982,=,=,nM,625.0,nM,625.0,DPP4
CHEMBL3687983,=,=,nM,11.2,nM,11.2,DPP4
CHEMBL507254,=,=,nM,46.0,nM,46.0,DPP4
CHEMBL16709,=,=,nM,548.0,nM,548.0,DPP4
CHEMBL17041,=,=,nM,2000.0,nM,2000.0,DPP4
CHEMBL3704834,=,=,nM,12000.0,nM,12000.0,DPP4
CHEMBL3704835,=,=,nM,8500.0,nM,8500.0,DPP4
CHEMBL3704836,=,=,nM,33000.0,nM,33000.0,DPP4
CHEMBL4106669,=,=,nM,18.5,nM,18.5,DPP4
CHEMBL3931183,=,=,nM,34.5,nM,34.5,DPP4
CHEMBL3940772,=,=,nM,37.0,nM,37.0,DPP4
CHEMBL3970322,=,=,nM,8.8,nM,8.8,DPP4
CHEMBL4113723,=,=,nM,0.05,nM,0.05,DPP4
CHEMBL4111229,=,=,nM,0.1,nM,0.1,DPP4
CHEMBL4109453,=,=,nM,0.2,nM,0.2,DPP4
CHEMBL4113723,=,=,nM,0.08,nM,0.08,DPP4
CHEMBL4111229,=,=,nM,0.15,nM,0.15,DPP4
CHEMBL237500,=,=,nM,1.0,nM,1.0,DPP4
CHEMBL3645497,=,=,nM,1.0,nM,1.0,DPP4
CHEMBL3645490,=,=,nM,2.5,nM,2.5,DPP4
CHEMBL3645491,=,=,nM,2.2,nM,2.2,DPP4
CHEMBL3645496,=,=,nM,1.9,nM,1.9,DPP4
CHEMBL3645493,=,=,nM,1.6,nM,1.6,DPP4
CHEMBL3645494,=,=,nM,1.3,nM,1.3,DPP4
CHEMBL3645495,=,=,nM,1.6,nM,1.6,DPP4
CHEMBL3935335,=,=,nM,2.6,nM,2.6,DPP4
CHEMBL3924307,>,>,nM,1000.0,nM,1000.0,DPP4
CHEMBL3896302,=,=,nM,9.0,nM,9.0,DPP4
CHEMBL3926627,=,=,nM,5.4,nM,5.4,DPP4
CHEMBL3922613,=,=,nM,2160.0,nM,2160.0,DPP4
CHEMBL3945052,=,=,nM,264.0,nM,264.0,DPP4
CHEMBL3913618,=,=,nM,16.0,nM,16.0,DPP4
CHEMBL3913689,=,=,nM,32.0,nM,32.0,DPP4
CHEMBL3904065,=,=,nM,12.0,nM,12.0,DPP4
CHEMBL3934913,=,=,nM,4.0,nM,4.0,DPP4
CHEMBL3942798,=,=,nM,9.0,nM,9.0,DPP4
CHEMBL3965610,=,=,nM,5.0,nM,5.0,DPP4
CHEMBL3897624,=,=,nM,5.0,nM,5.0,DPP4
CHEMBL3957746,=,=,nM,6.0,nM,6.0,DPP4
CHEMBL3986470,=,=,nM,6.0,nM,6.0,DPP4
CHEMBL3985360,=,=,nM,9.0,nM,9.0,DPP4
CHEMBL3912125,=,=,nM,250.0,nM,250.0,DPP4
CHEMBL3974068,=,=,nM,22.0,nM,22.0,DPP4
CHEMBL3903110,=,=,nM,1.0,nM,1.0,DPP4
CHEMBL3955534,=,=,nM,2.0,nM,2.0,DPP4
CHEMBL3889902,=,=,nM,2.0,nM,2.0,DPP4
CHEMBL237289,=,=,nM,1.0,nM,1.0,DPP4
CHEMBL3987141,=,=,nM,3.0,nM,3.0,DPP4
CHEMBL3958450,=,=,nM,3.0,nM,3.0,DPP4
CHEMBL3898310,=,=,nM,3.0,nM,3.0,DPP4
CHEMBL237499,=,=,nM,3.0,nM,3.0,DPP4
CHEMBL3966199,=,=,nM,3.0,nM,3.0,DPP4
CHEMBL3903787,=,=,nM,1.0,nM,1.0,DPP4
CHEMBL3974699,=,=,nM,3.0,nM,3.0,DPP4
CHEMBL3912809,=,=,nM,13.0,nM,13.0,DPP4
CHEMBL3986074,=,=,nM,8.0,nM,8.0,DPP4
CHEMBL3979864,=,=,nM,4.0,nM,4.0,DPP4
CHEMBL237500,=,=,nM,1.0,nM,1.0,DPP4
CHEMBL3950914,=,=,nM,4.0,nM,4.0,DPP4
CHEMBL3965981,=,=,nM,1.0,nM,1.0,DPP4
CHEMBL3893759,=,=,nM,1.0,nM,1.0,DPP4
CHEMBL3903674,=,=,nM,3.0,nM,3.0,DPP4
CHEMBL3926493,=,=,nM,4.0,nM,4.0,DPP4
CHEMBL3981831,=,=,nM,3.0,nM,3.0,DPP4
CHEMBL3953094,=,=,nM,4.0,nM,4.0,DPP4
CHEMBL3938646,=,=,nM,2.0,nM,2.0,DPP4
CHEMBL3957200,=,=,nM,12.0,nM,12.0,DPP4
CHEMBL3958670,=,=,nM,8.0,nM,8.0,DPP4
CHEMBL3931178,=,=,nM,13.0,nM,13.0,DPP4
CHEMBL3917354,=,=,nM,6.0,nM,6.0,DPP4
CHEMBL3948679,=,=,nM,6.0,nM,6.0,DPP4
CHEMBL3911930,=,=,nM,5.0,nM,5.0,DPP4
CHEMBL3939916,=,=,nM,3.0,nM,3.0,DPP4
CHEMBL3938789,=,=,nM,11.0,nM,11.0,DPP4
CHEMBL3962719,=,=,nM,14.0,nM,14.0,DPP4
CHEMBL2022530,>,>,nM,100000.0,nM,100000.0,DPP4
CHEMBL3913191,>,>,nM,100000.0,nM,100000.0,DPP4
CHEMBL3937692,>,>,nM,100000.0,nM,100000.0,DPP4
CHEMBL3896942,>,>,nM,100000.0,nM,100000.0,DPP4
CHEMBL3984057,>,>,nM,100000.0,nM,100000.0,DPP4
CHEMBL2385280,>,>,nM,100000.0,nM,100000.0,DPP4
CHEMBL2385277,>,>,nM,100000.0,nM,100000.0,DPP4
CHEMBL3914236,>,>,nM,100000.0,nM,100000.0,DPP4
CHEMBL2385281,>,>,nM,100000.0,nM,100000.0,DPP4
CHEMBL3920977,>,>,nM,100000.0,nM,100000.0,DPP4
CHEMBL3934376,>,>,nM,100000.0,nM,100000.0,DPP4
CHEMBL3233842,>,>,nM,100000.0,nM,100000.0,DPP4
CHEMBL2385281,>,>,nM,100000.0,nM,100000.0,DPP4
CHEMBL2385293,>,>,nM,100000.0,nM,100000.0,DPP4
CHEMBL3233554,>,>,nM,100000.0,nM,100000.0,DPP4
CHEMBL2385294,>,>,nM,100000.0,nM,100000.0,DPP4
CHEMBL2385270,>,>,nM,100000.0,nM,100000.0,DPP4
CHEMBL2385301,>,>,nM,100000.0,nM,100000.0,DPP4
CHEMBL2385302,>,>,nM,100000.0,nM,100000.0,DPP4
CHEMBL2385274,>,>,nM,100000.0,nM,100000.0,DPP4
CHEMBL2385275,>,>,nM,100000.0,nM,100000.0,DPP4
CHEMBL2385271,>,>,nM,100000.0,nM,100000.0,DPP4
CHEMBL2385273,>,>,nM,100000.0,nM,100000.0,DPP4
CHEMBL2385272,>,>,nM,100000.0,nM,100000.0,DPP4
CHEMBL3233558,>,>,nM,100000.0,nM,100000.0,DPP4
CHEMBL3233559,>,>,nM,100000.0,nM,100000.0,DPP4
CHEMBL3233560,>,>,nM,100000.0,nM,100000.0,DPP4
CHEMBL3233564,>,>,nM,100000.0,nM,100000.0,DPP4
CHEMBL3233568,>,>,nM,100000.0,nM,100000.0,DPP4
CHEMBL3233569,>,>,nM,100000.0,nM,100000.0,DPP4
CHEMBL3233562,>,>,nM,100000.0,nM,100000.0,DPP4
CHEMBL2385299,>,>,nM,100000.0,nM,100000.0,DPP4
CHEMBL2385300,>,>,nM,100000.0,nM,100000.0,DPP4
CHEMBL3233835,>,>,nM,100000.0,nM,100000.0,DPP4
CHEMBL3233843,=,=,nM,19000.0,nM,19000.0,DPP4
CHEMBL3233838,>,>,nM,100000.0,nM,100000.0,DPP4
CHEMBL3233837,>,>,nM,100000.0,nM,100000.0,DPP4
CHEMBL3233836,>,>,nM,100000.0,nM,100000.0,DPP4
CHEMBL3900683,>,>,nM,100000.0,nM,100000.0,DPP4
CHEMBL3233574,>,>,nM,100000.0,nM,100000.0,DPP4
CHEMBL3929674,>,>,nM,100000.0,nM,100000.0,DPP4
CHEMBL3233575,>,>,nM,100000.0,nM,100000.0,DPP4
CHEMBL3233538,>,>,nM,100000.0,nM,100000.0,DPP4
CHEMBL3233539,>,>,nM,100000.0,nM,100000.0,DPP4
CHEMBL3233833,>,>,nM,100000.0,nM,100000.0,DPP4
CHEMBL3233561,>,>,nM,100000.0,nM,100000.0,DPP4
CHEMBL3233567,>,>,nM,100000.0,nM,100000.0,DPP4
CHEMBL3233565,>,>,nM,100000.0,nM,100000.0,DPP4
CHEMBL3233566,>,>,nM,100000.0,nM,100000.0,DPP4
CHEMBL2385298,>,>,nM,100000.0,nM,100000.0,DPP4
CHEMBL1650443,=,=,nM,1.3,nM,1.3,DPP4
CHEMBL376359,=,=,nM,5.3,nM,5.3,DPP4
CHEMBL577,>,>,nM,100000.0,uM,100.0,DPP4
CHEMBL1422,=,=,nM,20.0,nM,20.0,DPP4
CHEMBL4067185,=,=,nM,255.0,nM,255.0,DPP4
CHEMBL4086264,=,=,nM,57.0,nM,57.0,DPP4
CHEMBL4078112,=,=,nM,67.0,nM,67.0,DPP4
CHEMBL4090635,=,=,nM,102.0,nM,102.0,DPP4
CHEMBL4081713,=,=,nM,29.0,nM,29.0,DPP4
CHEMBL4059789,=,=,nM,80.0,nM,80.0,DPP4
CHEMBL4071166,=,=,nM,470.0,nM,470.0,DPP4
CHEMBL4098218,=,=,nM,2.6,nM,2.6,DPP4
CHEMBL4097306,=,=,nM,5.5,nM,5.5,DPP4
CHEMBL1614729,=,=,nM,22.0,nM,22.0,DPP4
CHEMBL4089584,=,=,nM,220.0,nM,220.0,DPP4
CHEMBL4068446,=,=,nM,0.38,nM,0.38,DPP4
CHEMBL4085490,=,=,nM,28.0,nM,28.0,DPP4
CHEMBL4078049,=,=,nM,6.8,nM,6.8,DPP4
CHEMBL4098936,=,=,nM,4.6,nM,4.6,DPP4
CHEMBL4071958,=,=,nM,17.0,nM,17.0,DPP4
CHEMBL4075351,=,=,nM,29.0,nM,29.0,DPP4
CHEMBL4082445,=,=,nM,140.0,nM,140.0,DPP4
CHEMBL4064424,=,=,nM,720.0,nM,720.0,DPP4
CHEMBL4085958,=,=,nM,250.0,nM,250.0,DPP4
CHEMBL1809262,=,=,nM,270.0,nM,270.0,DPP4
CHEMBL4072939,=,=,nM,540.0,nM,540.0,DPP4
CHEMBL4083433,=,=,nM,620.0,nM,620.0,DPP4
CHEMBL4101425,=,=,nM,510.0,nM,510.0,DPP4
CHEMBL4092983,=,=,nM,170.0,nM,170.0,DPP4
CHEMBL4072218,=,=,nM,630.0,nM,630.0,DPP4
CHEMBL4105034,=,=,nM,470.0,nM,470.0,DPP4
CHEMBL4087191,=,=,nM,1200.0,nM,1200.0,DPP4
CHEMBL1852708,=,=,nM,360.0,nM,360.0,DPP4
CHEMBL4079304,=,=,nM,1200.0,nM,1200.0,DPP4
CHEMBL4089615,=,=,nM,8.5,nM,8.5,DPP4
CHEMBL4068477,=,=,nM,2.1,nM,2.1,DPP4
CHEMBL4081741,=,=,nM,13.0,nM,13.0,DPP4
CHEMBL4059815,=,=,nM,7.2,nM,7.2,DPP4
CHEMBL4100667,=,=,nM,17.0,nM,17.0,DPP4
CHEMBL4082680,=,=,nM,87.0,nM,87.0,DPP4
CHEMBL4096274,=,=,nM,8.7,nM,8.7,DPP4
CHEMBL3425747,=,=,nM,28.0,nM,28.0,DPP4
CHEMBL3425748,=,=,nM,145.0,nM,145.0,DPP4
CHEMBL4066703,=,=,nM,70.0,nM,70.0,DPP4
CHEMBL4077696,=,=,nM,537.0,nM,537.0,DPP4
CHEMBL4063983,=,=,nM,28.0,nM,28.0,DPP4
CHEMBL4085550,=,=,nM,31.8,nM,31.8,DPP4
CHEMBL4077174,=,=,nM,123.3,nM,123.3,DPP4
CHEMBL4093298,=,=,nM,139.0,nM,139.0,DPP4
CHEMBL4062977,=,=,nM,43.4,nM,43.4,DPP4
CHEMBL4090906,=,=,nM,60.0,nM,60.0,DPP4
CHEMBL4071607,=,=,nM,50.2,nM,50.2,DPP4
CHEMBL4098632,=,=,nM,151.7,nM,151.7,DPP4
CHEMBL393336,=,=,nM,22.0,nM,22.0,DPP4
CHEMBL3425747,=,=,nM,27.54,,7.56,DPP4
CHEMBL4063983,=,=,nM,27.54,,7.56,DPP4
CHEMBL4085550,=,=,nM,32.36,,7.49,DPP4
CHEMBL393336,=,=,nM,21.88,,7.66,DPP4
CHEMBL1422,=,=,nM,37.96,nM,37.96,DPP4
CHEMBL4128601,=,=,nM,65.36,nM,65.36,DPP4
CHEMBL4129968,=,=,nM,188.7,nM,188.7,DPP4
CHEMBL4128052,=,=,nM,64.47,nM,64.47,DPP4
CHEMBL383705,=,=,nM,5400.0,uM,5.4,DPP4
CHEMBL98408,=,=,nM,1700.0,uM,1.7,DPP4
CHEMBL4176189,=,=,nM,22.0,uM,0.022,DPP4
CHEMBL142703,=,=,nM,120.0,uM,0.12,DPP4
CHEMBL1422,=,=,nM,40.0,uM,0.04,DPP4
CHEMBL98869,=,=,nM,165000.0,uM,165.0,DPP4
CHEMBL397070,=,=,nM,90000.0,uM,90.0,DPP4
CHEMBL237500,=,=,nM,2.0,uM,0.002,DPP4
CHEMBL4165788,>,>,nM,100.0,nM,100.0,DPP4
CHEMBL4173013,>,>,nM,100.0,nM,100.0,DPP4
CHEMBL4162340,=,=,nM,2.3,nM,2.3,DPP4
CHEMBL4169618,=,=,nM,2.4,nM,2.4,DPP4
CHEMBL4177478,=,=,nM,6.8,nM,6.8,DPP4
CHEMBL4174924,=,=,nM,15.3,nM,15.3,DPP4
CHEMBL1650443,=,=,nM,1.43,nM,1.43,DPP4
CHEMBL4169403,=,=,nM,0.79,nM,0.79,DPP4
CHEMBL4161474,=,=,nM,1.67,nM,1.67,DPP4
CHEMBL4172793,=,=,nM,0.77,nM,0.77,DPP4
CHEMBL4164893,=,=,nM,1.25,nM,1.25,DPP4
CHEMBL4162532,=,=,nM,18.0,nM,18.0,DPP4
CHEMBL4173215,=,=,nM,26.6,nM,26.6,DPP4
CHEMBL4165967,=,=,nM,0.76,nM,0.76,DPP4
CHEMBL4176578,=,=,nM,0.54,nM,0.54,DPP4
CHEMBL4164470,=,=,nM,0.54,nM,0.54,DPP4
CHEMBL4175111,=,=,nM,0.72,nM,0.72,DPP4
CHEMBL4161924,=,=,nM,1.58,nM,1.58,DPP4
CHEMBL4169845,=,=,nM,0.61,nM,0.61,DPP4
CHEMBL4165359,=,=,nM,1.69,nM,1.69,DPP4
CHEMBL4173272,=,=,nM,1.61,nM,1.61,DPP4
CHEMBL4173673,=,=,nM,1.45,nM,1.45,DPP4
CHEMBL4162971,=,=,nM,0.77,nM,0.77,DPP4
CHEMBL4205581,=,=,nM,49.0,uM,0.049,DPP4
CHEMBL4216792,=,=,nM,10400.0,uM,10.4,DPP4
CHEMBL4217326,=,=,nM,17200.0,uM,17.2,DPP4
CHEMBL4212367,=,=,nM,11500.0,uM,11.5,DPP4
CHEMBL4212894,=,=,nM,400.0,uM,0.4,DPP4
CHEMBL4207996,=,=,nM,2000.0,uM,2.0,DPP4
CHEMBL4208513,=,=,nM,2500.0,uM,2.5,DPP4
CHEMBL4203639,=,=,nM,46500.0,uM,46.5,DPP4
CHEMBL4204176,=,=,nM,80.0,uM,0.08,DPP4
CHEMBL4213950,=,=,nM,1200.0,uM,1.2,DPP4
CHEMBL4210635,=,=,nM,21500.0,uM,21.5,DPP4
CHEMBL4205100,=,=,nM,59900.0,uM,59.9,DPP4
CHEMBL4215849,=,=,nM,1300.0,uM,1.3,DPP4
CHEMBL376359,=,=,nM,4.0,uM,0.004,DPP4
CHEMBL91777,=,=,nM,65690.0,uM,65.69,DPP4
CHEMBL288114,=,=,nM,4650.0,uM,4.65,DPP4
CHEMBL297453,=,=,nM,10210.0,uM,10.21,DPP4
CHEMBL257839,=,=,nM,420.0,uM,0.42,DPP4
CHEMBL2165586,=,=,nM,10360.0,uM,10.36,DPP4
CHEMBL592005,=,=,nM,1410.0,uM,1.41,DPP4
CHEMBL145,=,=,nM,3370.0,uM,3.37,DPP4
CHEMBL511367,=,=,nM,1410.0,uM,1.41,DPP4
CHEMBL165,=,=,nM,0.6,nM,0.6,DPP4
CHEMBL44,=,=,nM,480.0,uM,0.48,DPP4
CHEMBL150,=,=,nM,490.0,uM,0.49,DPP4
CHEMBL9352,=,=,nM,240.0,uM,0.24,DPP4
CHEMBL399121,=,=,nM,280.0,uM,0.28,DPP4
CHEMBL275638,=,=,nM,170.0,uM,0.17,DPP4
CHEMBL50,=,=,nM,2920.0,uM,2.92,DPP4
CHEMBL28,=,=,nM,140.0,uM,0.14,DPP4
CHEMBL151,=,=,nM,120.0,uM,0.12,DPP4
CHEMBL214381,=,=,nM,4210.0,uM,4.21,DPP4
CHEMBL4246951,=,=,nM,28050.0,uM,28.05,DPP4
CHEMBL4247480,=,=,nM,1.12,nM,1.12,DPP4
CHEMBL4238698,=,=,nM,1.22,nM,1.22,DPP4
CHEMBL4242883,=,=,nM,1.62,nM,1.62,DPP4
CHEMBL4249193,=,=,nM,1.33,nM,1.33,DPP4
CHEMBL4239107,=,=,nM,0.76,nM,0.76,DPP4
CHEMBL4250492,=,=,nM,14.0,nM,14.0,DPP4
CHEMBL1422,=,=,nM,7.8,nM,7.8,DPP4
CHEMBL4246674,=,=,nM,19.6,nM,19.6,DPP4
CHEMBL4246222,=,=,nM,232.8,nM,232.8,DPP4
CHEMBL4241283,=,=,nM,3.4,nM,3.4,DPP4
CHEMBL4250956,=,=,nM,6.29,nM,6.29,DPP4
CHEMBL4241366,=,=,nM,6.93,nM,6.93,DPP4
CHEMBL1976036,=,=,nM,3440.0,uM,3.44,DPP4
CHEMBL4247286,=,=,nM,2120.0,uM,2.12,DPP4
CHEMBL4250558,=,=,nM,94.82,nM,94.82,DPP4
CHEMBL4245414,=,=,nM,3730.0,uM,3.73,DPP4
CHEMBL4241199,=,=,nM,720.0,uM,0.72,DPP4
CHEMBL4249750,=,=,nM,660.0,uM,0.66,DPP4
CHEMBL4240687,=,=,nM,1320.0,uM,1.32,DPP4
CHEMBL4247814,=,=,nM,1270.0,uM,1.27,DPP4
CHEMBL4242321,=,=,nM,1780.0,uM,1.78,DPP4
CHEMBL4238169,=,=,nM,15780.0,uM,15.78,DPP4
CHEMBL4238607,=,=,nM,7580.0,uM,7.58,DPP4
CHEMBL4248813,,,,,,,DPP4
CHEMBL4249104,,,,,,,DPP4
CHEMBL4244834,,,,,,,DPP4
CHEMBL4242826,,,,,,,DPP4
CHEMBL4239608,,,,,,,DPP4
CHEMBL4555157,>,>,nM,100000.0,uM,100.0,DPP4
CHEMBL4554062,=,=,nM,68510.0,uM,68.51,DPP4
CHEMBL4540237,>,>,nM,100000.0,uM,100.0,DPP4
CHEMBL4582763,>,>,nM,100000.0,uM,100.0,DPP4
CHEMBL4535561,=,=,nM,76170.0,uM,76.17,DPP4
CHEMBL4557028,>,>,nM,100000.0,uM,100.0,DPP4
CHEMBL4471409,>,>,nM,100000.0,uM,100.0,DPP4
CHEMBL4448038,>,>,nM,100000.0,uM,100.0,DPP4
CHEMBL4525051,=,=,nM,121300.0,uM,121.3,DPP4
CHEMBL4435578,>,>,nM,100000.0,uM,100.0,DPP4
CHEMBL4567960,>,>,nM,100000.0,uM,100.0,DPP4
CHEMBL4571225,=,=,nM,55870.0,uM,55.87,DPP4
CHEMBL4463269,>,>,nM,100000.0,uM,100.0,DPP4
CHEMBL4466627,>,>,nM,100000.0,uM,100.0,DPP4
CHEMBL4563602,>,>,nM,100000.0,uM,100.0,DPP4
CHEMBL142703,=,=,nM,15.0,uM,0.015,DPP4
CHEMBL225304,,,,,,,DPP4
CHEMBL595,,,,,,,DPP4
CHEMBL33864,,,,,,,DPP4
CHEMBL1422,=,=,nM,120.0,uM,0.12,DPP4
CHEMBL4516388,=,=,nM,223.0,uM,0.223,DPP4
CHEMBL4464592,=,=,nM,226.0,uM,0.226,DPP4
CHEMBL4458307,=,=,nM,208.0,uM,0.208,DPP4
CHEMBL4537702,=,=,nM,217.0,uM,0.217,DPP4
CHEMBL4524414,=,=,nM,60.0,uM,0.06,DPP4
CHEMBL4577865,=,=,nM,170.0,uM,0.17,DPP4
CHEMBL4437841,=,=,nM,197.0,uM,0.197,DPP4
CHEMBL4434648,=,=,nM,190.0,uM,0.19,DPP4
CHEMBL67279,=,=,nM,22.0,nM,22.0,DPP4
CHEMBL4535549,=,=,nM,3830000.0,mM,3.83,DPP4
CHEMBL4446618,=,=,nM,2.19,nM,2.19,DPP4
CHEMBL4452518,=,=,nM,1.98,nM,1.98,DPP4
CHEMBL4441220,=,=,nM,10.21,nM,10.21,DPP4
CHEMBL4528994,=,=,nM,2.35,nM,2.35,DPP4
CHEMBL4458949,=,=,nM,3.9,nM,3.9,DPP4
CHEMBL4465482,=,=,nM,0.18,nM,0.18,DPP4
CHEMBL4448186,=,=,nM,0.1,nM,0.1,DPP4
CHEMBL4544024,=,=,nM,1.05,nM,1.05,DPP4
CHEMBL4536341,=,=,nM,0.72,nM,0.72,DPP4
CHEMBL4461587,=,=,nM,0.22,nM,0.22,DPP4
CHEMBL4458832,=,=,nM,5.99,nM,5.99,DPP4
CHEMBL4588692,=,=,nM,0.44,nM,0.44,DPP4
CHEMBL4464069,=,=,nM,2.43,nM,2.43,DPP4
CHEMBL4435383,=,=,nM,2.91,nM,2.91,DPP4
CHEMBL4590999,=,=,nM,5.06,nM,5.06,DPP4
CHEMBL4465448,=,=,nM,50.9,nM,50.9,DPP4
CHEMBL4458152,=,=,nM,5.61,nM,5.61,DPP4
CHEMBL4567320,=,=,nM,20.48,nM,20.48,DPP4
CHEMBL4468590,=,=,nM,74.43,nM,74.43,DPP4
CHEMBL4465374,=,=,nM,22.09,nM,22.09,DPP4
CHEMBL4528149,=,=,nM,85.48,nM,85.48,DPP4
CHEMBL376359,=,=,nM,4.46,nM,4.46,DPP4
CHEMBL4454091,=,=,nM,0.75,nM,0.75,DPP4
CHEMBL4529301,=,=,nM,2.25,nM,2.25,DPP4
CHEMBL4547171,=,=,nM,2.0,nM,2.0,DPP4
CHEMBL4460852,=,=,nM,1.75,nM,1.75,DPP4
CHEMBL237500,=,=,nM,1.25,nM,1.25,DPP4
CHEMBL4436620,=,=,nM,74.6,nM,74.6,DPP4
CHEMBL4530011,=,=,nM,56.6,nM,56.6,DPP4
CHEMBL4538597,=,=,nM,7.5,nM,7.5,DPP4
CHEMBL4468423,=,=,nM,89.8,nM,89.8,DPP4
CHEMBL4581624,,,,,,,DPP4
CHEMBL4440121,,,,,,,DPP4
CHEMBL4540469,,,,,,,DPP4
CHEMBL4437931,,,,,,,DPP4
CHEMBL4571572,,,,,,,DPP4
CHEMBL4559809,,,,,,,DPP4
CHEMBL4585574,,,,,,,DPP4
CHEMBL4537845,,,,,,,DPP4
CHEMBL376359,=,=,nM,2.7,nM,2.7,DPP4
CHEMBL1422,=,=,nM,6.9,nM,6.9,DPP4
CHEMBL4438210,=,=,nM,7.6,nM,7.6,DPP4
CHEMBL4446618,=,=,nM,1.7,nM,1.7,DPP4
CHEMBL4562685,=,=,nM,3.9,nM,3.9,DPP4
CHEMBL4527363,=,=,nM,4.6,nM,4.6,DPP4
CHEMBL4558007,=,=,nM,2.5,nM,2.5,DPP4
CHEMBL4581959,=,=,nM,4.0,nM,4.0,DPP4
CHEMBL4516959,=,=,nM,3.5,nM,3.5,DPP4
CHEMBL4453917,=,=,nM,93.2,nM,93.2,DPP4
CHEMBL4445783,=,=,nM,395.0,nM,395.0,DPP4
CHEMBL142703,,,,,,,DPP4
CHEMBL4557196,=,=,nM,4376.0,nM,4376.0,DPP4
CHEMBL4465057,=,=,nM,790.0,nM,790.0,DPP4
CHEMBL4537708,=,=,nM,483.0,nM,483.0,DPP4
CHEMBL4443493,>,>,nM,10000.0,nM,10000.0,DPP4
CHEMBL4591675,=,=,nM,421.0,nM,421.0,DPP4
CHEMBL3675622,=,=,nM,1.28,nM,1.28,DPP4
CHEMBL3675628,=,=,nM,38.6,nM,38.6,DPP4
CHEMBL3675630,=,=,nM,44.3,nM,44.3,DPP4
CHEMBL4549857,>,>,nM,10000.0,nM,10000.0,DPP4
CHEMBL3675629,=,=,nM,6113.0,nM,6113.0,DPP4
CHEMBL3675618,=,=,nM,0.42,nM,0.42,DPP4
CHEMBL3675623,=,=,nM,539.0,nM,539.0,DPP4
CHEMBL4443070,=,=,nM,538.0,nM,538.0,DPP4
CHEMBL3675627,=,=,nM,8.15,nM,8.15,DPP4
CHEMBL3675634,=,=,nM,14.1,nM,14.1,DPP4
CHEMBL3675635,=,=,nM,29.2,nM,29.2,DPP4
CHEMBL3675624,=,=,nM,1.61,nM,1.61,DPP4
CHEMBL4464819,=,=,nM,4.41,nM,4.41,DPP4
CHEMBL3675626,=,=,nM,32.0,nM,32.0,DPP4
CHEMBL3675625,=,=,nM,19.3,nM,19.3,DPP4
CHEMBL3675620,=,=,nM,43.5,nM,43.5,DPP4
CHEMBL3675636,=,=,nM,82.2,nM,82.2,DPP4
CHEMBL4563476,=,=,nM,28.7,nM,28.7,DPP4
CHEMBL3675632,=,=,nM,9.31,nM,9.31,DPP4
CHEMBL4516443,=,=,nM,11.2,nM,11.2,DPP4
CHEMBL4568895,=,=,nM,10.0,nM,10.0,DPP4
CHEMBL142703,=,=,nM,95.0,nM,95.0,DPP4
CHEMBL376359,=,=,nM,7.0,nM,7.0,DPP4
CHEMBL237500,=,=,nM,1.0,nM,1.0,DPP4
CHEMBL4456228,=,=,nM,3900.0,nM,3900.0,DPP4
CHEMBL399216,=,=,nM,82.0,nM,82.0,DPP4
CHEMBL237067,=,=,nM,5.0,nM,5.0,DPP4
CHEMBL4635648,>,>,nM,1000.0,nM,1000.0,DPP4
CHEMBL4633377,>,>,nM,1000.0,nM,1000.0,DPP4
CHEMBL4643841,>,>,nM,1000.0,nM,1000.0,DPP4
CHEMBL4635433,=,=,nM,48.9,nM,48.9,DPP4
CHEMBL4640183,=,=,nM,18.2,nM,18.2,DPP4
CHEMBL4634272,=,=,nM,20.6,nM,20.6,DPP4
CHEMBL4644314,=,=,nM,7.1,nM,7.1,DPP4
CHEMBL4641763,=,=,nM,3.9,nM,3.9,DPP4
CHEMBL4634474,=,=,nM,26.5,nM,26.5,DPP4
CHEMBL4636223,=,=,nM,11.7,nM,11.7,DPP4
CHEMBL4649110,=,=,nM,60.0,nM,60.0,DPP4
CHEMBL4646510,=,=,nM,4.2,nM,4.2,DPP4
CHEMBL4640418,=,=,nM,22.1,nM,22.1,DPP4
CHEMBL2105762,=,=,nM,3.1,nM,3.1,DPP4
CHEMBL4641140,=,=,nM,2.8,nM,2.8,DPP4
CHEMBL4636081,=,=,nM,28.62,nM,28.62,DPP4
CHEMBL4246951,=,=,nM,28050.0,uM,28.05,DPP4
CHEMBL4647761,=,=,nM,5.78,nM,5.78,DPP4
CHEMBL4642801,=,=,nM,6.0,nM,6.0,DPP4
CHEMBL4649180,=,=,nM,2.07,nM,2.07,DPP4
CHEMBL4632896,=,=,nM,2.72,nM,2.72,DPP4
CHEMBL4638480,=,=,nM,0.76,nM,0.76,DPP4
CHEMBL1683571,=,=,nM,23.0,nM,23.0,DPP4
CHEMBL4647956,=,=,nM,247.0,uM,0.247,DPP4
CHEMBL4638352,=,=,nM,12.0,nM,12.0,DPP4
CHEMBL142703,=,=,nM,3500.0,uM,3.5,DPP4
CHEMBL4761281,=,=,nM,230.0,uM,0.23,DPP4
CHEMBL4762199,=,=,nM,47.0,uM,0.047,DPP4
CHEMBL4743350,=,=,nM,190.0,uM,0.19,DPP4
CHEMBL4744389,=,=,nM,44.0,uM,0.044000000000000004,DPP4
CHEMBL4750433,=,=,nM,120.0,uM,0.12,DPP4
CHEMBL4783756,=,=,nM,190.0,uM,0.19,DPP4
CHEMBL4796411,=,=,nM,270.0,uM,0.27,DPP4
CHEMBL4784857,=,=,nM,40.0,uM,0.04,DPP4
CHEMBL4795875,=,=,nM,360.0,uM,0.36,DPP4
CHEMBL4742337,=,=,nM,76.0,uM,0.076,DPP4
CHEMBL4799779,=,=,nM,83.0,uM,0.083,DPP4
CHEMBL4740282,=,=,nM,59.0,uM,0.059000000000000004,DPP4
CHEMBL4782382,=,=,nM,680.0,uM,0.68,DPP4
CHEMBL1422,=,=,nM,8.4,uM,0.0084,DPP4
CHEMBL4785060,=,=,nM,660.0,uM,0.66,DPP4
CHEMBL4745258,=,=,nM,610.0,uM,0.61,DPP4
CHEMBL4776485,=,=,nM,590.0,uM,0.59,DPP4
CHEMBL4764779,=,=,nM,430.0,uM,0.43,DPP4
CHEMBL4749117,=,=,nM,350.0,uM,0.35,DPP4
CHEMBL4751384,=,=,nM,740.0,uM,0.74,DPP4
CHEMBL4750352,=,=,nM,143.0,nM,143.0,DPP4
CHEMBL4790735,=,=,nM,28.0,nM,28.0,DPP4
CHEMBL4250492,=,=,nM,14.0,nM,14.0,DPP4
CHEMBL4792546,=,=,nM,254.0,nM,254.0,DPP4
CHEMBL4747721,=,=,nM,133.0,nM,133.0,DPP4
CHEMBL4789426,=,=,nM,121.0,nM,121.0,DPP4
CHEMBL4790799,=,=,nM,305.0,nM,305.0,DPP4
CHEMBL4763110,=,=,nM,427.0,nM,427.0,DPP4
CHEMBL4745231,=,=,nM,265.0,nM,265.0,DPP4
CHEMBL4798357,=,=,nM,780.0,nM,780.0,DPP4
CHEMBL1422,=,=,nM,7.8,nM,7.8,DPP4
CHEMBL3931183,=,=,nM,34.0,nM,34.0,DPP4
CHEMBL3940772,=,=,nM,37.0,nM,37.0,DPP4
CHEMBL4746458,=,=,nM,8.8,nM,8.8,DPP4
CHEMBL4776573,=,=,nM,18.0,nM,18.0,DPP4
CHEMBL4798053,=,=,nM,1200.0,uM,1.2,DPP4
CHEMBL4787437,=,=,nM,9100.0,uM,9.1,DPP4
CHEMBL4751895,=,=,nM,25300.0,uM,25.3,DPP4
CHEMBL4760965,=,=,nM,17700.0,uM,17.7,DPP4
CHEMBL4753503,=,=,nM,22200.0,uM,22.2,DPP4
CHEMBL4745889,=,=,nM,11700.0,uM,11.7,DPP4
CHEMBL4794198,>,>,nM,100000.0,uM,100.0,DPP4
CHEMBL4743490,=,=,nM,300.0,uM,0.3,DPP4
CHEMBL4763718,=,=,nM,7900.0,uM,7.9,DPP4
CHEMBL4791597,=,=,nM,5700.0,uM,5.7,DPP4
CHEMBL4754343,=,=,nM,1100.0,uM,1.1,DPP4
CHEMBL4743516,=,=,nM,8100.0,uM,8.1,DPP4
CHEMBL4786137,=,=,nM,14400.0,uM,14.4,DPP4
CHEMBL4794801,=,=,nM,2400.0,uM,2.4,DPP4
CHEMBL4779718,=,=,nM,31800.0,uM,31.8,DPP4
CHEMBL4764894,=,=,nM,800.0,uM,0.8,DPP4
CHEMBL4752835,=,=,nM,1600.0,uM,1.6,DPP4
CHEMBL4782865,=,=,nM,23600.0,uM,23.6,DPP4
CHEMBL4798418,=,=,nM,400.0,uM,0.4,DPP4
CHEMBL4749086,=,=,nM,3500.0,uM,3.5,DPP4
CHEMBL4776878,=,=,nM,80500.0,uM,80.5,DPP4
CHEMBL4765147,=,=,nM,470.0,uM,0.47,DPP4
CHEMBL4764120,=,=,nM,89.0,uM,0.08900000000000001,DPP4
CHEMBL4784434,=,=,nM,2.0,uM,0.002,DPP4
CHEMBL4754461,=,=,nM,2800.0,uM,2.8,DPP4
CHEMBL4751103,>,>,nM,100000.0,uM,100.0,DPP4
CHEMBL4799877,>,>,nM,100000.0,uM,100.0,DPP4
CHEMBL376359,=,=,nM,4.0,uM,0.004,DPP4
CHEMBL67279,=,=,nM,22.0,uM,0.022000000000000002,DPP4
CHEMBL4747683,=,=,nM,2.0,uM,0.002,DPP4
CHEMBL2333026,>,>,nM,100000.0,uM,100.0,DPP4
CHEMBL3233842,>,>,nM,100000.0,uM,100.0,DPP4
CHEMBL4740030,>,>,nM,100000.0,uM,100.0,DPP4
CHEMBL4762435,>,>,nM,100000.0,uM,100.0,DPP4
CHEMBL4789754,>,>,nM,100000.0,uM,100.0,DPP4
CHEMBL4751873,=,=,nM,200.0,uM,0.2,DPP4
CHEMBL4755802,=,=,nM,52020.0,uM,52.02,DPP4
CHEMBL4746868,>,>,nM,100000.0,uM,100.0,DPP4
CHEMBL4758377,>,>,nM,100000.0,uM,100.0,DPP4
CHEMBL4748328,>,>,nM,100000.0,uM,100.0,DPP4
CHEMBL4750058,>,>,nM,100000.0,uM,100.0,DPP4
CHEMBL4786982,>,>,nM,100000.0,uM,100.0,DPP4
CHEMBL4762591,>,>,nM,100000.0,uM,100.0,DPP4
CHEMBL4792518,>,>,nM,100000.0,uM,100.0,DPP4
CHEMBL4748332,>,>,nM,100000.0,uM,100.0,DPP4
CHEMBL4785892,>,>,nM,100000.0,uM,100.0,DPP4
CHEMBL4779526,=,=,nM,68850.0,uM,68.85,DPP4
CHEMBL4744633,>,>,nM,100000.0,uM,100.0,DPP4
CHEMBL4799823,>,>,nM,100000.0,uM,100.0,DPP4
CHEMBL4753316,>,>,nM,100000.0,uM,100.0,DPP4
CHEMBL4743815,>,>,nM,100000.0,uM,100.0,DPP4
CHEMBL4762306,>,>,nM,100000.0,uM,100.0,DPP4
CHEMBL4748662,=,=,nM,4120.0,uM,4.12,DPP4
CHEMBL4797479,=,=,nM,10110.0,uM,10.11,DPP4
CHEMBL4742308,>,>,nM,100000.0,uM,100.0,DPP4
CHEMBL4761499,=,=,nM,18710.0,uM,18.71,DPP4
CHEMBL4743736,>,>,nM,100000.0,uM,100.0,DPP4
CHEMBL4781018,=,=,nM,82530.0,uM,82.53,DPP4
CHEMBL4746891,>,>,nM,100000.0,uM,100.0,DPP4
CHEMBL4780357,>,>,nM,100000.0,uM,100.0,DPP4
CHEMBL4748680,=,=,nM,44560.0,uM,44.56,DPP4
CHEMBL4776967,>,>,nM,100000.0,uM,100.0,DPP4
CHEMBL4791505,>,>,nM,100000.0,uM,100.0,DPP4
CHEMBL4789965,=,=,nM,76790.0,uM,76.79,DPP4
CHEMBL4758299,>,>,nM,100000.0,uM,100.0,DPP4
CHEMBL4759201,>,>,nM,100000.0,uM,100.0,DPP4
CHEMBL4754490,>,>,nM,100000.0,uM,100.0,DPP4
CHEMBL4747575,>,>,nM,100000.0,uM,100.0,DPP4
CHEMBL4854306,>,>,nM,30000.0,uM,30.0,DPP4
CHEMBL4873384,>,>,nM,30000.0,uM,30.0,DPP4
CHEMBL2425883,=,=,nM,106.3,nM,106.3,DPP4
CHEMBL4853464,=,=,nM,18.2,nM,18.2,DPP4
CHEMBL4862579,=,=,nM,9.2,nM,9.2,DPP4
CHEMBL4870762,,,,,,,DPP4
CHEMBL4856604,=,=,nM,15.0,nM,15.0,DPP4
CHEMBL4864734,=,=,nM,20.2,nM,20.2,DPP4
CHEMBL4848899,,,,,,,DPP4
CHEMBL4855159,,,,,,,DPP4
CHEMBL4860647,,,,,,,DPP4
CHEMBL4857608,,,,,,,DPP4
CHEMBL376359,=,=,nM,3.1,nM,3.1,DPP4
CHEMBL4874467,=,=,nM,9.1,nM,9.1,DPP4
CHEMBL4868921,,,,,,,DPP4
CHEMBL4867117,=,=,nM,47.6,nM,47.6,DPP4
CHEMBL4858093,=,=,nM,23.7,nM,23.7,DPP4
CHEMBL4869930,=,=,nM,6.9,nM,6.9,DPP4
CHEMBL4859630,=,=,nM,34.6,nM,34.6,DPP4
CHEMBL4871197,=,=,nM,19.1,nM,19.1,DPP4
CHEMBL4858682,=,=,nM,9.1,nM,9.1,DPP4
CHEMBL4876933,>,>,nM,1000.0,nM,1000.0,DPP4
CHEMBL4863102,=,=,nM,1.0,nM,1.0,DPP4
CHEMBL4857729,=,=,nM,2.8,nM,2.8,DPP4
CHEMBL4875769,>,>,nM,1000.0,nM,1000.0,DPP4
CHEMBL4856337,=,=,nM,0.8,nM,0.8,DPP4
CHEMBL4860737,=,=,nM,4.9,nM,4.9,DPP4
CHEMBL4873862,=,=,nM,13.0,nM,13.0,DPP4
CHEMBL4865204,=,=,nM,1.0,nM,1.0,DPP4
CHEMBL4871141,=,=,nM,7.0,nM,7.0,DPP4
CHEMBL4846335,=,=,nM,1.6,nM,1.6,DPP4
CHEMBL4876894,=,=,nM,4.3,nM,4.3,DPP4
CHEMBL4852700,=,=,nM,4.5,nM,4.5,DPP4
CHEMBL4851477,=,=,nM,1.3,nM,1.3,DPP4
CHEMBL4863369,=,=,nM,1.3,nM,1.3,DPP4
CHEMBL4856255,=,=,nM,2.6,nM,2.6,DPP4
CHEMBL4845890,=,=,nM,1.1,nM,1.1,DPP4
CHEMBL142703,,,,,,,DPP4
CHEMBL2385281,>,>,nM,4000.0,nM,4000.0,DPP4
CHEMBL3233842,>,>,nM,1000.0,nM,1000.0,DPP4
CHEMBL4877950,>,>,nM,4000.0,nM,4000.0,DPP4
CHEMBL4864133,>,>,nM,3000.0,nM,3000.0,DPP4
CHEMBL4859756,>,>,nM,4000.0,nM,4000.0,DPP4
CHEMBL4853661,>,>,nM,4000.0,nM,4000.0,DPP4
CHEMBL4855449,>,>,nM,4000.0,nM,4000.0,DPP4
CHEMBL4878759,>,>,nM,3000.0,nM,3000.0,DPP4
CHEMBL4868869,>,>,nM,4000.0,nM,4000.0,DPP4
CHEMBL4871602,>,>,nM,4000.0,nM,4000.0,DPP4
CHEMBL4854865,>,>,nM,4000.0,nM,4000.0,DPP4
CHEMBL4864489,>,>,nM,4000.0,nM,4000.0,DPP4
CHEMBL4876026,>,>,nM,4000.0,nM,4000.0,DPP4
CHEMBL4296719,=,=,nM,25.0,nM,25.0,DPP4
CHEMBL5171860,>,>,nM,700000.0,uM,700.0,DPP4
CHEMBL5201114,>,>,nM,700000.0,uM,700.0,DPP4
CHEMBL5191609,>,>,nM,700000.0,uM,700.0,DPP4
CHEMBL5193118,>,>,nM,700000.0,uM,700.0,DPP4
CHEMBL5184240,>,>,nM,700000.0,uM,700.0,DPP4
CHEMBL5194237,=,=,nM,300200.0,uM,300.2,DPP4
CHEMBL5203377,>,>,nM,700000.0,uM,700.0,DPP4
CHEMBL5176469,=,=,nM,326600.0,uM,326.6,DPP4
CHEMBL5191973,=,=,nM,669300.0,uM,669.3,DPP4
CHEMBL5206696,=,=,nM,326600.0,uM,326.6,DPP4
CHEMBL5198237,=,=,nM,33.2,uM,0.0332,DPP4
CHEMBL5177166,=,=,nM,49.0,uM,0.049,DPP4
CHEMBL5193531,=,=,nM,57440.0,uM,57.44,DPP4
CHEMBL5205289,=,=,nM,28.3,uM,0.0283,DPP4
CHEMBL25554,>,>,nM,700000.0,uM,700.0,DPP4
CHEMBL1422,=,=,nM,8.8,uM,0.0088,DPP4
CHEMBL20,,,,,,,DPP4
CHEMBL67279,=,=,nM,22.0,nM,22.0,DPP4
CHEMBL189620,>,>,nM,100.0,nM,100.0,DPP4
CHEMBL1243126,>,>,nM,50000.0,nM,50000.0,DPP4
CHEMBL142703,=,=,nM,120.0,nM,120.0,DPP4
CHEMBL1929396,=,=,nM,3.3,nM,3.3,DPP4
CHEMBL3617968,>,>,nM,30000.0,uM,30.0,DPP4
CHEMBL237500,=,=,nM,1.0,nM,1.0,DPP4
CHEMBL5220594,=,=,nM,0.16,nM,0.16,DPP4
CHEMBL5219996,=,=,nM,171.0,nM,171.0,DPP4
CHEMBL5219532,=,=,nM,0.37,nM,0.37,DPP4
CHEMBL5219761,=,=,nM,6.39,nM,6.39,DPP4
CHEMBL5220613,=,=,nM,0.14,nM,0.14,DPP4
CHEMBL5220657,=,=,nM,0.13,nM,0.13,DPP4
CHEMBL5220750,=,=,nM,0.27,nM,0.27,DPP4
CHEMBL5220348,=,=,nM,15.3,nM,15.3,DPP4
CHEMBL5218500,=,=,nM,0.75,nM,0.75,DPP4
CHEMBL5220053,=,=,nM,24.7,nM,24.7,DPP4
CHEMBL5219939,=,=,nM,0.26,nM,0.26,DPP4
CHEMBL5220415,=,=,nM,5.9,nM,5.9,DPP4
CHEMBL5219299,=,=,nM,0.28,nM,0.28,DPP4
CHEMBL5219451,=,=,nM,0.28,nM,0.28,DPP4
CHEMBL5219735,=,=,nM,1.17,nM,1.17,DPP4
CHEMBL5220474,=,=,nM,0.46,nM,0.46,DPP4
CHEMBL5219966,=,=,nM,10.2,nM,10.2,DPP4
CHEMBL3185489,=,=,nM,18.5,nM,18.5,DPP4
CHEMBL3185489,=,=,nM,18.0,nmol/L,18.0,DPP4
CHEMBL142703,=,=,nM,34.0,nmol/L,34.0,DPP4
CHEMBL385517,=,=,nM,1.5,nmol/L,1.5,DPP4
CHEMBL237500,=,=,nM,0.4,nmol/L,0.4,DPP4
CHEMBL376359,=,=,nM,7.5,nmol/L,7.5,DPP4
CHEMBL5267798,=,=,nM,0.3,nM,0.3,DPP4
CHEMBL5287917,=,=,nM,0.48,nM,0.48,DPP4
CHEMBL376359,=,=,nM,7.0,nmol/L,7.0,DPP4
CHEMBL5280972,=,=,nM,53960.0,uM,53.96,DPP4
CHEMBL5285907,=,=,nM,48130.0,uM,48.13,DPP4
CHEMBL5284943,=,=,nM,61090.0,uM,61.09,DPP4
CHEMBL5273757,=,=,nM,63560.0,uM,63.56,DPP4
CHEMBL5285955,=,=,nM,620000.0,uM,620.0,DPP4
CHEMBL5291433,=,=,nM,6250.0,uM,6.25,DPP4
CHEMBL5275453,=,=,nM,2.32,nM,2.32,DPP4
CHEMBL5270313,=,=,nM,1.7,nM,1.7,DPP4
CHEMBL5278252,=,=,nM,0.5,nM,0.5,DPP4
CHEMBL5278621,=,=,nM,0.7,nM,0.7,DPP4
CHEMBL5289102,=,=,nM,5.78,nM,5.78,DPP4
CHEMBL5269668,=,=,nM,0.09,nM,0.09,DPP4
CHEMBL142703,=,=,nM,70.0,uM,0.07,DPP4
CHEMBL1186023,=,=,nM,0.48,nM,0.48,DPP4
CHEMBL2086591,=,=,nM,31.0,nM,31.0,DPP4
CHEMBL2086592,=,=,nM,28.0,nM,28.0,DPP4
CHEMBL2086599,=,=,nM,26.0,nM,26.0,DPP4
CHEMBL2086600,=,=,nM,19.0,nM,19.0,DPP4
CHEMBL2086607,=,=,nM,34.0,nM,34.0,DPP4
CHEMBL2086608,=,=,nM,31.0,nM,31.0,DPP4
CHEMBL2086613,=,=,nM,2.3,nM,2.3,DPP4
CHEMBL2086614,=,=,nM,3.8,nM,3.8,DPP4
CHEMBL3093916,=,=,nM,18.0,nM,18.0,DPP4
CHEMBL3093918,=,=,nM,11.0,nM,11.0,DPP4
CHEMBL3093920,=,=,nM,17.0,nM,17.0,DPP4
CHEMBL3093925,=,=,nM,4.0,nM,4.0,DPP4
CHEMBL3093896,=,=,nM,4.0,nM,4.0,DPP4
CHEMBL3093902,=,=,nM,17.0,nM,17.0,DPP4
CHEMBL5267474,=,=,nM,3.0,nM,3.0,DPP4
CHEMBL5279581,=,=,nM,4.0,nM,4.0,DPP4
CHEMBL3093903,=,=,nM,5.0,nM,5.0,DPP4
CHEMBL3093905,=,=,nM,5.0,nM,5.0,DPP4
CHEMBL5270099,=,=,nM,6.0,nM,6.0,DPP4
CHEMBL5274564,=,=,nM,6.0,nM,6.0,DPP4
CHEMBL5272450,=,=,nM,17.0,nM,17.0,DPP4
CHEMBL5288458,=,=,nM,40.0,uM,0.04,DPP4
CHEMBL5280469,=,=,nM,50.0,uM,0.05,DPP4
CHEMBL5269848,=,=,nM,10.0,uM,0.01,DPP4
CHEMBL5285902,=,=,nM,5.0,nM,5.0,DPP4
CHEMBL5275487,=,=,nM,4.0,nM,4.0,DPP4
CHEMBL5266321,=,=,nM,10.0,nM,10.0,DPP4
CHEMBL1422,=,=,nM,20.0,nM,20.0,DPP4
CHEMBL5282739,=,=,nM,247.0,uM,0.247,DPP4
CHEMBL5268023,=,=,nM,863.0,uM,0.863,DPP4
CHEMBL5266542,=,=,nM,265.0,nM,265.0,DPP4
CHEMBL5276287,=,=,nM,3.79,nM,3.79,DPP4
CHEMBL493543,=,=,nM,2.0,nM,2.0,DPP4
CHEMBL522002,=,=,nM,298.0,uM,0.298,DPP4
CHEMBL5283569,=,=,nM,90.0,uM,0.09,DPP4
CHEMBL475662,=,=,nM,8.0,nM,8.0,DPP4
CHEMBL5266987,=,=,nM,14.0,nM,14.0,DPP4
CHEMBL5279548,=,=,nM,27.0,umol/L,0.027,DPP4
CHEMBL5274894,=,=,nM,12.0,nM,12.0,DPP4
CHEMBL5273881,=,=,nM,8.0,nM,8.0,DPP4
CHEMBL1085269,=,=,nM,9.0,nM,9.0,DPP4
CHEMBL1083287,=,=,nM,13.0,nM,13.0,DPP4
CHEMBL1083588,=,=,nM,13.0,nM,13.0,DPP4
CHEMBL175872,=,=,nM,139.0,nM,139.0,DPP4
CHEMBL5266197,=,=,nM,4.3,nM,4.3,DPP4
CHEMBL4204176,=,=,nM,80.0,nM,80.0,DPP4
CHEMBL5285297,=,=,nM,150.0,uM,0.15,DPP4
CHEMBL5290009,=,=,nM,150.0,uM,0.15,DPP4
CHEMBL5290055,=,=,nM,150.0,uM,0.15,DPP4
CHEMBL5282009,=,=,nM,150.0,uM,0.15,DPP4
CHEMBL5277626,=,=,nM,150.0,uM,0.15,DPP4
CHEMBL5267229,=,=,nM,150.0,uM,0.15,DPP4
CHEMBL5288509,=,=,nM,150.0,uM,0.15,DPP4
CHEMBL5267534,=,=,nM,150.0,uM,0.15,DPP4
CHEMBL5282933,=,=,nM,31.0,uM,0.031,DPP4
CHEMBL5279910,=,=,nM,0.7,nM,0.7,DPP4
CHEMBL5268418,=,=,nM,0.7,nM,0.7,DPP4
CHEMBL5273218,=,=,nM,0.7,nM,0.7,DPP4
CHEMBL5275162,=,=,nM,0.7,nM,0.7,DPP4
CHEMBL5277064,=,=,nM,0.7,nM,0.7,DPP4
CHEMBL3736190,=,=,nM,0.7,nM,0.7,DPP4
CHEMBL3645492,=,=,nM,0.7,nM,0.7,DPP4
CHEMBL5267753,=,=,nM,0.7,nM,0.7,DPP4
CHEMBL5283277,=,=,nM,0.7,nM,0.7,DPP4
CHEMBL5276887,=,=,nM,0.7,nM,0.7,DPP4
CHEMBL3735329,=,=,nM,0.7,nM,0.7,DPP4
CHEMBL3736085,=,=,nM,0.7,nM,0.7,DPP4
CHEMBL3736423,=,=,nM,0.7,nM,0.7,DPP4
CHEMBL3959577,=,=,nM,155.0,nM,155.0,DPP4
CHEMBL5274971,=,=,nM,320.0,uM,0.32,DPP4
CHEMBL5270627,=,=,nM,489.0,uM,0.489,DPP4
CHEMBL5268865,=,=,nM,329.0,uM,0.329,DPP4
CHEMBL5270959,=,=,nM,320.0,uM,0.32,DPP4
CHEMBL184624,=,=,nM,3700.0,nM,3700.0,DPP4
CHEMBL376359,=,=,nM,4.0,nM,4.0,DPP4
CHEMBL5277490,=,=,nM,1.33,nM,1.33,DPP4
CHEMBL5289336,=,=,nM,33500.0,uM,33.5,DPP4
CHEMBL430,=,=,nM,2700.0,uM,2.7,DPP4
CHEMBL5277115,=,=,nM,10100.0,uM,10.1,DPP4
CHEMBL5274711,=,=,nM,112.0,nM,112.0,DPP4
CHEMBL5275234,=,=,nM,14.0,nM,14.0,DPP4
CHEMBL5290399,<,<,nM,15.0,nM,15.0,DPP4
CHEMBL4246951,=,=,nM,28500.0,uM,28.5,DPP4
CHEMBL5271401,=,=,nM,2.32,nM,2.32,DPP4
CHEMBL376359,=,=,nM,2.56,nM,2.56,DPP4
CHEMBL5276961,=,=,nM,1100000000.0,mol/L,1.1,DPP4
CHEMBL5285764,=,=,nM,620.0,uM,0.62,DPP4
CHEMBL5278390,=,=,nM,660.0,uM,0.66,DPP4
CHEMBL5274068,=,=,nM,720.0,uM,0.72,DPP4
CHEMBL5274129,=,=,nM,0.87,nM,0.87,DPP4
CHEMBL5272644,=,=,nM,1.06,nM,1.06,DPP4
CHEMBL5276657,=,=,nM,0.87,nM,0.87,DPP4
CHEMBL5265910,=,=,nM,0.87,nM,0.87,DPP4
CHEMBL5269746,=,=,nM,0.87,nM,0.87,DPP4
CHEMBL5277828,=,=,nM,0.87,nM,0.87,DPP4
CHEMBL5269884,=,=,nM,0.87,nM,0.87,DPP4
CHEMBL5273793,=,=,nM,0.87,nM,0.87,DPP4
CHEMBL5275046,=,=,nM,1.1,nM,1.1,DPP4
CHEMBL5276298,=,=,nM,0.87,nM,0.87,DPP4
CHEMBL5289339,=,=,nM,0.87,nM,0.87,DPP4
CHEMBL5279474,=,=,nM,0.87,nM,0.87,DPP4
CHEMBL1422,=,=,nM,0.87,nM,0.87,DPP4
CHEMBL4242416,=,=,nM,64.0,nM,64.0,DPP4
CHEMBL5287906,=,=,nM,185.0,nM,185.0,DPP4
CHEMBL5283810,=,=,nM,12.45,nM,12.45,DPP4
CHEMBL5289984,=,=,nM,9.56,nM,9.56,DPP4
CHEMBL4636081,=,=,nM,28.62,nM,28.62,DPP4
CHEMBL376359,=,=,nM,6.85,nM,6.85,DPP4
CHEMBL237500,=,=,nM,1.25,nM,1.25,DPP4
CHEMBL4538597,=,=,nM,7.5,nM,7.5,DPP4
CHEMBL4446618,=,=,nM,1.7,nM,1.7,DPP4
CHEMBL376359,=,=,nM,2.7,nM,2.7,DPP4
CHEMBL4453917,=,=,nM,93.2,nM,93.2,DPP4
CHEMBL5275484,=,=,nM,395.0,nM,395.0,DPP4
CHEMBL5286666,=,=,nM,3.6,nM,3.6,DPP4
CHEMBL5268983,=,=,nM,4.6,nM,4.6,DPP4
CHEMBL5279728,=,=,nM,1.6,nM,1.6,DPP4
CHEMBL376359,=,=,nM,2.6,nM,2.6,DPP4
CHEMBL5285191,=,=,nM,3160.0,uM,3.16,DPP4
CHEMBL4239107,=,=,nM,0.76,nM,0.76,DPP4
CHEMBL5288974,=,=,nM,1.12,nM,1.12,DPP4
CHEMBL5289049,=,=,nM,130.0,uM,0.13,DPP4
CHEMBL5265966,=,=,nM,290.0,uM,0.29,DPP4
CHEMBL376359,=,=,nM,23.0,nM,23.0,DPP4
CHEMBL5414025,=,=,nM,280320.0,uM,280.32,DPP4
CHEMBL1422,=,=,nM,18.0,nM,18.0,DPP4
CHEMBL5430588,=,=,nM,260.5,nM,260.5,DPP4
CHEMBL5435689,=,=,nM,8.3,nM,8.3,DPP4
CHEMBL5399740,=,=,nM,4.2,nM,4.2,DPP4
CHEMBL5405820,=,=,nM,4.9,nM,4.9,DPP4
CHEMBL5433150,=,=,nM,23.8,nM,23.8,DPP4
CHEMBL5402568,=,=,nM,22.1,nM,22.1,DPP4
CHEMBL5435542,=,=,nM,22.4,nM,22.4,DPP4
CHEMBL5424840,=,=,nM,52.1,nM,52.1,DPP4
CHEMBL5414427,=,=,nM,32.3,nM,32.3,DPP4
CHEMBL5424574,=,=,nM,34.5,nM,34.5,DPP4
CHEMBL5409066,=,=,nM,132.5,nM,132.5,DPP4
CHEMBL5418532,=,=,nM,78.2,nM,78.2,DPP4
CHEMBL5414816,=,=,nM,90.4,nM,90.4,DPP4
CHEMBL376359,=,=,nM,8.02,nM,8.02,DPP4
CHEMBL139702,=,=,nM,30390.0,uM,30.39,DPP4
CHEMBL5416545,=,=,nM,7160.0,uM,7.16,DPP4
CHEMBL1778898,=,=,nM,16390.0,uM,16.39,DPP4
CHEMBL5397277,=,=,nM,11040.0,uM,11.04,DPP4
CHEMBL5405870,=,=,nM,21170.0,uM,21.17,DPP4
CHEMBL5424118,=,=,nM,11380.0,uM,11.38,DPP4
CHEMBL5410220,=,=,nM,42940.0,uM,42.94,DPP4
CHEMBL1778899,=,=,nM,34000.0,uM,34.0,DPP4
CHEMBL5408749,=,=,nM,34950.0,uM,34.95,DPP4
CHEMBL5412386,=,=,nM,26460.0,uM,26.46,DPP4
CHEMBL1778901,>,>,nM,100000.0,uM,100.0,DPP4
CHEMBL5429047,=,=,nM,9870.0,uM,9.87,DPP4
CHEMBL5414115,=,=,nM,12580.0,uM,12.58,DPP4
CHEMBL5423189,=,=,nM,49220.0,uM,49.22,DPP4
CHEMBL5410710,>,>,nM,100000.0,uM,100.0,DPP4
CHEMBL5439710,>,>,nM,100000.0,uM,100.0,DPP4
CHEMBL5426741,>,>,nM,100000.0,uM,100.0,DPP4
CHEMBL5422010,=,=,nM,6430.0,uM,6.43,DPP4
CHEMBL5404677,=,=,nM,8860.0,uM,8.86,DPP4
CHEMBL5413637,=,=,nM,9090.0,uM,9.09,DPP4
CHEMBL5411710,=,=,nM,31950.0,uM,31.95,DPP4
CHEMBL5398811,=,=,nM,15120.0,uM,15.12,DPP4
CHEMBL5407794,=,=,nM,4270.0,uM,4.27,DPP4
CHEMBL150,=,=,nM,6670.0,uM,6.67,DPP4
CHEMBL5407794,=,=,nM,4870.0,uM,4.87,DPP4
CHEMBL142703,=,=,nM,3.5,nM,3.5,DPP4
CHEMBL77538,=,=,nM,22.0,nM,22.0,DPP4
CHEMBL307636,=,=,nM,2.0,nM,2.0,DPP4
CHEMBL235133,=,=,nM,3900.0,uM,3.9,DPP4
CHEMBL1235760,=,=,nM,2000.0,uM,2.0,DPP4
CHEMBL37980,=,=,nM,10000.0,uM,10.0,DPP4
CHEMBL184636,=,=,nM,19.0,nM,19.0,DPP4
CHEMBL5432172,=,=,nM,4.0,nM,4.0,DPP4
CHEMBL183207,=,=,nM,14.0,nM,14.0,DPP4
CHEMBL184040,=,=,nM,134.0,nM,134.0,DPP4
CHEMBL184738,=,=,nM,1900.0,uM,1.9,DPP4
CHEMBL186032,=,=,nM,11000.0,uM,11.0,DPP4
CHEMBL5408495,=,=,nM,2.2,nM,2.2,DPP4
CHEMBL184262,=,=,nM,3000.0,uM,3.0,DPP4
CHEMBL363319,=,=,nM,119.0,nM,119.0,DPP4
CHEMBL4297435,=,=,nM,12.0,nM,12.0,DPP4
CHEMBL5418259,=,=,nM,2.5,nM,2.5,DPP4
CHEMBL237500,=,=,nM,1.0,nM,1.0,DPP4
CHEMBL1422,=,=,nM,18.0,nM,18.0,DPP4
CHEMBL376359,=,=,nM,7.0,nM,7.0,DPP4
CHEMBL2105762,=,=,nM,1.6,nM,1.6,DPP4
CHEMBL5430453,=,=,nM,3.4,nM,3.4,DPP4
CHEMBL4113723,=,=,nM,1.4,nM,1.4,DPP4
CHEMBL5434074,=,=,nM,0.22,nM,0.22,DPP4
CHEMBL385517,=,=,nM,1.5,nM,1.5,DPP4
CHEMBL142703,=,=,nM,34.0,nM,34.0,DPP4
CHEMBL1422,=,=,nM,18.0,nM,18.0,DPP4
CHEMBL237500,=,=,nM,0.14,nM,0.14,DPP4
CHEMBL376359,=,=,nM,7.5,nM,7.5,DPP4
CHEMBL2105762,=,=,nM,1.6,nM,1.6,DPP4
CHEMBL1422,=,=,nM,16.0,nM,16.0,DPP4
CHEMBL376359,=,=,nM,5.3,nM,5.3,DPP4
CHEMBL1650443,=,=,nM,1.3,nM,1.3,DPP4
CHEMBL142703,=,=,nM,24000.0,uM,24.0,DPP4
CHEMBL1422,=,=,nM,12000.0,uM,12.0,DPP4
CHEMBL376359,=,=,nM,6900.0,uM,6.9,DPP4
CHEMBL385517,=,=,nM,50.0,nM,50.0,DPP4
CHEMBL142703,=,=,nM,62.0,nM,62.0,DPP4
CHEMBL1422,=,=,nM,19.0,nM,19.0,DPP4
CHEMBL237500,=,=,nM,1.0,nM,1.0,DPP4
CHEMBL376359,=,=,nM,24.0,nM,24.0,DPP4
CHEMBL1650443,=,=,nM,5.4,nM,5.4,DPP4
CHEMBL5397234,>,>,nM,10000.0,uM,10.0,DPP4
CHEMBL5433274,>,>,nM,10000.0,uM,10.0,DPP4
CHEMBL5396828,>,>,nM,10000.0,uM,10.0,DPP4
CHEMBL5414516,>,>,nM,10000.0,uM,10.0,DPP4
CHEMBL5429724,>,>,nM,10000.0,uM,10.0,DPP4
CHEMBL5438345,>,>,nM,10000.0,uM,10.0,DPP4
CHEMBL5402025,>,>,nM,10000.0,uM,10.0,DPP4
CHEMBL5438329,>,>,nM,10000.0,uM,10.0,DPP4
CHEMBL5402378,>,>,nM,10000.0,uM,10.0,DPP4
CHEMBL5410346,>,>,nM,10000.0,uM,10.0,DPP4
CHEMBL5426720,>,>,nM,10000.0,uM,10.0,DPP4
CHEMBL5403301,>,>,nM,10000.0,uM,10.0,DPP4
CHEMBL5431503,>,>,nM,10000.0,uM,10.0,DPP4
CHEMBL5431471,>,>,nM,10000.0,uM,10.0,DPP4
CHEMBL5405991,>,>,nM,10000.0,uM,10.0,DPP4
CHEMBL5423126,>,>,nM,10000.0,uM,10.0,DPP4
CHEMBL5439059,>,>,nM,10000.0,uM,10.0,DPP4
CHEMBL5408738,>,>,nM,10000.0,uM,10.0,DPP4
CHEMBL5399929,>,>,nM,10000.0,uM,10.0,DPP4
CHEMBL5404995,>,>,nM,10000.0,uM,10.0,DPP4
CHEMBL5401877,>,>,nM,10000.0,uM,10.0,DPP4
CHEMBL5438110,>,>,nM,10000.0,uM,10.0,DPP4
CHEMBL5423199,>,>,nM,10000.0,uM,10.0,DPP4
CHEMBL5438248,>,>,nM,10000.0,uM,10.0,DPP4
CHEMBL5422425,>,>,nM,10000.0,uM,10.0,DPP4
CHEMBL5406353,>,>,nM,10000.0,uM,10.0,DPP4
CHEMBL5408720,>,>,nM,10000.0,uM,10.0,DPP4
CHEMBL5408398,>,>,nM,10000.0,uM,10.0,DPP4
CHEMBL5394582,>,>,nM,10000.0,uM,10.0,DPP4
CHEMBL5399390,>,>,nM,10000.0,uM,10.0,DPP4
CHEMBL5434105,>,>,nM,10000.0,uM,10.0,DPP4
CHEMBL5400483,>,>,nM,10000.0,uM,10.0,DPP4
CHEMBL5425283,>,>,nM,10000.0,uM,10.0,DPP4
CHEMBL5399745,>,>,nM,10000.0,uM,10.0,DPP4
CHEMBL5421476,>,>,nM,10000.0,uM,10.0,DPP4
CHEMBL5402430,>,>,nM,10000.0,uM,10.0,DPP4
CHEMBL5402264,>,>,nM,10000.0,uM,10.0,DPP4
CHEMBL5427056,>,>,nM,10000.0,uM,10.0,DPP4
CHEMBL5409197,>,>,nM,10000.0,uM,10.0,DPP4
CHEMBL5403872,>,>,nM,10000.0,uM,10.0,DPP4
CHEMBL5398643,>,>,nM,10000.0,uM,10.0,DPP4
CHEMBL5407990,>,>,nM,10000.0,uM,10.0,DPP4
CHEMBL5400525,>,>,nM,10000.0,uM,10.0,DPP4
CHEMBL5437013,>,>,nM,10000.0,uM,10.0,DPP4
CHEMBL5429638,>,>,nM,10000.0,uM,10.0,DPP4
CHEMBL5438620,>,>,nM,10000.0,uM,10.0,DPP4
CHEMBL5431284,>,>,nM,10000.0,uM,10.0,DPP4
CHEMBL5425364,>,>,nM,10000.0,uM,10.0,DPP4
CHEMBL5401924,>,>,nM,10000.0,uM,10.0,DPP4
CHEMBL5398362,>,>,nM,10000.0,uM,10.0,DPP4
CHEMBL5425473,=,=,nM,3500.0,uM,3.5,DPP4
CHEMBL142703,=,=,nM,10.0,uM,0.01,DPP4
CHEMBL5440616,>,>,nM,10000.0,uM,10.0,DPP4
CHEMBL5523593,=,=,nM,440.0,uM,0.44,DPP4
CHEMBL5527979,=,=,nM,1700.0,uM,1.7,DPP4
CHEMBL5559023,>,>,nM,10000.0,uM,10.0,DPP4
CHEMBL5555335,>,>,nM,10000.0,uM,10.0,DPP4
CHEMBL5558252,>,>,nM,10000.0,uM,10.0,DPP4
CHEMBL5558218,>,>,nM,10000.0,uM,10.0,DPP4
CHEMBL5505931,>,>,nM,10000.0,uM,10.0,DPP4
CHEMBL5542622,>,>,nM,10000.0,uM,10.0,DPP4
CHEMBL5555956,>,>,nM,10000.0,uM,10.0,DPP4
CHEMBL5558204,>,>,nM,10000.0,uM,10.0,DPP4
CHEMBL5558846,>,>,nM,10000.0,uM,10.0,DPP4
CHEMBL5555832,>,>,nM,100000.0,uM,100.0,DPP4
CHEMBL5562853,>,>,nM,10000.0,uM,10.0,DPP4
CHEMBL5590792,>,>,nM,10000.0,uM,10.0,DPP4
CHEMBL5569691,>,>,nM,10000.0,uM,10.0,DPP4
CHEMBL5566659,>,>,nM,10000.0,uM,10.0,DPP4
CHEMBL5566777,>,>,nM,10000.0,uM,10.0,DPP4
CHEMBL3233842,>,>,nM,10000.0,uM,10.0,DPP4
CHEMBL5572035,,,,,,,DPP4
CHEMBL5569730,,,,,,,DPP4
CHEMBL1201174,=,=,nM,9.0,nM,9.0,DPP4
CHEMBL237500,=,=,nM,1.0,nM,1.0,DPP4
CHEMBL2105754,=,=,nM,4.0,nM,4.0,DPP4
CHEMBL5597715,=,=,nM,2.27,nM,2.27,DPP4
CHEMBL4646510,=,=,nM,4.18,nM,4.18,DPP4
CHEMBL5598215,=,=,nM,10.3,nM,10.3,DPP4
CHEMBL5596356,=,=,nM,1.0,nM,1.0,DPP4
CHEMBL5598430,>,>,nM,10000.0,uM,10.0,DPP4
CHEMBL5630729,=,=,nM,90.0,uM,0.09,DPP4
CHEMBL5630847,=,=,nM,16210.0,uM,16.21,DPP4
CHEMBL5630820,=,=,nM,8030.0,uM,8.03,DPP4
CHEMBL5630400,=,=,nM,34340.0,uM,34.34,DPP4
CHEMBL5630282,=,=,nM,14940.0,uM,14.94,DPP4
CHEMBL5624477,=,=,nM,3070.0,uM,3.07,DPP4
CHEMBL5624654,=,=,nM,2130.0,uM,2.13,DPP4
CHEMBL5630679,=,=,nM,6270.0,uM,6.27,DPP4
CHEMBL5629890,=,=,nM,1220.0,uM,1.22,DPP4
CHEMBL5624938,=,=,nM,2770.0,uM,2.77,DPP4
CHEMBL5630880,=,=,nM,8010.0,uM,8.01,DPP4
CHEMBL5630180,=,=,nM,220.0,uM,0.22,DPP4
CHEMBL5624515,=,=,nM,126.0,uM,0.126,DPP4
CHEMBL5630566,=,=,nM,118.0,uM,0.118,DPP4
CHEMBL5631021,=,=,nM,90.0,uM,0.09,DPP4
CHEMBL5624847,=,=,nM,83.0,uM,0.083,DPP4
CHEMBL5624539,=,=,nM,428.0,uM,0.428,DPP4
CHEMBL5624476,=,=,nM,169.0,uM,0.169,DPP4
CHEMBL5631075,=,=,nM,67.0,uM,0.067,DPP4
CHEMBL5630676,=,=,nM,36.0,uM,0.036,DPP4
CHEMBL5624535,=,=,nM,90.0,uM,0.09,DPP4
CHEMBL1422,=,=,nM,8.0,uM,0.008,DPP4
CHEMBL3617968,>,>,nM,30000.0,uM,30.0,DPP4
CHEMBL3617973,>,>,nM,30000.0,uM,30.0,DPP4
CHEMBL3922613,=,=,nM,2160.0,nM,2160.0,DPP4
CHEMBL3945052,=,=,nM,264.0,nM,264.0,DPP4
CHEMBL3913618,=,=,nM,16.0,nM,16.0,DPP4
CHEMBL3913689,=,=,nM,32.0,nM,32.0,DPP4
CHEMBL3904065,=,=,nM,12.0,nM,12.0,DPP4
CHEMBL3934913,=,=,nM,4.0,nM,4.0,DPP4
CHEMBL3942798,=,=,nM,9.0,nM,9.0,DPP4
CHEMBL3965610,=,=,nM,5.0,nM,5.0,DPP4
CHEMBL3897624,=,=,nM,5.0,nM,5.0,DPP4
CHEMBL3957746,=,=,nM,6.0,nM,6.0,DPP4
CHEMBL3986470,=,=,nM,6.0,nM,6.0,DPP4
CHEMBL3985360,=,=,nM,9.0,nM,9.0,DPP4
CHEMBL3912125,=,=,nM,250.0,nM,250.0,DPP4
CHEMBL3974068,=,=,nM,22.0,nM,22.0,DPP4
CHEMBL3903110,=,=,nM,1.0,nM,1.0,DPP4
CHEMBL3955534,=,=,nM,2.0,nM,2.0,DPP4
CHEMBL3889902,=,=,nM,2.0,nM,2.0,DPP4
CHEMBL237289,=,=,nM,1.0,nM,1.0,DPP4
CHEMBL3987141,=,=,nM,3.0,nM,3.0,DPP4
CHEMBL3958450,=,=,nM,3.0,nM,3.0,DPP4
CHEMBL3898310,=,=,nM,3.0,nM,3.0,DPP4
CHEMBL237499,=,=,nM,3.0,nM,3.0,DPP4
CHEMBL3966199,=,=,nM,3.0,nM,3.0,DPP4
CHEMBL3903787,=,=,nM,1.0,nM,1.0,DPP4
CHEMBL3974699,=,=,nM,3.0,nM,3.0,DPP4
CHEMBL3912809,=,=,nM,13.0,nM,13.0,DPP4
CHEMBL3986074,=,=,nM,8.0,nM,8.0,DPP4
CHEMBL3979864,=,=,nM,4.0,nM,4.0,DPP4
CHEMBL237500,=,=,nM,1.0,nM,1.0,DPP4
CHEMBL3950914,=,=,nM,4.0,nM,4.0,DPP4
CHEMBL3965981,=,=,nM,1.0,nM,1.0,DPP4
CHEMBL3893759,=,=,nM,1.0,nM,1.0,DPP4
CHEMBL3903674,=,=,nM,3.0,nM,3.0,DPP4
CHEMBL3926493,=,=,nM,4.0,nM,4.0,DPP4
CHEMBL3981831,=,=,nM,3.0,nM,3.0,DPP4
CHEMBL3953094,=,=,nM,4.0,nM,4.0,DPP4
CHEMBL3938646,=,=,nM,2.0,nM,2.0,DPP4
CHEMBL3957200,=,=,nM,12.0,nM,12.0,DPP4
CHEMBL3958670,=,=,nM,8.0,nM,8.0,DPP4
CHEMBL3931178,=,=,nM,13.0,nM,13.0,DPP4
CHEMBL3917354,=,=,nM,6.0,nM,6.0,DPP4
CHEMBL6033013,=,=,nM,6.0,nM,6.0,DPP4
CHEMBL3911930,=,=,nM,5.0,nM,5.0,DPP4
CHEMBL3939916,=,=,nM,3.0,nM,3.0,DPP4
CHEMBL3938789,=,=,nM,11.0,nM,11.0,DPP4
CHEMBL3962719,=,=,nM,14.0,nM,14.0,DPP4
CHEMBL2105762,=,=,nM,4.2,nM,4.2,DPP4
CHEMBL5891902,=,=,nM,4.4,nM,4.4,DPP4
CHEMBL5790948,=,=,nM,5.1,nM,5.1,DPP4
CHEMBL6043018,=,=,nM,18.2,nM,18.2,DPP4
CHEMBL5828032,=,=,nM,2.6,nM,2.6,DPP4
CHEMBL5791601,=,=,nM,6.5,nM,6.5,DPP4
CHEMBL5763347,=,=,nM,3.8,nM,3.8,DPP4
CHEMBL5894572,=,=,nM,3.2,nM,3.2,DPP4
CHEMBL3922613,=,=,nM,2160.0,nM,2160.0,DPP4
CHEMBL3945052,=,=,nM,264.0,nM,264.0,DPP4
CHEMBL3913618,=,=,nM,16.0,nM,16.0,DPP4
CHEMBL3913689,=,=,nM,32.0,nM,32.0,DPP4
CHEMBL3904065,=,=,nM,12.0,nM,12.0,DPP4
CHEMBL3934913,=,=,nM,4.0,nM,4.0,DPP4
CHEMBL3942798,=,=,nM,9.0,nM,9.0,DPP4
CHEMBL3965610,=,=,nM,5.0,nM,5.0,DPP4
CHEMBL3897624,=,=,nM,5.0,nM,5.0,DPP4
CHEMBL3957746,=,=,nM,6.0,nM,6.0,DPP4
CHEMBL3986470,=,=,nM,6.0,nM,6.0,DPP4
CHEMBL3985360,=,=,nM,9.0,nM,9.0,DPP4
CHEMBL3912125,=,=,nM,250.0,nM,250.0,DPP4
CHEMBL3974068,=,=,nM,22.0,nM,22.0,DPP4
CHEMBL3903110,=,=,nM,1.0,nM,1.0,DPP4
CHEMBL3955534,=,=,nM,2.0,nM,2.0,DPP4
CHEMBL3889902,=,=,nM,2.0,nM,2.0,DPP4
CHEMBL237289,=,=,nM,1.0,nM,1.0,DPP4
CHEMBL3987141,=,=,nM,3.0,nM,3.0,DPP4
CHEMBL3958450,=,=,nM,3.0,nM,3.0,DPP4
CHEMBL3898310,=,=,nM,3.0,nM,3.0,DPP4
CHEMBL237499,=,=,nM,3.0,nM,3.0,DPP4
CHEMBL3966199,=,=,nM,3.0,nM,3.0,DPP4
CHEMBL3903787,=,=,nM,1.0,nM,1.0,DPP4
CHEMBL3974699,=,=,nM,3.0,nM,3.0,DPP4
CHEMBL3912809,=,=,nM,13.0,nM,13.0,DPP4
CHEMBL3986074,=,=,nM,8.0,nM,8.0,DPP4
CHEMBL3979864,=,=,nM,4.0,nM,4.0,DPP4
CHEMBL237500,=,=,nM,1.0,nM,1.0,DPP4
CHEMBL5939140,=,=,nM,4.0,nM,4.0,DPP4
CHEMBL3965981,=,=,nM,1.0,nM,1.0,DPP4
CHEMBL3893759,=,=,nM,1.0,nM,1.0,DPP4
CHEMBL3903674,=,=,nM,3.0,nM,3.0,DPP4
CHEMBL3926493,=,=,nM,4.0,nM,4.0,DPP4
CHEMBL3981831,=,=,nM,3.0,nM,3.0,DPP4
CHEMBL3953094,=,=,nM,4.0,nM,4.0,DPP4
CHEMBL3938646,=,=,nM,2.0,nM,2.0,DPP4
CHEMBL3957200,=,=,nM,12.0,nM,12.0,DPP4
CHEMBL3958670,=,=,nM,8.0,nM,8.0,DPP4
CHEMBL3931178,=,=,nM,13.0,nM,13.0,DPP4
CHEMBL3917354,=,=,nM,6.0,nM,6.0,DPP4
CHEMBL3948679,=,=,nM,6.0,nM,6.0,DPP4
CHEMBL3911930,=,=,nM,5.0,nM,5.0,DPP4
CHEMBL3939916,=,=,nM,3.0,nM,3.0,DPP4
CHEMBL3938789,=,=,nM,11.0,nM,11.0,DPP4
CHEMBL3962719,=,=,nM,14.0,nM,14.0,DPP4
CHEMBL6057823,=,=,nM,0.21,nM,0.21,DPP4
CHEMBL5896005,=,=,nM,2.1,nM,2.1,DPP4
CHEMBL5914058,=,=,nM,0.08,nM,0.08,DPP4
CHEMBL5834108,=,=,nM,4.8,nM,4.8,DPP4
CHEMBL237500,=,=,nM,0.21,nM,0.21,DPP4
CHEMBL6051249,=,=,nM,3320.0,nM,3320.0,DPP4
CHEMBL6011250,=,=,nM,207.0,nM,207.0,DPP4
CHEMBL3959577,=,=,nM,154.0,nM,154.0,DPP4
CHEMBL5756206,=,=,nM,283.0,nM,283.0,DPP4
CHEMBL3928073,=,=,nM,15.0,nM,15.0,DPP4
CHEMBL3901191,=,=,nM,20.0,nM,20.0,DPP4
CHEMBL3979508,=,=,nM,39.0,nM,39.0,DPP4
CHEMBL6013719,=,=,nM,216.0,nM,216.0,DPP4
CHEMBL5944167,=,=,nM,9.17,nM,9.17,DPP4
CHEMBL5857197,=,=,nM,18.0,nM,18.0,DPP4
CHEMBL6033078,=,=,nM,205.0,nM,205.0,DPP4
CHEMBL5914704,=,=,nM,4.0,nM,4.0,DPP4
CHEMBL5750623,=,=,nM,169.0,nM,169.0,DPP4
CHEMBL5980526,=,=,nM,74.0,nM,74.0,DPP4
CHEMBL5829004,=,=,nM,110.0,nM,110.0,DPP4
CHEMBL1422,=,=,nM,14.0,nM,14.0,DPP4
CHEMBL2105762,=,=,nM,2.0,nM,2.0,DPP4
CHEMBL5882105,=,=,nM,11.0,nM,11.0,DPP4
CHEMBL3932825,=,=,nM,6.0,nM,6.0,DPP4
CHEMBL5749167,=,=,nM,70.0,nM,70.0,DPP4
CHEMBL3944427,=,=,nM,2.0,nM,2.0,DPP4
CHEMBL3942843,=,=,nM,30.0,nM,30.0,DPP4
CHEMBL4550812,=,=,nM,2.0,nM,2.0,DPP4
CHEMBL5958101,=,=,nM,564.0,nM,564.0,DPP4
CHEMBL5814595,=,=,nM,800.0,nM,800.0,DPP4
CHEMBL5786497,=,=,nM,78.0,nM,78.0,DPP4
CHEMBL5976169,=,=,nM,33.0,nM,33.0,DPP4
CHEMBL5916381,=,=,nM,338.0,nM,338.0,DPP4
CHEMBL5902002,=,=,nM,678.0,nM,678.0,DPP4
CHEMBL5826806,=,=,nM,56.0,nM,56.0,DPP4
CHEMBL5964811,=,=,nM,254.0,nM,254.0,DPP4
CHEMBL6057630,=,=,nM,55.0,nM,55.0,DPP4
CHEMBL5888255,=,=,nM,2.98,nM,2.98,DPP4
CHEMBL6000557,=,=,nM,3.67,nM,3.67,DPP4
CHEMBL5881243,=,=,nM,16.4,nM,16.4,DPP4
CHEMBL5964362,=,=,nM,16.5,nM,16.5,DPP4
CHEMBL5903124,=,=,nM,17.5,nM,17.5,DPP4
CHEMBL5859631,=,=,nM,1.91,nM,1.91,DPP4
CHEMBL5968543,=,=,nM,1.88,nM,1.88,DPP4
CHEMBL5993878,=,=,nM,1.67,nM,1.67,DPP4
CHEMBL5998893,=,=,nM,2.71,nM,2.71,DPP4
CHEMBL5818540,=,=,nM,2.96,nM,2.96,DPP4
CHEMBL5756218,<,<,nM,1.52,nM,1.52,DPP4
CHEMBL6054858,=,=,nM,3.43,nM,3.43,DPP4
CHEMBL5914544,=,=,nM,3.27,nM,3.27,DPP4
CHEMBL5858632,=,=,nM,7.56,nM,7.56,DPP4
CHEMBL5961410,=,=,nM,6.23,nM,6.23,DPP4
CHEMBL5884216,=,=,nM,6.76,nM,6.76,DPP4
CHEMBL5861052,=,=,nM,14.7,nM,14.7,DPP4
CHEMBL5870057,=,=,nM,0.21,nM,0.21,DPP4
CHEMBL5759838,=,=,nM,1.84,nM,1.84,DPP4
CHEMBL5951803,=,=,nM,0.18,nM,0.18,DPP4
CHEMBL63406,=,=,nM,1600.0,nM,1600.0,DPP4
CHEMBL67279,=,=,nM,700.0,nM,700.0,DPP4
CHEMBL6059875,=,=,nM,6400.0,nM,6400.0,DPP4
CHEMBL6020304,=,=,nM,6000.0,nM,6000.0,DPP4
CHEMBL5981431,=,=,nM,2800.0,nM,2800.0,DPP4
CHEMBL1790483,=,=,nM,1200.0,nM,1200.0,DPP4
CHEMBL5824868,=,=,nM,2000.0,nM,2000.0,DPP4
CHEMBL3686737,=,=,nM,1200.0,nM,1200.0,DPP4
CHEMBL5968328,=,=,nM,2900.0,nM,2900.0,DPP4
CHEMBL6004569,=,=,nM,12000.0,nM,12000.0,DPP4
CHEMBL63860,=,=,nM,500.0,nM,500.0,DPP4
CHEMBL5804725,=,=,nM,900.0,nM,900.0,DPP4
CHEMBL3686733,=,=,nM,200.0,nM,200.0,DPP4
CHEMBL3686736,=,=,nM,800.0,nM,800.0,DPP4
CHEMBL5848496,=,=,nM,500.0,nM,500.0,DPP4
CHEMBL502153,=,=,nM,7900000.0,nM,7900000.0,DPP4
CHEMBL1814633,=,=,nM,1000000.0,nM,1000000.0,DPP4
CHEMBL63860,=,=,nM,500.0,nM,500.0,DPP4
CHEMBL5925037,=,=,nM,22000.0,nM,22000.0,DPP4
CHEMBL66032,=,=,nM,900.0,nM,900.0,DPP4
CHEMBL5957037,=,=,nM,7200.0,nM,7200.0,DPP4
CHEMBL5855171,=,=,nM,830000.0,nM,830000.0,DPP4
CHEMBL5790536,=,=,nM,22000.0,nM,22000.0,DPP4
CHEMBL440021,=,=,nM,1375000.0,nM,1375000.0,DPP4
CHEMBL5918829,=,=,nM,1000000.0,nM,1000000.0,DPP4
CHEMBL5760702,>,>,nM,100000000.0,nM,100000000.0,DPP4
CHEMBL6014994,>,>,nM,100000000.0,nM,100000000.0,DPP4
CHEMBL5968423,=,=,nM,54760000.0,nM,54760000.0,DPP4
CHEMBL6039540,=,=,nM,2070000.0,nM,2070000.0,DPP4
CHEMBL5837755,=,=,nM,20270000.0,nM,20270000.0,DPP4
CHEMBL5745532,=,=,nM,9818000.0,nM,9818000.0,DPP4
CHEMBL5766821,=,=,nM,60270000.0,nM,60270000.0,DPP4
CHEMBL6059646,>,>,nM,100000000.0,nM,100000000.0,DPP4
CHEMBL5768759,=,=,nM,4426000.0,nM,4426000.0,DPP4
CHEMBL5791516,=,=,nM,472000.0,nM,472000.0,DPP4
CHEMBL5925489,>,>,nM,100000000.0,nM,100000000.0,DPP4
CHEMBL5994541,>,>,nM,100000000.0,nM,100000000.0,DPP4
CHEMBL67279,=,=,nM,21000000.0,nM,21000000.0,DPP4
CHEMBL5892398,=,=,nM,2000.0,nM,2000.0,DPP4
CHEMBL6055810,=,=,nM,9000.0,nM,9000.0,DPP4
CHEMBL5817549,=,=,nM,92000.0,nM,92000.0,DPP4
CHEMBL5980162,=,=,nM,4500.0,nM,4500.0,DPP4
CHEMBL5778991,=,=,nM,1400.0,nM,1400.0,DPP4
CHEMBL5809136,=,=,nM,1400.0,nM,1400.0,DPP4
CHEMBL63652,=,=,nM,2000.0,nM,2000.0,DPP4
CHEMBL63698,=,=,nM,1600.0,nM,1600.0,DPP4
CHEMBL63726,=,=,nM,1300.0,nM,1300.0,DPP4
CHEMBL63895,=,=,nM,1300.0,nM,1300.0,DPP4
CHEMBL494497,=,=,nM,1100.0,nM,1100.0,DPP4
CHEMBL363250,=,=,nM,1300.0,nM,1300.0,DPP4
CHEMBL5993643,=,=,nM,9300.0,nM,9300.0,DPP4
CHEMBL67279,>,>,nM,10000.0,nM,10000.0,DPP4
CHEMBL3233842,<,<,nM,1000.0,nM,1000.0,DPP4
CHEMBL6057192,>,>,nM,10000.0,nM,10000.0,DPP4
CHEMBL3233842,<,<,nM,1000.0,nM,1000.0,DPP4
CHEMBL67279,>,>,nM,10000.0,nM,10000.0,DPP4
CHEMBL5922105,<,<,nM,1000.0,nM,1000.0,DPP4
CHEMBL6057192,<,<,nM,1000.0,nM,1000.0,DPP4
CHEMBL5893114,=,=,nM,5500.0,nM,5500.0,DPP4
CHEMBL5963560,<,<,nM,1000.0,nM,1000.0,DPP4
CHEMBL5989557,<,<,nM,1000.0,nM,1000.0,DPP4
CHEMBL5910743,<,<,nM,1000.0,nM,1000.0,DPP4
CHEMBL5774844,<,<,nM,1000.0,nM,1000.0,DPP4
CHEMBL5863326,=,=,nM,5500.0,nM,5500.0,DPP4
CHEMBL5811431,<,<,nM,1000.0,nM,1000.0,DPP4
CHEMBL5940064,<,<,nM,1000.0,nM,1000.0,DPP4
CHEMBL6061339,=,=,nM,5500.0,nM,5500.0,DPP4
CHEMBL5863092,<,<,nM,1000.0,nM,1000.0,DPP4
CHEMBL6009198,<,<,nM,1000.0,nM,1000.0,DPP4
CHEMBL5768485,<,<,nM,1000.0,nM,1000.0,DPP4
CHEMBL5806862,<,<,nM,1000.0,nM,1000.0,DPP4
CHEMBL5795763,=,=,nM,5500.0,nM,5500.0,DPP4
CHEMBL5921279,<,<,nM,1000.0,nM,1000.0,DPP4
CHEMBL5792963,>,>,nM,10000.0,nM,10000.0,DPP4
CHEMBL5996478,=,=,nM,5500.0,nM,5500.0,DPP4
CHEMBL5869718,<,<,nM,1000.0,nM,1000.0,DPP4
CHEMBL6020708,<,<,nM,1000.0,nM,1000.0,DPP4
CHEMBL5960859,<,<,nM,1000.0,nM,1000.0,DPP4
CHEMBL5843264,<,<,nM,1000.0,nM,1000.0,DPP4
CHEMBL6041231,<,<,nM,1000.0,nM,1000.0,DPP4
CHEMBL5877353,<,<,nM,1000.0,nM,1000.0,DPP4
CHEMBL5874851,=,=,nM,5500.0,nM,5500.0,DPP4
CHEMBL5857344,=,=,nM,5500.0,nM,5500.0,DPP4
CHEMBL5965812,<,<,nM,1000.0,nM,1000.0,DPP4
CHEMBL5824381,<,<,nM,1000.0,nM,1000.0,DPP4
CHEMBL5993572,<,<,nM,1000.0,nM,1000.0,DPP4
CHEMBL5794619,<,<,nM,1000.0,nM,1000.0,DPP4
CHEMBL6008762,<,<,nM,1000.0,nM,1000.0,DPP4
CHEMBL5879869,<,<,nM,1000.0,nM,1000.0,DPP4
CHEMBL5912775,<,<,nM,1000.0,nM,1000.0,DPP4
CHEMBL6002644,<,<,nM,1000.0,nM,1000.0,DPP4
CHEMBL5864124,>,>,nM,10000.0,nM,10000.0,DPP4
CHEMBL5764368,=,=,nM,5500.0,nM,5500.0,DPP4
CHEMBL5778299,<,<,nM,1000.0,nM,1000.0,DPP4
CHEMBL5810438,<,<,nM,1000.0,nM,1000.0,DPP4
CHEMBL5964389,<,<,nM,1000.0,nM,1000.0,DPP4
CHEMBL5843472,=,=,nM,5500.0,nM,5500.0,DPP4
CHEMBL6029701,>,>,nM,10000.0,nM,10000.0,DPP4
CHEMBL5963388,=,=,nM,5500.0,nM,5500.0,DPP4
CHEMBL6061748,<,<,nM,1000.0,nM,1000.0,DPP4
CHEMBL6034496,<,<,nM,1000.0,nM,1000.0,DPP4
CHEMBL5858334,<,<,nM,1000.0,nM,1000.0,DPP4
CHEMBL5822886,<,<,nM,1000.0,nM,1000.0,DPP4
CHEMBL5947027,<,<,nM,1000.0,nM,1000.0,DPP4
CHEMBL63406,=,=,nM,1.6,nM,1.6,DPP4
CHEMBL67279,=,=,nM,0.7,nM,0.7,DPP4
CHEMBL6059875,=,=,nM,6.4,nM,6.4,DPP4
CHEMBL6020304,=,=,nM,6.0,nM,6.0,DPP4
CHEMBL5981431,=,=,nM,2.8,nM,2.8,DPP4
CHEMBL1790483,=,=,nM,1.2,nM,1.2,DPP4
CHEMBL5824868,=,=,nM,2.0,nM,2.0,DPP4
CHEMBL3686737,=,=,nM,1.2,nM,1.2,DPP4
CHEMBL5968328,=,=,nM,2.9,nM,2.9,DPP4
CHEMBL6004569,=,=,nM,12.0,nM,12.0,DPP4
CHEMBL63860,=,=,nM,0.5,nM,0.5,DPP4
CHEMBL5804725,=,=,nM,0.9,nM,0.9,DPP4
CHEMBL3686733,=,=,nM,0.2,nM,0.2,DPP4
CHEMBL3686736,=,=,nM,0.8,nM,0.8,DPP4
CHEMBL5848496,=,=,nM,0.5,nM,0.5,DPP4
CHEMBL6014809,=,=,nM,7900.0,nM,7900.0,DPP4
CHEMBL1814633,=,=,nM,1000.0,nM,1000.0,DPP4
CHEMBL63860,=,=,nM,0.5,nM,0.5,DPP4
CHEMBL5925037,=,=,nM,22.0,nM,22.0,DPP4
CHEMBL66032,=,=,nM,0.9,nM,0.9,DPP4
CHEMBL5957037,=,=,nM,7.2,nM,7.2,DPP4
CHEMBL5855171,=,=,nM,830.0,nM,830.0,DPP4
CHEMBL5790536,=,=,nM,22.0,nM,22.0,DPP4
CHEMBL440021,=,=,nM,1375.0,nM,1375.0,DPP4
CHEMBL5918829,=,=,nM,1000.0,nM,1000.0,DPP4
CHEMBL5760702,>,>,nM,100000.0,nM,100000.0,DPP4
CHEMBL6014994,>,>,nM,100000.0,nM,100000.0,DPP4
CHEMBL5968423,=,=,nM,54760.0,nM,54760.0,DPP4
CHEMBL6039540,=,=,nM,2070.0,nM,2070.0,DPP4
CHEMBL5874480,=,=,nM,20270.0,nM,20270.0,DPP4
CHEMBL6060914,=,=,nM,9818.0,nM,9818.0,DPP4
CHEMBL5766821,=,=,nM,60270.0,nM,60270.0,DPP4
CHEMBL6059646,>,>,nM,100000.0,nM,100000.0,DPP4
CHEMBL5768759,=,=,nM,4426.0,nM,4426.0,DPP4
CHEMBL5791516,=,=,nM,472.0,nM,472.0,DPP4
CHEMBL5925489,>,>,nM,100000.0,nM,100000.0,DPP4
CHEMBL5994541,>,>,nM,100000.0,nM,100000.0,DPP4
CHEMBL5846428,=,=,nM,21000.0,nM,21000.0,DPP4
CHEMBL5892398,=,=,nM,2.0,nM,2.0,DPP4
CHEMBL6055810,=,=,nM,9.0,nM,9.0,DPP4
CHEMBL5817549,=,=,nM,92.0,nM,92.0,DPP4
CHEMBL5980162,=,=,nM,4.5,nM,4.5,DPP4
CHEMBL5778991,=,=,nM,1.4,nM,1.4,DPP4
CHEMBL5809136,=,=,nM,1.4,nM,1.4,DPP4
CHEMBL63652,=,=,nM,2.0,nM,2.0,DPP4
CHEMBL63698,=,=,nM,1.6,nM,1.6,DPP4
CHEMBL63726,=,=,nM,1.3,nM,1.3,DPP4
CHEMBL63895,=,=,nM,1.3,nM,1.3,DPP4
CHEMBL494497,=,=,nM,1.1,nM,1.1,DPP4
CHEMBL363250,=,=,nM,1.3,nM,1.3,DPP4
CHEMBL5993643,=,=,nM,9.3,nM,9.3,DPP4
CHEMBL6059875,=,=,nM,6.4,nM,6.4,DPP4
CHEMBL6020304,=,=,nM,6.0,nM,6.0,DPP4
CHEMBL5981431,=,=,nM,2.8,nM,2.8,DPP4
CHEMBL5968328,=,=,nM,2.9,nM,2.9,DPP4
CHEMBL6004569,=,=,nM,12.0,nM,12.0,DPP4
CHEMBL5848496,=,=,nM,0.5,nM,0.5,DPP4
CHEMBL5925037,=,=,nM,22.0,nM,22.0,DPP4
CHEMBL5957037,=,=,nM,7.2,nM,7.2,DPP4
CHEMBL6039540,=,=,nM,2070.0,nM,2070.0,DPP4
CHEMBL5817549,=,=,nM,92.0,nM,92.0,DPP4
CHEMBL5778991,=,=,nM,1.4,nM,1.4,DPP4
CHEMBL5809136,=,=,nM,1.4,nM,1.4,DPP4
CHEMBL5993643,=,=,nM,9.3,nM,9.3,DPP4
CHEMBL1894963,=,=,nM,15.66,nM,15.66,DPP4
CHEMBL6133644,=,=,nM,16.38,nM,16.38,DPP4
CHEMBL6148404,=,=,nM,16.97,nM,16.97,DPP4
CHEMBL6147781,=,=,nM,28.45,nM,28.45,DPP4
CHEMBL6160472,=,=,nM,22.48,nM,22.48,DPP4
CHEMBL6091879,=,=,nM,19.07,nM,19.07,DPP4
CHEMBL6146956,=,=,nM,16.9,nM,16.9,DPP4
CHEMBL6146627,=,=,nM,20.41,nM,20.41,DPP4
CHEMBL5411258,=,=,nM,27.91,nM,27.91,DPP4
CHEMBL6133561,=,=,nM,27.71,nM,27.71,DPP4
CHEMBL6143955,=,=,nM,16.16,nM,16.16,DPP4
CHEMBL6102689,=,=,nM,23.23,nM,23.23,DPP4
CHEMBL6150022,=,=,nM,16.71,nM,16.71,DPP4
CHEMBL6132632,=,=,nM,18.69,nM,18.69,DPP4
CHEMBL6091758,=,=,nM,26.45,nM,26.45,DPP4
CHEMBL6133793,=,=,nM,26.2,nM,26.2,DPP4
CHEMBL237500,=,=,nM,15.37,nM,15.37,DPP4
CHEMBL6160148,=,=,nM,5.52,nM,5.52,DPP4
CHEMBL6133106,=,=,nM,45.23,nM,45.23,DPP4
CHEMBL6120725,=,=,nM,12.78,nM,12.78,DPP4
CHEMBL6142024,=,=,nM,17.31,nM,17.31,DPP4
CHEMBL6103211,=,=,nM,41.57,nM,41.57,DPP4
CHEMBL6161198,=,=,nM,2.23,nM,2.23,DPP4
CHEMBL6148292,=,=,nM,3.62,nM,3.62,DPP4
CHEMBL6132720,=,=,nM,8.19,nM,8.19,DPP4
CHEMBL6103417,=,=,nM,35.71,nM,35.71,DPP4
CHEMBL6146407,=,=,nM,25.71,nM,25.71,DPP4
CHEMBL6102893,=,=,nM,24.32,nM,24.32,DPP4
CHEMBL6146824,=,=,nM,64.27,nM,64.27,DPP4
CHEMBL376359,=,=,nM,2.13,nM,2.13,DPP4
CHEMBL376359,=,=,nM,5.71,nM,5.71,DPP4
CHEMBL6164548,=,=,nM,0.51,nM,0.51,DPP4
CHEMBL376359,=,=,nM,2.5,nM,2.5,DPP4
CHEMBL6142483,=,=,nM,2.9,nM,2.9,DPP4
CHEMBL6132970,>,>,nM,10000.0,nM,10000.0,DPP4
CHEMBL6162422,=,=,nM,2546.0,nM,2546.0,DPP4
CHEMBL6160468,=,=,nM,1033.0,nM,1033.0,DPP4
CHEMBL6167214,=,=,nM,1193.0,nM,1193.0,DPP4
CHEMBL6170772,=,=,nM,942.0,nM,942.0,DPP4
CHEMBL6142442,=,=,nM,1061.0,nM,1061.0,DPP4
CHEMBL6167712,=,=,nM,266.0,nM,266.0,DPP4
CHEMBL6167668,=,=,nM,1037.0,nM,1037.0,DPP4
CHEMBL6148637,=,=,nM,478.0,nM,478.0,DPP4
CHEMBL6162166,=,=,nM,226.0,nM,226.0,DPP4
CHEMBL6164601,=,=,nM,1229.0,nM,1229.0,DPP4
CHEMBL6162308,=,=,nM,1401.0,nM,1401.0,DPP4
CHEMBL6171671,=,=,nM,769.0,nM,769.0,DPP4
CHEMBL6162868,=,=,nM,116.0,nM,116.0,DPP4
CHEMBL6164012,=,=,nM,390.0,nM,390.0,DPP4
CHEMBL6169485,=,=,nM,90.0,nM,90.0,DPP4
CHEMBL6164347,=,=,nM,2.0,nM,2.0,DPP4
CHEMBL6173511,=,=,nM,85.0,nM,85.0,DPP4
CHEMBL6170809,=,=,nM,710.0,nM,710.0,DPP4
CHEMBL6147355,=,=,nM,821.0,nM,821.0,DPP4
CHEMBL6134099,=,=,nM,55.0,nM,55.0,DPP4
CHEMBL6146224,=,=,nM,2542.0,nM,2542.0,DPP4
CHEMBL6168838,=,=,nM,1064.0,nM,1064.0,DPP4
CHEMBL1422,=,=,nM,8.0,nM,8.0,DPP4
CHEMBL6192039,=,=,nM,340.0,uM,0.34,DPP4
CHEMBL5285297,=,=,nM,190.0,uM,0.19,DPP4
CHEMBL6191350,=,=,nM,340.0,uM,0.34,DPP4
CHEMBL6188802,=,=,nM,340.0,uM,0.34,DPP4
CHEMBL6190034,=,=,nM,190.0,uM,0.19,DPP4
CHEMBL6189534,=,=,nM,340.0,uM,0.34,DPP4
CHEMBL6190892,=,=,nM,190.0,uM,0.19,DPP4
CHEMBL6192284,=,=,nM,190.0,uM,0.19,DPP4
