molecule_chembl_id,canonical_smiles
CHEMBL488,CCC1(c2ccc(N)cc2)CCC(=O)NC1=O
CHEMBL39661,CCCCCCCCN1C(=O)CCC(CC)(c2ccncc2)C1=O
CHEMBL38439,CCCCCCCN1C(=O)CCC(CC)(c2ccncc2)C1=O
CHEMBL41066,CCCCCCCC1(c2ccncc2)CCC(=O)NC1=O
CHEMBL38510,CC1(c2ccncc2)CCC(=O)NC1=O
CHEMBL38550,CCCCCCCCCN1C(=O)CCC(CC)(c2ccncc2)C1=O
CHEMBL39781,CCN1C(=O)CCC(CC)(c2ccncc2)C1=O
CHEMBL39782,CCC1(c2ccncc2)CCC(=O)N(C)C1=O
CHEMBL39275,CCCCN1C(=O)CCC(CC)(c2ccncc2)C1=O
CHEMBL289116,CCC1(c2ccncc2)CCC(=O)NC1=O
CHEMBL37321,CCCCCCN1C(=O)CCC(CC)(c2ccncc2)C1=O
CHEMBL39513,CCCCCN1C(=O)CCC(CC)(c2ccncc2)C1=O
CHEMBL38877,CCCN1C(=O)CCC(CC)(c2ccncc2)C1=O
CHEMBL39152,CCCCCCC1(c2ccncc2)CCC(=O)NC1=O
CHEMBL288712,CCCCCC1(c2ccncc2)CCC(=O)NC1=O
CHEMBL41761,CCn1ccc2cc(C(c3ccc(F)cc3)n3ccnc3)ccc21
CHEMBL275594,CCCC1(c2ccncc2)CCC(=O)NC1=O
CHEMBL304903,c1ccc2c(c1)CCC1C(c3ccncc3)C21
CHEMBL90585,O=C1/C(=C/c2ccncc2)CCc2ccccc21
CHEMBL112021,Clc1ccccc1Cn1cc(Cn2ccnc2)c2ccccc21
CHEMBL112074,CCn1ccc2cc(C(c3ccccc3)n3ccnc3)ccc21
CHEMBL324070,Cc1ccc(S(=O)(=O)n2cc(C(c3ccccc3)n3ccnc3)c3ccccc32)cc1
CHEMBL431859,CCn1c(C(c2ccc(F)cc2)n2ccnc2)c(C)c2cc(Br)ccc21
CHEMBL113637,CCn1cc(C(c2ccc(F)cc2)n2ccnc2)c2ccccc21
CHEMBL324326,N#Cc1ccc(Cn2cc(Cn3ccnc3)c3ccccc32)cc1
CHEMBL111868,Cn1cc(C(c2ccc(F)cc2)n2ccnc2)c2cc(Br)ccc21
CHEMBL111888,CCn1cc(C(c2ccc(F)cc2)n2ccnc2)c2cc(Br)ccc21
CHEMBL341591,CC12CCC(O)CC1=CCC1C2CCC2(C)C(CC3CN3)CCC12
CHEMBL352645,c1ccc2c(c1)CCC1C(c3c[nH]cn3)C21
CHEMBL169251,O=C1/C(=C\c2c[nH]cn2)CCc2ccccc21
CHEMBL415753,O=C1/C(=C/c2cc[nH]n2)CCc2ccccc21
CHEMBL440930,c1cncc(C2C3CCc4ccccc4C32)c1
CHEMBL168434,O=C1/C(=C/c2c[nH]cn2)CCc2ccccc21
CHEMBL168636,O=C1/C(=C/c2cccnc2)CCc2ccccc21
CHEMBL413344,O=C1/C(=C/c2cnccn2)CCc2ccccc21
CHEMBL353068,c1ccc2c(c1)CCC1C(c3cc[nH]n3)C21
CHEMBL168444,O=C1c2ccccc2CCC1C(O)c1ccncn1
CHEMBL424556,O=C1/C(=C/c2ccnnc2)CCc2ccccc21
CHEMBL1629804,C[C@]12CCCC=C1CC[C@@H]1[C@@H]2CC[C@]2(C)C(=O)CC[C@@H]12
CHEMBL1629805,C[C@]12CC[C@H]3[C@@H](CCC4=CCCC[C@@]43CO)[C@@H]1CCC2=O
CHEMBL1629806,C[C@]12CCCC=C1[C@@H](O)C[C@@H]1[C@@H]2CC[C@]2(C)C(=O)CC[C@@H]12
CHEMBL1630261,C[C@]12CCCC=C1[C@H](O)C[C@@H]1[C@@H]2CC[C@]2(C)C(=O)CC[C@@H]12
CHEMBL1630267,C[C@]12CC[C@H]3[C@@H](C[C@@H](O)C4=CCCC[C@@]43CO)[C@@H]1CCC2=O
CHEMBL1630273,C[C@]12CC[C@H]3[C@@H](CC=C4[C@H](O)CCC[C@@]43CO)[C@@H]1CCC2=O
CHEMBL1630274,C[C@]12CC[C@H]3[C@@H](CC=C4[C@@H](O)CCC[C@@]43CO)[C@@H]1CCC2=O
CHEMBL1630275,CO[C@H]1CCC[C@@]2(CO)C1=CC[C@@H]1[C@@H]2CC[C@]2(C)C(=O)CC[C@@H]12
CHEMBL2112738,CC(=O)O[C@H]1CCC[C@@]2(CO)C1=CC[C@@H]1[C@@H]2CC[C@]2(C)C(=O)CC[C@@H]12
CHEMBL2112739,CC(=O)O[C@H]1CCC[C@@]2(C)C1=CC[C@@H]1[C@@H]2CC[C@]2(C)C(=O)CC[C@@H]12
CHEMBL3349856,C[C@]12CCC[C@@H](O)C1=CC[C@@H]1[C@@H]2CC[C@]2(C)C(=O)CC[C@@H]12
CHEMBL3349864,C[C@]12CCC[C@H](O)C1=CC[C@@H]1[C@@H]2CC[C@]2(C)C(=O)CC[C@@H]12
CHEMBL10137,COc1ccc2c(c1)OC(c1ccccc1)/C(=C\c1ccncc1)C2=O
CHEMBL274318,O=C1CC(c2ccccc2)Oc2ccccc21
CHEMBL10072,O=C1/C(=C\c2ccncc2)C(c2ccccc2)Oc2ccccc21
CHEMBL267508,COc1ccc2c(c1)OC(c1ccccc1)/C(=C/c1ccncc1)C2=O
CHEMBL10026,O=C1/C(=C/c2ccncc2)C(c2ccccc2)Oc2ccccc21
CHEMBL9687,COc1ccc2c(c1)OC(c1ccccc1)CC2=O
CHEMBL27879,CCCCCCCCCCN1C(=O)C2CC(c3ccc(N)cc3)(C2)C1=O
CHEMBL27591,CCCCCN1C(=O)C2CC(c3ccc(N)cc3)(C2)C1=O
CHEMBL27386,Nc1ccc([C@@]23C[C@@H]2C(=O)NC3=O)cc1
CHEMBL27698,CCCN1C(=O)C2CC(c3ccc(N)cc3)(C2)C1=O
CHEMBL26651,CCCCCN1C(=O)C2CC2(c2ccc(N)cc2)C1=O
CHEMBL281947,Nc1ccc(C23CC2C(=O)N(CC2CCCCC2)C3=O)cc1
CHEMBL27546,Nc1ccc(C23CC(C2)C(=O)N(CC2CCCCC2)C3=O)cc1
CHEMBL27767,Nc1ccc([C@]23C[C@H]2C(=O)NC3=O)cc1
CHEMBL286506,CC(C)CN1C(=O)C2CC(c3ccc(N)cc3)(C2)C1=O
CHEMBL28173,CCCCCCCN1C(=O)C2CC(c3ccc(N)cc3)(C2)C1=O
CHEMBL28290,COc1ccc(CN2C(=O)C3CC(c4ccc(N)cc4)(C3)C2=O)cc1
CHEMBL27467,Nc1ccc(C23CC(C2)C(=O)N(C2CCCCC2)C3=O)cc1
CHEMBL26543,Nc1ccc(C23CC(C2)C(=O)NC3=O)cc1
CHEMBL287574,Nc1ccc(C23CC2C(=O)NC3=O)cc1
CHEMBL31760,C=C(c1ccc(C#N)cc1)n1ccnc1
CHEMBL29482,N#Cc1ccc(C(c2ccc(C#N)cc2)n2ccnc2)cc1
CHEMBL289766,CCCCCCCCCC1(c2ccncc2)CCC(=O)NC1=O
CHEMBL39840,CCCCCCCCCCN1C(=O)CCC(CC)(c2ccncc2)C1=O
CHEMBL38472,CCCCCCCCC1(c2ccncc2)CCC(=O)NC1=O
CHEMBL40125,CCCCC1(c2ccncc2)CCC(=O)NC1=O
CHEMBL311077,CC(=O)OCC12CCCC=C1CCC1C2CCC2(C)C(OC(C)=O)CCC12
CHEMBL83835,CC12CCC3C(CCC4=CCCCC43C(F)F)C1CCC2=O
CHEMBL81255,CC(=O)OC1CCC2C3CCC4=CCCCC4(CO)C3CCC12C
CHEMBL309656,CC(=O)OCC12CCCC=C1CCC1C3CCC(=O)C3(C)CCC12
CHEMBL443530,CC(=O)OCC12CCCC=C1CCC1C2CCC2(C)C(O)CCC12
CHEMBL113121,C#CC[C@H]1CC2C3CCC(=O)C3(C)CCC2C2(C)CCC(=O)C=C12
CHEMBL113082,C#CC[C@@H]1CC2C3CCC(=O)C3(C)CCC2C2(C)CCC(=O)C=C12
CHEMBL109211,C#CC[C@@H]1CC2C(CCC3(C)C(=O)CCC23)C2CCC(=O)C=C21
CHEMBL113739,C#CC[C@H]1CC2C(CCC3(C)C(=O)CCC23)C2CCC(=O)C=C21
CHEMBL353571,CSCSCC[C@]12CCC(=O)C=C1CCC1C2=CC[C@]2(C)C(=O)CCC12
CHEMBL424162,C#CCSCC[C@]12CCC(=O)C=C1CCC1C2=CC[C@]2(C)C(=O)CCC12
CHEMBL164993,CSC(=O)C[C@]12CCC(=O)C=C1CCC1C2CC[C@]2(C)C(=O)CCC12
CHEMBL349704,CSCC[C@]12CCC(=O)C=C1CCC1C2=CC[C@]2(C)C(=O)CCC12
CHEMBL350713,C#CSCC[C@]12CCC(=O)C=C1CCC1C2=CC[C@]2(C)C(=O)CCC12
CHEMBL349963,C[C@]12CC=C3C(CCC4=CC(=O)CC[C@@]43CCSc3ccccc3)C1CCC2=O
CHEMBL165218,CCSCC[C@]12CCC(=O)C=C1CCC1C2=CC[C@]2(C)C(=O)CCC12
CHEMBL165925,COCC[C@]12CCC(=O)C=C1CCC1C2=CC[C@]2(C)C(=O)CCC12
CHEMBL169086,O=C1/C(=C/c2cncs2)CCc2ccccc21
CHEMBL1630266,C[C@]12CC[C@H]3[C@@H](C[C@H](O)C4=CCCC[C@@]43CO)[C@@H]1CCC2=O
CHEMBL1630911,C[C@]12CC[C@H]3[C@@H](CC=C4CCCC[C@@]43CO)[C@@H]1CCC2=O
CHEMBL2105261,C#CC[C@]12CCC(=O)C=C1CC[C@@H]1[C@@H]2CC[C@]2(C)C(=O)CC[C@@H]12
CHEMBL2111917,CC(=O)O[C@@H]1CCC[C@@]2(C)C1=CC[C@@H]1[C@@H]2CC[C@]2(C)C(=O)CC[C@@H]12
CHEMBL2112309,C[C@]12CC[C@H]3[C@@H](CCC4=CCCC[C@@]43C(F)F)[C@@H]1CC[C@@H]2O
CHEMBL2311169,C[C@]12CCCCC1=CC[C@@H]1[C@@H]2CC[C@]2(C)C(=O)CC[C@@H]12
CHEMBL31456,N#Cc1ccc(/C(=N\c2ccc(Br)cc2)n2ccnc2)cc1
CHEMBL31224,N#Cc1ccc2c(c1)CCC=C2n1ccnc1
CHEMBL287677,N#Cc1ccc([C@H]2CCCc3cncn32)cc1
CHEMBL285809,N#Cc1ccc(C2(c3ccc(C#N)cc3)CCCc3cncn32)cc1
CHEMBL31215,N#Cc1ccc([C@@H]2CCCc3cncn32)cc1
CHEMBL305205,C[C@@H]1CC2C3CCC(=O)C3(C)CCC2C2(C)CCCC=C12
CHEMBL305630,CCCCC[C@H]1CC2C3CCC(=O)C3(C)CCC2C2(C)CCCC=C12
CHEMBL70317,CCC[C@@H]1CC2C3CCC(=O)C3(C)CCC2C2(C)CCCC=C12
CHEMBL74339,CC[C@H]1CC2C(CCC3(C)C(O)CCC23)C2(C)CCCC=C12
CHEMBL308537,CO[C@@H]1CC2C3CCC(=O)C3(C)CCC2C2(C)CCCC=C12
CHEMBL310735,C[C@H]1CC2C3CCC(=O)C3(C)CCC2C2(C)CCCC=C12
CHEMBL70436,CC[C@H]1CC2C3CCC(=O)C3(C)CCC2C2(C)CCCC=C12
CHEMBL304305,CCC[C@H]1CC2C3CCC(=O)C3(C)CCC2C2(C)CCCC=C12
CHEMBL70959,C[C@H]1CC2C(CCC3(C)C(O)CCC23)C2(C)CCCC=C12
CHEMBL304770,CC(=O)O[C@@H]1CC2C3CCC(=O)C3(C)CCC2C2(C)CCCC=C12
CHEMBL73993,CC12CCC3C(C[C@@H](O)C4=CCCCC43C)C1CCC2=O
CHEMBL72228,CC(=O)O[C@H]1CC2C3CCC(=O)C3(C)CCC2C2(C)CCCC=C12
CHEMBL307690,CC[C@@H]1CC2C3CCC(=O)C3(C)CCC2C2(C)CCCC=C12
CHEMBL307581,CO[C@H]1CC2C3CCC(=O)C3(C)CCC2C2(C)CCCC=C12
CHEMBL72415,CCCCC[C@@H]1CC2C3CCC(=O)C3(C)CCC2C2(C)CCCC=C12
CHEMBL307643,CC12CCC3C(C[C@H](O)C4=CCCCC43C)C1CCC2=O
CHEMBL69891,CCC[C@H]1CC2C(CCC3(C)C(O)CCC23)C2(C)CCCC=C12
CHEMBL73367,C[C@@H]1CC2C(CCC3(C)C(O)CCC23)C2(C)CCCC=C12
CHEMBL306022,CC[C@@H]1CC2C(CCC3(C)C(O)CCC23)C2(C)CCCC=C12
CHEMBL73279,CC12CCCC=C1CCC1C2CCC2(C)C1CC[C@@H]2O
CHEMBL73071,CCC[C@@H]1CC2C(CCC3(C)C(O)CCC23)C2(C)CCCC=C12
CHEMBL439950,CC12CCCC=C1CCC1C2CCC2(C)C(O)CCC12
CHEMBL83422,CC12CCC3C(CCC4=CCCCC43C)C1C[C@@H](Br)C2=O
CHEMBL440691,CC12CCC3C(CCC4=CCCCC43CO)C1CCC2O
CHEMBL82981,C#CC(O)C12CCCC=C1CCC1C3CCC(=O)C3(C)CCC12
CHEMBL81134,CC12CCC3C(CCC4=CCCCC43C)C1C[C@H](Br)C2=O
CHEMBL91992,O=C1/C(=C/c2ccncc2)CCc2cc(O)ccc21
CHEMBL93666,COc1ccc2c(c1)C(=O)C(Cc1ccncc1)CC2
CHEMBL93828,O=C1c2cccc(O)c2CCC1Cc1ccncc1
CHEMBL92065,O=C1c2ccccc2CCC1Cc1ccncc1
CHEMBL92488,O=C1/C(=C/c2ccncc2)CCc2c(O)cccc21
CHEMBL313774,O=C1/C(=C/c2ccncc2)CCc2ccc(O)cc21
CHEMBL419131,COc1ccc2c(c1)C(=O)/C(=C/c1ccncc1)CC2
CHEMBL328217,COc1ccc2c(c1)CC/C(=C\c1ccncc1)C2=O
CHEMBL91101,COc1cccc2c1CC/C(=C\c1ccncc1)C2=O
CHEMBL91818,O=C1c2ccc(O)cc2CCC1Cc1ccncc1
CHEMBL90077,O=C1c2cc(O)ccc2CCC1Cc1ccncc1
CHEMBL90427,COc1cccc2c1CCC(Cc1ccncc1)C2=O
CHEMBL88233,COc1ccc2c(c1)CCC(Cc1ccncc1)C2=O
CHEMBL132530,C[C@]12CCC(=O)C(O)=C1CC[C@@H]1[C@@H]2CC[C@]2(C)C(=O)CC[C@@H]12
CHEMBL165342,CS[C@]12CCC(=O)C=C1CCC1C2=CC[C@]2(C)C(=O)CCC12
CHEMBL351526,C=CCSCC[C@]12CCC(=O)C=C1CCC1C2=CC[C@]2(C)C(=O)CCC12
CHEMBL165106,C[C@]12CC=C3C(CCC4=CC(=O)CC[C@@]43CCSCF)C1CCC2=O
CHEMBL164543,C=CSCC[C@]12CCC(=O)C=C1CCC1C2=CC[C@]2(C)C(=O)CCC12
CHEMBL350074,CSCC[C@]12CCC(=O)C=C1CCC1C2CC[C@]2(C)C(=O)CCC12
CHEMBL39403,CCN1CCc2cccc(C(c3ccc(F)cc3)n3ccnc3)c21
CHEMBL287967,CCn1ccc2cccc(C(c3cccc(Cl)c3)n3ccnc3)c21
CHEMBL41429,CCN1CCc2cccc(C(c3ccc(F)cc3)n3cncn3)c21
CHEMBL416616,CCn1ccc2cccc(C(c3ccc(F)cc3)n3ccnc3)c21
CHEMBL39423,CCn1ccc2cc(Br)cc(C(c3ccc(F)cc3)n3ccnc3)c21
CHEMBL285193,CCn1ccc2cccc(C(c3ccc(Br)cc3)n3ccnc3)c21
CHEMBL289945,CCn1ccc2cccc(C(c3ccc(Cl)cc3)n3ccnc3)c21
CHEMBL288695,CCN1CCc2cccc(C(c3cccc(Cl)c3)n3ccnc3)c21
CHEMBL288804,CCN1CCc2cc(Cl)cc(C(c3ccc(F)cc3)n3ccnc3)c21
CHEMBL287950,CCN1CCc2cc(Br)cc(C(c3ccc(F)cc3)n3ccnc3)c21
CHEMBL291646,Clc1ccc(C(C2Cc3ccccc3O2)n2cncn2)cc1
CHEMBL65549,Clc1ccc(C(C2Cc3ccccc3O2)n2cnnn2)c(Cl)c1
CHEMBL294360,Fc1ccc(C(C2Cc3ccccc3O2)n2cnnn2)cc1
CHEMBL294357,Clc1ccc(C(C2Cc3ccccc3O2)n2cnnn2)cc1
CHEMBL65328,Cc1ccc(C(C2Cc3ccccc3O2)n2cncn2)cc1
CHEMBL294361,COc1ccc2c(c1)C1C(CC2)C1c1ccncc1
CHEMBL419619,COc1cc2c(cc1Br)CCC1C(c3ccncc3)C21
CHEMBL65590,Oc1cccc2c1CCC1C(c3ccncc3)C21
CHEMBL63336,COc1ccc(Br)c2c1CCC1C(c3ccncc3)C21
CHEMBL66867,COc1ccc2c(c1)C1C(CC2)C1(C)c1ccncc1
CHEMBL63297,Fc1ccc(C(C2Cc3ccccc3O2)n2cncn2)cc1
CHEMBL304788,Clc1ccc(C(C2Cc3ccccc3O2)n2cncn2)c(Cl)c1
CHEMBL66673,COc1cccc2c1CCC1C(c3ccncc3)C21
CHEMBL304583,Oc1ccc2c(c1)C1C(CC2)C1c1ccncc1
CHEMBL304222,Oc1ccc2c(c1)CCC1C(c3ccncc3)C21
CHEMBL67842,COc1ccc2c(c1)CCC1C(c3ccncc3)C21
CHEMBL99057,C[C@]12CCC3C(CCC4=C(O)C(=O)CC[C@@]43C(F)F)C1CCC2=O
CHEMBL317581,Clc1ccc(COC(Cn2cccc2)c2ccc(Cl)cc2Cl)cc1
CHEMBL108646,N#Cc1ccc(N(Cc2ccc(OS(N)(=O)=O)c(F)c2)n2cnnc2)cc1
CHEMBL108425,N#Cc1ccc(N(Cc2ccc(Br)cc2)n2cnnc2)cc1
CHEMBL108483,N#Cc1ccc(N(Cc2ccc(OS(N)(=O)=O)c(Br)c2)n2cnnc2)cc1
CHEMBL322322,N#Cc1ccc(N(Cc2ccc(OS(N)(=O)=O)c(Cl)c2)n2cnnc2)cc1
CHEMBL430879,N#Cc1ccc(N(Cc2ccc(OS(N)(=O)=O)cc2)n2cnnc2)cc1
CHEMBL325346,N#Cc1ccc(N(Cc2cccc(OS(N)(=O)=O)c2)n2cnnc2)cc1
CHEMBL132072,C[C@@H]1C(OC(=O)Cc2ccncc2)CC2CC1C2(C)C
CHEMBL133724,CC(C(=O)OC1CC2CC([C@@H]1C)C2(C)C)c1ccncc1
CHEMBL336102,CCC(C(=O)OC1CC2CC([C@@H]1C)C2(C)C)c1ccncc1
CHEMBL134442,C[C@@H]1CCC2C(C)(C)C3CC21CC[C@@]3(C)OC(=O)Cc1ccncc1
CHEMBL135037,O=C(Cc1cccnc1)OC12CC3CC(CC(C3)C1)C2
CHEMBL134509,CC(C(=O)OC12CC3CC(CC(C3)C1)C2)c1cccnc1
CHEMBL337251,C[C@@H]1C(OC(=O)C(C)(C)c2cccnc2)CC2CC1C2(C)C
CHEMBL131984,C[C@@H]1C(OC(=O)Cc2cccnc2)CC2CC1C2(C)C
CHEMBL132380,CCC(CC)(C(=O)OC1CC2CC([C@@H]1C)C2(C)C)c1ccncc1
CHEMBL135070,C[C@@H]1C(OC(=O)C(C)(C)c2ccncc2)CC2CC1C2(C)C
CHEMBL444068,C[C@@H]1CCC2C(C)(C)C3CC21CC[C@@]3(C)OC(=O)C(C)(C)c1cccnc1
CHEMBL134169,CC(C)(C(=O)OC12CC3CC(CC(C3)C1)C2)c1cccnc1
CHEMBL132066,CC(C(=O)OC1CC2CC([C@@H]1C)C2(C)C)c1cccnc1
CHEMBL135095,C[C@@H]1CCC2C(C)(C)C3CC21CC[C@@]3(C)OC(=O)Cc1cccnc1
CHEMBL3084923,CC(C)(C(=O)OC1(C)C2CC3CC(C2)CC1C3)c1cccnc1
CHEMBL3084924,CC1(OC(=O)Cc2cccnc2)C2CC3CC(C2)CC1C3
CHEMBL268918,CCCCCCC[C@@H]1CC2C(CCC3(C)C(=O)CCC23)C2(C)C=CC(=O)C=C12
CHEMBL8333,CCC[C@H]1CC2C(CCC3(C)C(=O)CCC23)C2(C)C=CC(=O)C=C12
CHEMBL266532,CCCCCC[C@H]1CC2C(CCC3(C)C(=O)CCC23)C2(C)C=CC(=O)C=C12
CHEMBL266350,CCCCCC[C@@H]1CC2C(CCC3(C)C(=O)CCC23)C2(C)C=CC(=O)C=C12
CHEMBL440832,CCCCC[C@@H]1CC2C(CCC3(C)C(=O)CCC23)C2(C)C=CC(=O)C=C12
CHEMBL8313,CC[C@@H]1CC2C(CCC3(C)C(=O)CCC23)C2(C)C=CC(=O)C=C12
CHEMBL8417,CCCC[C@@H]1CC2C(CCC3(C)C(=O)CCC23)C2(C)C=CC(=O)C=C12
CHEMBL8315,C[C@@H]1CC2C(CCC3(C)C(=O)CCC23)C2(C)C=CC(=O)C=C12
CHEMBL8254,CCC[C@@H]1CC2C(CCC3(C)C(=O)CCC23)C2(C)C=CC(=O)C=C12
CHEMBL268209,CCCCCCC[C@H]1CC2C(CCC3(C)C(=O)CCC23)C2(C)C=CC(=O)C=C12
CHEMBL267668,CCCCC[C@H]1CC2C(CCC3(C)C(=O)CCC23)C2(C)C=CC(=O)C=C12
CHEMBL274878,C[C@H]1CC2C(CCC3(C)C(=O)CCC23)C2(C)C=CC(=O)C=C12
CHEMBL8498,CC[C@H]1CC2C(CCC3(C)C(=O)CCC23)C2(C)C=CC(=O)C=C12
CHEMBL8646,CCCC[C@H]1CC2C(CCC3(C)C(=O)CCC23)C2(C)C=CC(=O)C=C12
CHEMBL23484,O=C1c2ccccc2CC1Cc1ccncc1
CHEMBL23485,Oc1cccc2c1CC(Cc1ccncc1)C2
CHEMBL23394,Oc1ccc2c(c1)CC(Cc1ccncc1)CC2
CHEMBL279940,Oc1ccc2c(c1)CCC(Cc1ccncc1)C2
CHEMBL23364,Oc1cccc2c1CCC(Cc1ccncc1)C2
CHEMBL23148,COc1cccc2c1CCC(Cc1ccncc1)C2
CHEMBL24014,Oc1ccc2c(c1)CC(Cc1ccncc1)C2
CHEMBL23646,COc1ccc2c(c1)CC(Cc1ccncc1)C2
CHEMBL283782,COc1cccc2c1CC(Cc1ccncc1)C2=O
CHEMBL285155,COc1ccc2c(c1)C/C(=C/c1ccncc1)C2=O
CHEMBL442262,COc1ccc2c(c1)C/C(=C\c1ccncc1)C2=O
CHEMBL23334,COc1cccc2c1C/C(=C/c1ccncc1)C2=O
CHEMBL24233,c1ccc2c(c1)CCC(Cc1ccncc1)C2
CHEMBL288093,COc1cccc2c1C/C(=C\c1ccncc1)C2=O
CHEMBL24115,COc1cccc2c1CC(Cc1ccncc1)C2
CHEMBL26279,COc1ccc2c(c1)CC(Cc1ccncc1)C2=O
CHEMBL285973,O=C1/C(=C\c2ccncc2)Cc2ccccc21
CHEMBL432751,C[C@]12CCC(=O)C=C1CCC1C2CC[C@]2(C)C(c3cccnc3)=CCC12
CHEMBL132563,CC12CCC3C(Cc4n[nH]c5c4C3(C)CCC5=O)C1CCC2=O
CHEMBL130546,CC12CCC3C(Cc4c5c(nn4Cc4ccccc4)C(=O)CCC53C)C1CCC2=O
CHEMBL133240,CC12CCC3C(Cc4nn(Cc5ccccc5)c5c4C3(C)CCC5=O)C1CCC2=O
CHEMBL422610,CC12CCC3C(Cc4c5c(nn4C/C=C/c4ccccc4)C(=O)CCC53C)C1CCC2=O
CHEMBL131414,CC12CCC3C(Cc4nn(C/C=C/c5ccccc5)c5c4C3(C)CCC5=O)C1CCC2=O
CHEMBL336383,CC12CCC3C(Cc4nn(Cc5ccc([N+](=O)[O-])cc5)c5c4C3(C)CCC5=O)C1CCC2=O
CHEMBL129883,CC12CCC3C(Cc4c5c(nn4Cc4ccc([N+](=O)[O-])cc4)C(=O)CCC53C)C1CCC2=O
CHEMBL369603,Nc1ccc(C23CC2C(=O)N(Cc2ccccc2)C3=O)cc1
CHEMBL172263,CC(C)N1C(=O)C2CC2(c2ccc(N)cc2)C1=O
CHEMBL174407,CCCN1C(=O)C2CC2(c2ccc(N)cc2)C1=O
CHEMBL174308,CC(C)CN1C(=O)C2CC2(c2ccc(N)cc2)C1=O
CHEMBL368732,CN1C(=O)C2CC2(c2ccc(N)cc2)C1=O
CHEMBL176539,C#CCN1C(=O)C2CC2(c2ccc(N)cc2)C1=O
CHEMBL176452,C=CCN1C(=O)C2CC2(c2ccc(N)cc2)C1=O
CHEMBL368631,CC(C)(C)CN1C(=O)C2CC2(c2ccc(N)cc2)C1=O
CHEMBL354401,CCN1C(=O)C2CC2(c2ccc(N)cc2)C1=O
CHEMBL174909,CCCCN1C(=O)C2CC2(c2ccc(N)cc2)C1=O
CHEMBL1078534,C[C@]12C=CC(=O)C=C1CC[C@@H]1[C@@H]2CC[C@]2(C)C(=O)CC[C@@H]12
CHEMBL9298,N#Cc1ccc(C2CCCc3cncn32)cc1
CHEMBL23150,O=C1/C(=C/c2ccncc2)Cc2ccccc21
CHEMBL23365,COc1ccc2c(c1)CC(Cc1ccncc1)CC2
CHEMBL23097,COc1ccc2c(c1)CCC(Cc1ccncc1)C2
CHEMBL22485,O=C1c2cccc(O)c2CC1Cc1ccncc1
CHEMBL284934,O=C1/C(=C/c2ccncc2)Cc2c(O)cccc21
CHEMBL24593,c1ccc2c(c1)CC(Cc1ccncc1)C2
CHEMBL24279,O=C1c2ccc(O)cc2CC1Cc1ccncc1
CHEMBL40432,C[C@]12CCC(=O)C(SCCl)=C1CCC1C2CC[C@]2(C)C(=O)CCC12
CHEMBL442542,C[C@]12CCC(=O)C(SCCl)=C1CCC1C2=CC[C@]2(C)C(=O)CCC12
CHEMBL291279,COCSC1=C2CCC3C(CC[C@]4(C)C(=O)CCC34)[C@@]2(C)CCC1=O
CHEMBL41033,C[C@]12CCC(=O)C(S)=C1CCC1C2=CC[C@]2(C)C(=O)CCC12
CHEMBL288242,C[C@]12CCC(=O)C(S)=C1CCC1C2CC[C@]2(C)C(=O)CCC12
CHEMBL290309,COCOC1=C2CCC3C(CC[C@]4(C)C(=O)CCC34)[C@@]2(C)CCC1=O
CHEMBL41517,C[C@]12CCC(=O)C(SCF)=C1CCC1C2CC[C@]2(C)C(=O)CCC12
CHEMBL292899,c1cnc2c(c1)C(CCn1ccnc1)CCC2
CHEMBL54803,c1cc(CCn2ccnc2)c2cccnc2c1
CHEMBL293122,C1=C(CCn2ccnc2)c2cccnc2CC1
CHEMBL55083,C(\Cn1ccnc1)=C1\CCCc2occc21
CHEMBL291700,c1cn(CCC2CCCc3sccc32)cn1
CHEMBL301106,c1cnc2c(c1)C(CCCn1ccnc1)CCC2
CHEMBL299066,c1cc2cc(-n3ccnc3)ccc2cn1
CHEMBL53290,C1=C(CCCn2ccnc2)c2cccnc2CC1
CHEMBL53644,c1ccc2c(c1)CCCC2CCn1ccnc1
CHEMBL301608,c1cnc2c(c1)CCCC2n1ccnc1
CHEMBL57513,C(\Cn1ccnc1)=C1\CCCc2sccc21
CHEMBL56059,C(\Cn1ccnc1)=C1/CCCc2occc21
CHEMBL55144,c1cn(CCC2CCCc3occc32)cn1
CHEMBL298720,c1cc2ccc(Cn3ccnc3)cc2cn1
CHEMBL307160,O=c1c2ccccc2oc2c([N+](=O)[O-])ccc(Cn3ccnc3)c12
CHEMBL442373,N#Cc1ccc(Cn2ccnc2)c2c(=O)c3ccccc3oc12
CHEMBL78322,O=c1c2ccccc2oc2c(Br)ccc(Cn3ccnc3)c12
CHEMBL421149,N#Cc1ccc(Cn2ccnc2)c2oc3ccccc3c(=O)c12
CHEMBL355905,CSc1nc2ccccn2c(=N)c1S(=O)(=O)c1ccccc1
CHEMBL158635,COc1ccc2c(=O)c(Cn3ccnc3)c(-c3ccccc3)oc2c1
CHEMBL161530,O=c1ccoc2c(Cn3ccnc3)ccc(Br)c12
CHEMBL350922,O=c1c2ccccc2oc2cc(Cn3ccnc3)ccc12
CHEMBL351167,O=c1ccoc2c(Cn3ccnc3)ccc([N+](=O)[O-])c12
CHEMBL161230,N#Cc1ccc(Cn2ccnc2)c2occc(=O)c12
CHEMBL159073,O=c1c2ccccc2oc2c(Cn3ccnc3)ccc([N+](=O)[O-])c12
CHEMBL163420,N#CCCCC1CCCc2cncn21
CHEMBL349822,N#Cc1ccc(Cn2ccnc2)cc1
CHEMBL162496,Cc1cncn1Cc1ccc(C#N)cc1
CHEMBL468419,Cl.N#Cc1ccc(C2CCCc3cncn32)cc1
CHEMBL460382,c1cc(CCn2ccnc2)c2ccsc2c1
CHEMBL1203757,Cc1ccc(C2CCCc3cncn32)cc1.Cl
CHEMBL1203760,CCOC(=O)c1ccc(C2CCCc3cncn32)cc1.Cl
CHEMBL1203766,Brc1ccc(C2CCCc3cncn32)cc1.Cl
CHEMBL2113524,C[C@]12CCC(=O)C(SC(F)F)=C1CC[C@@H]1[C@@H]2CC[C@]2(C)C(=O)CC[C@@H]12
CHEMBL2113619,C[C@]12CCC(=O)C(SCC#N)=C1CC[C@@H]1[C@@H]2CC[C@]2(C)C(=O)CC[C@@H]12
CHEMBL9165,O=C1/C(=C\c2ccncc2)C(c2ccc(Cl)cc2)Cn2cccc21
CHEMBL9179,O=C1/C(=C\c2ccncc2)C(c2ccccc2)c2ccccc21
CHEMBL288190,C[C@]12CCC(=O)C(O)=C1CCC1C2=CC[C@]2(C)C(=O)CCC12
CHEMBL39248,CSC1=C2CCC3C(CC[C@]4(C)C(=O)CCC34)[C@@]2(C)CCC1=O
CHEMBL39434,CSCSC1=C2CCC3C(CC[C@]4(C)C(=O)CCC34)[C@@]2(C)CCC1=O
CHEMBL53068,C1=C(Cn2ccnc2)c2cccnc2CC1
CHEMBL300109,c1cnc2c(c1)C(Cn1ccnc1)CCC2
CHEMBL55558,C(\Cn1ccnc1)=C1/CCCc2sccc21
CHEMBL52509,c1cnc2c(c1)C(n1ccnc1)CCC2
CHEMBL305483,Nc1ccc(C2(C3CCCC3)CCC(=O)NC2=O)cc1
CHEMBL309113,CC12CCC3C4CCC(=O)C=C4CCC3C1CCC2=O
CHEMBL70901,Nc1ccc(C2(C3CCCCC3)CCC(=O)NC2=O)cc1
CHEMBL330452,CC[C@]1(c2ccncc2)CCC(=O)NC1=O
CHEMBL88412,CCCCCCCC[C@]1(c2ccncc2)CCC(=O)NC1=O
CHEMBL97542,O=C1CC(c2ccccc2)Oc2cc(O)ccc21
CHEMBL95109,COc1ccc2c(c1)OC(c1ccccc1)CC2n1ccnc1
CHEMBL95919,Oc1ccc2c(c1)OC(c1ccccc1)CC2n1ccnc1
CHEMBL317935,C[C@H](NC(=O)/C=C/c1ccccc1)c1cccc(N2CCOCC2)c1
CHEMBL113647,O=C(OCc1cccnc1)C12CC3CC(CC(C3)C1)C2
CHEMBL431843,CC(C)(OC(=O)C12CC3CC(CC(C3)C1)C2)c1cccnc1
CHEMBL113242,O=C(OCc1ccncc1)C12CC3CC(CC(C3)C1)C2
CHEMBL114447,O=C(NCc1ccncc1)C12CC3CC(CC(C3)C1)C2
CHEMBL110524,C[C@H](OC(=O)C12CC3CC(CC(C3)C1)C2)c1ccncc1
CHEMBL109347,O=C(NCc1cccnc1)C12CC3CC(CC(C3)C1)C2
CHEMBL325461,C[C@@H](OC(=O)C12CC3CC(CC(C3)C1)C2)c1cccnc1
CHEMBL112509,C[C@H](OC(=O)C12CC3CC(CC(C3)C1)C2)c1cccnc1
CHEMBL112292,C[C@@H](OC(=O)C12CC3CC(CC(C3)C1)C2)c1ccncc1
CHEMBL112908,CC(C)(OC(=O)C12CC3CC(CC(C3)C1)C2)c1ccncc1
CHEMBL124118,CC[C@]1(c2ccncc2)C[C@@H](C)C(=O)NC1=O
CHEMBL333185,CCCC[C@H]1C[C@](CC)(c2ccncc2)C(=O)NC1=O
CHEMBL124230,CC[C@]1(c2ccncc2)C[C@H](C)C(=O)NC1=O
CHEMBL331522,CCCCCCCC[C@H]1C[C@](CC)(c2ccncc2)C(=O)NC1=O
CHEMBL123494,CCCCCCCCC[C@H]1C[C@](CC)(c2ccncc2)C(=O)NC1=O
CHEMBL338746,CCCCCCCC[C@H]1C[C@](CCCCCCCC)(c2ccncc2)C(=O)NC1=O
CHEMBL357775,CN1C(=O)CC(c2ccc(N)cc2)C1=O
CHEMBL149238,CC1(c2ccc(N)cc2)CC(=O)NC1=O
CHEMBL148903,Nc1ccc(C2CC(=O)NC2=O)cc1
CHEMBL151212,CCC1(c2ccc(N)cc2)CC(=O)NC1=O
CHEMBL151691,CN1C(=O)CC(C)(c2ccc(N)cc2)C1=O
CHEMBL157101,CC(=O)N1CCN(c2ccc(OCC3COC(Cn4ccnc4)(c4ccc(Cl)cc4Cl)O3)cc2)CC1
CHEMBL157925,O=c1ccoc2cc(Cn3cnnc3)ccc12
CHEMBL158984,O=c1ccoc2cc(Cn3ccnc3)ccc12
CHEMBL421829,O=c1c2ccccc2oc2c(Cn3ccnc3)ccc(Br)c12
CHEMBL348913,OCc1ccc(C2CCCc3cncn32)cc1
CHEMBL162834,N#Cc1ccc(C2CCCCc3cncn32)cc1
CHEMBL1096024,COc1ccc2c(c1)C(N)=C(CC1=CCNC=C1)C2=O
CHEMBL1203762,Cl.N#Cc1ccc(C2CCc3cncn32)cc1
CHEMBL1394757,CC[C@@]1(c2ccc(N)cc2)CCC(=O)NC1=O
CHEMBL2051951,CC[C@]1(c2ccc(N)cc2)CCC(=O)NC1=O
CHEMBL2111801,CCCCCCCC[C@H]1C[C@@](CC)(c2ccncc2)C(=O)NC1=O
CHEMBL274826,C[C@]12CCC(=O)C=C1CC[C@@H]1[C@@H]2CC[C@]2(C)C(=O)CC[C@@H]12
CHEMBL24946,CCCC[C@H]1CC2C3CCC(=O)C3(C)CCC2C2(C)CCC(=O)C=C12
CHEMBL25695,CCC[C@H]1CC2C3CCC(=O)C3(C)CCC2C2(C)CCC(=O)C=C12
CHEMBL24410,C=C[C@@H]1CC2C3CCC(=O)C3(C)CCC2C2(C)CCC(=O)C=C12
CHEMBL24897,CC12CCC3C(C[C@@H](Cc4ccccc4)C4=CC(=O)CCC43C)C1CCC2=O
CHEMBL24580,CC12CCC3C(C[C@H](c4ccccc4)C4=CC(=O)CCC43C)C1CCC2=O
CHEMBL281871,CC12CCC3C(C[C@@H](c4ccccc4)C4=CC(=O)CCC43C)C1CCC2=O
CHEMBL25588,C[C@H]1CC2C3CCC(=O)C3(C)CCC2C2(C)CCC(=O)C=C12
CHEMBL24021,CC[C@H]1CC2C3CCC(=O)C3(C)CCC2C2(C)CCC(=O)C=C12
CHEMBL25700,C#C[C@@H]1CC2C3CCC(=O)C3(C)CCC2C2(C)CCC(=O)C=C12
CHEMBL25059,CC[C@@H]1CC2C3CCC(=O)C3(C)CCC2C2(C)CCC(=O)C=C12
CHEMBL24037,CCCC[C@@H]1CC2C3CCC(=O)C3(C)CCC2C2(C)CCC(=O)C=C12
CHEMBL282673,CCC[C@@H]1CC2C3CCC(=O)C3(C)CCC2C2(C)CCC(=O)C=C12
CHEMBL71612,CC12CCC3C4CCC=CC4=CC(=O)C3C1CCC2=O
CHEMBL302530,CC12CCC3C(C(=O)C=C4C=CCCC43CO)C1CCC2=O
CHEMBL71169,CC12CCC3C(C(=O)C=C4CCCCC43C=O)C1CCC2=O
CHEMBL71117,CC12CCC=CC1=CCC1C2CCC2(C)C1CC[C@@H]2O
CHEMBL71152,CC12CCC3C(CC=C4C=CCCC43C)C1CCC2=O
CHEMBL71736,CC12CCC3C(CC=C4CCCCC43C=O)C1CCC2=O
CHEMBL262723,CC12CCC3C(C(=O)C=C4C=CCCC43C)C1CCC2=O
CHEMBL302249,CC12CCCCC1=CC(=O)C1C2CCC2(C)C(O)CCC12
CHEMBL302741,CC12CCC3C(C(=O)C=C4CCCCC43CO)C1CCC2=O
CHEMBL308829,CC12CCC3C(CC=C4CCCCC43CO)C1CCC2O
CHEMBL311400,CC12CCC=CC1=CC(=O)C1C2CCC2(C)C1CC[C@@H]2O
CHEMBL71363,CC12CCC3C(CC=C4CCCCC43C)C1C[C@@H](Br)C2=O
CHEMBL313485,CCCCCCC[C@]1(c2ccncc2)CCC(=O)NC1=O
CHEMBL91363,CCCCCCCCC[C@]1(c2ccncc2)CCC(=O)NC1=O
CHEMBL89102,CCCCC[C@]1(c2ccncc2)CCC(=O)NC1=O
CHEMBL314351,CCCN1C(=O)CC[C@](CC)(c2ccncc2)C1=O
CHEMBL88421,CCCCCCCCCN1C(=O)CC[C@](CC)(c2ccncc2)C1=O
CHEMBL89046,C[C@]1(c2ccncc2)CCC(=O)NC1=O
CHEMBL312960,CCCCCN1C(=O)CC[C@](CC)(c2ccncc2)C1=O
CHEMBL441404,CCCCCC[C@]1(c2ccncc2)CCC(=O)NC1=O
CHEMBL314991,CC[C@]1(c2ccncc2)CCC(=O)N(C)C1=O
CHEMBL314125,CCCCCCCN1C(=O)CC[C@](CC)(c2ccncc2)C1=O
CHEMBL321729,CC1CCC(OC(=O)Cc2ccncc2)CC1
CHEMBL103040,O=C(Cc1ccncc1)OC1=CC2CCC1C2
CHEMBL102536,CC1(C)C2CCC1(C)C(OC(=O)Cc1ccncc1)C2
CHEMBL323546,O=C(Cc1ccncc1)Oc1ccccc1
CHEMBL104047,O=C(Cc1ccncc1)OC12CC3CC(CC(C3)C1)C2
CHEMBL102981,CC(C(=O)OC1CCCCC1)c1ccncc1
CHEMBL104126,CC(C)CC(C)OC(=O)Cc1ccncc1
CHEMBL102884,CC(C)(C)C1CCC(OC(=O)Cc2ccncc2)CC1
CHEMBL103685,CC(C)(C(=O)OC1CCCCC1)c1ccncc1
CHEMBL102409,O=C(Cc1ccncc1)OC1CCCCC1
CHEMBL105298,CC1CCC(C(C)C)C(OC(=O)Cc2ccncc2)C1
CHEMBL104566,CC1CCC(OC(=O)Cc2ccncc2)C1
CHEMBL105044,CC1(OC(=O)Cc2ccncc2)CCCCC1
CHEMBL336387,CC12CCC3C(CCC4=C(Sc5ccccc5)C(=O)CCC43C)C1CCC2=O
CHEMBL334391,CC12CCC3C(CCC4=C(Oc5ccccc5)C(=O)CCC43C)C1CCC2=O
CHEMBL24387,CC(C)[C@@H]1CC2C3CCC(=O)C3(C)CCC2C2(C)CCC(=O)C=C12
CHEMBL25473,CC(C)[C@H]1CC2C3CCC(=O)C3(C)CCC2C2(C)CCC(=O)C=C12
CHEMBL25523,CC12CCC3C(C[C@H](Cc4ccccc4)C4=CC(=O)CCC43C)C1CCC2=O
CHEMBL284238,C[C@@H]1CC2C3CCC(=O)C3(C)CCC2C2(C)CCC(=O)C=C12
CHEMBL25735,CCCCCC1(c2ccc(N)cc2)CCC(=O)NC1=O
CHEMBL29863,CCCCC1(c2ccc(N)cc2)CCC(=O)NC1=O
CHEMBL29864,CCCC1(c2ccc(N)cc2)CCC(=O)NC1=O
CHEMBL287647,CCC(C)CC1(c2ccc(N)cc2)CCC(=O)NC1=O
CHEMBL29338,CCCCCCCC1(c2ccc(N)cc2)CCC(=O)NC1=O
CHEMBL29339,CCCCCCC1(c2ccc(N)cc2)CCC(=O)NC1=O
CHEMBL29521,CCCC(C)C1(c2ccc(N)cc2)CCC(=O)NC1=O
CHEMBL29230,CC(C)CCC1(c2ccc(N)cc2)CCC(=O)NC1=O
CHEMBL282573,CC(C)C1(c2ccc(N)cc2)CCC(=O)NC1=O
CHEMBL29138,CC1(c2ccc(N)cc2)CCC(=O)NC1=O
CHEMBL28668,CCC(C)C1(c2ccc(N)cc2)CCC(=O)NC1=O
CHEMBL28669,CC(C)CC1(c2ccc(N)cc2)CCC(=O)NC1=O
CHEMBL302305,CC12CCC3C(C(=O)C=C4C=CCCC43C=O)C1CCC2=O
CHEMBL70367,CC12CCC3C(C(=O)C=C4CCCCC43C)C1CCC2=O
CHEMBL71082,CC12CCC3C4CCCCC4=CC(=O)C3C1CCC2=O
CHEMBL421491,CC12CCC3C(C(=O)C=C4CCCCC43CO)C1CCC2O
CHEMBL68674,CC12CCCCC1=CCC1C2CCC2(C)C(O)CCC12
CHEMBL90856,CCCCCCCCCCN1C(=O)CC[C@](CC)(c2ccncc2)C1=O
CHEMBL88918,CCCCCCCCN1C(=O)CC[C@](CC)(c2ccncc2)C1=O
CHEMBL316262,CCCCCCN1C(=O)CC[C@](CC)(c2ccncc2)C1=O
CHEMBL328546,CCCCN1C(=O)CC[C@](CC)(c2ccncc2)C1=O
CHEMBL327239,CCN1C(=O)CC[C@](CC)(c2ccncc2)C1=O
CHEMBL88842,CCCC[C@]1(c2ccncc2)CCC(=O)NC1=O
CHEMBL444844,CCC[C@]1(c2ccncc2)CCC(=O)NC1=O
CHEMBL319160,CC(=O)N1CCN(c2ccc(OC[C@H]3CO[C@@](Cn4ccnc4)(c4ccc(Cl)cc4Cl)O3)cc2)CC1
CHEMBL328863,CC(=O)N1CCN(c2ccc(OC[C@@H]3CO[C@](Cn4ccnc4)(c4ccc(Cl)cc4Cl)O3)cc2)CC1
CHEMBL319026,CC1C(OC(=O)Cc2ccncc2)CC2CC1C2(C)C
CHEMBL323585,CC(C)CCOC(=O)Cc1ccncc1
CHEMBL101743,CCC1CCC(OC(=O)Cc2ccncc2)CC1
CHEMBL105289,O=C(Cc1ccncc1)OC1CCCC1
CHEMBL335408,CC12CCC3C(C1CCC2=O)[C@H](Sc1ccccc1)CC1=C(Oc2ccccc2)C(=O)CCC13C
CHEMBL177692,Clc1ccc2c(c1)CC/C2=C\c1c[nH]cn1
CHEMBL175688,Clc1ccc2c(c1)CC/C2=C/c1c[nH]cn1
CHEMBL359817,Fc1ccc2c(c1)CC/C2=C\c1c[nH]cn1
CHEMBL179247,Fc1ccc2c(c1)CC/C2=C/c1c[nH]cn1
CHEMBL367483,N#Cc1ccc2c(c1)CCC/C2=C/c1c[nH]cn1
CHEMBL177921,N#Cc1ccc2c(c1)CC/C2=C\c1c[nH]cn1
CHEMBL175091,N#Cc1ccc2c(c1)CC/C2=C/c1ncc[nH]1
CHEMBL175144,Clc1ccc2c(c1)/C(=C/c1c[nH]cn1)CCC2
CHEMBL362187,C(=C1\CCCc2ccccc21)\c1c[nH]cn1
CHEMBL367719,C(=C1/CCCc2ccccc21)\c1c[nH]cn1
CHEMBL177468,C(=C1\CCc2ccccc21)\c1c[nH]cn1
CHEMBL178036,C(=C1/CCc2ccccc21)\c1c[nH]cn1
CHEMBL177413,N#Cc1ccc2c(c1)/C(=C/c1c[nH]cn1)CCC2
CHEMBL177274,N#Cc1ccc2c(c1)/C(=C\c1c[nH]cn1)CCC2
CHEMBL3245349,C[C@]12CCC(=O)C=C1C[C@@H](Sc1ccccc1)[C@@H]1[C@@H]2CC[C@]2(C)C(=O)CC[C@@H]12
CHEMBL131921,COc1ccc(-c2coc3cc(O)cc(O)c3c2=O)cc1
CHEMBL177293,Brc1ccc2c(c1)CC/C2=C\c1c[nH]cn1
CHEMBL174579,Brc1ccc2c(c1)CC/C2=C/c1c[nH]cn1
CHEMBL179144,Fc1ccc2c(c1)CC/C2=C/c1ccncc1
CHEMBL176118,Brc1ccc2c(c1)CC/C2=C/c1cccnc1
CHEMBL176609,COc1ccc2c(c1)CC/C2=C\c1cccnc1
CHEMBL175791,COc1cccc2c1/C(=C/c1cccnc1)CC2
CHEMBL175962,C(=C1\CCc2ccccc21)\c1ccncc1
CHEMBL179149,C(=C1/CCc2ccccc21)\c1ccncc1
CHEMBL360026,C(=C1\CCCc2ccccc21)\c1ccncc1
CHEMBL424960,Fc1ccc2c(c1)CC/C2=C\c1ccncc1
CHEMBL366669,COc1cc2c(cc1OC)/C(=C/c1cccnc1)CCC2
CHEMBL425323,CCOc1ccc2c(c1)CC/C2=C\c1cccnc1
CHEMBL175979,COc1ccc2c(c1)CCC/C2=C\c1ccncc1
CHEMBL176886,CCOc1ccc2c(c1)CC/C2=C/c1cccnc1
CHEMBL175550,Cc1ccc2c(c1)/C(=C/c1cccnc1)CC2
CHEMBL366570,Cc1ccc2c(c1)/C(=C\c1cccnc1)CC2
CHEMBL176101,COc1ccc2c(c1)CC/C2=C/c1cccnc1
CHEMBL362441,COc1ccc2c(c1)CCC/C2=C\c1cccnc1
CHEMBL175554,Clc1ccc2c(c1)CC/C2=C\c1ccncc1
CHEMBL175799,Clc1ccc2c(c1)CC/C2=C/c1ccncc1
CHEMBL368305,Cc1cccc2c1CC/C2=C\c1cccnc1
CHEMBL176009,Cc1cccc2c1CC/C2=C/c1cccnc1
CHEMBL176098,COc1ccc2c(c1)CCC/C2=C/c1cccnc1
CHEMBL366772,COc1ccc2c(c1)/C(=C/c1cccnc1)CC2
CHEMBL366490,Fc1cccc2c1CC/C2=C\c1cccnc1
CHEMBL176076,Fc1cccc2c1CC/C2=C/c1cccnc1
CHEMBL179222,Brc1ccc2c(c1)CC/C2=C/c1ccncc1
CHEMBL359942,COc1ccc2c(c1)CC/C2=C\c1ccncc1
CHEMBL175609,COc1ccc2c(c1)CC/C2=C/c1ccncc1
CHEMBL176287,Clc1cccc2c1CC/C2=C\c1cccnc1
CHEMBL369623,Clc1cccc2c1CC/C2=C/c1cccnc1
CHEMBL185165,COc1ccc2c(c1)OC(c1ccccc1)CC2n1cncn1
CHEMBL184952,COc1ccc2c(c1)OC(c1ccccc1)CC2n1cnnc1
CHEMBL187185,Oc1ccc2c(c1)OC(c1ccccc1)CC2n1cncn1
CHEMBL364326,O=c1c(-c2ccccc2)c(SCc2cccnc2)oc2cc(O)ccc12
CHEMBL185950,O=c1c(-c2ccc(O)cc2)c(SCc2ccncc2)oc2cc(O)ccc12
CHEMBL184749,O=c1c(-c2ccccc2)c(SCc2ccncc2)oc2cc(O)ccc12
CHEMBL187068,COc1ccc(-c2c(SCc3ccncc3)oc3cc(O)ccc3c2=O)cc1
CHEMBL185819,COc1ccc2c(=O)c(-c3ccccc3)c(SCc3cccnc3)oc2c1
CHEMBL188664,O=c1c(-c2ccccc2)c(SCc2ccncc2)oc2cc(OCc3ccccc3)ccc12
CHEMBL185809,COc1ccc2c(=O)c(-c3ccccc3)c(SCc3ccncc3)oc2c1
CHEMBL184051,COc1ccc2c(=O)c(-c3ccc(C)cc3)c(SCc3ccncc3)oc2c1
CHEMBL361653,COc1ccc(-c2c(SCc3ccncc3)oc3cc(OC)ccc3c2=O)cc1
CHEMBL186079,COc1ccc(-c2c(SCc3ccncc3)oc3cc(OCc4ccccc4)ccc3c2=O)cc1
CHEMBL189472,COc1ccc(-c2c(-n3ccnc3)oc3cc(OC)ccc3c2=O)cc1
CHEMBL363493,O=c1c(-c2ccccc2)c(-n2ccnc2)oc2cc(OCc3ccccc3)ccc12
CHEMBL189274,COc1ccc(-c2c(-n3ccnc3)oc3cc(OCc4ccccc4)ccc3c2=O)cc1
CHEMBL190099,COc1ccc2c(=O)c(-c3ccccc3)c(-n3cncn3)oc2c1
CHEMBL192306,COc1ccc2c(=O)c(-c3ccccc3)c(-n3ccnc3)oc2c1
CHEMBL194928,C(=C1c2ccccc2-c2ccccc21)c1cccnc1
CHEMBL370317,C(=C(c1ccccc1)c1ccccc1)c1cccnc1
CHEMBL383806,Fc1ccc2c(c1)CC/C2=C/c1cccnc1
CHEMBL383807,Clc1ccc2c(c1)CC/C2=C\c1cccnc1
CHEMBL192077,Cc1ccc2c(c1)/C(=C\c1ccncc1)CC2
CHEMBL192155,COc1ccc2c(c1)CC/C2=C\c1cncs1
CHEMBL381194,C(=C(c1ccccc1)c1ccccc1)c1ccncc1
CHEMBL194440,Brc1ccc2c(c1)CC/C2=C\c1cccnc1
CHEMBL193496,COc1ccc2c(c1)CCC/C2=C/c1ccncc1
CHEMBL195688,CC1C/C(=C\c2cccnc2)c2ccccc21
CHEMBL365120,C(=C1/CCCc2ccccc21)\c1cccnc1
CHEMBL193997,Fc1ccc2c(c1)CC/C2=C\c1cccnc1
CHEMBL364956,Fc1ccc2c(c1)CC/C2=C/c1cncnc1
CHEMBL193858,COc1cc2c(cc1OC)/C(=C/c1ccncc1)CCC2
CHEMBL371742,Cc1ccc2c(c1)/C(=C/c1ccncc1)CC2
CHEMBL193652,Clc1ccc2c(c1)CC/C2=C/c1cccnc1
CHEMBL383145,C(=C1c2ccccc2-c2ccccc21)c1ccncc1
CHEMBL370530,Fc1ccc2c(c1)CC/C2=C\c1cccc2cnccc12
CHEMBL363849,Fc1ccc2c(c1)CC/C2=C/c1cccc2cnccc12
CHEMBL364080,C(=C1\CCc2ccccc21)\c1cccnc1
CHEMBL363621,C(=C1/CCc2ccccc21)\c1cccnc1
CHEMBL195354,COc1ccc2c(c1)CC/C2=C/c1cncs1
CHEMBL195248,Fc1ccc2c(c1)CC/C2=C\c1cncnc1
CHEMBL193606,C(=C1\CCCc2ccccc21)\c1cccnc1
CHEMBL373074,CC1C/C(=C/c2cccnc2)c2ccccc21
CHEMBL193555,C(=C1\CC(c2ccccc2)c2ccccc21)\c1cccnc1
CHEMBL365314,COc1ccc2c(c1)/C(=C/c1ccncc1)CC2
CHEMBL370281,COc1ccc2c(c1)/C(=C\c1ccncc1)CC2
CHEMBL362968,COc1ccc2cc(-c3cccnc3)ccc2c1
CHEMBL196328,COc1ccc2cc(-c3cccnc3)ccc2c1Br
CHEMBL193343,CCOc1ccc2cc(-c3cccnc3)ccc2c1
CHEMBL365735,c1cncc(-c2ccc3ccccc3c2)c1
CHEMBL197576,COc1ccc2cc(-c3cccnc3)ccc2c1Cl
CHEMBL438802,COC(=O)c1ccc2cc(-c3cccnc3)ccc2c1
CHEMBL381014,COc1ccc2c(Cl)c(-c3cccnc3)ccc2c1Cl
CHEMBL195996,c1ccc2cc(-n3ccnc3)ccc2c1
CHEMBL194472,COc1cc2ccccc2cc1-n1ccnc1
CHEMBL194641,C[C@]12CCC3C(CC[C@H]4C=CCC[C@]34C)C1CCC2=O
CHEMBL197451,C[C@]12CCC(=O)C(O)=C1CCC1C2CC[C@]2(C)OC(=O)CCC12
CHEMBL199334,COc1ccc2cc(C(c3ccc([N+](=O)[O-])cc3)n3cncn3)oc2c1
CHEMBL197650,COc1ccc2cc(C(c3ccc(C#N)cc3)n3cncn3)oc2c1
CHEMBL1399,CC(C)(C#N)c1cc(Cn2cncn2)cc(C(C)(C)C#N)c1
CHEMBL202065,COc1ccc2cc(C(c3ccc(C(F)(F)F)cc3)n3cncn3)oc2c1
CHEMBL371663,CCc1ccc(C(c2cc3ccc(OC)cc3o2)n2cncn2)cc1
CHEMBL446706,Oc1ccc2cc(C(c3ccc(Cl)cc3)n3cncn3)oc2c1
CHEMBL202226,N#Cc1ccc(C(c2cc3ccc(O)cc3o2)n2cncn2)cc1
CHEMBL202231,O=[N+]([O-])c1ccc(C(c2cc3ccc(O)cc3o2)n2cncn2)cc1
CHEMBL201831,COc1ccc2cc(C(c3ccc(C)cc3)n3cncn3)oc2c1
CHEMBL1629802,C[C@]12CC[C@H]3O[C@H]3[C@@H]1CC[C@@H]1[C@@H]2CC[C@]2(C)C(=O)CC[C@@H]12
CHEMBL1630280,C[C@]12CC[C@@H](O)C(=O)[C@@H]1CC[C@@H]1[C@@H]2CC[C@]2(C)C(=O)CC[C@@H]12
CHEMBL7162,CS(=O)(=O)Nc1ccc([N+](=O)[O-])cc1OC1CCCCC1
CHEMBL56367,CS(=O)(=O)Nc1ccc([N+](=O)[O-])cc1Oc1ccccc1
CHEMBL372999,COc1ccc2cc(C(O)(c3ccc(F)cc3)c3cccnc3)oc2c1
CHEMBL382500,COc1ccc(C(c2cc3ccc(OC)cc3o2)n2ccnc2)cc1
CHEMBL382902,COc1ccc2cc(C(c3ccc(Cl)cc3)n3cncn3)oc2c1
CHEMBL198291,COc1ccc2cc(C(c3ccc(F)cc3)n3cncn3)oc2c1
CHEMBL202612,COc1ccc2cc(C(O)(c3ccc(Cl)cc3)c3cccnc3)oc2c1
CHEMBL379019,COc1ccc(C(c2cc3ccc(OC)cc3o2)n2cncn2)cc1
CHEMBL202020,COc1ccc(C(O)(c2cccnc2)c2cc3ccc(OC)cc3o2)cc1
CHEMBL202473,CN(c1ccc([N+](=O)[O-])cc1OC1CCCC1)S(C)(=O)=O
CHEMBL202474,CCC(CC)Oc1cc([N+](=O)[O-])ccc1NS(C)(=O)=O
CHEMBL202469,CCCCCCCCCOc1cc([N+](=O)[O-])ccc1NS(C)(=O)=O
CHEMBL202470,CCCCCCCCCOc1cc([N+](=O)[O-])ccc1N(C)S(C)(=O)=O
CHEMBL202471,CCCCCCOc1cc([N+](=O)[O-])ccc1NS(C)(=O)=O
CHEMBL202030,CCC(CC)Oc1cc([N+](=O)[O-])ccc1N(C)S(C)(=O)=O
CHEMBL202452,CCCCCCOc1cc([N+](=O)[O-])ccc1N(C)S(C)(=O)=O
CHEMBL204183,CN(c1ccc([N+](=O)[O-])cc1OC1CCCCC1)S(C)(=O)=O
CHEMBL204184,CCCOc1cc([N+](=O)[O-])ccc1NS(C)(=O)=O
CHEMBL382482,CCCOc1cc([N+](=O)[O-])ccc1N(C)S(C)(=O)=O
CHEMBL274387,CC(C)Oc1cc([N+](=O)[O-])ccc1NS(C)(=O)=O
CHEMBL203869,CC(C)Oc1cc([N+](=O)[O-])ccc1N(C)S(C)(=O)=O
CHEMBL204501,CS(=O)(=O)Nc1ccc([N+](=O)[O-])cc1OCC1CCCCC1
CHEMBL204502,CN(c1ccc([N+](=O)[O-])cc1OCC1CCCCC1)S(C)(=O)=O
CHEMBL437497,CS(=O)(=O)Nc1ccc([N+](=O)[O-])cc1OC1CCCC1
CHEMBL204483,Clc1cccc(C(c2ccc3[nH]ccc3c2)n2ccnc2)c1
CHEMBL203981,Fc1ccc(C(c2ccc3[nH]ccc3c2)n2ccnc2)cc1
CHEMBL204039,Clc1ccc(C(c2ccc3[nH]ccc3c2)n2ccnc2)cc1
CHEMBL382679,Cn1ccc2cc(C(c3ccc(Cl)cc3)n3ccnc3)ccc21
CHEMBL205177,N#Cc1ccc(C(c2ccc3[nH]ccc3c2)n2ccnc2)cc1
CHEMBL205881,C1=C(c2cccnc2)CCc2ccccc21
CHEMBL206351,COc1ccc2c(c1)CCC(c1cccnc1)=C2
CHEMBL206283,CC1=C(c2cccnc2)CCc2ccccc21
CHEMBL205503,CCC1=C(c2cccnc2)CCc2ccccc21
CHEMBL206550,CC1Cc2ccccc2C=C1c1cccnc1
CHEMBL206070,CC1CC(c2cccnc2)=Cc2ccccc21
CHEMBL213587,O=c1c(Cn2ccnc2)c(-c2ccccc2)oc2ccccc12
CHEMBL213588,O=c1c(Cn2ccnc2)c(-c2ccc([N+](=O)[O-])cc2)oc2ccccc12
CHEMBL377766,O=c1c(Cn2ccnc2)c(-c2ccc(Br)cc2)oc2ccccc12
CHEMBL209731,N#Cc1ccc(-c2oc3ccccc3c(=O)c2Cn2ccnc2)cc1
CHEMBL212473,COc1ccc(-c2oc3ccccc3c(=O)c2Cn2ccnc2)cc1
CHEMBL212168,COc1ccc2c(=O)c(Cn3ccnc3)c(-c3ccc([N+](=O)[O-])cc3)oc2c1
CHEMBL209047,COc1ccc2c(=O)c(Cn3ccnc3)c(-c3ccc(Br)cc3)oc2c1
CHEMBL377626,COc1ccc2c(=O)c(Cn3ccnc3)c(-c3ccc(C#N)cc3)oc2c1
CHEMBL376473,COc1cc(O)c2c(c1)O[C@]1(C)[C@@H](O)[C@@H](C)C[C@H](O)[C@@H]1C2=O
CHEMBL374535,CN(c1ccc([N+](=O)[O-])cc1OCc1ccc2ccccc2c1)S(C)(=O)=O
CHEMBL223368,CN(c1ccc([N+](=O)[O-])cc1OCc1ccccc1-c1ccccc1)S(C)(=O)=O
CHEMBL222260,Cc1ccc(COc2cc([N+](=O)[O-])ccc2N(C)S(C)(=O)=O)cc1
CHEMBL376649,CN(c1ccc([N+](=O)[O-])cc1OCc1ccc(F)cc1)S(C)(=O)=O
CHEMBL222250,CN(c1ccc([N+](=O)[O-])cc1OCc1ccccc1)S(C)(=O)=O
CHEMBL376303,CN(c1ccc([N+](=O)[O-])cc1OCc1ccc([N+](=O)[O-])cc1)S(C)(=O)=O
CHEMBL13784,O=[N+]([O-])c1ccc(Cn2ccnc2)cc1
CHEMBL26065,O=C1/C(=C/c2ccncc2)Cc2cc(O)ccc21
CHEMBL163922,N#Cc1cccc(Cn2ccnc2)c1
CHEMBL211207,Brc1ccc(Cn2ccnc2)cc1
CHEMBL375292,Cc1ncc2c(n1)-c1ccccc1C2n1ccnc1
CHEMBL387518,O=C1c2ccccc2-c2nnc(Cn3ccnc3)cc21
CHEMBL225447,c1ccc2c(c1)-c1ccccc1C2n1ccnc1
CHEMBL223874,c1ccc(C2(n3ccnc3)c3ccccc3-c3ccccc32)cc1
CHEMBL376371,c1ccc(C2(n3cncn3)c3ccccc3-c3ccccc32)cc1
CHEMBL387892,COc1ccc2cc(Cn3ccnc3)c(=O)oc2c1
CHEMBL427247,O=c1cc(Cn2ccnc2)c2ccccc2o1
CHEMBL225472,COc1ccc2c(Cn3ccnc3)cc(=O)oc2c1
CHEMBL388604,COc1ccc2c(Cn3cncn3)cc(=O)oc2c1
CHEMBL225178,O=c1cc(OCCn2ccnc2)c2ccccc2o1
CHEMBL375497,COc1ccc2c(OCCn3ccnc3)cc(=O)oc2c1
CHEMBL437731,O=c1cc(Cn2ccnc2)c2ccc(Oc3ccccc3)cc2o1
CHEMBL390569,COc1ccc2c(c1)CCC(Cc1cnc[nH]1)=C2C
CHEMBL375046,COc1cc(Cn2ccnc2)c2ccc(=O)oc2c1
CHEMBL224228,O=c1ccc2cc(Cn3ccnc3)ccc2o1
CHEMBL224649,O=c1ccc2ccc(Cn3ccnc3)cc2o1
CHEMBL223929,O=c1ccc2ccc(Cn3cncn3)cc2o1
CHEMBL390152,O=c1ccc2ccc(OCCn3ccnc3)cc2o1
CHEMBL223983,COc1ccc2ccc(=O)oc2c1Cn1ccnc1
CHEMBL224786,O=c1oc2ccccc2c(Cn2ccnc2)c1-c1ccccc1
CHEMBL224787,COc1ccc2c(-c3ccccc3)c(Cn3ccnc3)c(=O)oc2c1
CHEMBL225499,O=c1cc(Cn2ccnc2)c2ccc(OCc3ccccc3)cc2o1
CHEMBL224600,S=c1ccc2cc(Cn3ccnc3)ccc2o1
CHEMBL376786,O=c1c([C@H](c2ccc(Br)cc2)n2ccnc2)coc2ccccc12
CHEMBL225079,N#Cc1ccc([C@H](c2coc3ccccc3c2=O)n2ccnc2)cc1
CHEMBL225128,CC(C)(c1ccc(C#N)cc1)n1ccnc1
CHEMBL225053,N#Cc1ccc(C2(n3ccnc3)CCCC2)cc1
CHEMBL1444,N#Cc1ccc(C(c2ccc(C#N)cc2)n2cncn2)cc1
CHEMBL224789,N#Cc1ccc(C(c2ccc(C#N)cc2)n2ccnn2)cc1
CHEMBL224790,N#Cc1ccc(C(c2ccc(C#N)cc2)n2ncnn2)cc1
CHEMBL223452,N#Cc1ccc(C(c2ccc(C#N)cc2)c2cncnc2)cc1
CHEMBL223554,N#Cc1ccc(C(c2ccc(C#N)cc2)c2cccnc2)cc1
CHEMBL223555,N#Cc1ccc(C(=C2CCCCC2)n2cncn2)cc1
CHEMBL388187,CC(c1ccc(C#N)cc1)(c1ccc(C#N)cc1)n1cncn1
CHEMBL224462,CCC(c1ccc(C#N)cc1)(c1ccc(C#N)cc1)n1cncn1
CHEMBL225550,N#Cc1ccc(C(F)(c2ccc(C#N)cc2)n2cncn2)cc1
CHEMBL388515,N#Cc1ccc(C(F)(c2ccc(C#N)cc2)n2ccnn2)cc1
CHEMBL225360,N#Cc1ccc(C(F)(c2ccc(C#N)cc2)n2ncnn2)cc1
CHEMBL225378,N#Cc1ccc(C(F)(c2ccc(C#N)cc2)n2ccnc2)cc1
CHEMBL388959,O=C1/C(=C\c2ccncc2)CCc2ccccc21
CHEMBL376039,O=C1/C(=C/c2ccncc2)CCc2c1ccc1c2CCCC1
CHEMBL224665,O=c1c([C@@H](c2ccc([N+](=O)[O-])cc2)n2ccnc2)coc2ccccc12
CHEMBL223176,O=C(c1ccccc1)c1ccc(Cn2ccnc2)cc1
CHEMBL522917,O=c1c([C@@H](c2ccc(Br)cc2)n2ccnc2)coc2ccccc12
CHEMBL525379,O=c1c([C@H](c2ccc([N+](=O)[O-])cc2)n2ccnc2)coc2ccccc12
CHEMBL451201,N#Cc1ccc([C@@H](c2coc3ccccc3c2=O)n2ccnc2)cc1
CHEMBL389433,Clc1cccc(C(c2ccc3[nH]cnc3c2)n2ccnc2)c1
CHEMBL224060,Cn1nnc2ccc([C@H](c3ccc(Cl)cc3)n3cncn3)cc21
CHEMBL223717,COc1ccc2c(c1)[C@H]1[C@@H](CC2)[C@@H]1c1ccncc1
CHEMBL225497,COc1cc2c(cc1Br)CC[C@H]1[C@H](c3ccncc3)[C@@H]21
CHEMBL223607,O=c1ccoc2cc(Cn3cncn3)ccc12
CHEMBL375043,N#Cc1ccc(Cn2ccnc2)c2ccccc12
CHEMBL224391,Cc1oc2c(C#N)ccc(Cn3ccnc3)c2c1C
CHEMBL374934,N#Cc1ccccc1Cn1ccnc1
CHEMBL229945,COCOc1ccc2c(c1)OC(c1ccc(OCOC)c(CC=C(C)C)c1)CC2=O
CHEMBL425670,COCOc1ccc2c(c1)OC(c1ccc(OC)c(CC=C(C)C)c1)CC2=O
CHEMBL389925,COc1ccc(/C=C/C(=O)c2ccc(O)cc2O)cc1CC=C(C)C
CHEMBL229789,COc1ccc(C2CC(=O)c3ccc(O)cc3O2)cc1CC=C(C)C
CHEMBL229790,COCOc1ccc(C2CC(=O)c3ccc(OC)cc3O2)cc1CC=C(C)C
CHEMBL388374,COc1ccc2c(c1)OC(c1ccc(O)c(CC=C(C)C)c1)CC2=O
CHEMBL229635,COc1ccc2c(c1)OC(c1ccc(OC)c(CC=C(C)C)c1)CC2=O
CHEMBL229906,COc1ccc2c(c1)OC(c1cccc(CC=C(C)C)c1)CC2=O
CHEMBL229908,COc1ccc(C2CC(=O)c3ccc(OC)cc3O2)cc1
CHEMBL228985,COc1ccc2c(c1)OC(c1ccc(OCC=C(C)C)cc1)CC2=O
CHEMBL229094,COc1ccc(C(=O)CC(O)c2ccc(OC)c(CC=C(C)C)c2)c(O)c1
CHEMBL390496,N#Cc1ccc(N(Cc2ccc(OS(N)(=O)=O)c(I)c2)n2cnnc2)cc1
CHEMBL226736,COc1cc(CN(c2ccc(C#N)cc2)n2cnnc2)ccc1OS(N)(=O)=O
CHEMBL226737,N#Cc1ccc(N(Cc2ccc(OS(N)(=O)=O)c(C#N)c2)n2cnnc2)cc1
CHEMBL390717,COc1cc(CN(c2ccc(C#N)cc2)n2cnnc2)cc(Cl)c1OS(N)(=O)=O
CHEMBL388291,N#Cc1ccc(N(Cc2ccc(O)cc2)n2cnnc2)cc1
CHEMBL226738,N#Cc1ccc(N(Cc2ccc(O)c(F)c2)n2cnnc2)cc1
CHEMBL226789,N#Cc1ccc(N(Cc2ccc(O)c(Cl)c2)n2cnnc2)cc1
CHEMBL388506,N#Cc1ccc(N(Cc2ccc(O)c(Br)c2)n2cnnc2)cc1
CHEMBL226790,N#Cc1ccc(N(Cc2ccc(O)c(I)c2)n2cnnc2)cc1
CHEMBL226791,COc1cc(CN(c2ccc(C#N)cc2)n2cnnc2)ccc1O
CHEMBL226841,N#Cc1ccc(N(Cc2ccc(O)c(C#N)c2)n2cnnc2)cc1
CHEMBL226842,N#Cc1ccc(N(Cc2ccc(O)c(C(F)(F)F)c2)n2cnnc2)cc1
CHEMBL388507,COc1cc(CN(c2ccc(C#N)cc2)n2cnnc2)cc(Cl)c1O
CHEMBL226843,N#Cc1ccc(N(Cc2cc(Cl)c(O)c(Cl)c2)n2cnnc2)cc1
CHEMBL226891,N#Cc1ccc(N(Cc2c(F)c(F)c(O)c(F)c2F)n2cnnc2)cc1
CHEMBL226892,N#Cc1ccc(N(Cc2ccc(F)c(OS(N)(=O)=O)c2)n2cnnc2)cc1
CHEMBL390077,N#Cc1ccc(N(Cc2ccc(Cl)c(OS(N)(=O)=O)c2)n2cnnc2)cc1
CHEMBL226893,N#Cc1ccc(N(Cc2ccc(Br)c(OS(N)(=O)=O)c2)n2cnnc2)cc1
CHEMBL226945,COc1ccc(CN(c2ccc(C#N)cc2)n2cnnc2)cc1OS(N)(=O)=O
CHEMBL390078,N#Cc1ccc(N(Cc2cccc(O)c2)n2cnnc2)cc1
CHEMBL390079,N#Cc1ccc(N(Cc2ccc(F)c(O)c2)n2cnnc2)cc1
CHEMBL226946,N#Cc1ccc(N(Cc2ccc(Cl)c(O)c2)n2cnnc2)cc1
CHEMBL226947,N#Cc1ccc(N(Cc2ccc(Br)c(O)c2)n2cnnc2)cc1
CHEMBL388093,COc1ccc(CN(c2ccc(C#N)cc2)n2cnnc2)cc1O
CHEMBL226999,N#Cc1ccc(N(Cc2ccc(C(F)(F)F)c(O)c2)n2cnnc2)cc1
CHEMBL244795,O=C(c1ccccc1)c1ccccc1Cn1ccnc1
CHEMBL519436,Cn1nnc2ccc([C@@H](c3ccc(Cl)cc3)n3cncn3)cc21
CHEMBL558103,CC(C)=CCc1cc([C@@H]2CC(=O)c3ccc(O)cc3O2)ccc1O
CHEMBL1162951,COc1ccc(C2CC(=O)c3ccccc3O2)cc1CC=C(C)C
CHEMBL2096872,COc1ccc2c(c1)[C@@H]1[C@H](CC2)[C@H]1c1ccncc1
CHEMBL2096873,COc1cc2c(cc1Br)CC[C@@H]1[C@@H](c3ccncc3)[C@H]21
CHEMBL283196,O=c1cc(-c2ccccc2)oc2c1ccc1ccccc12
CHEMBL206300,COc1ccc2c(c1)C=C(c1cccnc1)C2
CHEMBL387386,Cc1ccc(COc2cc([N+](=O)[O-])ccc2NS(C)(=O)=O)cc1
CHEMBL223369,COc1ccc(COc2cc([N+](=O)[O-])ccc2NS(C)(=O)=O)cc1
CHEMBL223421,CC(C)c1ccc(COc2cc([N+](=O)[O-])ccc2NS(C)(=O)=O)cc1
CHEMBL373427,CS(=O)(=O)Nc1ccc([N+](=O)[O-])cc1OCc1ccc(F)cc1
CHEMBL220774,CS(=O)(=O)Nc1ccc([N+](=O)[O-])cc1OCc1ccc(Cl)cc1
CHEMBL220829,CS(=O)(=O)Nc1ccc([N+](=O)[O-])cc1OCc1ccc(Br)cc1
CHEMBL426541,CS(=O)(=O)Nc1ccc([N+](=O)[O-])cc1OCc1ccc(-c2ccccc2)cc1
CHEMBL374651,CS(=O)(=O)Nc1ccc([N+](=O)[O-])cc1OCCc1ccccc1
CHEMBL220885,CS(=O)(=O)Nc1ccc([N+](=O)[O-])cc1OCc1cccc2ccccc12
CHEMBL220886,Cc1ccc(C)c(COc2cc([N+](=O)[O-])ccc2NS(C)(=O)=O)c1
CHEMBL224037,COc1ccc(COc2cc([N+](=O)[O-])ccc2N(C)S(C)(=O)=O)cc1
CHEMBL220792,CN(c1ccc([N+](=O)[O-])cc1OCc1ccc(Cl)cc1)S(C)(=O)=O
CHEMBL220793,CN(c1ccc([N+](=O)[O-])cc1OCc1ccc(Br)cc1)S(C)(=O)=O
CHEMBL373377,CN(c1ccc([N+](=O)[O-])cc1OCc1ccc(-c2ccccc2)cc1)S(C)(=O)=O
CHEMBL436515,CN(c1ccc([N+](=O)[O-])cc1OCCc1ccccc1)S(C)(=O)=O
CHEMBL222189,CN(c1ccc([N+](=O)[O-])cc1OCc1cccc2ccccc12)S(C)(=O)=O
CHEMBL223108,CS(=O)(=O)Nc1ccc([N+](=O)[O-])cc1OCc1ccccc1
CHEMBL223109,CS(=O)(=O)Nc1ccc([N+](=O)[O-])cc1OCc1ccc([N+](=O)[O-])cc1
CHEMBL223161,CS(=O)(=O)Nc1ccc([N+](=O)[O-])cc1OCc1ccc2ccccc2c1
CHEMBL223162,CS(=O)(=O)Nc1ccc([N+](=O)[O-])cc1OCc1ccccc1-c1ccccc1
CHEMBL397728,O=C(c1ccccc1)c1cccc(Cn2ccnc2)c1
CHEMBL243960,O=C(c1ccc(-c2ccccc2)cc1)c1ccccc1Cn1ccnc1
CHEMBL243961,O=C(c1ccc(-c2ccccc2)cc1)c1cccc(Cn2ccnc2)c1
CHEMBL388930,O=C(c1ccccc1)c1cc(Cn2ccnc2)ccc1[N+](=O)[O-]
CHEMBL243755,O=C(c1ccccc1)c1cc([N+](=O)[O-])ccc1Cn1ccnc1
CHEMBL243756,O=C(c1ccc(-c2ccccc2)cc1)c1cc([N+](=O)[O-])ccc1Cn1ccnc1
CHEMBL242454,O=C(c1ccccc1)c1cc(Br)ccc1Cn1ccnc1
CHEMBL252642,O=C1C[C@@H](c2ccc(O)cc2)Oc2cc(O)ccc21
CHEMBL404225,O=C1CC(c2ccccc2)Oc2c1ccc1ccccc21
CHEMBL256665,O=C1CC(c2ccc(O)cc2)Oc2c1ccc1ccccc21
CHEMBL439241,O=C1CC(c2cccc(O)c2)Oc2c1ccc1ccccc21
CHEMBL258257,N#Cc1cccc(C2CC(=O)c3ccc4ccccc4c3O2)c1
CHEMBL255108,N#Cc1ccc(C2CC(=O)c3ccc4ccccc4c3O2)cc1
CHEMBL402970,COc1ccc2c(c1)OC(c1ccc(O)cc1)CC2=O
CHEMBL255110,O=C1CC(c2cccc(O)c2)Oc2cc(O)ccc21
CHEMBL256407,COc1ccc2c(c1)OC(c1cccc(O)c1)CC2=O
CHEMBL404981,CC(=O)Nc1ccc([N+](=O)[O-])cc1OCc1ccccc1
CHEMBL271794,CN(c1ccc(NC(=O)c2ccc(-c3ccccc3)cc2)cc1OCc1ccccc1)S(C)(=O)=O
CHEMBL409271,CN(c1ccc(NC(=O)c2ccc(C#N)cc2)cc1OCc1ccccc1)S(C)(=O)=O
CHEMBL270283,CN(c1ccc(NC(=O)c2ccc3ccccc3c2)cc1OCc1ccccc1)S(C)(=O)=O
CHEMBL270915,CN(c1ccc(NC(=O)c2ccc(Cl)c([N+](=O)[O-])c2)cc1OCc1ccccc1)S(C)(=O)=O
CHEMBL270917,CN(c1ccc(NC(=O)C2CCCCC2)cc1OCc1ccccc1)S(C)(=O)=O
CHEMBL271129,CN(c1ccc(NC(=O)c2ccc(Cl)c(Cl)c2)cc1OCc1ccccc1)S(C)(=O)=O
CHEMBL443066,CN(c1ccc(NC(=O)c2ccccc2)cc1OCc1ccccc1)S(C)(=O)=O
CHEMBL272456,CC(=O)Nc1ccc(N(C)S(C)(=O)=O)c(OCc2ccccc2)c1
CHEMBL272398,CN(c1ccc(N)cc1OCc1ccccc1)S(C)(=O)=O
CHEMBL272464,Cc1ccc(S(=O)(=O)Nc2ccc([N+](=O)[O-])cc2OCc2ccccc2)cc1
CHEMBL405881,O=[N+]([O-])c1ccc(S(=O)(=O)Nc2ccc([N+](=O)[O-])cc2OCc2ccccc2)cc1
CHEMBL28,O=c1cc(-c2ccc(O)cc2)oc2cc(O)cc(O)c12
CHEMBL9352,O=C1C[C@@H](c2ccc(O)cc2)Oc2cc(O)cc(O)c21
CHEMBL169,C[C@H]1[C@H](C)CC[C@]2(C(=O)O)CC[C@]3(C)C(=CC[C@@H]4[C@@]5(C)CC[C@H](O)C(C)(C)[C@@H]5CC[C@]43C)[C@H]12
CHEMBL195571,Oc1ccc2cc(-c3cccnc3)ccc2c1
CHEMBL438549,COc1ccc2c(c1)CCC1C(c3cnc[nH]3)C21
CHEMBL464007,CC(C)=CCc1cc(-c2oc3c(CC=C(C)C)c(O)cc(O)c3c(=O)c2O)ccc1O
CHEMBL458187,CC(C)=CCC/C(C)=C/Cc1c(-c2ccc(O)cc2O)oc2cc(O)cc(O)c2c1=O
CHEMBL463638,COc1cc(/C=C/C(=O)OC/C(C)=C/Cc2c(O)ccc(C(=O)/C=C/c3ccc(O)cc3O)c2O)ccc1O
CHEMBL514745,C/C(=C\Cc1c(O)ccc(C(=O)/C=C/c2ccc(O)cc2O)c1O)COC(=O)/C=C/c1ccc(O)cc1
CHEMBL458188,CC(C)=CCc1c(O)cc(O)cc1-c1cc2ccc(O)cc2o1
CHEMBL457678,CC(C)(O)C1Cc2c(ccc3c2O[C@H](c2ccc(O)cc2O)CC3=O)O1
CHEMBL457679,CC(C)=CCc1cc(-c2oc3cc(O)cc(O)c3c(=O)c2O)ccc1O
CHEMBL457680,CC(C)=CCc1cc(C2CC(=O)c3c(O)cc(O)cc3O2)ccc1O
CHEMBL458395,O=C1C[C@@H](c2ccc(O)cc2O)Oc2cc(O)cc(O)c21
CHEMBL457686,CC(C)=CCc1c(O)ccc2c1O[C@H](c1ccc(O)cc1O)CC2=O
CHEMBL465879,COc1ccc(CCCc2ccc(O)cc2)c(O)c1
CHEMBL465880,CC(C)=CCc1c(O)ccc(C(=O)/C=C/c2ccc(O)cc2O)c1O
CHEMBL465881,CC(C)=CCc1cc2cc(-c3cc(O)cc(O)c3)oc2cc1O
CHEMBL454705,CC1=C[C@@H]2c3c(O)cc(-c4cc5ccc(O)cc5o4)cc3O[C@]3(c4ccc(O)cc4O)Oc4cc(O)ccc4[C@@H](C1)C23
CHEMBL459502,COc1ccc(C(Cn2ccnc2)Sc2ccc(Cl)c(Cl)c2)cc1
CHEMBL459503,Oc1cc2c(cc1C(c1ccc3c(c1)OCO3)n1ccnc1)OCO2
CHEMBL513615,Oc1cc2c(cc1C(c1ccc(F)cc1)n1ccnc1)OCO2
CHEMBL492762,COc1cc(=O)n(C)c2c3c(ccc12)OCO3
CHEMBL492763,Cc1cc(=O)n(C)c2c3c(ccc12)OCO3
CHEMBL506858,COc1cccc2c(C)cc(=O)n(C)c12
CHEMBL503538,COc1ccc2c(C)cc(=O)[nH]c2c1OC
CHEMBL453233,COc1ccc2c(C)cc(=O)n(C)c2c1OC
CHEMBL493173,COc1cc(OC)c2c(c1)c(C)cc(=O)n2C
CHEMBL493174,COc1ccc(OC)c2c(C)cc(=O)[nH]c12
CHEMBL490867,COc1ccc(OC)c2c1c(C)cc(=O)n2C
CHEMBL454226,COc1cc2c(C)cc(=O)[nH]c2c(OC)c1OC
CHEMBL492382,COc1cc2c(C)cc(=O)n(C)c2c(OC)c1OC
CHEMBL493181,COc1cc(OC)c2[nH]c(=O)cc(C)c2c1OC
CHEMBL493182,COc1c(OC)c(OC)c2c(C)cc(=O)[nH]c2c1OC
CHEMBL455593,COc1c(OC)c(OC)c2c(c(C)cc(=O)n2C)c1OC
CHEMBL448463,COc1ccc2c(c1)CCC(CC1C=NC=N1)=C2C
CHEMBL522733,COc1ccc(C(c2cc3c(cc2O)OCO3)n2ccnc2)cc1
CHEMBL496777,O=Cc1c(Cn2ccnc2)c2cc([N+](=O)[O-])ccc2n1Cc1ccccc1
CHEMBL495565,Cc1nc2ccc(Cl)c(-n3ccnc3)c2cc1CCn1ccnc1
CHEMBL495563,COc1ccc(-c2cnnn2Cc2ccco2)cc1
CHEMBL495566,c1ccc(-c2cc(-c3cccnc3)nc(-c3cccnc3)c2)cc1
CHEMBL495567,COc1ccc2nc3cc(Cl)ccc3c(Nc3cccnc3)c2c1
CHEMBL523231,COc1ccc2c(Cc3ccc(O)cc3)cncc2c1O
CHEMBL495777,COc1ccc2c(Cc3cccc([N+](=O)[O-])c3)cncc2c1O
CHEMBL523232,O=[N+]([O-])c1ccc2c(c1)nc(-c1ccccn1)n2CCc1ccncc1
CHEMBL509750,Oc1ccc(-c2nc(-c3cccnc3)c(-c3ccc(Cl)cc3)[nH]2)cc1
CHEMBL497614,COc1ccc(/C(=N/Nc2cnnc(Cl)c2Cl)c2ccccc2)cc1
CHEMBL495574,O=[N+]([O-])c1cccc(Cc2nncc3ccccc23)c1
CHEMBL496375,COc1ccc(-c2cc3c(=O)cc(O)oc3cc2SCc2ccncc2)cc1
CHEMBL3084324,COc1ccc([C@](O)(c2cccnc2)c2cc3ccc(OC)cc3o2)cc1
CHEMBL8659,CCCCCCCC/C=C\CCCCCCCC(=O)O
CHEMBL164,O=c1c(O)c(-c2cc(O)c(O)c(O)c2)oc2cc(O)cc(O)c12
CHEMBL323197,COc1c(O)cc2oc3cc(O)c(CC=C(C)C)c(O)c3c(=O)c2c1CC=C(C)C
CHEMBL367149,CC/C=C\C/C=C\C/C=C\C/C=C\C/C=C\C/C=C\CCC(=O)O
CHEMBL389924,CC(C)=CCc1cc(C2CC(=O)c3ccc(O)cc3O2)ccc1O
CHEMBL253570,O=c1c(O)c(-c2ccc(O)c(O)c2)oc2c(O)c(O)cc(O)c12
CHEMBL260553,CC(C)=CCc1c(O)cc2oc3cc(O)c(O)c(CC=C(C)C)c3c(=O)c2c1O
CHEMBL451532,C[C@@H]1O[C@@H](O[C@H]2[C@H](Oc3cc(O)c4c(c3)O[C@H](c3ccc(O)cc3)CC4=O)O[C@H](CO)[C@@H](O)[C@@H]2O)[C@H](O)[C@H](O)[C@H]1O
CHEMBL454580,CC(C)=CCc1c(O)cc2oc3c(CC=C(C)C)c(O)c(O)c(CC=C(C)C)c3c(=O)c2c1O
CHEMBL462879,COc1c(O)cc2oc3cc(O)c(CC=C(C)C)c(O)c3c(=O)c2c1CCC(C)(C)O
CHEMBL494713,COc1ccc(Cc2cc3cc(OC)ccc3cc2-c2cccnc2)cc1
CHEMBL449065,COc1cc(OC)c2c(c(C)cc(=O)n2C)c1OC
CHEMBL478023,Clc1ccc(CN(CC/C=C/c2ccccc2)n2cncn2)c(Cl)c1
CHEMBL478024,CC(C)(C)c1ccc(CN(CC/C=C/c2ccccc2)n2cncn2)cc1
CHEMBL517816,CC(C)(C)c1ccc(CN(Cc2cccs2)n2cncn2)cc1
CHEMBL476979,Clc1ccc(CN(Cc2ccc(-c3ccccc3)cc2)n2ccnc2)s1
CHEMBL476143,Clc1ccc(CN(Cc2ccccc2)n2ccnc2)s1
CHEMBL517347,Clc1ccc(CN(Cc2ccc(Cl)s2)n2ccnc2)c(Cl)c1
CHEMBL475943,c1ccc(CN(Cc2cccc3ccsc23)n2ccnc2)cc1
CHEMBL514514,Clc1ccc(CN(Cc2cccc3ccsc23)n2ccnc2)c(Cl)c1
CHEMBL475944,Clc1ccc(CC(Cc2ccc(-c3ccccc3)cc2)n2ccnc2)s1
CHEMBL518586,Clc1ccc(CC(Cc2ccccc2)n2ccnc2)s1
CHEMBL478647,CC(C)(C)c1ccc(CN(Cc2cccc3ccccc23)n2ccnc2)cc1
CHEMBL478648,Clc1ccc(CN(Cc2cccc3ccccc23)n2ccnc2)c(Cl)c1
CHEMBL516275,CC(C)(C)c1ccc(CN(Cc2ccc(-c3ccccc3)cc2)n2ccnc2)cc1
CHEMBL490794,c1ccc(CN(Cc2ccc(-c3ccccc3)cc2)n2ccnc2)cc1
CHEMBL490795,Cc1ccccc1CN(Cc1ccc(-c2ccccc2)cc1)n1ccnc1
CHEMBL521591,Clc1ccccc1CN(Cc1ccc(-c2ccccc2)cc1)n1ccnc1
CHEMBL489986,Fc1ccccc1CN(Cc1ccc(-c2ccccc2)cc1)n1ccnc1
CHEMBL490187,Cc1ccc(CN(Cc2ccc(-c3ccccc3)cc2)n2ccnc2)cc1
CHEMBL491013,Clc1ccc(CN(Cc2ccc(-c3ccccc3)cc2)n2ccnc2)cc1
CHEMBL491213,Fc1ccc(CN(Cc2ccc(-c3ccccc3)cc2)n2ccnc2)cc1
CHEMBL491214,COc1ccccc1CN(Cc1ccc(-c2ccccc2)cc1)n1ccnc1
CHEMBL491215,COc1ccc(CN(Cc2ccc(-c3ccccc3)cc2)n2ccnc2)cc1
CHEMBL490194,Clc1ccc(CN(Cc2ccc(-c3ccccc3)cc2)n2ccnc2)c(Cl)c1
CHEMBL491824,Fc1ccc(CN(Cc2ccc(-c3ccccc3)cc2)n2ccnc2)c(F)c1
CHEMBL491825,CC(C)(C)c1ccc(CN(Cc2ccc(Cl)cc2Cl)n2ccnc2)cc1
CHEMBL523973,CC(C)(C)c1ccc(CN(Cc2cccs2)n2ccnc2)cc1
CHEMBL491023,CC(C)(C)c1ccc(CC(Cc2ccc(-c3ccccc3)cc2)n2ccnc2)cc1
CHEMBL491222,c1ccc(CC(Cc2ccc(-c3ccccc3)cc2)n2ccnc2)cc1
CHEMBL489187,Cc1ccccc1CC(Cc1ccc(-c2ccccc2)cc1)n1ccnc1
CHEMBL489188,Clc1ccccc1CC(Cc1ccc(-c2ccccc2)cc1)n1ccnc1
CHEMBL489189,Fc1ccccc1CC(Cc1ccc(-c2ccccc2)cc1)n1ccnc1
CHEMBL522089,Cc1ccc(CC(Cc2ccc(-c3ccccc3)cc2)n2ccnc2)cc1
CHEMBL523813,Fc1ccc(CC(Cc2ccc(-c3ccccc3)cc2)n2ccnc2)cc1
CHEMBL521600,COc1ccccc1CC(Cc1ccc(-c2ccccc2)cc1)n1ccnc1
CHEMBL490584,COc1ccc(CC(Cc2ccc(-c3ccccc3)cc2)n2ccnc2)cc1
CHEMBL489359,Clc1ccc(CC(Cc2ccc(-c3ccccc3)cc2)n2ccnc2)c(Cl)c1
CHEMBL489360,Fc1ccc(CC(Cc2ccc(-c3ccccc3)cc2)n2ccnc2)c(F)c1
CHEMBL491010,C(=C/c1ccccc1)\CCN(Cc1cccc2ccccc12)n1cncn1
CHEMBL8739,CC/C=C\C/C=C\C/C=C\CCCCCCCC(=O)O
CHEMBL267476,CCCCC/C=C\C/C=C\CCCCCCCC(=O)O
CHEMBL15594,CCCCC/C=C\C/C=C\C/C=C\C/C=C\CCCC(=O)O
CHEMBL286738,NS(=O)(=O)Oc1ccc2c3c(c(=O)oc2c1)CCCCC3
CHEMBL76904,N#CC(C#N)=Cc1ccc(O)c(O)c1
CHEMBL100749,Cn1nnc2ccc(C(c3ccc(Cl)cc3)n3cncn3)cc21
CHEMBL377770,Fc1ccc(Cn2ccnc2)cc1
CHEMBL441367,Clc1ccc(Cn2ccnc2)cc1
CHEMBL212741,Cc1ccc(Cn2ccnc2)cc1
CHEMBL460026,CC/C=C\C/C=C\C/C=C\C/C=C\C/C=C\CCCC(=O)O
CHEMBL479942,NS(=O)(=O)Oc1ccc(C(c2ccc(OS(N)(=O)=O)cc2)n2cncn2)cc1
CHEMBL479737,NS(=O)(=O)Oc1cccc(C(c2cccc(OS(N)(=O)=O)c2)n2cncn2)c1
CHEMBL479928,NS(=O)(=O)Oc1ccc(C(c2ccc(OS(N)(=O)=O)c(Br)c2)n2cncn2)cc1Br
CHEMBL479366,N#Cc1ccc(C(c2ccc(OS(N)(=O)=O)cc2)n2cncn2)cc1
CHEMBL479551,N#Cc1ccc(C(c2ccc(OS(N)(=O)=O)c(Cl)c2)n2cncn2)cc1
CHEMBL518761,N#Cc1ccc(C(c2ccc(OS(N)(=O)=O)c(Br)c2)n2cncn2)cc1
CHEMBL479559,N#Cc1ccc([C@H](c2ccc(OS(N)(=O)=O)c(Br)c2)n2cncn2)cc1
CHEMBL480321,N#Cc1ccc([C@@H](c2ccc(OS(N)(=O)=O)c(Br)c2)n2cncn2)cc1
CHEMBL455832,Oc1cccc(C(c2cccc(O)c2)n2cncn2)c1
CHEMBL480514,Oc1ccc(C(c2ccc(O)cc2)n2cncn2)cc1
CHEMBL480451,Oc1ccc(C(c2ccc(O)c(Br)c2)n2cncn2)cc1Br
CHEMBL480515,COc1ccc(C(c2ccc(OC)c(O)c2)n2cncn2)cc1O
CHEMBL480516,COc1cc(C(c2ccc(O)c(OC)c2)n2cncn2)ccc1O
CHEMBL519937,N#Cc1ccc(C(c2ccc(O)cc2)n2cncn2)cc1
CHEMBL479385,N#Cc1ccc(C(c2ccc(O)c(Cl)c2)n2cncn2)cc1
CHEMBL481091,N#Cc1ccc(C(c2ccc(O)c(Br)c2)n2cncn2)cc1
CHEMBL453736,N#Cc1ccc([C@H](c2ccc(O)c(Br)c2)n2cncn2)cc1
CHEMBL500976,N#Cc1ccc([C@@H](c2ccc(O)c(Br)c2)n2cncn2)cc1
CHEMBL481092,Cl.N#Cc1ccc([C@@H]2CCCc3cncn32)cc1
CHEMBL480718,Cl.N#Cc1ccc([C@H]2CCCc3cncn32)cc1
CHEMBL469260,N#Cc1ccc(C(c2ccc3cc[nH]c3c2)n2ccnc2)cc1
CHEMBL512994,N#Cc1ccc(C(c2ccc3cc[nH]c3c2)n2cncn2)cc1
CHEMBL468410,N#Cc1ccc(C(c2cccc3[nH]ccc23)n2ccnc2)cc1
CHEMBL513168,N#Cc1ccc(C(c2cccc3[nH]ccc23)n2cncn2)cc1
CHEMBL496634,CC/C=C\C/C=C\C/C=C\C/C=C\C/C=C\CCCCCC(=O)O
CHEMBL586557,Cc1cc(O)c2c(c1-c1ccc3c(c1O)C(=O)C[C@](C)([C@@H]1OC(=O)C[C@@H]1C)O3)O[C@](C)([C@@H]1OC(=O)C[C@H]1O)CC2=O
CHEMBL576579,Cc1cc2c(c(O)c1-c1ccc3c(c1O)C(=O)C[C@](C)([C@@H]1OC(=O)C[C@@H]1C)O3)C(=O)C[C@@](C)([C@@H]1OC(=O)C[C@H]1O)O2
CHEMBL583076,CC1C2=CC(=O)CCC2(C)C2CCC3(C)C(=O)CCC3C12
CHEMBL574960,C[C@H]1C2=CC(=O)CCC(C)(O2)[C@H]2CC[C@]3(C)C(=O)CC[C@H]3[C@H]12
CHEMBL583989,CC/C(=C1\C=CC(=O)S1)C(CC)c1ccc(OC(C)=O)cc1
CHEMBL582837,CC1C(O)CC23COC(=O)C2=CCCC3C1(C)CCC1=CC(=O)OC1
CHEMBL572637,Cc1nc2c(cc1C#N)C(Nc1ccc(Cl)cc1)Oc1ccc([N+](=O)[O-])cc1-2
CHEMBL583310,CCCC(=O)Oc1cc(OC(=O)CCC)c2c(C)cc(=O)oc2c1
CHEMBL598199,N#Cc1ccc(Cn2cncn2)cc1-c1ccc(OS(N)(=O)=O)cc1
CHEMBL596779,CN(C)S(=O)(=O)Oc1ccc(-c2cc(Cn3cncn3)ccc2C#N)cc1
CHEMBL592131,N#Cc1ccc(Cn2cncn2)cc1-c1ccc(OS(N)(=O)=O)c(Cl)c1
CHEMBL599238,CN(C)S(=O)(=O)Oc1ccc(-c2cc(Cn3cncn3)ccc2C#N)cc1Cl
CHEMBL599239,N#Cc1ccc(Cn2cncn2)cc1-c1ccc(Cl)c(OS(N)(=O)=O)c1
CHEMBL598212,N#Cc1ccc(Cn2cncn2)c(-c2ccc(OS(N)(=O)=O)c(Cl)c2)c1
CHEMBL604716,CC(C)(C#N)c1cc(Cn2cncn2)cc(-c2ccc(OS(N)(=O)=O)c(Cl)c2)c1
CHEMBL91,Clc1ccc(COC(Cn2ccnc2)c2ccc(Cl)cc2Cl)c(Cl)c1
CHEMBL104,Clc1ccccc1C(c1ccccc1)(c1ccccc1)n1ccnc1
CHEMBL117,O=c1cc(-c2ccccc2)oc2cc(O)cc(O)c12
CHEMBL294878,O=c1cc(-c2ccc(O)cc2)oc2cc(O)ccc12
CHEMBL214932,Fc1ccc(CCCn2ccnc2)cc1
CHEMBL516643,O=c1c(C(c2ccc([N+](=O)[O-])cc2)n2ccnc2)coc2ccccc12
CHEMBL592376,N#Cc1ccc(-c2ccc(OS(N)(=O)=O)cc2)cc1Cn1cncn1
CHEMBL599442,N#Cc1ccc(-c2ccc(OS(N)(=O)=O)c(Cl)c2)cc1Cn1cncn1
CHEMBL598627,N#Cc1cc(Cn2cncn2)cc(-c2ccc(OS(N)(=O)=O)cc2)c1
CHEMBL598628,N#Cc1cc(Cn2cncn2)cc(-c2ccc(OS(N)(=O)=O)c(Cl)c2)c1
CHEMBL598629,NS(=O)(=O)Oc1ccc(-c2cccc(Cn3cncn3)c2)cc1
CHEMBL598009,NS(=O)(=O)Oc1ccc(-c2cccc(Cn3cncn3)c2)cc1Cl
CHEMBL609618,N#Cc1cc(Cn2cncn2)ccc1-c1ccc(OS(N)(=O)=O)cc1
CHEMBL598211,N#Cc1cc(Cn2cncn2)ccc1-c1ccc(OS(N)(=O)=O)c(Cl)c1
CHEMBL597403,CC(C)(C#N)c1cc(Cn2cncn2)cc(-c2ccc(OS(N)(=O)=O)cc2)c1
CHEMBL592852,N#Cc1ccc(Cn2cncn2)cc1-c1ccccc1
CHEMBL597606,N#Cc1ccc(Cn2cncn2)cc1-c1ccc(O)cc1
CHEMBL597808,N#Cc1ccc(Cn2cncn2)cc1-c1ccc(O)c(Cl)c1
CHEMBL599864,N#Cc1ccc(Cn2cncn2)cc1-c1ccc(Cl)c(O)c1
CHEMBL589247,N#Cc1ccc(-c2cccc(O)c2)cc1Cn1cncn1
CHEMBL609332,N#Cc1ccc(-c2ccc(O)c(Cl)c2)cc1Cn1cncn1
CHEMBL599455,N#Cc1cc(Cn2cncn2)cc(-c2ccccc2)c1
CHEMBL599456,N#Cc1cc(Cn2cncn2)cc(-c2ccc(F)cc2)c1
CHEMBL609333,N#Cc1ccc(-c2cc(C#N)cc(Cn3cncn3)c2)cc1
CHEMBL601840,N#Cc1cc(Cn2cncn2)cc(-c2ccc(O)cc2)c1
CHEMBL598846,N#Cc1cc(Cn2cncn2)cc(-c2ccc(O)c(Cl)c2)c1
CHEMBL598847,c1ccc(-c2cccc(Cn3cncn3)c2)cc1
CHEMBL608153,N#Cc1cc(Cn2cncn2)ccc1-c1ccccc1
CHEMBL607855,N#Cc1cc(Cn2cncn2)ccc1-c1ccc(O)cc1
CHEMBL598020,N#Cc1cc(Cn2cncn2)ccc1-c1ccc(O)c(Cl)c1
CHEMBL589738,N#Cc1ccc(Cn2cncn2)c(-c2ccccc2)c1
CHEMBL598223,N#Cc1ccc(Cn2cncn2)c(-c2ccc(O)c(Cl)c2)c1
CHEMBL598224,CC(C)(C#N)c1cc(Cn2cncn2)cc(-c2ccccc2)c1
CHEMBL605418,CC(C)(C#N)c1cc(Cn2cncn2)cc(-c2ccc(O)cc2)c1
CHEMBL597416,CC(C)(C#N)c1cc(Cn2cncn2)cc(-c2ccc(O)c(Cl)c2)c1
CHEMBL589974,N#Cc1ccc(Cn2cncn2)cc1-c1cccc(Cl)c1
CHEMBL1097041,Cn1c(=O)sc2cc(C(c3ccccc3)n3ccnc3)ccc21
CHEMBL1097042,O=c1cc(-c2ccccc2)oc2c1ccc1cccc(O)c12
CHEMBL1097043,CCn1c(C)c(C(c2ccc(F)cc2)n2ccnc2)c2ccccc21
CHEMBL1095413,O=C1/C(=C\c2cccnc2)C(c2ccc(OC(F)(F)F)cc2)n2cccc21
CHEMBL1094426,Fc1ccc(-n2cc(Cn3ccnc3)c3ccccc32)cc1
CHEMBL1094427,O=c1c(-c2ccccc2)c(SCc2ccncc2)oc2cc(OCc3ccc(-c4ccccc4)cc3)ccc12
CHEMBL1094428,CCn1cc(C(c2ccccc2)n2ccnc2)c2cc(Br)ccc21
CHEMBL1098737,O=C1/C(=C\c2cccnc2)C(c2ccc(Cl)cc2)Cn2cccc21
CHEMBL1098424,Fc1ccc2ccc(Cn3ccnc3)cc2c1
CHEMBL1098425,O=[N+]([O-])c1ccc(CCn2ccnc2)cc1
CHEMBL1098426,CC(C)/C=C/Cc1c(O)cc(O)c2c1OC(c1ccc(O)cc1)CC2=O
CHEMBL1096744,O=C1c2ccc(Oc3ccccc3)cc2OC(SCc2cccnc2)C1c1ccccc1
CHEMBL1098382,COc1ccc(C2=C(c3ccc(OC)c(OC)c3)C(=O)OC2)cc1OC
CHEMBL1097371,CC1=CC[C@@H]2[C@H]1[C@H]1OC(=O)[C@@H](C)[C@@H]1CC[C@]2(C)O
CHEMBL50,O=c1c(O)c(-c2ccc(O)c(O)c2)oc2cc(O)cc(O)c12
CHEMBL52,CC(Cc1ccc(O)c(O)c1)C(C)Cc1ccc(O)c(O)c1
CHEMBL276915,O=c1cc(-c2ccccc2)oc2cc(O)ccc12
CHEMBL275638,O=c1cc(-c2ccccc2)oc2ccccc12
CHEMBL300814,O=c1cc(-c2ccccc2)oc2cc(O)c(O)cc12
CHEMBL441260,C=C1C(=O)O[C@@H]2[C@H]3C(C)=CC(=O)C3=C(C)CC[C@@H]12
CHEMBL87477,COc1cc(/C=C/c2ccc(N)cc2)cc(OC)c1OC
CHEMBL86928,COc1cc(CCc2ccc(N)cc2)cc(OC)c1OC
CHEMBL324290,COc1cc(/C=C/c2ccc(N)cc2)cc(OC)c1
CHEMBL162549,O=C(Cn1ccnc1)c1ccc([N+](=O)[O-])cc1
CHEMBL162431,Nc1ccc(C(=O)Cn2ccnc2)cc1
CHEMBL369471,O=C1OC[C@H](Cc2ccc(O)c(O)c2)[C@H]1Cc1ccc(O)c(O)c1
CHEMBL1096439,COc1ccc(C2=C(c3ccc(OC)c(OC)c3)C(=O)OC2)cc1
CHEMBL1097980,Clc1ccc(C(c2cc3ccccc3o2)n2ccnc2)cc1
CHEMBL1097763,Cc1cccc(O)c1C(=O)c1c(O)cc(C(=O)O)cc1C=O
CHEMBL1097764,C=C1C(=O)O[C@H]2[C@H]1CCC(C)=C1C[C@H]3O[C@@]3(C)[C@@H]12
CHEMBL1099308,C=C1C(=O)O[C@@H]2[C@H]3C(C)=CC[C@H]3CCC[C@@H]12
CHEMBL1094331,COc1ccc(C2=C(c3cc(OC)c(OC)c(OC)c3)COC2=O)cc1OC
CHEMBL1094149,COc1cc(C(=O)N(C)C)cc(C=O)c1C(=O)c1c(C)cccc1O
CHEMBL1094154,O=C1OC[C@H](Cc2ccccc2)[C@H]1Cc1cccc(O)c1
CHEMBL1083663,O=c1c2ccccc2oc2c(Cn3ccnc3)cc([N+](=O)[O-])cc12
CHEMBL1083664,O=c1c2ccccc2oc2c(Cn3ccnc3)c([N+](=O)[O-])ccc12
CHEMBL1083665,O=c1c2ccccc2sc2c(Cn3ccnc3)ccc([N+](=O)[O-])c12
CHEMBL1083970,O=c1c2cccnc2oc2c(Cn3ccnc3)ccc([N+](=O)[O-])c12
CHEMBL1083971,O=c1c2ccccc2oc2c(Cn3ccnc3)cccc12
CHEMBL1083353,O=c1c2ccccc2sc2c(Cn3ccnc3)cccc12
CHEMBL1083354,O=c1c2ccccc2oc2ccc(Cn3ccnc3)cc12
CHEMBL1083652,O=c1c2ccccc2oc2cccc(Cn3ccnc3)c12
CHEMBL1083653,O=[N+]([O-])c1ccc(Cn2ccnc2)c(Oc2ccccc2)c1
CHEMBL1085936,O=[N+]([O-])c1ccc(Cn2ccnc2)c(Sc2ccccc2)c1
CHEMBL1082760,c1ccc(Oc2ccccc2Cn2ccnc2)cc1
CHEMBL1172396,Nc1ccc(CCc2cccc(N)c2)cc1
CHEMBL1172400,CC(=O)Oc1cc(/C=C/c2ccc(N)cc2)cc(OC(C)=O)c1
CHEMBL1172402,Nc1ccc(/C=C/c2cc(O)cc(O)c2)cc1
CHEMBL1171628,Nc1ccc(/C=C/c2cccc(N)c2)cc1
CHEMBL1171091,Nc1ccc(/C=C/c2cc(N)cc(N)c2)cc1
CHEMBL1171680,COc1ccc(CCc2ccc(N)cc2)cc1OC
CHEMBL1171818,COc1cc(CCc2ccc(N)cc2)cc(OC)c1
CHEMBL1173641,COc1ccc(/C=C/c2cccc(N)c2)c(OC)c1
CHEMBL1173699,COc1ccc(OC)c(/C=C/c2ccc(N)cc2)c1
CHEMBL1173700,COc1cccc(/C=C/c2ccc(N)cc2)c1OC
CHEMBL1172937,COc1ccc(/C=C/c2ccc(N)cc2)cc1OC
CHEMBL1173065,COc1cc(/C=C/c2cccc(N)c2)cc(OC)c1OC
CHEMBL1173067,COc1ccc(/C=C/c2ccc(N)cc2)c(OC)c1OC
CHEMBL1173129,Nc1cccc(/C=C/c2ccc3c(c2)OCO3)c1
CHEMBL1173130,Nc1ccc(/C=C/c2ccc3c(c2)OCO3)cc1
CHEMBL1173131,O=[N+]([O-])c1ccc(/C=C/c2cccc([N+](=O)[O-])c2)cc1
CHEMBL1170662,COc1ccc(/C=C/c2ccc(N)cc2)c(OC)c1
CHEMBL1170663,COc1cc(/C=C/c2ccc(N)cc2)c(OC)c(OC)c1
CHEMBL1173573,COc1cccc(/C=C/c2ccc(N)cc2)c1
CHEMBL366773,Brc1ccc2c(c1)CC/C2=C\c1ccncc1
CHEMBL1170678,COc1cc(/C=C(\Cn2ccnc2)c2ccc([N+](=O)[O-])cc2)cc(OC)c1
CHEMBL1170893,COc1cc(/C=C(\Cn2ccnc2)c2ccc(N)cc2)cc(OC)c1
CHEMBL1172882,Oc1cccc(-c2ccc(Cc3ccncc3)cc2)c1
CHEMBL1171987,Nc1cccc(-c2ccc(Cc3ccncc3)cc2)c1
CHEMBL1173326,CC(C)=C(c1ccncc1)c1ccc(-c2cccc(N)c2)cc1
CHEMBL1173327,Nc1ccc(-c2ccc(Cc3ccncc3)cc2)cc1N
CHEMBL1171991,CC(C)=C(c1ccncc1)c1ccc(-c2ccc(N)c(N)c2)cc1
CHEMBL1172842,CC(C)=C(c1ccncc1)c1ccc(-c2ccc3cc(O)ccc3c2)cc1
CHEMBL1173259,CC(C)=C(c1ccncc1)c1ccc(-c2cccc(O)c2)cc1
CHEMBL1173260,Oc1ccc(-c2ccc(Cc3ccncc3)cc2)cc1F
CHEMBL1173335,CC(C)=C(c1ccncc1)c1ccc(-c2ccc(O)c(F)c2)cc1
CHEMBL1172779,Oc1ccc(-c2ccc(Cc3ccncc3)cc2)cc1O
CHEMBL1172847,CC(C)=C(c1ccncc1)c1ccc(-c2ccc(O)c(O)c2)cc1
CHEMBL1215664,Oc1ccc(-c2ccc(C(O)c3ccncc3)cc2)cc1
CHEMBL1215665,Nc1ccc(-c2ccc(Cc3ccncc3)cc2)cc1
CHEMBL1629800,C[C@]12CCC=C[C@@H]1CC[C@@H]1[C@@H]2CC[C@]2(C)C(=O)CC[C@@H]12
CHEMBL1629801,C[C@]12CCC=C[C@@H]1CC[C@@H]1[C@@H]2CC[C@]2(C)[C@@H](O)CC[C@@H]12
CHEMBL1629803,C[C@]12CC[C@H]3O[C@H]3[C@@H]1CC[C@@H]1[C@@H]2CC[C@]2(C)[C@@H](O)CC[C@@H]12
CHEMBL1630260,CCCC(=O)OC1=C2CC[C@@H]3[C@H](CC[C@]4(C)C(=O)CC[C@@H]34)[C@@]2(C)CCC1
CHEMBL1630262,CCCCCC(=O)OC1=C2CC[C@@H]3[C@H](CC[C@]4(C)C(=O)CC[C@@H]34)[C@@]2(C)CCC1
CHEMBL1630263,C[C@]12CCCC(OC(=O)c3ccccc3)=C1CC[C@@H]1[C@@H]2CC[C@]2(C)C(=O)CC[C@@H]12
CHEMBL1630264,CC(=O)OC1=C2CC[C@@H]3[C@H](CC[C@]4(C)C(=O)CC[C@@H]34)[C@@]2(C)CCC1
CHEMBL1630265,CC(=O)OC1=C2CC[C@@H]3[C@H](CC[C@]4(C)C(=O)CC[C@@H]34)[C@@]2(CO)CCC1
CHEMBL1630268,C[C@]12CC[C@H]3[C@@H](CC=C4[C@@H](O)CCC[C@]43C)[C@@H]1CCC2=O
CHEMBL1630269,CC(=O)OC1CCC[C@]2(C)C1=CC[C@H]1[C@@H]3CCC(=O)[C@@]3(C)CC[C@@H]12
CHEMBL1630270,CC(=O)OC1CCC[C@@]2(C)C1=CC[C@@H]1[C@@H]2CC[C@]2(C)C(=O)CC[C@@H]12
CHEMBL1630271,CC(=O)OC1CCC[C@@]2(CO)C1=CC[C@@H]1[C@@H]2CC[C@]2(C)C(=O)CC[C@@H]12
CHEMBL1630272,C[C@]12CC[C@H]3[C@@H](CC=C4[C@H](O)CCC[C@]43C)[C@@H]1CCC2=O
CHEMBL1630276,C[C@H]1CCC[C@@]2(C)C1=CC[C@@H]1[C@@H]2CC[C@]2(C)C(=O)CC[C@@H]12
CHEMBL1630277,CC[C@H]1CCC[C@@]2(C)C1=CC[C@@H]1[C@@H]2CC[C@]2(C)C(=O)CC[C@@H]12
CHEMBL1630278,CCC[C@H]1CCC[C@@]2(C)C1=CC[C@@H]1[C@@H]2CC[C@]2(C)C(=O)CC[C@@H]12
CHEMBL1630279,C[C@]12CCCC(=O)[C@@H]1CC[C@@H]1[C@@H]2CC[C@]2(C)C(=O)CC[C@@H]12
CHEMBL1630909,C[C@]12CCC(=O)C(O)=C1CC[C@@H]1[C@@H]2CC[C@]2(C)OC(=O)CC[C@@H]12
CHEMBL1630910,C[C@]12CC[C@H]3[C@@H](CC=C4CCCC[C@]43C)[C@@H]1CCC2=O
CHEMBL1672974,N#Cc1ccc(N(Cc2ccccc2)n2cnnc2)cc1-c1ccc(OS(N)(=O)=O)cc1
CHEMBL1672975,N#Cc1ccc(N(Cc2ccc(Br)cc2)n2cnnc2)cc1-c1ccc(OS(N)(=O)=O)cc1
CHEMBL1672976,N#Cc1ccc(N(Cc2ccc(OS(N)(=O)=O)cc2)n2cnnc2)cc1-c1ccccc1
CHEMBL1672977,N#Cc1ccc(N(Cc2ccc(OS(N)(=O)=O)c(F)c2)n2cnnc2)cc1-c1ccccc1
CHEMBL1672978,N#Cc1ccc(N(Cc2ccc(OS(N)(=O)=O)c(Cl)c2)n2cnnc2)cc1-c1ccccc1
CHEMBL1672979,N#Cc1ccc(N(Cc2ccc(OS(N)(=O)=O)c(Br)c2)n2cnnc2)cc1-c1ccccc1
CHEMBL1672980,COc1ccc(-c2cc(N(Cc3ccc(OS(N)(=O)=O)cc3)n3cnnc3)ccc2C#N)cc1
CHEMBL1672981,N#Cc1ccc(N(Cc2ccc(OS(N)(=O)=O)cc2)n2cnnc2)cc1-c1ccc(F)cc1
CHEMBL1672982,N#Cc1ccc(-c2cc(N(Cc3ccc(OS(N)(=O)=O)cc3)n3cnnc3)ccc2C#N)cc1
CHEMBL1688890,O=c1cc(Cn2ccnc2)c2ccc(OCc3cccc(Cl)c3)cc2o1
CHEMBL1688891,O=c1cc(Cn2ccnc2)c2ccc(OCc3cccc(F)c3)cc2o1
CHEMBL1688892,O=c1cc(Cn2ccnc2)c2ccc(OCc3cccc(C(F)(F)F)c3)cc2o1
CHEMBL1688893,Cc1cccc(COc2ccc3c(Cn4ccnc4)cc(=O)oc3c2)c1
CHEMBL1688894,O=c1cc(Cn2ccnc2)c2ccc(OCc3cccc(OC(F)(F)F)c3)cc2o1
CHEMBL1688895,O=c1cc(Cn2ccnc2)c2ccc(OCc3cccc([N+](=O)[O-])c3)cc2o1
CHEMBL518414,O=C(/C=C/c1ccc(O)c(O)c1)OC[C@H]1O[C@@H](OCCc2ccc(O)c(O)c2)[C@H](O)[C@@H](O)[C@@H]1O
CHEMBL1389987,Cc1ccc(C(=O)NCCCn2ccnc2)cn1
CHEMBL1485809,COc1ccc(C(=O)OC(COc2ccccc2)Cn2ccnc2)cc1
CHEMBL1521315,Cc1ccc(C(=O)NCCCn2ccnc2)cc1[N+](=O)[O-]
CHEMBL1688896,O=c1cc(Cn2ccnc2)c2ccc(OCc3ccc(F)cc3)cc2o1
CHEMBL1688897,O=c1cc(Cn2ccnc2)c2ccc(OCc3ccc(Cl)cc3)cc2o1
CHEMBL1688898,COc1ccc(COc2ccc3c(Cn4ccnc4)cc(=O)oc3c2)cc1
CHEMBL1688899,O=c1cc(Cn2ccnc2)c2ccc(OCc3ccc(OC(F)(F)F)cc3)cc2o1
CHEMBL1688900,O=c1cc(Cn2ccnc2)c2ccc(OCc3cc(F)cc(F)c3)cc2o1
CHEMBL1688901,O=c1cc(Cn2ccnc2)c2ccc(OCc3ccc(F)c(F)c3)cc2o1
CHEMBL1688902,O=c1cc(Cn2ccnc2)c2ccc(Oc3cccc(F)c3)cc2o1
CHEMBL1688903,O=c1cc(Cn2ccnc2)c2ccc(Oc3cccc(Cl)c3)cc2o1
CHEMBL1688904,COc1cccc(Oc2ccc3c(Cn4ccnc4)cc(=O)oc3c2)c1
CHEMBL1688905,Cc1ccc(Oc2ccc3c(Cn4ccnc4)cc(=O)oc3c2)cc1
CHEMBL1688906,O=c1cc(Cn2ccnc2)c2ccc(Oc3ccc(Cl)cc3)cc2o1
CHEMBL1688907,N#Cc1ccc(Oc2ccc3c(Cn4ccnc4)cc(=O)oc3c2)cc1
CHEMBL1688908,CC(=O)c1ccc(Oc2ccc3c(Cn4ccnc4)cc(=O)oc3c2)cc1
CHEMBL1688909,CN(C)c1ccc(Oc2ccc3c(Cn4ccnc4)cc(=O)oc3c2)cc1
CHEMBL1688910,O=c1cc(Cn2ccnc2)c2ccc(Oc3cc(F)cc(F)c3)cc2o1
CHEMBL1688911,O=c1cc(Cn2ccnc2)c2ccc(Oc3ccc(F)c(F)c3)cc2o1
CHEMBL1688912,O=c1cc(Cn2ccnc2)c2ccc(Nc3ccccc3)cc2o1
CHEMBL1688913,O=c1cc(Cn2ccnc2)c2ccc(O)cc2o1
CHEMBL1688914,COc1ccc2c(C(c3ccccc3)n3ccnc3)cc(=O)oc2c1
CHEMBL1688915,O=c1cc(C(c2ccccc2)n2ccnc2)c2ccc(Oc3ccccc3)cc2o1
CHEMBL1688916,O=c1cc(C(c2ccccc2)n2ccnc2)c2ccc(Oc3ccc(F)c(F)c3)cc2o1
CHEMBL1688917,O=c1cc(C(c2ccc(Cl)cc2)n2ccnc2)c2ccc(Oc3ccccc3)cc2o1
CHEMBL1688918,N#Cc1ccc(C(c2cc(=O)oc3cc(Oc4ccccc4)ccc23)n2ccnc2)cc1
CHEMBL1688919,O=c1oc2cc(Oc3ccccc3)ccc2cc1C(c1ccccc1)n1ccnc1
CHEMBL1689257,O=C(/C=C/c1ccc(O)c(O)c1)O[C@H]1[C@H](O)[C@@H](O[C@@H]2OC[C@](O)(CO)[C@H]2O)[C@H](OCCc2ccc(O)cc2)O[C@@H]1CO
CHEMBL1689258,O=C(/C=C/c1ccc(O)c(O)c1)OC[C@H]1O[C@@H](OCCc2ccc(O)c(O)c2)[C@H](O[C@@H]2OC[C@](O)(CO)[C@H]2O)[C@@H](O)[C@@H]1O
CHEMBL1689259,O=C(/C=C/c1ccc(O)c(O)c1)O[C@H]1[C@H](O)[C@@H](CO)O[C@@H](OCCc2ccc(O)c(O)c2)[C@@H]1O[C@@H]1OC[C@](O)(CO)[C@H]1O
CHEMBL1783176,c1ccc(C2CC(n3ccnc3)c3ccc4ccccc4c3O2)cc1
CHEMBL1783177,Oc1ccc(C2CC(n3ccnc3)c3ccc4ccccc4c3O2)cc1
CHEMBL1783178,N#Cc1ccc(C2CC(n3ccnc3)c3ccc4ccccc4c3O2)cc1
CHEMBL1784788,O=C(C(=Cc1ccccc1)n1cncn1)c1ccc(Cl)cc1Cl
CHEMBL1784789,O=S(=O)(NCCCn1ccnc1)c1ccc2c(c1)OCCO2
CHEMBL1784790,O=c1oc2cc(OCC(O)Cn3cncn3)ccc2c2c1CCC2
CHEMBL1784791,COc1cc(CC(=O)N2CCOC(Cn3ccnc3)C2)cc(OC)c1OC
CHEMBL1784792,COc1ccc2c(c1)OC1(CCN(C(=O)Cn3cncn3)CC1)CC2=O
CHEMBL1784793,O=C(Cn1cncn1)NC(CCc1ccccc1)c1ccc2c(c1)OCCO2
CHEMBL1784794,CCc1[nH]c2ccc(C(=O)NCC(C)n3cncn3)cc2c1C
CHEMBL1784796,Cc1ncc(CNc2ccc(OCC(O)Cn3ccnc3)cc2)cn1.O=C(O)CC(O)(CC(=O)O)C(=O)O
CHEMBL1784797,O=C(CCn1ccnc1)NC[C@H]1CC[C@H](c2ncncc2-c2ccccn2)CC1
CHEMBL1784798,O=C(Cn1ccnc1)Nc1ccccc1Oc1ccc(F)cc1
CHEMBL1784800,COc1ccc(C(C)NC(=O)c2ccccc2Cn2cncn2)cc1F
CHEMBL1784801,COc1ccc(S(=O)(=O)N2CCCC(Cn3ccnc3)C2)cc1C(C)(C)C
CHEMBL1784803,COc1cc2c(cc1-c1cncn1CCCn1ccnc1C)OCCCO2.Cl
CHEMBL1784804,COc1ccc(S(=O)(=O)N2CCOC(Cn3ccnc3)C2)cc1.Cc1ccc(S(=O)(=O)O)cc1
CHEMBL1784805,CC(=O)c1ccc(S(=O)(=O)N2CCOC(Cn3ccnc3)C2)cc1
CHEMBL1784806,CCOc1ccc(S(=O)(=O)NCCCn2ccnc2)c2ccccc12
CHEMBL14192,c1ccc(Cn2ccnc2)cc1
CHEMBL336638,c1ccc(C(c2ccccc2)n2ccnc2)cc1
CHEMBL1303900,Cc1cc(C)c(S(=O)(=O)NCCCn2ccnc2)cc1C
CHEMBL1351273,COc1cc(Cl)c(S(=O)(=O)NCCCn2ccnc2)cc1Cl
CHEMBL1538978,C=CCN(c1ccc(C(=O)NCCCn2ccnc2)cc1)S(C)(=O)=O
CHEMBL1784807,COc1ccc(S(=O)(=O)NCCCn2ccnc2)cc1C
CHEMBL1784808,COc1ccc(S(=O)(=O)NCCCn2ccnc2)cc1C(C)(C)C
CHEMBL1784809,COc1ccc(S(=O)(=O)NCCCn2ccnc2)cc1F
CHEMBL1784810,CC(C)(C(=O)Nc1ccccc1Oc1ccc(F)cc1)n1cncn1
CHEMBL1784811,O=C(Cc1ccc(F)cc1)N1CCOC(Cn2ccnc2)C1
CHEMBL1784812,O=C(Cc1ccc2c(c1)OCO2)N1CCOC(Cn2ccnc2)C1
CHEMBL1784813,CC1(C)Oc2ccc(S(=O)(=O)NCCCn3ccnc3)cc2NC1=O
CHEMBL1824742,CCCc1cn(C(c2ccc(C#N)cc2)c2ccc(C#N)cc2)nn1
CHEMBL1824743,CCCCCCc1cn(C(c2ccc(C#N)cc2)c2ccc(C#N)cc2)nn1
CHEMBL1824744,CCCCCCCc1cn(C(c2ccc(C#N)cc2)c2ccc(C#N)cc2)nn1
CHEMBL1824745,CCCCCCCCCCc1cn(C(c2ccc(C#N)cc2)c2ccc(C#N)cc2)nn1
CHEMBL1824746,N#Cc1ccc(C(c2ccc(C#N)cc2)n2cc(C3CCCCC3)nn2)cc1
CHEMBL1824747,N#Cc1ccc(C(c2ccc(C#N)cc2)n2cc(-c3ccccc3)nn2)cc1
CHEMBL1824748,N#Cc1ccc(C(c2ccc(C#N)cc2)n2cc(COc3ccccc3)nn2)cc1
CHEMBL1824749,N#Cc1ccc(C(c2ccc(C#N)cc2)n2cc(COc3ccc(Cl)cc3)nn2)cc1
CHEMBL1824750,N#Cc1ccc(OCc2cn(C(c3ccc(C#N)cc3)c3ccc(C#N)cc3)nn2)cc1
CHEMBL1824751,N#Cc1ccc(C(c2ccc(C#N)cc2)n2cc(COc3ccc([N+](=O)[O-])cc3)nn2)cc1
CHEMBL1824752,Cc1ccc(OCc2cn(C(c3ccc(C#N)cc3)c3ccc(C#N)cc3)nn2)cc1
CHEMBL1824753,COc1ccc(OCc2cn(C(c3ccc(C#N)cc3)c3ccc(C#N)cc3)nn2)cc1
CHEMBL1824754,N#Cc1ccc(C(c2ccc(C#N)cc2)n2cc(COc3ccc(-c4ccccc4)cc3)nn2)cc1
CHEMBL1824755,c1ccc(C(c2ccccc2)n2ccnn2)cc1
CHEMBL1824756,CCCc1cn(C(c2ccccc2)c2ccccc2)nn1
CHEMBL1824757,CCCCCCc1cn(C(c2ccccc2)c2ccccc2)nn1
CHEMBL1824758,CCCCCCCc1cn(C(c2ccccc2)c2ccccc2)nn1
CHEMBL1824759,CCCCCCCCCCc1cn(C(c2ccccc2)c2ccccc2)nn1
CHEMBL1824760,c1ccc(C(c2ccccc2)n2cc(C3CCCCC3)nn2)cc1
CHEMBL1824761,c1ccc(-c2cn(C(c3ccccc3)c3ccccc3)nn2)cc1
CHEMBL1824762,c1ccc(OCc2cn(C(c3ccccc3)c3ccccc3)nn2)cc1
CHEMBL1824763,Clc1ccc(OCc2cn(C(c3ccccc3)c3ccccc3)nn2)cc1
CHEMBL1824764,N#Cc1ccc(OCc2cn(C(c3ccccc3)c3ccccc3)nn2)cc1
CHEMBL1824765,O=[N+]([O-])c1ccc(OCc2cn(C(c3ccccc3)c3ccccc3)nn2)cc1
CHEMBL1824766,Cc1ccc(OCc2cn(C(c3ccccc3)c3ccccc3)nn2)cc1
CHEMBL1824767,COc1ccc(OCc2cn(C(c3ccccc3)c3ccccc3)nn2)cc1
CHEMBL1824768,c1ccc(-c2ccc(OCc3cn(C(c4ccccc4)c4ccccc4)nn3)cc2)cc1
CHEMBL1824769,N#Cc1ccc(Cn2ccnn2)cc1
CHEMBL1825017,N#Cc1ccc(Cn2nccn2)cc1
CHEMBL1825018,c1ccc(Cn2ccnn2)cc1
CHEMBL1825019,c1ccc(Cn2nccn2)cc1
CHEMBL1825020,N#Cc1ccc(Cn2cncn2)cc1
CHEMBL1825021,c1ccc(Cn2cncn2)cc1
CHEMBL1825022,N#Cc1ccc(C(c2ccc(C#N)cc2)n2nccn2)cc1
CHEMBL1825023,c1ccc(C(c2ccccc2)n2nccn2)cc1
CHEMBL1825024,c1ccc(C(c2ccccc2)n2cncn2)cc1
CHEMBL1825025,CCCc1cn(Cc2ccc(C#N)cc2)nn1
CHEMBL1825026,CCCCCCc1cn(Cc2ccc(C#N)cc2)nn1
CHEMBL165,Oc1ccc(/C=C/c2cc(O)cc(O)c2)cc1
CHEMBL272339,c1ccc(Cn2cc(COc3ccccc3)nn2)cc1
CHEMBL1454842,c1cc(-c2nsc(-c3ccncc3)n2)ccn1
CHEMBL1601919,c1ccc(-c2nc(-c3cccnc3)cs2)cc1
CHEMBL1728910,N#Cc1ccc(Oc2cccnc2)cc1C#N
CHEMBL1825027,CCCCCCCc1cn(Cc2ccc(C#N)cc2)nn1
CHEMBL1825028,CCCCCCCCCCc1cn(Cc2ccc(C#N)cc2)nn1
CHEMBL1825029,N#Cc1ccc(Cn2cc(C3CCCCC3)nn2)cc1
CHEMBL1825030,N#Cc1ccc(Cn2cc(-c3ccccc3)nn2)cc1
CHEMBL1825031,N#Cc1ccc(Cn2cc(COc3ccccc3)nn2)cc1
CHEMBL1825032,N#Cc1ccc(Cn2cc(COc3ccc(Cl)cc3)nn2)cc1
CHEMBL1825033,N#Cc1ccc(Cn2cc(COc3ccc(C#N)cc3)nn2)cc1
CHEMBL1825034,N#Cc1ccc(Cn2cc(COc3ccc([N+](=O)[O-])cc3)nn2)cc1
CHEMBL1825035,Cc1ccc(OCc2cn(Cc3ccc(C#N)cc3)nn2)cc1
CHEMBL1825036,COc1ccc(OCc2cn(Cc3ccc(C#N)cc3)nn2)cc1
CHEMBL1825037,N#Cc1ccc(Cn2cc(COc3ccc(-c4ccccc4)cc3)nn2)cc1
CHEMBL1825038,CCCc1cn(Cc2ccccc2)nn1
CHEMBL1825039,CCCCCCc1cn(Cc2ccccc2)nn1
CHEMBL1825040,CCCCCCCc1cn(Cc2ccccc2)nn1
CHEMBL1825041,CCCCCCCCCCc1cn(Cc2ccccc2)nn1
CHEMBL1825042,c1ccc(Cn2cc(C3CCCCC3)nn2)cc1
CHEMBL1825043,c1ccc(Cn2cc(-c3ccccc3)nn2)cc1
CHEMBL1825044,Clc1ccc(OCc2cn(Cc3ccccc3)nn2)cc1
CHEMBL1825045,N#Cc1ccc(OCc2cn(Cc3ccccc3)nn2)cc1
CHEMBL1825046,O=[N+]([O-])c1ccc(OCc2cn(Cc3ccccc3)nn2)cc1
CHEMBL1825047,Cc1ccc(OCc2cn(Cc3ccccc3)nn2)cc1
CHEMBL1825048,COc1ccc(OCc2cn(Cc3ccccc3)nn2)cc1
CHEMBL1825049,c1ccc(Cn2cc(COc3ccc(-c4ccccc4)cc3)nn2)cc1
CHEMBL1915151,C=CCOC(=O)N1Cc2[nH]c3ccccc3c2C[C@H]1C(=O)OC
CHEMBL1915152,COC(=O)[C@@H]1Cc2c([nH]c3ccccc23)CN1CC(C)C
CHEMBL1915156,COC(=O)[C@@H]1Cc2c([nH]c3ccccc23)CN1S(=O)(=O)c1ccc(C)cc1
CHEMBL1915159,COC(=O)[C@H]1Cc2c([nH]c3ccccc23)CN1S(C)(=O)=O
CHEMBL1915161,COC(=O)[C@@H]1Cc2c([nH]c3ccccc23)CN1CC1CC1
CHEMBL1915167,COC(=O)[C@@H]1Cc2c([nH]c3ccccc23)CN1C(=O)NC(C)C
CHEMBL1915176,CC(C)CN1Cc2[nH]c3ccccc3c2C[C@H]1C(=O)O
CHEMBL1915401,COC(=O)[C@@H]1Cc2c([nH]c3ccccc23)CN1Cc1ccc(O)cc1
CHEMBL1915403,O=C(O)[C@@H]1Cc2c([nH]c3ccccc23)CN1Cc1ccc(O)cc1
CHEMBL1939366,c1cncc(-c2nsc(-c3cccnc3)n2)c1
CHEMBL1939552,Nc1ccc(-c2nsc(-c3ccc(N)cc3)n2)cc1
CHEMBL1956171,N#Cc1ccc(Oc2cccnc2)cc1
CHEMBL1956175,N#Cc1ccc(Oc2cccnc2)cc1NCc1ccccc1
CHEMBL1956179,N#Cc1ccc(Oc2cccnc2)cc1Oc1cccnc1
CHEMBL1956180,N#Cc1ccc(Oc2cccnc2)c(Oc2cccc(Cl)c2)c1
CHEMBL1955869,N#Cc1ccc(-n2ccc3ccncc32)cc1
CHEMBL1956183,Clc1ccc(-n2ccc3ccncc32)cc1
CHEMBL1956186,Cc1cc(-n2ccc3ccncc32)ccc1Cl
CHEMBL1956188,N#Cc1ccc(-n2ccc3ccncc32)cc1Oc1ccccc1
CHEMBL1957208,Brc1cccc(-c2nc(-c3cccnc3)ns2)c1
CHEMBL1957209,COc1cccc(-c2nc(-c3cccnc3)ns2)c1
CHEMBL1957210,Fc1ccc(-c2nc(-c3cccnc3)cs2)cc1
CHEMBL1077603,C[C@]12CC[C@H](O)C=C1CC[C@@H]1[C@@H]2CC[C@]2(C)C(=O)CC[C@@H]12
CHEMBL1165711,COc1ccc2c(c1)OCC(c1ccccc1)C2=O
CHEMBL1957211,Clc1ccc(-c2nc(-c3cccnc3)cs2)cc1
CHEMBL1957212,Brc1ccc(-c2nc(-c3cccnc3)cs2)cc1
CHEMBL1957213,COc1ccc(-c2nc(-c3cccnc3)cs2)cc1
CHEMBL1957214,c1cncc(-c2csc(-c3ccncc3)n2)c1
CHEMBL1957215,Oc1ccc(-c2nc(-c3cccnc3)cs2)cc1
CHEMBL1957216,Clc1cc(-c2nc(-c3cccnc3)cs2)ccn1
CHEMBL1957217,COc1cc(-c2nc(-c3cccnc3)cs2)ccn1
CHEMBL1957218,Cc1cnccc1-c1nc(-c2cccnc2)cs1
CHEMBL1957219,Brc1ccc(-c2csc(-c3ccncc3)n2)cn1
CHEMBL1957220,Brc1ccc(-c2csc(-c3cccnc3)n2)cn1
CHEMBL1957221,COc1ccc(-c2csc(-c3ccncc3)n2)cn1
CHEMBL1957222,CCOc1ccc(-c2csc(-c3ccncc3)n2)cn1
CHEMBL1957223,COc1ccc(-c2csc(-c3cccnc3)n2)cn1
CHEMBL2011171,O=C1c2ccccc2OCC1c1ccccc1
CHEMBL2011172,Cc1ccc2c(c1)C(=O)C(c1ccccc1)CO2
CHEMBL2011173,Cc1ccc2c(c1)OCC(c1ccccc1)C2=O
CHEMBL2011174,Cc1cccc(C2COc3ccccc3C2=O)c1
CHEMBL2011175,Cc1ccc(C2COc3ccccc3C2=O)cc1
CHEMBL2011176,O=C1c2c(ccc3ccccc23)OCC1c1ccccc1
CHEMBL2011177,O=C1c2ccccc2OCC1c1ccc(Oc2ccccc2)cc1
CHEMBL2011180,COc1ccc2c(c1)C(=O)C(c1ccccc1)CO2
CHEMBL2011181,COc1ccccc1C1COc2ccccc2C1=O
CHEMBL2011182,COc1cccc(C2COc3ccccc3C2=O)c1
CHEMBL2011183,COc1ccc(C2COc3ccccc3C2=O)cc1
CHEMBL2011184,COc1cc(OC)cc(C2COc3ccccc3C2=O)c1
CHEMBL2011185,O=C1c2ccccc2OCC1c1ccsc1
CHEMBL2011186,O=C1c2ccccc2OCC1c1cccnc1
CHEMBL2011187,O=C1c2cc(F)ccc2OCC1c1ccccc1
CHEMBL2011188,O=C1c2cc(Cl)ccc2OCC1c1ccccc1
CHEMBL2011189,O=C1c2cc(Br)ccc2OCC1c1ccccc1
CHEMBL2011190,CC(C)(C)c1ccc2c(c1)C(=O)C(c1ccccc1)CO2
CHEMBL2011191,O=C1c2ccccc2OC(O)C1c1ccccc1
CHEMBL2011192,O=C1c2ccccc2OCC1c1ccc(O)cc1
CHEMBL2058266,C[C@]12CC[C@H]3[C@@H](CC[C@@]45O[C@@H]4CCC[C@]35C)[C@@H]1CCC2=O
CHEMBL2058267,C[C@]12CC=CC[C@@H]1CC[C@@H]1[C@@H]2CC[C@]2(C)C(=O)CC[C@@H]12
CHEMBL2058268,C[C@]12C[C@H]3O[C@H]3C[C@@H]1CC[C@@H]1[C@@H]2CC[C@]2(C)C(=O)CC[C@@H]12
CHEMBL2163639,O=C1CCc2cc(C(C3CC3)n3ccnc3)cc3c2N1CC3
CHEMBL2163641,C=C(c1cc2c3c(c1)CCN3C(=O)CC2)n1ccnc1
CHEMBL2163646,COc1ccc(C(c2cc3c4c(c2)CCN4C(=O)CC3)n2ccnc2)cc1
CHEMBL2165317,CCOc1cc2c(cc1-c1cccnc1)CCC(=O)N2C
CHEMBL2165318,O=C1CCc2cc(-c3cccnc3)c(OC3CCCC3)cc2N1
CHEMBL2165319,CN1C(=O)CCc2cc(-c3cccnc3)c(OC3CCCC3)cc21
CHEMBL2165320,O=C1CCc2cc(-c3cccnc3)c(OCc3ccccc3)cc2N1
CHEMBL2165321,CN1C(=O)CCc2cc(-c3cccnc3)c(OCc3ccccc3)cc21
CHEMBL2165322,O=C1CCc2cc(-c3cccnc3)cc(Br)c2N1
CHEMBL2165323,O=C1CCc2cc(-c3cccnc3)cc(-c3ccccc3)c2N1
CHEMBL2165324,O=C1CCc2cc(-c3cccnc3)cc(-c3cccnc3)c2N1
CHEMBL2165325,O=C1CCc2cc(-c3cccnc3)cc(-c3ccsc3)c2N1
CHEMBL446083,CN1C(=O)CCc2cc(-c3cccnc3)ccc21
CHEMBL1200374,C=C1C[C@@H]2[C@H](CC[C@]3(C)C(=O)CC[C@@H]23)[C@@]2(C)C=CC(=O)C=C12
CHEMBL2165313,O=C1CCc2cc(-c3cccnc3)c(O)cc2N1
CHEMBL2165314,COc1cc2c(cc1-c1cccnc1)CCC(=O)N2
CHEMBL2165315,COc1cc2c(cc1-c1cccnc1)CCC(=O)N2C
CHEMBL2165316,CCOc1cc2c(cc1-c1cccnc1)CCC(=O)N2
CHEMBL2179107,CO[C@@H]1C[C@@H]2[C@H](CC[C@]3(C)C(=O)CC[C@@H]23)[C@@]2(C)C=CC(=O)C=C12
CHEMBL2179108,CCO[C@@H]1C[C@@H]2[C@H](CC[C@]3(C)C(=O)CC[C@@H]23)[C@@]2(C)C=CC(=O)C=C12
CHEMBL2179109,CC#CCO[C@@H]1C[C@@H]2[C@H](CC[C@]3(C)C(=O)CC[C@@H]23)[C@@]2(C)C=CC(=O)C=C12
CHEMBL2179110,CCC#CCO[C@@H]1C[C@@H]2[C@H](CC[C@]3(C)C(=O)CC[C@@H]23)[C@@]2(C)C=CC(=O)C=C12
CHEMBL2179111,CCCC#CCO[C@@H]1C[C@@H]2[C@H](CC[C@]3(C)C(=O)CC[C@@H]23)[C@@]2(C)C=CC(=O)C=C12
CHEMBL2179112,CCCCC#CCO[C@@H]1C[C@@H]2[C@H](CC[C@]3(C)C(=O)CC[C@@H]23)[C@@]2(C)C=CC(=O)C=C12
CHEMBL2179113,CCCCCCCC#CCO[C@@H]1C[C@@H]2[C@H](CC[C@]3(C)C(=O)CC[C@@H]23)[C@@]2(C)C=CC(=O)C=C12
CHEMBL2179114,C[C@]12C=CC(=O)C=C1[C@H](OCC#CCO)C[C@@H]1[C@@H]2CC[C@]2(C)C(=O)CC[C@@H]12
CHEMBL2235950,COc1cc(/C=C2\Cc3ccccc3C2=O)ccc1OCCCn1ccnc1
CHEMBL2235951,COc1ccc(/C=C2\Cc3ccccc3C2=O)cc1OCCCn1ccnc1
CHEMBL2235952,O=C1/C(=C/c2ccccc2OCCCn2ccnc2)Cc2ccccc21
CHEMBL2235953,O=C1/C(=C/c2cccc(OCCCn3ccnc3)c2)Cc2ccccc21
CHEMBL2282047,C[C@]12CCC(=O)C=C1CC[C@@H]1[C@@H]2CC[C@]2(C)C(=O)/C(=C/c3ccc(OCCCn4ccnc4)cc3)C[C@@H]12
CHEMBL2282050,C[C@]12CCC(=O)C=C1CC[C@@H]1[C@@H]2CC[C@]2(C)C(=O)/C(=C/c3cccc(OCCCn4ccnc4)c3)C[C@@H]12
CHEMBL2282053,C[C@]12CC[C@H]3[C@@H](CC=C4C[C@@H](O)CC[C@@]43C)[C@@H]1C/C(=C\c1cccc(OCCCn3ccnc3)c1)[C@@H]2O
CHEMBL2311553,O=C1CCc2cc(Cc3ccncc3)cc3c2N1CC3
CHEMBL2312949,C=C(c1ccncc1)c1cc2c3c(c1)CCN3C(=O)CC2
CHEMBL2312950,CC(c1ccncc1)c1cc2c3c(c1)CCN3C(=O)CC2
CHEMBL2312951,CC(C)C(c1ccncc1)c1cc2c3c(c1)CCN3C(=O)CC2
CHEMBL2312952,O=C1CCc2cc(C(c3ccncc3)C3CCCCC3)cc3c2N1CC3
CHEMBL2312953,O=C1CCc2cc(C(O)(c3ccccc3)c3ccncc3)cc3c2N1CC3
CHEMBL2312954,O=C1CCc2cc(C(c3ccccc3)c3ccncc3)cc3c2N1CC3
CHEMBL2312955,COc1ccccc1C(c1ccncc1)c1cc2c3c(c1)CCN3C(=O)CC2
CHEMBL2312956,COc1cccc(C(c2ccncc2)c2cc3c4c(c2)CCN4C(=O)CC3)c1
CHEMBL2312957,COc1ccc(C(c2ccncc2)c2cc3c4c(c2)CCN4C(=O)CC3)cc1
CHEMBL2312958,O=C1CCc2cc(C(c3ccncc3)c3cccc(F)c3)cc3c2N1CC3
CHEMBL2312959,O=C1CCc2cc(C(c3ccncc3)c3ccc(F)cc3)cc3c2N1CC3
CHEMBL2312960,O=C1CCc2cc(C(c3ccncc3)c3cccc(Cl)c3)cc3c2N1CC3
CHEMBL2312961,O=C1CCc2cc(C(c3ccncc3)c3ccc(Cl)cc3)cc3c2N1CC3
CHEMBL2312962,Cc1cccc(C(c2ccncc2)c2cc3c4c(c2)CCN4C(=O)CC3)c1
CHEMBL2312963,O=C1CCc2cc(C(c3ccncc3)c3cc(C(F)(F)F)cc(C(F)(F)F)c3)cc3c2N1CC3
CHEMBL2312965,O=C1CCc2cc(Cc3cccnc3)cc3c2N1CC3
CHEMBL2312968,O=C1CCc2cc(C(c3ccccc3)c3cccnc3)cc3c2N1CC3
CHEMBL2312969,COc1ccccc1C(c1cccnc1)c1cc2c3c(c1)CCN3C(=O)CC2
CHEMBL2312971,O=C1CCc2cc(C(c3cccnc3)c3cccc(Cl)c3)cc3c2N1CC3
CHEMBL2312972,O=C1CCc2cc(C(c3ccc(F)cc3)c3cccnc3)cc3c2N1CC3
CHEMBL2333330,CCOc1ccc(Cn2ccnc2)c2c(=O)c3ccccc3oc12
CHEMBL2333331,CC(C)Oc1ccc(Cn2ccnc2)c2c(=O)c3ccccc3oc12
CHEMBL2333332,CC(C)CCOc1ccc(Cn2ccnc2)c2c(=O)c3ccccc3oc12
CHEMBL2333333,CCC(C)Oc1ccc(Cn2ccnc2)c2c(=O)c3ccccc3oc12
CHEMBL2333334,O=c1c2ccccc2oc2c(OCC3CC3)ccc(Cn3ccnc3)c12
CHEMBL2333335,O=c1c2ccccc2oc2c(OC3CCCC3)ccc(Cn3ccnc3)c12
CHEMBL2333336,O=c1c2ccccc2oc2c(O)ccc(Cn3ccnc3)c12
CHEMBL2333337,Nc1ccc(Cn2ccnc2)c2c(=O)c3ccccc3oc12
CHEMBL149791,CCC(=C(c1ccc(O)cc1)c1ccc(O)cc1)c1ccccc1
CHEMBL1093458,CC/C(=C(\c1ccc(O)cc1)c1ccc(OCCNC)cc1)c1ccccc1
CHEMBL2137046,CCC(=C(c1ccc(O)cc1)c1ccc(OCCN(C)C)cc1)c1ccccc1
CHEMBL2333326,O=c1c2ccccc2oc2c(Cl)ccc(Cn3ccnc3)c12
CHEMBL2333327,O=c1c2ccccc2oc2c(I)ccc(Cn3ccnc3)c12
CHEMBL2333328,O=c1c2ccccc2oc2c(-c3ccccc3)ccc(Cn3ccnc3)c12
CHEMBL2333329,COc1ccc(Cn2ccnc2)c2c(=O)c3ccccc3oc12
CHEMBL2336847,COc1ccc2cc(Cn3ccnc3)n(-c3ccccc3)c2c1
CHEMBL2336848,COc1ccc2cc(Cn3ccnc3)n(-c3ccc(F)cc3)c2c1
CHEMBL2336849,COc1ccc2cc(Cn3ccnc3)n(-c3ccc(C(F)(F)F)cc3)c2c1
CHEMBL2336850,COc1ccc2cc(Cn3ccnc3)n(-c3ccc(C#N)cc3)c2c1
CHEMBL2336851,COc1ccc2cc(Cn3ccnc3)n(-c3ccc(C)cc3)c2c1
CHEMBL2336852,COc1ccc(-n2c(Cn3ccnc3)cc3ccc(OC)cc32)cc1
CHEMBL2336853,COc1ccc(-n2c(Cn3ccnc3)cc3ccc(Cl)cc32)cc1
CHEMBL2336854,Cc1ccc(-n2c(Cn3ccnc3)cc3ccc(Cl)cc32)cc1
CHEMBL2336855,Clc1ccc(-n2c(Cn3ccnc3)cc3ccc(Cl)cc32)cc1
CHEMBL2336856,Fc1ccc(-n2c(Cn3ccnc3)cc3ccccc32)cc1
CHEMBL2336857,Cc1ccc(-n2c(Cn3ccnc3)cc3ccccc32)cc1
CHEMBL2336858,COc1ccc(-n2c(Cn3ccnc3)cc3ccccc32)cc1
CHEMBL2336859,FC(F)(F)c1ccc(-n2c(Cn3ccnc3)cc3ccccc32)cc1
CHEMBL2336860,c1ccc(-n2c(Cn3ccnc3)cc3ccccc32)cc1
CHEMBL2336861,Cc1ccc2cc(Cn3ccnc3)n(-c3ccccc3)c2c1
CHEMBL2336862,Cc1ccc(-n2c(Cn3ccnc3)cc3ccc(C)cc32)cc1
CHEMBL2336863,COc1ccc(-n2c(Cn3ccnc3)cc3ccc(C)cc32)cc1
CHEMBL2336864,Cc1ccc2cc(Cn3ccnc3)n(-c3ccc(F)cc3)c2c1
CHEMBL2336865,Cc1ccc2cc(Cn3ccnc3)n(-c3ccc(C#N)cc3)c2c1
CHEMBL2386284,CC/C(=C(\c1ccc(O)cc1)c1ccc(OCCN)cc1)c1ccccc1
CHEMBL2386285,CC/C(=C(/c1ccc(O)cc1)c1ccc(OCCN)cc1)c1ccccc1
CHEMBL2386286,CC/C(=C(\c1ccc(O)cc1)c1ccc(OCC(N)=O)cc1)c1ccccc1
CHEMBL2430196,Oc1ccc(O)c(-c2cn3ccsc3n2)c1
CHEMBL2430197,Cc1cn2cc(-c3ccc(O)c(O)c3O)nc2s1
CHEMBL2431524,C[C@]12CC[C@H]3[C@@H](CC[C@@]4(O)[C@@H](O)C(=O)CC[C@]34C)[C@@H]1CCC2=O
CHEMBL2431525,C[C@]12CC[C@H]3[C@@H](CCC4=C(O)C(=O)CC[C@@]43C)[C@@H]1CC[C@@H]2O
CHEMBL2431526,C[C@]12CC[C@@H](O)C(=O)[C@H]1CC[C@@H]1[C@@H]2CC[C@]2(C)[C@@H](O)CC[C@@H]12
CHEMBL2431527,C[C@]12C[C@@H](O)[C@H]3[C@@H](CCC4=C(O)C(=O)CC[C@@]43C)[C@@H]1CC[C@@H]2O
CHEMBL2442754,Cc1cc(CO)c2ccc3[nH]ccc3c2n1
CHEMBL2442756,c1ccc(-c2cc(Cn3ccnc3)c3ccc4[nH]ccc4c3n2)cc1
CHEMBL2442757,COc1ccc(-c2cc(Cn3ccnc3)c3ccc4[nH]ccc4c3n2)cc1
CHEMBL2442758,CCn1ccc2c3nc(-c4ccccc4)cc(Cn4ccnc4)c3ccc21
CHEMBL2442759,Cc1cc(Cn2ccnc2)c2ccc3[nH]ccc3c2n1
CHEMBL2442760,CCn1ccc2c3c(Cn4ccnc4)cc(-c4ccccc4)nc3ccc21
CHEMBL2442762,CCn1ccc2c3c(Cn4cncn4)cc(-c4ccccc4)nc3ccc21
CHEMBL2442764,Cc1cc(C(=O)O)c2ccc3[nH]ccc3c2n1
CHEMBL2442765,CCn1ccc2c3c(C(=O)O)cc(-c4ccccc4)nc3ccc21
CHEMBL2442766,COc1cccc(C2=CC(=O)c3ccc4c(c3=N2)=CC=N4)c1
CHEMBL2442772,OCc1cc(-c2ccccc2)nc2c1ccc1[nH]ccc12
CHEMBL2440145,COc1ccc(-c2cc(CO)c3ccc4[nH]ccc4c3n2)cc1
CHEMBL3099734,O=C1/C(=C\c2cccnc2)C(c2ccccc2)n2cccc21
CHEMBL3099735,O=C1/C(=C\c2ccncc2)C(c2ccccc2)n2cccc21
CHEMBL3350384,CCC(=C(c1ccc(O)cc1)c1ccc(OCCN)cc1)c1ccccc1
CHEMBL934,CC(C)(C(=O)c1cccnc1)c1cccnc1
CHEMBL399910,O=C1C[C@@H](c2ccccc2)Oc2cc(O)cc(O)c21
CHEMBL451168,O=C1C[C@@H](c2ccc(O)c(O)c2)Oc2cc(O)ccc21
CHEMBL3099683,N#Cc1ccc([C@H]2CCCCc3cncn32)c(F)c1
CHEMBL3099686,COC(=O)[C@]1(c2ccc(C#N)cc2Cl)CCc2cncn21
CHEMBL3099695,N#Cc1ccc([C@H]2CCc3cncn32)c(F)c1
CHEMBL3105517,O=C1c2cccc(F)c2OCC1c1ccccc1
CHEMBL3105519,O=C1c2ccccc2OCC1c1ccccc1F
CHEMBL3105520,O=C1c2ccccc2OCC1c1cccc(F)c1
CHEMBL3105521,O=C1c2ccccc2OCC1c1ccc(F)cc1
CHEMBL3105522,O=C1c2ccccc2OCC1c1cc(F)cc(F)c1
CHEMBL3105524,O=C1c2c(ccc3ccccc23)OCC1c1ccc(Oc2ccccc2)cc1
CHEMBL3105526,COc1ccc2c(c1)C(=O)C(c1cccnc1)CO2
CHEMBL3105527,O=C1c2cccc(F)c2OCC1c1cccnc1
CHEMBL3105528,O=C1c2cc(F)ccc2OCC1c1cccnc1
CHEMBL3134107,COc1cc(O)c([C@@H]2C[C@@H](c3ccccc3)Oc3c(C=O)c(O)cc(O)c32)c(O)c1C(=O)/C=C/c1ccccc1
CHEMBL3134108,COc1cc(O)c([C@H]2C[C@@H](c3ccccc3)Oc3c(C=O)c(O)cc(O)c32)c(O)c1C(=O)/C=C/c1ccccc1
CHEMBL3134109,COc1cc(O)c(C=O)c2c1[C@H](O)C[C@@H](c1ccccc1)O2
CHEMBL3134110,COc1c(C)c(OC)c2c(c1C=O)O[C@H](c1ccccc1)C[C@H]2O
CHEMBL3134111,COc1c(C)c(OC)c2c(c1C)O[C@H](c1ccccc1)C[C@H]2O
CHEMBL3134112,COc1cc(O)c(C=O)c2c1[C@H](OC)C[C@@H](c1ccccc1)O2
CHEMBL3134113,COc1c(C)c(O)c(C=O)c2c1[C@H](O)C[C@@H](c1ccccc1)O2
CHEMBL3134114,COc1c(C)c(O)c(C=O)c2c1[C@H](OC)C[C@@H](c1ccccc1)O2
CHEMBL3134115,COc1cc(O)c2c(c1C)O[C@H](c1ccccc1)CC2=O
CHEMBL3219070,O=c1c2ccccc2[nH]c2c(Cn3ccnc3)cccc12
CHEMBL3219600,COc1ccc2c(c1)C(=O)/C(=C/c1c[nH]cn1)CC2
CHEMBL3221175,Cc1cc(O)cc2c1Oc1cc(O)cc(C)c1C(=O)O2
CHEMBL3315157,CC1=C(O)C(=O)C[C@]2(C)[C@H]3CCc4cocc4[C@]3(CO)CCC12O
CHEMBL3359952,COc1cccc(COc2ccc3c(Cn4ccnc4)cc(=O)oc3c2)c1
CHEMBL3359953,O=c1cc(Cn2ccnc2)c2ccc(OCc3ccc([N+](=O)[O-])cc3)cc2o1
CHEMBL3359954,CCCOc1ccc(COc2ccc3c(Cn4ccnc4)cc(=O)oc3c2)cc1
CHEMBL3359955,CC(C)Oc1ccc(COc2ccc3c(Cn4ccnc4)cc(=O)oc3c2)cc1
CHEMBL3359956,O=c1cc(Cn2ccnc2)c2ccc(OCCc3ccccc3)cc2o1
CHEMBL3359957,COc1ccc(COc2ccc3c(Cn4ccnc4)cc(=O)oc3c2)cc1OC
CHEMBL3359958,COc1cc(COc2ccc3c(Cn4ccnc4)cc(=O)oc3c2)cc(OC)c1OC
CHEMBL3359959,O=C(Cn1ccnc1)c1cccc(OCc2ccccc2)c1
CHEMBL3359960,O=C(Cn1ccnc1)c1ccc(OCc2ccccc2)cc1
CHEMBL3359961,O=C(Cn1ccnc1)c1ccc(OCc2cccc(OC(F)(F)F)c2)cc1
CHEMBL3359962,O=C(Cn1ccnc1)c1ccc(OCc2cccc([N+](=O)[O-])c2)cc1
CHEMBL3359963,N#Cc1cccc(COc2ccc(C(=O)Cn3ccnc3)cc2)c1
CHEMBL3359964,O=C(Cn1ccnc1)c1ccc(OCc2ccc(OC(F)(F)F)cc2)cc1
CHEMBL3359965,O=C(Cn1ccnc1)c1ccc(OCc2cccnc2)cc1
CHEMBL3407536,C[C@]12C=CC(=O)C=C1[C@@]1(CO1)C[C@@H]1[C@@H]2CC[C@]2(C)C(=O)CC[C@@H]12
CHEMBL3407537,C=C1C[C@@H]2[C@H](CC[C@]3(C)C(=O)CC[C@@H]23)[C@]2(C)C1=CC(=O)[C@@H]1O[C@@H]12
CHEMBL3407538,C=C1C[C@H]2[C@@H]3CC[C@H](O)[C@@]3(C)CC[C@@H]2[C@@]2(C)C=CC(=O)C=C12
CHEMBL3407539,C[C@]12C=CC(=O)C=C1C(CO)=C[C@@H]1[C@@H]2CC[C@]2(C)C(=O)CC[C@@H]12
CHEMBL3421765,O=[N+]([O-])c1ccc(-c2cccnc2)c(OCc2ccccc2)c1
CHEMBL3421766,O=[N+]([O-])c1ccc(-c2cccnc2)c(OCCc2ccccc2)c1
CHEMBL3421767,O=[N+]([O-])c1ccc(-c2cccnc2)c(OCCCc2ccccc2)c1
CHEMBL3421768,O=[N+]([O-])c1ccc(-c2ccncc2)c(OCc2ccccc2)c1
CHEMBL2430497,O=c1ccc2ccc(OCc3cn(-c4ccc(S(=O)(=O)NCCc5ccccc5)cc4)nn3)cc2o1
CHEMBL2430498,O=c1cc(OCc2cn(-c3ccc(S(=O)(=O)NCCc4ccccc4)cc3)nn2)c2ccccc2o1
CHEMBL2430499,COc1ccc(CCNS(=O)(=O)c2ccc(-n3cc(-c4ccccc4)nn3)cc2)cc1OC
CHEMBL2430501,COc1ccc(CCNS(=O)(=O)c2ccc(-n3cc(COc4ccc([N+](=O)[O-])cc4)nn3)cc2)cc1OC
CHEMBL2430505,O=S(=O)(NCCc1ccccc1)c1ccc(-n2cc(-c3ccccc3)nn2)cc1
CHEMBL2430506,O=S(=O)(NCCc1ccccc1)c1ccc(-n2cc(COc3ccccc3)nn2)cc1
CHEMBL2430507,O=S(=O)(NCCc1ccccc1)c1ccc(-n2cc(COc3cccc4ccccc34)nn2)cc1
CHEMBL2430508,O=S(=O)(NCCc1ccccc1)c1ccc(-n2cc(COc3ccc4ccccc4c3)nn2)cc1
CHEMBL2430509,Cc1ccc(OCc2cn(-c3ccc(S(=O)(=O)NCCc4ccccc4)cc3)nn2)cc1
CHEMBL2430510,O=Cc1ccc(OCc2cn(-c3ccc(S(=O)(=O)NCCc4ccccc4)cc3)nn2)cc1
CHEMBL2430511,O=[N+]([O-])c1ccc(OCc2cn(-c3ccc(S(=O)(=O)NCCc4ccccc4)cc3)nn2)cc1
CHEMBL2430512,Cc1ccccc1OCc1cn(-c2ccc(S(=O)(=O)NCCc3ccccc3)cc2)nn1
CHEMBL3264672,CC(=O)c1ccccc1OCc1cn(-c2ccc(S(=O)(=O)N3CCc4ccccc4C3)cc2)nn1
CHEMBL3264675,O=c1cc(OCc2cn(-c3ccc(S(=O)(=O)N4CCc5ccccc5C4)cc3)nn2)c2ccccc2o1
CHEMBL3264679,COc1cc2c(cc1OC)CN(S(=O)(=O)c1ccc(-n3cc(COc4ccccc4C)nn3)cc1)CC2
CHEMBL3264684,COc1cc2c(cc1OC)CN(S(=O)(=O)c1ccc(-n3cc(COc4ccc([N+](=O)[O-])cc4)nn3)cc1)CC2
CHEMBL3421764,Nc1ccc(-c2cccnc2)c(OCc2ccccc2)c1
CHEMBL3421769,O=[N+]([O-])c1ccc(-c2ccncc2)c(OCCc2ccccc2)c1
CHEMBL3421770,O=[N+]([O-])c1ccc(-c2ccncc2)c(OCCCc2ccccc2)c1
CHEMBL3421778,FC(F)(F)c1ccc(-c2ccncc2)c(OCCc2ccccc2)c1
CHEMBL3421779,N#Cc1ccc(-c2cccnc2)c(OCCc2ccccc2)c1
CHEMBL3421780,N#Cc1ccc(-c2ccncc2)c(OCCc2ccccc2)c1
CHEMBL3421785,O=[N+]([O-])c1ccc(Cc2cccnc2)c(OCCc2ccccc2)c1
CHEMBL3421786,O=[N+]([O-])c1ccc(Cc2ccncc2)c(OCCc2ccccc2)c1
CHEMBL3422028,CC/C(=C(/c1ccc(O)cc1)c1ccc(OCCN)cc1)c1ccc(O)cc1
CHEMBL3422029,CC/C(=C(/c1ccc(O)cc1)c1ccc(OCCN)cc1)c1ccc(F)cc1
CHEMBL3422030,CCC(CC)=C(c1ccc(O)cc1)c1ccc(OCCN)cc1
CHEMBL3422031,CC/C(=C(/c1ccccc1)c1ccc(OCCN)cc1)c1ccccc1
CHEMBL3422032,CC/C(=C(/c1ccc(N)cc1)c1ccc(OCCN)cc1)c1ccccc1
CHEMBL3422033,CC/C(=C(/c1ccc(N)cc1)c1ccc(OCCN)cc1)c1ccc(O)cc1
CHEMBL3422034,NCCOc1ccc(/C(=C/c2ccccc2)c2ccc(O)cc2)cc1
CHEMBL3422035,C/C(=C(/c1ccc(O)cc1)c1ccc(OCCN)cc1)c1ccccc1
CHEMBL3422036,NCCOc1ccc(/C(=C(\CCCl)c2ccccc2)c2ccc(O)cc2)cc1
CHEMBL3422037,CCC/C(=C(/c1ccc(O)cc1)c1ccc(OCCN)cc1)c1ccccc1
CHEMBL3422038,CC(C)/C(=C(/c1ccc(O)cc1)c1ccc(OCCN)cc1)c1ccccc1
CHEMBL3422039,NCCOc1ccc(C(=C(c2ccccc2)c2ccccc2)c2ccc(O)cc2)cc1
CHEMBL3422040,N#CC/C(=C(/c1ccc(O)cc1)c1ccc(OCCN)cc1)c1ccccc1
CHEMBL3422041,NCCOc1ccc(/C(=C(\Cn2ccnc2)c2ccccc2)c2ccc(O)cc2)cc1
CHEMBL3422042,NCCOc1ccc(/C(=C(\Cn2cncn2)c2ccccc2)c2ccc(O)cc2)cc1
CHEMBL3422043,NCCOc1ccc(/C(=C(/Cn2cnnc2)c2ccccc2)c2ccc(O)cc2)cc1
CHEMBL3422044,NCCOc1ccc(/C(=C(\Cn2cnnc2)c2ccccc2)c2ccc(O)cc2)cc1
CHEMBL3422045,NCCOc1ccc(/C(=C2\CCc3ccccc32)c2ccc(O)cc2)cc1
CHEMBL3422046,CC/C(=C(/c1ccc(O)cc1)c1ccc(OCCO)cc1)c1ccccc1
CHEMBL3422047,CC/C(=C(/c1ccc(O)cc1)c1ccc(OCC(=O)O)cc1)c1ccccc1
CHEMBL3422050,CC/C(=C(/c1ccc(O)cc1)c1ccc(OCCCN)cc1)c1ccccc1
CHEMBL3422051,CC/C(=C(/c1ccc(O)cc1)c1ccc(CCCN)cc1)c1ccccc1
CHEMBL3422052,CC/C(=C(/c1ccc(O)cc1)c1ccc(CCCN)cc1)c1ccc(O)cc1
CHEMBL3582472,Fc1cncc(-c2nc3cc(F)c(F)cc3n2C2CC2)c1
CHEMBL3582477,CC(C)(O)c1cncc(-c2nc3cc(F)c(F)cc3n2C2CC2)c1
CHEMBL3582478,CC(C)(O)c1cncc(-c2nc3ccc(F)cc3n2C2CC2)c1
CHEMBL2003274,C[C@]12CCC(=O)C=C1CC[C@@H]1[C@@H]2CC[C@]2(C)C(=O)/C(=C/c3ccncc3)C[C@@H]12
CHEMBL3264681,COc1cc2c(cc1OC)CN(S(=O)(=O)c1ccc(-n3cc(COc4ccccc4C(C)=O)nn3)cc1)CC2
CHEMBL3264682,COC(=O)c1ccccc1OCc1cn(-c2ccc(S(=O)(=O)N3CCc4cc(OC)c(OC)cc4C3)cc2)nn1
CHEMBL3264685,COc1cc2c(cc1OC)CN(S(=O)(=O)c1ccc(-n3cc(COc4cc(C=O)ccc4OC)nn3)cc1)CC2
CHEMBL3589964,O=c1cc(OCc2cn(-c3cccc(S(=O)(=O)N4CCc5ccccc5C4)c3)nn2)c2ccccc2o1
CHEMBL3589965,COc1cc2c(cc1OC)CN(S(=O)(=O)c1cccc(-n3cc(COc4ccc5ccc(=O)oc5c4)nn3)c1)CC2
CHEMBL3589966,COc1cc2c(cc1OC)CN(S(=O)(=O)c1cccc(-n3cc(COc4cc(=O)oc5ccccc45)nn3)c1)CC2
CHEMBL3622054,N#Cc1ccc(N(CCSc2ccc(O)cc2)n2cnnc2)cc1
CHEMBL3622055,N#Cc1ccc(N(CCSc2ccc(O)c(Cl)c2)n2cnnc2)cc1
CHEMBL3622056,N#Cc1ccc(N(CCSc2ccc(OS(N)(=O)=O)cc2)n2cnnc2)cc1
CHEMBL3622057,N#Cc1ccc(N(CCSc2ccc(OS(N)(=O)=O)c(Cl)c2)n2cnnc2)cc1
CHEMBL3622058,N#Cc1ccc(N(CCCSc2ccc(OS(N)(=O)=O)cc2)n2cnnc2)cc1
CHEMBL3622059,N#Cc1ccc(N(CCCCCSc2ccc(OS(N)(=O)=O)cc2)n2cnnc2)cc1
CHEMBL3622060,N#Cc1ccc(N(CCCS(=O)(=O)c2ccc(O)cc2)n2cnnc2)cc1
CHEMBL3622061,N#Cc1ccc(N(CC2CCc3cc(OS(N)(=O)=O)ccc3C2)n2cnnc2)cc1
CHEMBL3622062,N#Cc1ccc(N(Cc2ccc3cc(OS(N)(=O)=O)ccc3c2)n2cnnc2)cc1
CHEMBL3622063,N#Cc1ccc(N(Cc2ccc3c(Cl)c(OS(N)(=O)=O)ccc3c2)n2cnnc2)cc1
CHEMBL3622064,N#Cc1ccc(N(Cc2ccc3c(Br)c(OS(N)(=O)=O)ccc3c2)n2cnnc2)cc1
CHEMBL3622065,N#Cc1ccc(N(CCn2ccc3cc(OS(N)(=O)=O)ccc32)n2cnnc2)cc1
CHEMBL3622066,Cn1cc(CCN(c2ccc(C#N)cc2)n2cnnc2)c2cc(OS(N)(=O)=O)ccc21
CHEMBL3622067,N#Cc1ccc(N(CCc2coc3ccc(OS(N)(=O)=O)cc23)n2cnnc2)cc1
CHEMBL3622069,CC(C)(C#N)c1cc(Cn2cncn2)cc(Sc2ccccc2)c1
CHEMBL3622070,CC(C)(C#N)c1cc(Cn2cncn2)cc(Sc2ccc(OS(N)(=O)=O)cc2)c1
CHEMBL3622071,CC(C)(C#N)c1cc(Cn2cncn2)cc(Sc2ccc(OS(N)(=O)=O)c(Cl)c2)c1
CHEMBL3622072,CC(C)(C#N)c1cc(Cn2cncn2)cc(Sc2ccc(OS(N)(=O)=O)c(Br)c2)c1
CHEMBL3622073,N#CC1(c2cc(Cn3cncn3)cc(Sc3ccc(OS(N)(=O)=O)cc3)c2)CCC1
CHEMBL3622075,N#CC1(c2cc(Cn3cncn3)cc(Sc3ccc(OS(N)(=O)=O)cc3)c2)CC1
CHEMBL3622076,CC(C)(C#N)c1cc(Cn2cncn2)cc(Oc2ccc(OS(N)(=O)=O)cc2)c1
CHEMBL3622077,CC(C)(C#N)c1cc(/C=C/c2ccc(OS(N)(=O)=O)cc2)cc(Cn2cncn2)c1
CHEMBL3622363,Cn1nnc2ccc(C(c3ccc(OS(N)(=O)=O)cc3)n3cncn3)cc21
CHEMBL3623208,CC(=O)[C@@]1(C)CC[C@H]2[C@@H](CCC3=CC(=O)CC[C@@]32C)[C@@H]1CC#N
CHEMBL3623209,C[C@@H]1OC(=O)C[C@H]2[C@@H]3CC=C4CC(O)CC[C@]4(C)[C@H]3CC[C@]12C
CHEMBL3621226,CC(=O)[C@@]1(C)CC[C@H]2[C@@H](C=CC3=CC(=O)CC[C@@]32C)[C@@H]1CC#N
CHEMBL3623213,C[C@]12CCC(=O)C=C1CC[C@@H]1[C@@H]2CC[C@]2(C)C(=O)[C@@H](n3ccnc3)C[C@@H]12
CHEMBL3623214,C[C@]12C=CC(=O)C=C1CC[C@@H]1[C@@H]2CC[C@]2(C)C(=O)[C@@H](n3ccnc3)C[C@@H]12
CHEMBL3623215,C[C@]12Cc3cn[nH]c3C(=O)[C@@H]1CC[C@@H]1[C@@H]2CC[C@]2(C)[C@@H](O)CC[C@@H]12
CHEMBL3623216,C[C@]12CC(C#N)=C(O)C(=O)[C@@H]1CC[C@@H]1[C@@H]2CC[C@]2(C)[C@@H](O)CC[C@@H]12
CHEMBL3623217,C[C@]12CC[C@H]3[C@@H](CCC4=C(Sc5ccccc5)C(=O)CC[C@@]43C)[C@@H]1C[C@H](C#N)[C@@H]2O
CHEMBL3623218,C[C@]12C[C@@H](F)C(=O)C=C1CC[C@@H]1[C@@H]2CC[C@]2(C)C(=O)CC[C@@H]12
CHEMBL3623219,CC[C@@H]1C[C@@]2(C)C(=CC1=O)CC[C@@H]1[C@@H]2CC[C@]2(C)C(=O)CC[C@@H]12
CHEMBL3623222,C[C@]12CC[C@H]3[C@@H](C[C@H]4OC[C@@]35CCC(=O)C=C45)[C@@H]1CCC2=O
CHEMBL3623223,C=CC[C@@H]1CC2=CC(=O)C=C[C@]2(C)[C@H]2CC[C@]3(C)C(=O)CC[C@H]3[C@H]12
CHEMBL3623225,CCn1cc(C(c2ccccc2)n2ccnc2)c2ccccc21
CHEMBL3623226,Fc1ccc(C(c2cc3ccccc3o2)n2cncn2)cc1
CHEMBL3623227,Fc1ccc2c(c1)OC(c1ccccc1)CC2n1ccnc1
CHEMBL3623228,COc1cc(C2CC(=O)Oc3cc4c(cc32)OCO4)cc(OC)c1O
CHEMBL3623229,CCc1nc(C)cn1Cc1ccccc1CC(=O)O
CHEMBL3623230,c1ccc(Cn2c3ccccc3c3ccccc32)cc1
CHEMBL3623231,N#Cc1ccc(C(CCc2ccc(OS(N)(=O)=O)c(Br)c2)n2cncn2)cc1
CHEMBL3623232,N#Cc1ccc(N(Cc2ccc(OS(N)(=O)=O)cc2F)n2ccnc2)cc1
CHEMBL484584,C[C@]12CCC(=O)C(Oc3ccccc3)=C1CC[C@@H]1[C@@H]2CC[C@]2(C)C(=O)CC[C@@H]12
CHEMBL2331704,COC(C)(C)c1cncc(-c2ccc3c(c2)CCc2nnc(C)n2-3)c1
CHEMBL3622434,c1ccc(-c2nnc3n2-c2ccc(-c4cccnc4)cc2CC3)cc1
CHEMBL3623212,COc1cc(/C=C2\C[C@H]3[C@@H]4CC=C5C[C@@H](O)CC[C@]5(C)[C@H]4CC[C@]3(C)[C@H]2O)ccc1OCCCn1ccnc1
CHEMBL3623220,C[C@]12CC[C@@H]3c4cc(NC(=O)c5ccncc5)c(O)cc4CC[C@H]3[C@@H]1CCC2=O
CHEMBL3623221,C[C@]12CC[C@@H]3c4ccc(O)c(NC(=O)c5ccncc5)c4CC[C@H]3[C@@H]1CCC2=O
CHEMBL3747562,CCS(=O)(=O)NCc1cncc(-c2c(C#N)c3ccc(Cl)cc3n2C)c1
CHEMBL3752414,C[C@@H]1C[C@@]2(C)C(=CC1=O)CC[C@@H]1[C@@H]2CC[C@]2(C)C(=O)CC[C@@H]12
CHEMBL3753169,CC1(C)C[C@@]2(C)C(=CC1=O)CC[C@@H]1[C@@H]2CC[C@]2(C)C(=O)CC[C@@H]12
CHEMBL3753307,C=C1C[C@@]2(C)C(=CC1=O)CC[C@@H]1[C@@H]2CC[C@]2(C)C(=O)CC[C@@H]12
CHEMBL3754183,CC1=C[C@@]2(C)C(=CC1=O)CC[C@@H]1[C@@H]2CC[C@]2(C)C(=O)CC[C@@H]12
CHEMBL3753352,CC1=C[C@@]2(C)C(=CC1=O)[C@@H](Br)C[C@@H]1[C@@H]2CC[C@]2(C)C(=O)CC[C@@H]12
CHEMBL3753611,C[C@]12C=C(CCCc3ccccc3)C(=O)C=C1CC[C@@H]1[C@@H]2CC[C@]2(C)C(=O)CC[C@@H]12
CHEMBL3754516,C[C@]12CC[C@H](OC=O)C=C1C(=O)C[C@@H]1[C@@H]2CC[C@]2(C)C(=O)CC[C@@H]12
CHEMBL3752351,CC(=O)O[C@@H]1C=C2C(=O)C[C@@H]3[C@H](CC[C@]4(C)C(=O)CC[C@@H]34)[C@@]2(C)CC1
CHEMBL3752280,C[C@]12CCCC=C1C(=O)C[C@@H]1[C@@H]2CC[C@]2(C)C(=O)CC[C@@H]12
CHEMBL3754241,C[C@]12CCC(=O)C(Sc3ccccc3)=C1CC[C@@H]1[C@@H]2CC[C@]2(C)C(=O)CC[C@@H]12
CHEMBL3754489,C[C@]12CCC(=O)C(Oc3ccccc3)=C1C[C@@H](Sc1ccccc1)[C@@H]1[C@@H]2CC[C@]2(C)C(=O)CC[C@@H]12
CHEMBL3752892,C[C@]12CCC(=O)C(SCF)=C1CC[C@@H]1[C@@H]2CC[C@]2(C)C(=O)CC[C@@H]12
CHEMBL3754724,C[C@]12CCC(=O)C(SCCl)=C1CC[C@@H]1[C@@H]2CC[C@]2(C)C(=O)CC[C@@H]12
CHEMBL3754538,C[C@]12CCC(=O)C(c3ccc(OS(N)(=O)=O)cc3)=C1CC[C@@H]1[C@@H]2CC[C@]2(C)C(=O)CC[C@@H]12
CHEMBL3753645,C[C@]12CCC(=O)C=C1[C@@H](OC(=O)CBr)C[C@@H]1[C@@H]2CC[C@]2(C)C(=O)CC[C@@H]12
CHEMBL3751946,C[C@]12C=CC(=O)C=C1[C@@H](CC[N+](=O)[O-])C[C@@H]1[C@@H]2CC[C@]2(C)C(=O)CC[C@@H]12
CHEMBL3753463,C[C@]12C=CC(=O)C=C1[C@@H](CC=O)C[C@@H]1[C@@H]2CC[C@]2(C)C(=O)CC[C@@H]12
CHEMBL3752191,COC(=O)C1=C(C)NC(C)=C(C(=O)OC)C1C[C@H]1C[C@@H]2[C@H](CC[C@]3(C)C(=O)CC[C@@H]23)[C@@]2(C)C=CC(=O)C=C12
CHEMBL3753778,C[C@]12CC[C@H]3[C@@H](/C(=N/OCCCn4ccnc4)C=C4C[C@@H](O)CC[C@@]43C)[C@@H]1CC[C@@H]2O
CHEMBL3752381,CC(=O)O[C@H]1CC[C@@]2(C)C(=C/C(=N\OCCCn3ccnc3)[C@H]3[C@@H]4CC[C@H](OC(C)=O)[C@@]4(C)CC[C@@H]32)C1
CHEMBL3753182,C[C@]12CC[C@H]3[C@@H](CCC4=CC(=O)CC[C@@]43C(=O)C(F)(F)F)[C@@H]1CCC2=O
CHEMBL3752510,CSCC[C@]12CCC(=O)C=C1CC[C@@H]1C2=CC[C@]2(C)C(=O)CC[C@@H]12
CHEMBL3753104,C[C@]12CC=C3[C@@H](CCC4=CC(=O)CC[C@@]43CCSCF)[C@@H]1CCC2=O
CHEMBL3752689,COc1cc(/C=C2\C[C@H]3[C@@H]4CCC5=CC(=O)CC[C@]5(C)[C@H]4CC[C@]3(C)C2=O)ccc1OCCCn1ccnc1
CHEMBL3752285,C[C@]12C=CC(=O)C=C1CC[C@@H]1[C@@H]2CC[C@]2(C)C(=O)/C(=C/c3ccc4c(c3)OCO4)C[C@@H]12
CHEMBL3753842,CC(=O)O[C@H]1[C@@H]2[C@H](CC[C@]3(C)C(=O)CC[C@@H]23)[C@@]2(C)CCC(=O)C=C2[C@@H]1N=[N+]=[N-]
CHEMBL3754157,C[C@]12CCC(=O)C3=C1C(=Nc1ccccc1S3)C[C@@H]1[C@@H]2CC[C@]2(C)C(=O)CC[C@@H]12
CHEMBL3751913,C[C@]12CC[C@H]3[C@@H](Cc4nn(Cc5ccccc5)c5c4[C@]3(C)CCC5=O)[C@@H]1CC[C@@H]2O
CHEMBL3751984,C[C@]12CC[C@H]3[C@@H](Cc4n[nH]c5c4[C@]3(C)CCC5=O)[C@@H]1CC[C@@H]2O
CHEMBL3751861,C[C@]12CC[C@H]3[C@@H](Cc4noc5c4[C@]3(C)CC[C@@H]5O)[C@@H]1CC[C@@H]2O
CHEMBL3752050,C[C@]12CCC(=O)c3onc(c31)C[C@@H]1[C@@H]2CC[C@]2(C)C(=O)CC[C@@H]12
CHEMBL3752637,C[C@]12CC[C@H]3[C@@H](Cc4noc5c4[C@]3(C)CCC5=O)[C@@H]1CC[C@@H]2O
CHEMBL3752166,CN1N=C2[C@H](C[C@H]3[C@@H]4CCC5=CC(=O)C=C[C@]5(C)[C@H]4CC[C@]23C)[C@H]1c1ccccc1
CHEMBL3752216,COc1ccc([C@@H]2[C@H]3C[C@H]4[C@@H]5CCC6=CC(=O)C=C[C@]6(C)[C@H]5CC[C@]4(C)C3=NN2C)cc1
CHEMBL3754253,C[C@]12C=CC(=O)C=C1CC[C@@H]1[C@@H]2CC[C@]2(C)C3=NN(c4ccccc4)[C@H](c4ccccc4)[C@H]3C[C@@H]12
CHEMBL3754378,COc1ccc([C@@H]2[C@H]3C[C@H]4[C@@H]5CCC6=CC(=O)C=C[C@]6(C)[C@H]5CC[C@]4(C)C3=NN2c2ccccc2)cc1
CHEMBL3753403,C[C@H]1C[C@@]2(C)C(=CC1=O)CC[C@@H]1[C@@H]2CC[C@]2(C)C(=O)CC[C@@H]12
CHEMBL3794430,O=c1c(Cc2ccncc2)coc2ccccc12
CHEMBL3793091,O=c1c(Cc2ccncc2)coc2cc(F)ccc12
CHEMBL3793530,COc1ccc2c(=O)c(Cc3c[nH]cn3)coc2c1
CHEMBL3793576,O=c1c(Cc2c[nH]cn2)coc2cc(F)ccc12
CHEMBL3800417,C[C@]12CC[C@H]3[C@@H](CC[C@]45O[C@H]4CCC[C@]35C)[C@@H]1CCC2=O
CHEMBL3799363,C[C@]12CCC(=O)C=C1CC[C@@H]1C2=CC[C@]2(C)C(=O)CC[C@@H]12
CHEMBL489,CC/C(=C(\c1ccc(O)cc1)c1ccc(OCCN(C)C)cc1)c1ccccc1
CHEMBL3799189,C[C@H](O)C/C=C/CCCCC1Cc2cc(O)cc(O)c2C(=O)O1
CHEMBL3798461,C[C@]12CC[C@H]3C[C@H]3[C@@H]1CC[C@@H]1[C@@H]2CC[C@]2(C)C(=O)CC[C@@H]12
CHEMBL3805021,COC(=O)c1ccccc1S(=O)(=O)N1CCCC(Cn2ccnc2)C1
CHEMBL3805310,Cc1cc(S(=O)(=O)N2CCCC(Cn3ccnc3)C2)ccc1F
CHEMBL3805173,COc1ccc(S(=O)(=O)N2CCCC(Cn3ccnc3)C2)cc1F
CHEMBL3806301,O=[N+]([O-])c1cccc(Cl)c1Oc1cccc(S(=O)(=O)N2CCCC(Cn3ccnc3)C2)c1
CHEMBL3805481,O=S(=O)(c1ccc(F)c(Cl)c1)N1CCCC(Cn2ccnc2)C1
CHEMBL3805211,O=S(=O)(c1ccc2c(c1)OCCO2)N1CCCC(Cn2ccnc2)C1
CHEMBL3806151,O=S(=O)(c1cccc2nsnc12)N1CCCC(Cn2ccnc2)C1
CHEMBL3805851,O=S(=O)(c1ccc2nsnc2c1)N1CCCC(Cn2ccnc2)C1
CHEMBL3804849,O=C(O)c1cc(S(=O)(=O)N2CCCC(Cn3ccnc3)C2)ccc1O
CHEMBL3805678,COc1ccc(S(=O)(=O)N2CCCC(Cn3ccnc3)C2)c(OC)c1
CHEMBL3806282,N#Cc1ccc(S(=O)(=O)N2CCCC(Cn3ccnc3)C2)c(Cl)c1
CHEMBL3806159,O=S(=O)(c1ccc(F)c(F)c1)N1CCCC(Cn2ccnc2)C1
CHEMBL3806046,N#Cc1ccc(S(=O)(=O)N2CCCC(Cn3ccnc3)C2)cc1
CHEMBL3805839,O=S(=O)(c1ccc(F)c(F)c1F)N1CCCC(Cn2ccnc2)C1
CHEMBL3805814,COc1ccc(S(=O)(=O)N2CCCC(Cn3ccnc3)C2)cc1Br
CHEMBL3805149,COc1ccc(S(=O)(=O)N2CCCC(Cn3ccnc3)C2)cc1OC
CHEMBL3805048,O=S(=O)(c1ccc(F)cc1)N1CCCC(Cn2ccnc2)C1
CHEMBL3806185,Cc1cc(F)ccc1S(=O)(=O)N1CCCC(Cn2ccnc2)C1
CHEMBL3804993,COc1cc([N+](=O)[O-])ccc1S(=O)(=O)N1CCCC(Cn2ccnc2)C1
CHEMBL3805657,CS(=O)(=O)c1ccc(S(=O)(=O)N2CCCC(Cn3ccnc3)C2)cc1
CHEMBL3805008,O=[N+]([O-])c1ccc(S(=O)(=O)N2CCCC(Cn3ccnc3)C2)cc1C(F)(F)F
CHEMBL3805388,COc1c(C)cc(S(=O)(=O)N2CCCC(Cn3ccnc3)C2)c(C)c1C
CHEMBL3806075,COc1c(C)cc(S(=O)(=O)N2CCCC(Cn3ccnc3)C2)cc1C
CHEMBL3805820,COc1ccc(S(=O)(=O)N2CCCC(Cn3ccnc3)C2)c(C)c1C
CHEMBL3805539,O=S(=O)(c1ccc(OC2CCCC2)c(F)c1)N1CCCC(Cn2ccnc2)C1
CHEMBL3805733,O=S(=O)(c1ccc(OC2CCCC2)cc1)N1CCCC(Cn2ccnc2)C1
CHEMBL3818728,C=CC[C@@H]1CC2=CC(=O)CC[C@]2(C)[C@H]2CC[C@]3(C)C(=O)CC[C@H]3[C@H]12
CHEMBL3818338,C=CC[C@@H]1CC2=CCCC[C@]2(C)[C@H]2CC[C@]3(C)C(=O)CC[C@H]3[C@H]12
CHEMBL3819549,C=CC[C@@H]1CC2=CC(=O)C=C[C@]2(C)[C@H]2CC[C@]3(C)[C@@H](O)CC[C@H]3[C@H]12
CHEMBL3819184,C[C@]12CCC(=O)C=C1CC[C@@H]1[C@@H]2CC[C@]2(C)C(=O)C(n3ccnc3)C[C@@H]12
CHEMBL3818725,C[C@]12C=CC(=O)C=C1CC[C@@H]1[C@@H]2CC[C@]2(C)C(=O)C(n3ccnc3)C[C@@H]12
CHEMBL3818442,C[C@]12Cc3cc[nH]c3C(=O)[C@@H]1CC[C@@H]1[C@@H]2CC[C@]2(C)[C@@H](O)CC[C@@H]12
CHEMBL3818279,Fc1ccc(-c2cc(-n3cccc3)c3ccccc3n2)cc1
CHEMBL3818343,N#Cc1ccc(C(Cc2ccc(OS(N)(=O)=O)c(Br)c2)n2cncn2)cc1
CHEMBL3818720,COc1ccc2c(Cc3ccccc3)c(-c3ccc(Cl)cc3)c(=O)oc2c1
CHEMBL3827037,COc1cc(C2CC(=O)Oc3cc4c(cc32)OCO4)cc(OC)c1OC(C)=O
CHEMBL3905734,CCC(=C(c1ccc(N)cc1)c1ccc(N)cc1)c1ccc([N+](=O)[O-])cc1
CHEMBL3916057,CC(=C(c1ccc(N)cc1)c1ccc(N)cc1)c1ccc(N)cc1
CHEMBL3925065,CC(=C(c1ccc(O)cc1)c1ccc(OCC(N)=O)cc1)c1ccc([N+](=O)[O-])cc1
CHEMBL3942918,CC/C(=C(/c1ccc(O)cc1)c1ccc(OCC(N)=O)cc1)c1ccccc1
CHEMBL3944017,CCC(=C(c1ccc(N)cc1)c1ccc(N)cc1)c1ccc(N)cc1
CHEMBL3948254,CCC(=C(c1ccc(O)cc1)c1ccc(O)cc1)c1ccc(N)cc1
CHEMBL3961033,CC(=C(c1ccc(N)cc1)c1ccc(NCC(N)=O)cc1)c1ccc([N+](=O)[O-])cc1
CHEMBL3961452,CCC(=C(c1ccc(N)cc1)c1ccc(NCC(N)=O)cc1)c1ccc([N+](=O)[O-])cc1
CHEMBL3977491,CC(=C(c1ccc(O)cc1)c1ccc(O)cc1)c1ccc(N)cc1
CHEMBL3983734,CS(=O)(=O)N1CCN(c2ccc(OC[C@@H]3CO[C@@](Cn4ccnc4)(c4ccc(Cl)cc4Cl)O3)cc2)CC1
CHEMBL3984531,CC(=C(c1ccc(N)cc1)c1ccc(N)cc1)c1ccc([N+](=O)[O-])cc1
CHEMBL106,OC(Cn1cncn1)(Cn1cncn1)c1ccc(F)cc1F
CHEMBL1397,CC[C@@H]([C@H](C)O)n1ncn(-c2ccc(N3CCN(c4ccc(OC[C@@H]5CO[C@@](Cn6cncn6)(c6ccc(F)cc6F)C5)cc4)CC3)cc2)c1=O
CHEMBL3891718,Cn1ccnc1S(=O)(=O)N1CCN(c2ccc(OC[C@@H]3CO[C@@](Cn4ccnc4)(c4ccc(Cl)cc4Cl)O3)cc2)CC1
CHEMBL3893614,Fc1cncc(-c2nc3ccc(F)cn3c2C2CC2)c1
CHEMBL3894912,CC(C)S(=O)(=O)N1CCN(c2ccc(OC[C@@H]3CO[C@@](Cn4ccnc4)(c4ccc(Cl)cc4Cl)O3)cc2)CC1
CHEMBL3913908,CCS(=O)(=O)N1CCN(c2ccc(OC[C@@H]3CO[C@@](Cn4ccnc4)(c4ccc(Cl)cc4Cl)O3)cc2)CC1
CHEMBL3914106,Cc1ccnc(NS(=O)(=O)c2ccc(N/C=C\C(=O)c3cc4ccccc4oc3=O)cc2)n1
CHEMBL3919759,CCc1c(F)cncc1-c1nc2ccc(F)cn2c1C1CC1
CHEMBL3922888,O=S(=O)(C1CC1)N1CCN(c2ccc(OC[C@@H]3CO[C@@](Cn4ccnc4)(c4ccc(Cl)cc4Cl)O3)cc2)CC1
CHEMBL3923127,C[C@](O)(c1cncc(-c2nc3ccc(F)cn3c2C2CC2)c1)C(F)(F)F
CHEMBL3924170,COc1cnc(NS(=O)(=O)c2ccc(N/C=C\C(=O)c3cc4ccccc4oc3=O)cc2)nc1
CHEMBL3924257,Cc1c(F)cncc1-c1nc2ccc(F)cn2c1C1CC1
CHEMBL3926174,COc1ncnc(NS(=O)(=O)c2ccc(N/C=C\C(=O)c3cc4ccccc4oc3=O)cc2)c1OC
CHEMBL3931836,O=S(=O)(C1CCOCC1)N1CCN(c2ccc(OC[C@@H]3CO[C@@](Cn4ccnc4)(c4ccc(Cl)cc4Cl)O3)cc2)CC1
CHEMBL3938615,O=S(=O)(N1CCN(c2ccc(OC[C@@H]3CO[C@@](Cn4ccnc4)(c4ccc(Cl)cc4Cl)O3)cc2)CC1)C(F)(F)F
CHEMBL3941042,O=C(/C=C\Nc1ccc(S(=O)(=O)Nc2ccccn2)cc1)c1cc2ccccc2oc1=O
CHEMBL3948337,Fc1ccc2nc(-c3cncc4ccccc34)c(C3CC3)n2c1
CHEMBL3951973,Fc1cncc(-c2nc3cc(F)c(Cl)cn3c2C2CC2)c1
CHEMBL3952032,N#CCS(=O)(=O)N1CCN(c2ccc(OC[C@@H]3CO[C@@](Cn4ccnc4)(c4ccc(Cl)cc4Cl)O3)cc2)CC1
CHEMBL3959541,O=C(/C=C\Nc1ccc(S(=O)(=O)Nc2ccnn2-c2ccccc2)cc1)c1cc2ccccc2oc1=O
CHEMBL3960724,O=S(=O)(c1cccs1)N1CCN(c2ccc(OC[C@@H]3CO[C@@](Cn4ccnc4)(c4ccc(Cl)cc4Cl)O3)cc2)CC1
CHEMBL3964421,COCCS(=O)(=O)N1CCN(c2ccc(OC[C@@H]3CO[C@@](Cn4ccnc4)(c4ccc(Cl)cc4Cl)O3)cc2)CC1
CHEMBL3968178,O=S(=O)(C(F)F)N1CCN(c2ccc(OC[C@@H]3CO[C@@](Cn4ccnc4)(c4ccc(Cl)cc4Cl)O3)cc2)CC1
CHEMBL3980889,CS(=O)(=O)CS(=O)(=O)N1CCN(c2ccc(OC[C@@H]3CO[C@@](Cn4ccnc4)(c4ccc(Cl)cc4Cl)O3)cc2)CC1
CHEMBL4060208,O=C(/C=C\Nc1ccc(S(=O)(=O)Nc2nccs2)cc1)c1ccc2c(c1)Nc1ccccc1S2
CHEMBL4067000,CC(C)(O)c1cncc(-n2ncc3c(C(F)(F)F)cccc32)c1
CHEMBL4068601,O=C(/C=C\Nc1ccc(S(=O)(=O)Nc2cnc3ccccc3n2)cc1)c1ccc2c(c1)Nc1ccccc1S2
CHEMBL4070331,CCN(CC)c1ccc2cc(-c3cc4ccc(N(CC)CC)cc4oc3=O)c(=O)oc2c1
CHEMBL4071689,C[C@](O)(c1cncc(-n2nc(C(F)(F)F)c3ccccc32)c1)C(F)(F)F
CHEMBL4077259,N=C(N)NS(=O)(=O)c1ccc(N/C=C\C(=O)c2ccc3c(c2)Nc2ccccc2S3)cc1
CHEMBL4078790,CCOC(=O)c1csc(-c2cc3ccc(N(CC)CC)cc3oc2=O)n1
CHEMBL4080256,Cc1nn(-c2cncc([C@@](C)(O)C(F)(F)F)c2)c2ccccc12
CHEMBL4080420,Cc1nn(-c2cncc(C(C)(C)O)c2)c2cccc(F)c12
CHEMBL4080965,O=c1ccc2ccc(-c3ccncc3)cc2o1
CHEMBL4087613,CCN(CC)c1ccc2cc(-c3cnco3)c(=O)oc2c1
CHEMBL4098297,Cc1nn(-c2cncc([C@](C)(O)C(F)(F)F)c2)c2ccccc12
CHEMBL4098604,O=C(/C=C\Nc1ccc(S(=O)(=O)Nc2ccccn2)cc1)c1ccc2c(c1)Nc1ccccc1S2
CHEMBL4098990,O=c1ccc2ccc(-c3cccnc3)cc2o1
CHEMBL4103066,CCN(CC)c1ccc2cc(-c3nc(C)cs3)c(=O)oc2c1
CHEMBL4126284,CCS(=O)(=O)N1CCN(c2ccc(/C=C/c3cc(F)cc(-c4ccncc4)c3)cc2)CC1
CHEMBL4128368,O=S(=O)(N1CCN(c2ccc(/C=C/c3cc(F)cc(-c4ccncc4)c3)cc2)CC1)C(F)(F)F
CHEMBL4129721,CC(=O)N1CCN(c2ccc(/C=C/c3cc(F)cc(-c4ccncc4)c3)cc2)CC1
CHEMBL4159524,O=[N+]([O-])c1ccc(C(c2[nH]c3ccccc3c2CCNS(=O)(=O)c2ccc(C(F)(F)F)cc2)c2[nH]c3ccccc3c2CCNS(=O)(=O)c2ccc(C(F)(F)F)cc2)cc1
CHEMBL4163983,O=[N+]([O-])c1ccc(C(c2[nH]c3ccccc3c2CCNS(=O)(=O)c2ccc(F)cc2)c2[nH]c3ccccc3c2CCNS(=O)(=O)c2ccc(F)cc2)cc1
CHEMBL4165064,COc1ccc(S(=O)(=O)NCCc2c(C(c3ccccc3)c3[nH]c4ccccc4c3CCNS(=O)(=O)c3ccc(OC)cc3)[nH]c3ccccc23)cc1
CHEMBL4167430,N#Cc1ccc(C(c2[nH]c3ccccc3c2CCNS(=O)(=O)c2ccc(Cl)cc2)c2[nH]c3ccccc3c2CCNS(=O)(=O)c2ccc(Cl)cc2)cc1
CHEMBL4167841,N#Cc1ccc(C(c2[nH]c3ccccc3c2CCNS(=O)(=O)c2ccc(F)cc2)c2[nH]c3ccccc3c2CCNS(=O)(=O)c2ccc(F)cc2)cc1
CHEMBL4170393,Cc1ccc(S(=O)(=O)NCCc2c(C(c3ccccc3)c3[nH]c4ccccc4c3CCNS(=O)(=O)c3ccc(C)cc3)[nH]c3ccccc23)cc1
CHEMBL4172955,O=[N+]([O-])c1ccc(S(=O)(=O)NCCc2c(C(c3ccccc3)c3[nH]c4ccccc4c3CCNS(=O)(=O)c3ccc([N+](=O)[O-])cc3)[nH]c3ccccc23)cc1
CHEMBL4174637,O=[N+]([O-])c1ccc(C(c2[nH]c3ccccc3c2CCNS(=O)(=O)c2ccc(Br)cc2)c2[nH]c3ccccc3c2CCNS(=O)(=O)c2ccc(Br)cc2)cc1
CHEMBL129795,O=C(/C=C/c1ccc(O)cc1)c1ccc(O)cc1O
CHEMBL469266,O=[N+]([O-])c1ccc2[nH]c(-c3ccccc3)cc2c1
CHEMBL4159101,O=S(=O)(NCCc1c(C(c2ccc(F)cc2)c2[nH]c3ccccc3c2CCNS(=O)(=O)c2ccc(Cl)cc2)[nH]c2ccccc12)c1ccc(Cl)cc1
CHEMBL4159159,COc1ccc(-c2[nH]c3cc(Cl)ccc3c2Cn2cncn2)cc1
CHEMBL4159184,O=S(=O)(NCCc1c(C(c2ccc(C(F)(F)F)cc2)c2[nH]c3ccccc3c2CCNS(=O)(=O)c2ccc(Br)cc2)[nH]c2ccccc12)c1ccc(Br)cc1
CHEMBL4159550,COc1ccc(S(=O)(=O)NCCc2c(C3(c4[nH]c5ccccc5c4CCNS(=O)(=O)c4ccc(OC)cc4)C(=O)Nc4ccccc43)[nH]c3ccccc23)cc1
CHEMBL4160335,COc1ccc2c(Cn3ccnc3)c(-c3ccc(F)cc3)[nH]c2c1
CHEMBL4160591,O=S(=O)(NCCc1c(C(c2ccc(Br)cc2)c2[nH]c3ccccc3c2CCNS(=O)(=O)c2ccc(C(F)(F)F)cc2)[nH]c2ccccc12)c1ccc(C(F)(F)F)cc1
CHEMBL4161492,Fc1ccc(-c2[nH]c3cc(Cl)ccc3c2Cn2cncn2)cc1
CHEMBL4161789,Fc1ccc(-c2[nH]c3cc4c(cc3c2Cn2ccnc2)OCO4)cc1
CHEMBL4161859,COc1ccc(S(=O)(=O)NCCc2c(C(c3ccccc3O)c3[nH]c4ccccc4c3CCNS(=O)(=O)c3ccc(OC)cc3)[nH]c3ccccc23)cc1
CHEMBL4162163,Cc1ccc(S(=O)(=O)NCCc2c(C(c3ccccc3O)c3[nH]c4ccccc4c3CCNS(=O)(=O)c3ccc(C)cc3)[nH]c3ccccc23)cc1
CHEMBL4162549,COc1ccc2c(Cn3cncn3)c(-c3ccc(Cl)cc3)[nH]c2c1
CHEMBL4162572,O=[N+]([O-])c1cccc(S(=O)(=O)NCCc2c(C(c3ccc(O)cc3)c3[nH]c4ccccc4c3CCNS(=O)(=O)c3cccc([N+](=O)[O-])c3)[nH]c3ccccc23)c1
CHEMBL4162907,O=S(=O)(NCCc1c(C(c2ccc3c(c2)Cc2ccccc2-3)c2[nH]c3ccccc3c2CCNS(=O)(=O)c2ccc(Cl)cc2)[nH]c2ccccc12)c1ccc(Cl)cc1
CHEMBL4162931,Fc1ccc(-c2[nH]c3cc4c(cc3c2Cn2cncn2)OCO4)cc1
CHEMBL4163649,O=S(=O)(NCCc1c(C(c2ccc(C(F)(F)F)cc2)c2[nH]c3ccccc3c2CCNS(=O)(=O)c2ccc(Cl)cc2)[nH]c2ccccc12)c1ccc(Cl)cc1
CHEMBL4163704,COc1ccc(-c2[nH]c3cc(F)ccc3c2Cn2ccnc2)cc1
CHEMBL4164126,Clc1ccc(-c2[nH]c3cc(Cl)ccc3c2Cn2ccnc2)cc1
CHEMBL4165988,Fc1ccc2c(Cn3cncn3)c(-c3ccc(Cl)cc3)[nH]c2c1
CHEMBL4166016,O=S(=O)(NCCc1c(C(c2ccc(O)cc2)c2[nH]c3ccccc3c2CCNS(=O)(=O)c2ccc(Cl)cc2)[nH]c2ccccc12)c1ccc(Cl)cc1
CHEMBL4166364,O=[N+]([O-])c1ccccc1S(=O)(=O)NCCc1c(C(c2ccccc2O)c2[nH]c3ccccc3c2CCNS(=O)(=O)c2ccccc2[N+](=O)[O-])[nH]c2ccccc12
CHEMBL4166769,O=C1Nc2ccccc2C1(c1[nH]c2ccccc2c1CCNS(=O)(=O)c1ccc(Cl)cc1)c1[nH]c2ccccc2c1CCNS(=O)(=O)c1ccc(Cl)cc1
CHEMBL4167098,O=S(=O)(NCCc1c(C(c2ccc(F)cc2)c2[nH]c3ccccc3c2CCNS(=O)(=O)c2ccc(C(F)(F)F)cc2)[nH]c2ccccc12)c1ccc(C(F)(F)F)cc1
CHEMBL4167569,Fc1ccc2c(Cn3ccnc3)c(-c3ccc(Cl)cc3)[nH]c2c1
CHEMBL4168266,O=C1Nc2ccccc2C1(c1[nH]c2ccccc2c1CCNS(=O)(=O)c1ccccc1[N+](=O)[O-])c1[nH]c2ccccc2c1CCNS(=O)(=O)c1ccccc1[N+](=O)[O-]
CHEMBL4169419,Clc1ccc(-c2[nH]c3cc(Cl)ccc3c2Cn2cncn2)cc1
CHEMBL4169756,O=S(=O)(NCCc1c(C(c2ccc(F)cc2)c2[nH]c3ccccc3c2CCNS(=O)(=O)c2ccc(Br)cc2)[nH]c2ccccc12)c1ccc(Br)cc1
CHEMBL4169784,O=S(=O)(NCCc1c(C(c2ccccc2O)c2[nH]c3ccccc3c2CCNS(=O)(=O)c2ccc(Cl)cc2)[nH]c2ccccc12)c1ccc(Cl)cc1
CHEMBL4169808,COc1ccc(-c2[nH]c3cc(F)ccc3c2Cn2cncn2)cc1
CHEMBL4170175,CCn1c2ccccc2c2ccc(C(c3[nH]c4ccccc4c3CCNS(=O)(=O)c3ccc(Cl)cc3)c3[nH]c4ccccc4c3CCNS(=O)(=O)c3ccc(Cl)cc3)cc21
CHEMBL4170504,O=S(=O)(NCCc1c(C(c2ccc(O)cc2)c2[nH]c3ccccc3c2CCNS(=O)(=O)c2ccc(C(F)(F)F)cc2)[nH]c2ccccc12)c1ccc(C(F)(F)F)cc1
CHEMBL4170868,Clc1ccc(-c2[nH]c3cc4c(cc3c2Cn2cncn2)OCO4)cc1
CHEMBL4170941,COc1ccc2c(Cn3ccnc3)c(-c3ccc(Cl)cc3)[nH]c2c1
CHEMBL4171198,O=S(=O)(NCCc1c(C(c2ccc(Br)cc2)c2[nH]c3ccccc3c2CCNS(=O)(=O)c2ccc(Cl)cc2)[nH]c2ccccc12)c1ccc(Cl)cc1
CHEMBL4171996,Fc1ccc(-c2[nH]c3cc(Cl)ccc3c2Cn2ccnc2)cc1
CHEMBL4172433,Clc1ccc(-c2[nH]c3cc4c(cc3c2Cn2ccnc2)OCO4)cc1
CHEMBL4172837,O=[N+]([O-])c1ccc(S(=O)(=O)NCCc2c(C(c3ccccc3O)c3[nH]c4ccccc4c3CCNS(=O)(=O)c3ccc([N+](=O)[O-])cc3)[nH]c3ccccc23)cc1
CHEMBL4173231,COc1ccc2c(Cn3cncn3)c(-c3ccc(F)cc3)[nH]c2c1
CHEMBL4173619,COc1ccc(S(=O)(=O)NCCc2c(C(c3cc(OC)c(O)c(OC)c3)c3[nH]c4ccccc4c3CCNS(=O)(=O)c3ccc(OC)cc3)[nH]c3ccccc23)cc1
CHEMBL4173941,COc1ccc(S(=O)(=O)NCCc2c(C(c3ccc(O)cc3)c3[nH]c4ccccc4c3CCNS(=O)(=O)c3ccc(OC)cc3)[nH]c3ccccc23)cc1
CHEMBL4174326,O=S(=O)(NCCc1c(C(c2ccc(C(F)(F)F)cc2)c2[nH]c3ccccc3c2CCNS(=O)(=O)c2ccc(C(F)(F)F)cc2)[nH]c2ccccc12)c1ccc(C(F)(F)F)cc1
CHEMBL4174373,COc1ccc(-c2[nH]c3cc(Cl)ccc3c2Cn2ccnc2)cc1
CHEMBL4174670,O=C1Nc2ccccc2C1(c1[nH]c2ccccc2c1CCNS(=O)(=O)c1cccc([N+](=O)[O-])c1)c1[nH]c2ccccc2c1CCNS(=O)(=O)c1cccc([N+](=O)[O-])c1
CHEMBL4175438,Fc1ccc(-c2[nH]c3cc(F)ccc3c2Cn2ccnc2)cc1
CHEMBL4175698,N#Cc1ccc(C(c2[nH]c3ccccc3c2CCNS(=O)(=O)c2ccc(C(F)(F)F)cc2)c2[nH]c3ccccc3c2CCNS(=O)(=O)c2ccc(C(F)(F)F)cc2)cc1
CHEMBL4176600,Fc1ccc(-c2[nH]c3cc(F)ccc3c2Cn2cncn2)cc1
CHEMBL4176982,O=[N+]([O-])c1cccc(S(=O)(=O)NCCc2c(C(c3ccccc3O)c3[nH]c4ccccc4c3CCNS(=O)(=O)c3cccc([N+](=O)[O-])c3)[nH]c3ccccc23)c1
CHEMBL4209034,c1cncc(-c2cc3ccccc3[nH]2)c1
CHEMBL4210489,C#Cc1c(-c2ccccc2)[nH]c2ccccc12
CHEMBL118266,c1cncc(-c2csc(-c3cccnc3)n2)c1
CHEMBL509962,N#Cc1ccc2[nH]c(-c3ccccc3)cc2c1
CHEMBL1371590,O=S(=O)(NCCc1c[nH]c2ccccc12)c1ccccc1
CHEMBL1424243,Clc1ccc2[nH]c(-c3ccccc3)cc2c1
CHEMBL2299369,S=C(NCc1cccc(CNC(=S)Nc2ccc(Cl)cc2)c1)Nc1ccc(Cl)cc1
CHEMBL4126996,O=S(=O)(C1CC1)N1CCN(c2ccc(/C=C/c3cc(F)cc(-c4ccncc4)c3)cc2)CC1
CHEMBL4204862,Brc1ccc2[nH]c(-c3ccccc3)cc2c1
CHEMBL4207850,N#Cc1ccc2[nH]c(-c3cccnc3)cc2c1
CHEMBL4212655,Cc1ccccc1-c1cc2cc([N+](=O)[O-])ccc2[nH]1
CHEMBL4216885,Cn1c(-c2ccccc2)cc2cc([N+](=O)[O-])ccc21
CHEMBL4224728,COc1ccccc1-c1csc(-c2ncccn2)n1
CHEMBL4224875,c1cnc(-c2nc(-c3ccco3)cs2)nc1
CHEMBL4224993,COc1ccc(-c2csc(-c3ncccn3)n2)cc1
CHEMBL4225257,Clc1cccc(-c2csc(-c3ncccn3)n2)c1
CHEMBL4225521,c1ccc(-c2csc(-c3ncccn3)n2)nc1
CHEMBL4225998,c1cnc(-c2nc(-c3cc4ccccc4s3)cs2)nc1
CHEMBL4227126,Oc1ccc(-c2csc(-c3ncccn3)n2)cc1
CHEMBL4227385,Oc1ccccc1-c1csc(-c2ncccn2)n1
CHEMBL4227458,c1cnc(-c2nc(-c3ccncc3)cs2)nc1
CHEMBL4227725,c1cnc(-c2nc(-c3cccs3)cs2)nc1
CHEMBL4227979,Oc1cccc(-c2csc(-c3ncccn3)n2)c1
CHEMBL4228031,Cn1c(-c2csc(-c3ncccn3)n2)nc2ccccc21
CHEMBL4228236,Cc1ccc(O)c(-c2csc(-c3ncccn3)n2)c1
CHEMBL4228244,c1cnc(-c2nc(-c3nc4ccccc4s3)cs2)nc1
CHEMBL4228303,c1cnc(-c2nc(-c3cccnc3)cs2)nc1
CHEMBL4228495,Oc1ccc(Cl)cc1-c1csc(-c2ncccn2)n1
CHEMBL4228753,COc1cccc(-c2csc(-c3ncccn3)n2)c1
CHEMBL4228819,c1cnc(-c2nc(-c3cc4ccccc4o3)cs2)nc1
CHEMBL4229012,Clc1ccccc1-c1csc(-c2ncccn2)n1
CHEMBL4229074,COc1ccc(O)c(-c2csc(-c3ncccn3)n2)c1
CHEMBL4229272,Clc1ccc(-c2csc(-c3ncccn3)n2)cc1
CHEMBL4288256,O=S(=O)(c1cccc(OC(F)(F)F)c1)N1CCN(c2ccc(/C=C/c3cc(Cl)cc(Cn4ccnc4)c3)cc2)CC1
CHEMBL4289930,CC(=O)N1CCN(c2ccc(CO[C@H]3CO[C@](Cn4ccnc4)(c4ccc(Cl)cc4Cl)OC3)cc2)CC1
CHEMBL4436270,Cc1cc(C)c(C)c(S(=O)(=O)NCc2cccc(CNS(=O)(=O)c3c(C)c(C)cc(C)c3C)c2)c1C
CHEMBL4439561,O=[N+]([O-])c1cccc(S(=O)(=O)NCc2cccc(CNS(=O)(=O)c3cccc([N+](=O)[O-])c3)c2)c1
CHEMBL4439573,Fc1cc2nc(-c3cncnc3C(F)(F)F)n(C3CC3)c2cc1F
CHEMBL4444996,N#Cc1ccc(S(=O)(=O)NCc2cccc(CNS(=O)(=O)c3ccc(C#N)cc3)c2)cc1
CHEMBL4449929,Cc1ccc(S(=O)(=O)NCc2cccc(CNS(=O)(=O)c3ccc(C)cc3)c2)cc1
CHEMBL4460718,O=S(=O)(NCc1cccc(CNS(=O)(=O)c2ccc(Cl)cc2)c1)c1ccc(Cl)cc1
CHEMBL4462178,O=S(=O)(NCc1cccc(CNS(=O)(=O)c2ccc3ccccc3c2)c1)c1ccc2ccccc2c1
CHEMBL4464506,O=S(=O)(Cc1ccccc1)NCCc1c[nH]c2ccccc12
CHEMBL4516755,Cc1ccc(S(=O)(=O)Nc2ccc3cc[nH]c3c2)cc1
CHEMBL4531367,COc1ccc(S(=O)(=O)NCc2cccc(CNS(=O)(=O)c3ccc(OC)cc3)c2)cc1
CHEMBL4536389,O=S(=O)(NCc1cccc(CNS(=O)(=O)c2ccc(F)cc2)c1)c1ccc(F)cc1
CHEMBL4537791,O=S(=O)(Cc1ccccc1)Nc1ccc2[nH]ccc2c1
CHEMBL4555477,O=[N+]([O-])c1ccccc1S(=O)(=O)NCc1cccc(CNS(=O)(=O)c2ccccc2[N+](=O)[O-])c1
CHEMBL4556427,O=S(=O)(NCc1cccc(CNS(=O)(=O)c2ccc(C(F)(F)F)cc2)c1)c1ccc(C(F)(F)F)cc1
CHEMBL4564431,Cc1[nH]c2ccccc2c1/C=N\Nc1ccc(Cl)cc1
CHEMBL4567479,CC(=O)c1ccc(S(=O)(=O)NCc2cccc(CNS(=O)(=O)c3ccc(C(C)=O)cc3)c2)cc1
CHEMBL4590541,O=S(=O)(NCc1cccc(CNS(=O)(=O)c2ccc(Br)cc2)c1)c1ccc(Br)cc1
CHEMBL487113,C[C@@H]1CC2=CC(=O)CC[C@]2(C)[C@H]2CC[C@]3(C)C(=O)CC[C@H]3[C@H]12
CHEMBL1991089,COC(=O)c1ccc(NCC2=CC(=O)c3ccccc3C2=O)cc1
CHEMBL1997442,COc1ccc2c(c1)C(N)=C(Cc1ccncc1)C2=O
CHEMBL2299368,O=[N+]([O-])c1ccc(NC(=S)NCc2cccc(CNC(=S)Nc3ccc([N+](=O)[O-])cc3)c2)cc1
CHEMBL3751881,C[C@H]1C[C@@H]2[C@H](CC[C@]3(C)C(=O)CC[C@@H]23)[C@@]2(C)CCCC=C12
CHEMBL3754471,C[C@H]1C[C@@H]2[C@H](CC[C@]3(C)C(=O)CC[C@@H]23)[C@@]2(C)CCC(=O)C=C12
CHEMBL4437198,CC[C@H](Nc1cc(C)nc(Nc2cccc(O)c2)n1)c1nccs1
CHEMBL4446561,O=S(=O)(Nc1cccc(NS(=O)(=O)c2ccc(Cl)cc2)c1)c1ccc(Cl)cc1
CHEMBL4448018,Nc1cccc(S(=O)(=O)NCc2cccc(CNS(=O)(=O)c3cccc(N)c3)c2)c1
CHEMBL4451962,C[C@@H]1CC2=CCCC[C@]2(C)[C@H]2CC[C@]3(C)C(=O)CC[C@H]3[C@H]12
CHEMBL4453737,O=C(CCc1ccc(O)c(Cl)c1)NCc1csc(=O)[nH]1
CHEMBL4454575,C=CC[C@@H]1CC2=C(O)C(=O)CC[C@]2(C)[C@H]2CC[C@]3(C)C(=O)CC[C@H]3[C@H]12
CHEMBL4460869,C[C@H]1C[C@@H]2[C@H](CC[C@]3(C)C(=O)CC[C@@H]23)[C@@]2(C)CC[C@H]3O[C@H]3[C@H]12
CHEMBL4465348,N#Cc1ccc(N(Cc2ccc(OS(N)(=O)=O)cc2F)n2cnnc2)cc1
CHEMBL4468497,C=CC[C@H]1C[C@@H]2[C@H](CC[C@]3(C)C(=O)CC[C@@H]23)[C@@]2(C)CCC(=O)C(O)=C12
CHEMBL4474808,N[C@@H]1CCN(Cc2cc(O)c3cc(F)ccc3n2)C[C@H]1O
CHEMBL4514474,O=[N+]([O-])c1ccc(N(Cc2cccc(C(F)(F)F)c2)n2cnnc2)cc1Br
CHEMBL4514728,C=CC[C@H]1C[C@@H]2[C@H](CC[C@]3(C)C(=O)CC[C@@H]23)[C@@]2(C)CCC(=O)C=C12
CHEMBL4515880,C[C@]12CCC(=O)C=C1[C@H](O)C[C@@H]1[C@@H]2CC[C@]2(C)C(=O)CC[C@@H]12
CHEMBL4520027,C[C@]12CCC(=O)C=C1[C@@H](O)C[C@@H]1[C@@H]2CC[C@]2(C)C(=O)CC[C@@H]12
CHEMBL4520056,C=CC[C@H]1C[C@@H]2[C@H](CC[C@]3(C)C(=O)CC[C@@H]23)[C@@]2(C)CCCC=C12
CHEMBL4520995,O=[N+]([O-])c1ccc(N(Cc2ccc(Br)cc2)n2cnnc2)cc1
CHEMBL4526798,O=[N+]([O-])c1ccc(N(Cc2ccc(C(F)(F)F)cc2)n2cnnc2)cc1Br
CHEMBL4527809,N#Cc1ccc(S(=O)(=O)NCc2ccc(CNS(=O)(=O)c3ccc(C#N)cc3)cc2)cc1
CHEMBL4536893,O=[N+]([O-])c1ccc(N(Cc2ccccc2)n2cnnc2)cc1Br
CHEMBL4540847,Oc1ccc2c(c1)O[C@@H](c1ccccc1)C[C@@H]2n1ccnc1
CHEMBL4543747,COc1ccc(S(=O)(=O)Nc2cccc(NS(=O)(=O)c3ccc(OC)cc3)c2)cc1
CHEMBL4546916,N#Cc1cccc(CN(c2ccc([N+](=O)[O-])c(-c3ccccc3)c2)n2cnnc2)c1
CHEMBL4547558,O=[N+]([O-])c1ccc(Nn2cnnc2)cc1Br
CHEMBL4556775,O=[N+]([O-])c1ccc(N(Cc2cccc(C(F)(F)F)c2)n2cnnc2)cc1-c1ccccc1
CHEMBL4560281,O=[N+]([O-])c1ccc(N(Cc2ccc(C(F)(F)F)cc2)n2cnnc2)cc1-c1ccccc1
CHEMBL4563511,O=[N+]([O-])c1cccc(CN(c2ccc([N+](=O)[O-])c(-c3ccccc3)c2)n2cnnc2)c1
CHEMBL4564168,N#Cc1ccccc1CN(c1ccc([N+](=O)[O-])c(Br)c1)n1cnnc1
CHEMBL4564333,C[C@H]1C[C@@H]2[C@H](CC[C@]3(C)C(=O)CC[C@@H]23)[C@@]2(C)CCC=C[C@H]12
CHEMBL4568316,O=C1c2c(O)ccc(O)c2C(=O)c2c(NCCCO)ccc(NCCCO)c21
CHEMBL4568674,N#Cc1cccc(CN(c2ccc([N+](=O)[O-])c(Br)c2)n2cnnc2)c1
CHEMBL4570681,O=[N+]([O-])c1ccc(S(=O)(=O)NCc2cccc(CNS(=O)(=O)c3ccc([N+](=O)[O-])cc3)c2)cc1
CHEMBL4574913,O=[N+]([O-])c1ccc(N(Cc2ccc(Cl)cc2)n2cnnc2)cc1Br
CHEMBL4575939,O=[N+]([O-])c1cccc(CN(c2ccc([N+](=O)[O-])c(Br)c2)n2cnnc2)c1
CHEMBL4575994,C=CC[C@H]1C[C@@H]2[C@H](CC[C@]3(C)C(=O)CC[C@@H]23)[C@@]2(C)C=CC(=O)C=C12
CHEMBL4583456,COc1ccc2c(c1)O[C@@H](c1ccccc1)C[C@@H]2n1ccnc1
CHEMBL4592407,O=[N+]([O-])c1ccc(N(Cc2ccccc2)n2cnnc2)cc1-c1ccccc1
CHEMBL4632445,CCC#CCOc1ccc2c(=O)c3ccc(Cn4ccnc4)cc3oc2c1
CHEMBL4634777,CCC#CCOc1cc(Cn2ccnc2)c2oc3ccccc3c(=O)c2c1
CHEMBL4639677,CCC#CCOc1cc(Cn2ccnc2)c2c(=O)c3ccccc3oc2c1
CHEMBL4747849,N#CCC(=C(c1ccc(O)cc1)c1ccc(O)cc1)c1ccc(O)cc1
CHEMBL4763409,N#CCC(=C(c1ccc(O)cc1)c1ccc(O)cc1)c1ccccc1
CHEMBL4777271,Oc1ccc(C(=C(Cn2ccnc2)c2ccccc2)c2ccc(O)cc2)cc1
CHEMBL4780337,Oc1ccc(C(Cn2ccnc2)=C(c2ccc(O)cc2)c2ccc(O)cc2)cc1
CHEMBL4797578,Oc1ccc(C(=C(Cn2cncn2)c2ccccc2)c2ccc(O)cc2)cc1
CHEMBL16782,COc1ccc2c(=O)cc(-c3ccccc3)oc2c1
CHEMBL69011,Nc1ccc(/C=C/c2ccccc2)cc1
CHEMBL185,O=c1[nH]cc(F)c(=O)[nH]1
CHEMBL4743255,N#CCC(=C(c1ccc(O)cc1)c1ccc(O)cc1)c1ccc(O)c(F)c1
CHEMBL4745681,Nc1ccc(C(Cn2cnnc2)=C(c2ccc(O)cc2)c2ccc(O)cc2)cc1
CHEMBL4749692,Oc1ccc(C(Cn2cnnc2)=C(c2ccc(O)cc2)c2ccc(O)cc2)cc1
CHEMBL4750835,Nc1ccc(C(Cn2cncn2)=C(c2ccc(O)cc2)c2ccc(O)cc2)cc1
CHEMBL4752568,Oc1ccc(C(=C(Cn2cnnc2)c2ccc(O)c(F)c2)c2ccc(O)cc2)cc1
CHEMBL4753594,Oc1ccc(C(=C(Cn2ccnc2)c2ccc(O)c(F)c2)c2ccc(O)cc2)cc1
CHEMBL4753984,Oc1ccc(C(Cn2cncn2)=C(c2ccc(O)cc2)c2ccc(O)cc2)cc1
CHEMBL4755831,Nc1ccc(C(Cn2ccnc2)=C(c2ccc(O)cc2)c2ccc(O)cc2)cc1
CHEMBL4760286,N#CCC(=C(c1ccc(O)cc1)c1ccc(O)cc1)c1ccc(N)cc1
CHEMBL4761359,Nc1cccc(C(Cn2ccnc2)=C(c2ccc(O)cc2)c2ccc(O)cc2)c1
CHEMBL4764457,Oc1ccc(C(=C(Cn2cncn2)c2ccc(O)c(F)c2)c2ccc(O)cc2)cc1
CHEMBL4778401,Oc1ccc(C(=C(Cn2ccnc2)c2cccc(O)c2)c2ccc(O)cc2)cc1
CHEMBL4847316,N#Cc1ccc(S(=O)(=O)Nc2ccc(/N=N/c3ccccc3)cc2)cc1
CHEMBL4852023,CC(C)c1cc(O)c2c(c1)CC[C@H]1C(C)(C)CCC[C@]21C
CHEMBL4858552,O=C(NCc1ccccc1)OC(Cn1ccnc1)c1ccccc1
CHEMBL4859743,C[C@@H]1O[C@]2(C(C)(C)O)C=C3CC[C@H]4C(C)(C)CCC[C@]4(C)[C@@]31OO2
CHEMBL4863718,C=C[C@]1(C)C=C2CC[C@H]3C(C)(C)CCC[C@]3(C)[C@H]2CC1
CHEMBL4866633,C[C@H]1C[C@]2(O)O[C@@]1(C)C=C1CC[C@H]3C(C)(C)CCC[C@]3(C)[C@H]12
CHEMBL4868867,COc1ccc(S(=O)(=O)N(Cc2nc3ccccc3[nH]2)c2ccc(/N=N/c3ccccc3)cc2)c(OC)c1
CHEMBL4870604,COc1ccc(S(=O)(=O)Nc2ccc(/N=N/c3ccccc3)cc2)c(OC)c1
CHEMBL4874326,O=C(Nc1ccc(Cl)cc1)OC(COc1ccccc1)Cn1ccnc1
CHEMBL4874928,C=C[C@@]1(C)CC(=O)C2=C(CC[C@H]3C(C)(C)CCC[C@]23C)C1
CHEMBL4875917,CC(C)c1cc(O)c2c(c1)[C@H](O)C[C@H]1C(C)(C)CCC[C@]21C
CHEMBL5069811,CC(Cc1cccnc1)=C(c1ccc(O)cc1)c1ccc(O)cc1
CHEMBL5072101,CCC(Cn1ccnc1)=C(c1ccc(O)cc1)c1ccc(O)cc1
CHEMBL5074047,CCC(CCc1c[nH]cn1)=C(c1ccc(O)cc1)c1ccc(O)cc1
CHEMBL5075144,CCC(=C(c1ccc(O)cc1)c1ccc(O)cc1)c1c[nH]cn1
CHEMBL5080066,CCC(Cc1cccnc1)=C(c1ccc(O)cc1)c1ccc(O)cc1
CHEMBL5081446,CC(CCc1c[nH]cn1)=C(c1ccc(O)cc1)c1ccc(O)cc1
CHEMBL5082245,CCC(=C(c1ccc(O)cc1)c1ccc(O)cc1)c1cccnc1
CHEMBL5082681,CC(=C(c1ccc(O)cc1)c1ccc(O)cc1)c1c[nH]cn1
CHEMBL5087363,CC(Cn1ccnc1)=C(c1ccc(O)cc1)c1ccc(O)cc1
CHEMBL5092560,CCC(CCc1cccnc1)=C(c1ccc(O)cc1)c1ccc(O)cc1
CHEMBL5092843,CC(CCc1cccnc1)=C(c1ccc(O)cc1)c1ccc(O)cc1
CHEMBL5173597,CC#CCOc1ccc2cc(C(c3ccc(F)cc3)n3cncn3)oc2c1
CHEMBL5174567,CC#CCOc1ccc2cc(C(c3ccc(Cl)cc3)n3cncn3)oc2c1
CHEMBL5175025,Oc1ccc(C(c2cc3cc(Cl)ccc3o2)n2cncn2)cc1
CHEMBL5175340,Oc1ccc2cc(C(c3ccc(F)cc3)n3cncn3)oc2c1
CHEMBL5177269,CCC#CCOc1ccc2cc(C(c3ccc(F)cc3)n3cncn3)oc2c1
CHEMBL5178202,Oc1ccc2oc(C(c3ccc(Cl)cc3)n3cncn3)cc2c1
CHEMBL5184004,CCOc1ccc2cc(C(c3ccc(Cl)cc3)n3cncn3)oc2c1
CHEMBL5186519,COc1ccc2oc(C(c3ccc(Cl)cc3)n3cncn3)cc2c1
CHEMBL5195433,Cc1c(-c2nocc2C(=O)SC#N)c(=O)n(-c2ccccc2)n1C
CHEMBL5197552,C#CCOc1ccc2cc(C(c3ccc(Cl)cc3)n3cncn3)oc2c1
CHEMBL5203413,CC#CCOc1ccc2cc(C(c3ccc(C#N)cc3)n3cncn3)oc2c1
CHEMBL5204674,CCC#CCOc1ccc2oc(C(c3ccc(Cl)cc3)n3cncn3)cc2c1
CHEMBL5205534,CCC#CCOc1ccc2cc(C(c3ccc(Cl)cc3)n3cncn3)oc2c1
CHEMBL296411,COc1ccc(/C=C/c2cc(OC)cc(OC)c2)cc1
CHEMBL3132924,COc1ccccc1/C=C/c1ccc(OC)c(OC)c1
CHEMBL3754720,C[C@]12C[C@@H](Cl)C(=O)C=C1CC[C@@H]1[C@@H]2CC[C@]2(C)C(=O)CC[C@@H]12
CHEMBL3753620,C[C@]12C[C@@H](Br)C(=O)C=C1CC[C@@H]1[C@@H]2CC[C@]2(C)C(=O)CC[C@@H]12
CHEMBL3752976,C[C@]12C[C@@H](O)C(=O)C=C1CC[C@@H]1[C@@H]2CC[C@]2(C)C(=O)CC[C@@H]12
CHEMBL3751945,CO[C@@H]1C[C@@]2(C)C(=CC1=O)CC[C@@H]1[C@@H]2CC[C@]2(C)C(=O)CC[C@@H]12
CHEMBL3754174,CCO[C@@H]1C[C@@]2(C)C(=CC1=O)CC[C@@H]1[C@@H]2CC[C@]2(C)C(=O)CC[C@@H]12
CHEMBL3752500,CSC1=C2CC[C@@H]3[C@H](CC[C@]4(C)C(=O)CC[C@@H]34)[C@@]2(C)CCC1=O
CHEMBL3754054,C[C@]12C=CC(=O)C=C1C=C(CCc1ccccc1)[C@@H]1[C@@H]2CC[C@]2(C)C(=O)CC[C@@H]12
CHEMBL3754505,C[C@]12CCC(=O)C=C1C=C(Cc1ccccc1)[C@@H]1[C@@H]2CC[C@]2(C)C(=O)CC[C@@H]12
CHEMBL3753089,C[C@]12CCC(=O)C=C1C=C(CCc1ccccc1)[C@@H]1[C@@H]2CC[C@]2(C)C(=O)CC[C@@H]12
CHEMBL3752591,C[C@]12C=CC(=O)C=C1C[C@@H](Cc1ccccc1)[C@@H]1[C@@H]2CC[C@]2(C)C(=O)CC[C@@H]12
CHEMBL3754259,C[C@]12C=CC(=O)C=C1C[C@@H](CCc1ccccc1)[C@@H]1[C@@H]2CC[C@]2(C)C(=O)CC[C@@H]12
CHEMBL3753447,C[C@]12C=CC(=O)C=C1C[C@@H](CCCc1ccccc1)[C@@H]1[C@@H]2CC[C@]2(C)C(=O)CC[C@@H]12
CHEMBL3752221,C[C@]12C=CC(=O)C=C1C[C@@H](CCc1ccc([N+](=O)[O-])cc1)[C@@H]1[C@@H]2CC[C@]2(C)C(=O)CC[C@@H]12
CHEMBL3754055,C[C@]12C=CC(=O)C=C1C[C@@H](CCc1ccc(N)cc1)[C@@H]1[C@@H]2CC[C@]2(C)C(=O)CC[C@@H]12
CHEMBL3753373,C[C@]12C=CC(=O)C=C1C[C@@H](CCCc1ccc([N+](=O)[O-])cc1)[C@@H]1[C@@H]2CC[C@]2(C)C(=O)CC[C@@H]12
CHEMBL5176279,CCOC(=O)Cc1csc(N/N=C/c2ccc3cc(OC)ccc3c2)n1
CHEMBL5177928,COc1ccc2cc(/C=N/NC3=NC(=O)CS3)ccc2c1
CHEMBL5179009,CCC#CCOc1ccc2cc(C(c3ccc(C#N)cc3)n3cncn3)oc2c1
CHEMBL5265837,C[C@]12CCC(=O)C=C1C=C(CCc1ccc([N+](=O)[O-])cc1)[C@@H]1[C@@H]2CC[C@]2(C)C(=O)CC[C@@H]12
CHEMBL5266491,C[C@]12CCC(=O)C(O)=C1CC[C@@H]1C2=CC[C@]2(C)C(=O)CC[C@@H]12
CHEMBL5267848,COCSC1=C2CC[C@@H]3[C@H](CC[C@]4(C)C(=O)CC[C@@H]34)[C@@]2(C)CCC1=O
CHEMBL5268471,C[C@@H]1C[C@@]2(C=O)C(=CC1=O)CC[C@@H]1[C@@H]2CC[C@]2(C)C(=O)CC[C@@H]12
CHEMBL5268776,C[C@]12CCC(=O)C(SCCl)=C1CC[C@@H]1C2=CC[C@]2(C)C(=O)CC[C@@H]12
CHEMBL5269293,C[C@]12CCC(=O)C=C1C=C(Cc1ccc([N+](=O)[O-])cc1)[C@@H]1[C@@H]2CC[C@]2(C)C(=O)CC[C@@H]12
CHEMBL5270023,CC#CCOc1ccc2cc(C(O)(c3ccc(F)cc3)c3cccnc3)oc2c1
CHEMBL5270074,CCCCC(=O)O[C@H]1C[C@@H]2[C@H](CC[C@]3(C)C(=O)CC[C@@H]23)[C@@]2(C)CCC(=O)C=C12
CHEMBL5270517,CC1(C)C[C@@]2(C=O)C(=CC1=O)CC[C@@H]1[C@@H]2CC[C@]2(C)C(=O)CC[C@@H]12
CHEMBL5271052,COc1ccc2cc(C(O)(c3ccc(Br)cc3)c3cccnc3)oc2c1
CHEMBL5271543,C[C@]12CCC(=O)C(S)=C1CC[C@@H]1C2=CC[C@]2(C)C(=O)CC[C@@H]12
CHEMBL5271636,Cc1c(-c2csc(Cl)n2)c(=O)n(-c2ccccc2)n1C
CHEMBL5272700,CC#CCOc1ccc2cc(C(O)(c3ccc(Cl)cc3)c3cccnc3)oc2c1
CHEMBL5273888,CCCC(=O)O[C@H]1C[C@@H]2[C@H](CC[C@]3(C)C(=O)CC[C@@H]23)[C@@]2(C)CCC(=O)C=C12
CHEMBL5273960,COCOC1=C2CC[C@@H]3[C@H](CC[C@]4(C)C(=O)CC[C@@H]34)[C@@]2(C)CCC1=O
CHEMBL5274290,CC(=O)O[C@H]1C[C@@H]2[C@H](CC[C@]3(C)C(=O)CC[C@@H]23)[C@@]2(C)CCC(=O)C=C12
CHEMBL5274335,CCC#CCOc1ccc2cc(C(O)(c3ccc(F)cc3)c3cccnc3)oc2c1
CHEMBL5276820,C[C@]12CCC(=O)C=C1C=C(CCc1ccc(N)cc1)[C@@H]1[C@@H]2CC[C@]2(C)C(=O)CC[C@@H]12
CHEMBL5277776,CCC#CCOc1ccc2cc(C(O)(c3ccc(Br)cc3)c3cccnc3)oc2c1
CHEMBL5277901,C[C@]12CCC(=O)C(S)=C1CC[C@@H]1[C@@H]2CC[C@]2(C)C(=O)CC[C@@H]12
CHEMBL5278036,COc1ccc2cc(C(O)(c3cccnc3)c3ccc(Cl)cc3Cl)oc2c1
CHEMBL5278342,CCC(=O)O[C@H]1C[C@@H]2[C@H](CC[C@]3(C)C(=O)CC[C@@H]23)[C@@]2(C)CCC(=O)C=C12
CHEMBL5279139,CC1(C)C[C@@]2(CO)C(=CC1=O)CC[C@@H]1[C@@H]2CC[C@]2(C)C(=O)CC[C@@H]12
CHEMBL5280326,CCC#CCOc1ccc2cc(C(O)(c3ccc(Cl)cc3)c3cccnc3)oc2c1
CHEMBL5281972,Cc1c(-c2nocc2SC#N)c(=O)n(-c2ccccc2)n1C
CHEMBL5283375,CSCSC1=C2CC[C@@H]3C(=CC[C@]4(C)C(=O)CC[C@@H]34)[C@@]2(C)CCC1=O
CHEMBL5283822,CC#CCOc1ccc2cc(C(O)(c3ccc(Br)cc3)c3cccnc3)oc2c1
CHEMBL5286895,C[C@@H]1C[C@@]2(CO)C(=CC1=O)CC[C@@H]1[C@@H]2CC[C@]2(C)C(=O)CC[C@@H]12
CHEMBL5287750,Oc1ccc(/C=C/c2cc(O)cc(OCc3ccccc3)c2)cc1
CHEMBL5290960,C[C@]12CCC(=O)C=C1C=C(Cc1ccc(N)cc1)[C@@H]1[C@@H]2CC[C@]2(C)C(=O)CC[C@@H]12
CHEMBL1230438,C[C@]12CCC(=O)C[C@@H]1CC[C@@H]1[C@@H]2CC[C@]2(C)C(=O)CC[C@@H]12
CHEMBL2057976,C[C@]12CCCC[C@@H]1CC[C@@H]1[C@@H]2CC[C@]2(C)C(=O)CC[C@@H]12
CHEMBL3752998,CCCCCC(=O)O[C@H]1C[C@@H]2[C@H](CC[C@]3(C)C(=O)CC[C@@H]23)[C@@]2(C)CCC(=O)C=C12
CHEMBL3752038,C[C@]12CCC(=O)C=C1[C@@H](OCc1ccccc1)C[C@@H]1[C@@H]2CC[C@]2(C)C(=O)CC[C@@H]12
CHEMBL3752208,C[C@]12C=CC(=O)C=C1C=C(c1ccccc1)[C@@H]1[C@@H]2CC[C@]2(C)C(=O)CC[C@@H]12
CHEMBL3754204,C[C@]12C=CC(=O)C=C1C=C(Cc1ccccc1)[C@@H]1[C@@H]2CC[C@]2(C)C(=O)CC[C@@H]12
CHEMBL5266984,C[C@]12C=CC(=O)C=C1[C@@H](OCc1ccccc1)C[C@@H]1[C@@H]2CC[C@]2(C)C(=O)CC[C@@H]12
CHEMBL5267234,C[C@]12C=CC(=O)C=C1[C@H](OCc1ccccc1)C[C@@H]1[C@@H]2CC[C@]2(C)C(=O)CC[C@@H]12
CHEMBL5267936,C[C@]12CC[C@H](O)C[C@@H]1CC[C@@H]1[C@@H]2CC[C@]2(C)C(=O)/C(=C\c3ccccc3)C[C@@H]12
CHEMBL5268117,CC(=O)O[C@H]1C[C@@H]2[C@H](CC[C@]3(C)C(=O)CC[C@@H]23)[C@@]2(C)C=CC(=O)C=C12
CHEMBL5268139,C[C@]12CCC(=O)C=C1[C@@H](Oc1ccccc1)C[C@@H]1[C@@H]2CC[C@]2(C)C(=O)CC[C@@H]12
CHEMBL5268850,CCOC1=C[C@@H]2[C@H](CC[C@]3(C)C(=O)CC[C@@H]23)[C@@]2(C)CCC(=O)C=C12
CHEMBL5269004,CCCO[C@H]1C[C@@H]2[C@H](CC[C@]3(C)C(=O)CC[C@@H]23)[C@@]2(C)CCC(=O)C=C12
CHEMBL5269555,C[C@]12CC[C@@H]3C4CCC(=O)C=C4C(=O)C[C@H]3[C@@H]1CCC2=O
CHEMBL5269898,CO[C@@H]1C[C@@H]2[C@H](CC[C@]3(C)C(=O)CC[C@@H]23)[C@@]2(C)CCC(=O)C=C12
CHEMBL5270578,COC1=C[C@@H]2[C@H](CC[C@]3(C)C(=O)CC[C@@H]23)[C@@]2(C)C=CC(=O)C=C12
CHEMBL5270764,CCO[C@@H]1C[C@@H]2[C@H](CC[C@]3(C)C(=O)CC[C@@H]23)[C@@]2(C)CCC(=O)C=C12
CHEMBL5270927,C[C@]12C=CC(=O)C=C1[C@H](Oc1ccccc1)C[C@@H]1[C@@H]2CC[C@]2(C)C(=O)CC[C@@H]12
CHEMBL5271509,C[C@]12CC[C@@H]3C4CCC(=O)C=C4CC[C@H]3[C@@H]1CCC2=O
CHEMBL5271678,CCO[C@H]1C[C@@H]2[C@H](CC[C@]3(C)C(=O)CC[C@@H]23)[C@@]2(C)CCC(=O)C=C12
CHEMBL5272287,CCCCCCCC(=O)O[C@H]1C[C@@H]2[C@H](CC[C@]3(C)C(=O)CC[C@@H]23)[C@@]2(C)CCC(=O)C=C12
CHEMBL5275053,CO[C@H]1C[C@@H]2[C@H](CC[C@]3(C)C(=O)CC[C@@H]23)[C@@]2(C)CCC(=O)C=C12
CHEMBL5275063,CCCCC(=O)O[C@@H]1C[C@@H]2[C@H](CC[C@]3(C)C(=O)CC[C@@H]23)[C@@]2(C)CCC(=O)C=C12
CHEMBL5275417,CCCCCC(=O)O[C@@H]1C[C@@H]2[C@H](CC[C@]3(C)C(=O)CC[C@@H]23)[C@@]2(C)CCC(=O)C=C12
CHEMBL5275933,COc1ccc(/C=C2/C[C@H]3[C@@H]4CC[C@H]5C[C@@H](O)CC[C@]5(C)[C@H]4CC[C@]3(C)C2=O)cc1
CHEMBL5276194,CCCCO[C@H]1C[C@@H]2[C@H](CC[C@]3(C)C(=O)CC[C@@H]23)[C@@]2(C)C=CC(=O)C=C12
CHEMBL5277162,CCO[C@H]1C[C@@H]2[C@H](CC[C@]3(C)C(=O)CC[C@@H]23)[C@@]2(C)C=CC(=O)C=C12
CHEMBL5277980,CCCCCCCC(=O)O[C@@H]1C[C@@H]2[C@H](CC[C@]3(C)C(=O)CC[C@@H]23)[C@@]2(C)CCC(=O)C=C12
CHEMBL5278107,CCOC1=C[C@@H]2[C@H](CC[C@]3(C)C(=O)CC[C@@H]23)[C@@]2(C)C=CC(=O)C=C12
CHEMBL5279329,COC1=C[C@@H]2[C@H](CC[C@]3(C)C(=O)CC[C@@H]23)[C@@]2(C)CCC(=O)C=C12
CHEMBL5279458,CCCO[C@@H]1C[C@@H]2[C@H](CC[C@]3(C)C(=O)CC[C@@H]23)[C@@]2(C)CCC(=O)C=C12
CHEMBL5280059,C[C@]12CCC(=O)C=C1[C@H](OCc1ccccc1)C[C@@H]1[C@@H]2CC[C@]2(C)C(=O)CC[C@@H]12
CHEMBL5281249,C[C@]12CCC(=O)C=C1[C@H](Oc1ccccc1)C[C@@H]1[C@@H]2CC[C@]2(C)C(=O)CC[C@@H]12
CHEMBL5282019,CC(=O)O[C@@H]1C[C@@H]2[C@H](CC[C@]3(C)C(=O)CC[C@@H]23)[C@@]2(C)CCC(=O)C=C12
CHEMBL5283868,CCCCO[C@@H]1C[C@@H]2[C@H](CC[C@]3(C)C(=O)CC[C@@H]23)[C@@]2(C)C=CC(=O)C=C12
CHEMBL5284524,CC(=O)O[C@@H]1C[C@@H]2[C@H](CC[C@]3(C)C(=O)CC[C@@H]23)[C@@]2(C)C=CC(=O)C=C12
CHEMBL5284663,CCCC(=O)O[C@@H]1C[C@@H]2[C@H](CC[C@]3(C)C(=O)CC[C@@H]23)[C@@]2(C)CCC(=O)C=C12
CHEMBL5285644,C[C@]12CC[C@H](OC(=O)C(F)(F)F)C[C@@H]1CC[C@@H]1[C@@H]2CC[C@]2(C)C(=O)/C(=C\c3ccccc3)C[C@@H]12
CHEMBL5286289,C[C@]12C=CC(=O)C=C1C[C@H](c1ccc(N)cc1)[C@@H]1[C@@H]2CC[C@]2(C)C(=O)CC[C@@H]12
CHEMBL5286772,CCCCCC(=O)O[C@H]1C[C@@H]2[C@H](CC[C@]3(C)C(=O)CC[C@@H]23)[C@@]2(C)C=CC(=O)C=C12
CHEMBL5287473,CCCCCCC(=O)O[C@@H]1C[C@@H]2[C@H](CC[C@]3(C)C(=O)CC[C@@H]23)[C@@]2(C)CCC(=O)C=C12
CHEMBL5288485,CCC(=O)O[C@@H]1C[C@@H]2[C@H](CC[C@]3(C)C(=O)CC[C@@H]23)[C@@]2(C)CCC(=O)C=C12
CHEMBL5289279,C[C@]12C=CC(=O)C=C1[C@@H](Oc1ccccc1)C[C@@H]1[C@@H]2CC[C@]2(C)C(=O)CC[C@@H]12
CHEMBL5289646,CO[C@H]1C[C@@H]2[C@H](CC[C@]3(C)C(=O)CC[C@@H]23)[C@@]2(C)C=CC(=O)C=C12
CHEMBL5290133,CCCCCCC(=O)O[C@H]1C[C@@H]2[C@H](CC[C@]3(C)C(=O)CC[C@@H]23)[C@@]2(C)CCC(=O)C=C12
CHEMBL5290320,CCCCO[C@H]1C[C@@H]2[C@H](CC[C@]3(C)C(=O)CC[C@@H]23)[C@@]2(C)CCC(=O)C=C12
CHEMBL5290446,CCCCCC(=O)O[C@@H]1C[C@@H]2[C@H](CC[C@]3(C)C(=O)CC[C@@H]23)[C@@]2(C)C=CC(=O)C=C12
CHEMBL5290784,C[C@]12CCC(=O)C[C@@H]1C(=O)C[C@@H]1[C@@H]2CC[C@]2(C)C(=O)CC[C@@H]12
CHEMBL5290788,C[C@]12CCC(=O)C=C1C(=O)C[C@@H]1[C@@H]2CC[C@]2(C)C(=O)CC[C@@H]12
CHEMBL5291406,CCCCO[C@@H]1C[C@@H]2[C@H](CC[C@]3(C)C(=O)CC[C@@H]23)[C@@]2(C)CCC(=O)C=C12
CHEMBL5265808,CC(=O)N1N=C2[C@H](C[C@H]3[C@@H]4CC[C@H]5C[C@@H](OC(=O)C(F)(F)F)CC[C@]5(C)[C@H]4CC[C@]23C)[C@H]1c1ccccc1
CHEMBL5266995,COc1ccc([C@@H]2[C@H]3C[C@H]4[C@@H]5CC[C@H]6CC(=O)CC[C@]6(C)[C@H]5CC[C@]4(C)C3=NN2c2ccccc2)cc1
CHEMBL5267423,C[C@]12CCC(=O)C[C@@H]1CC[C@@H]1[C@@H]2CC[C@]2(C)C3=NN[C@H](c4ccccc4)[C@H]3C[C@@H]12
CHEMBL5267929,C[C@]12CC[C@@H]3c4ccc(O)c(NC(=O)c5cccnc5)c4CC[C@H]3[C@@H]1CCC2=O
CHEMBL5268211,CCC[C@@H]1C[C@@]2(C)C(=CC1=O)CC[C@@H]1[C@@H]2CC[C@]2(C)C(=O)CC[C@@H]12
CHEMBL5268721,CCCCC1=C[C@@]2(C)C(=CC1=O)CC[C@@H]1[C@@H]2CC[C@]2(C)C(=O)CC[C@@H]12
CHEMBL5269083,CCC(=O)N1N=C2[C@H](C[C@H]3[C@@H]4CC[C@H]5C[C@@H](OC(=O)C(F)(F)F)CC[C@]5(C)[C@H]4CC[C@]23C)[C@H]1c1ccc(OC)cc1
CHEMBL5269756,COc1ccc([C@@H]2[C@H]3C[C@H]4[C@@H]5CC[C@H]6C[C@@H](OC(=O)C(F)(F)F)CC[C@]6(C)[C@H]5CC[C@]4(C)C3=NN2C)cc1
CHEMBL5269979,CCCCCCC1=C[C@@]2(C)C(=CC1=O)CC[C@@H]1[C@@H]2CC[C@]2(C)C(=O)CC[C@@H]12
CHEMBL5270376,CC(=O)N1N=C2[C@H](C[C@H]3[C@@H]4CCC5=CC(=O)C=C[C@]5(C)[C@H]4CC[C@]23C)[C@H]1c1ccccc1
CHEMBL5270644,COc1ccc([C@@H]2[C@H]3C[C@H]4[C@@H]5CC[C@H]6C[C@@H](OC(=O)C(F)(F)F)CC[C@]6(C)[C@H]5CC[C@]4(C)C3=NN2c2ccccc2)cc1
CHEMBL5270920,C[C@]12CC[C@H](OC(=O)C(F)(F)F)C[C@@H]1CC[C@@H]1[C@@H]2CC[C@]2(C)C3=NN(c4ccccc4)[C@H](c4ccccc4)[C@H]3C[C@@H]12
CHEMBL5272328,CCCC[C@@H]1C[C@@]2(C)C(=CC1=O)CC[C@@H]1[C@@H]2CC[C@]2(C)C(=O)CC[C@@H]12
CHEMBL5272564,CC(=O)N1N=C2[C@H](C[C@H]3[C@@H]4CC[C@H]5CC(=O)CC[C@]5(C)[C@H]4CC[C@]23C)[C@H]1c1ccccc1
CHEMBL5273646,CCC(=O)N1N=C2[C@H](C[C@H]3[C@@H]4CC[C@H]5C[C@@H](OC(=O)C(F)(F)F)CC[C@]5(C)[C@H]4CC[C@]23C)[C@H]1c1ccccc1
CHEMBL5274501,CCCCCC[C@@H]1C[C@@]2(C)C(=CC1=O)CC[C@@H]1[C@@H]2CC[C@]2(C)C(=O)CC[C@@H]12
CHEMBL5274777,C[C@]12CC[C@H](O)C[C@@H]1CC[C@@H]1[C@@H]2CC[C@]2(C)C3=NN(c4ccccc4)[C@H](c4ccccc4)[C@H]3C[C@@H]12
CHEMBL5276017,CN1N=C2[C@H](C[C@H]3[C@@H]4CC[C@H]5C[C@@H](O)CC[C@]5(C)[C@H]4CC[C@]23C)[C@H]1c1ccccc1
CHEMBL5276018,C/C=C1\CC[C@@]2(C)[C@@H](CC[C@@H]3[C@@H]2CC[C@]2(C)C4=NN(C)[C@H](c5ccccc5)[C@H]4C[C@@H]32)C1
CHEMBL5276442,CN1N=C2[C@H](C[C@H]3[C@@H]4CC[C@H]5CC(=O)CC[C@]5(C)[C@H]4CC[C@]23C)[C@H]1c1ccccc1
CHEMBL5276919,COc1ccc([C@@H]2[C@H]3C[C@H]4[C@@H]5CC[C@H]6C[C@@H](OC(=O)C(F)(F)F)CC[C@]6(C)[C@H]5CC[C@]4(C)C3=NN2C(C)=O)cc1
CHEMBL5279864,C[C@]12C=CC(=O)C=C1CC[C@@H]1[C@@H]2CC[C@]2(C)C(=O)C(Br)C[C@@H]12
CHEMBL5280054,CCCCCCCC1=C[C@@]2(C)C(=CC1=O)CC[C@@H]1[C@@H]2CC[C@]2(C)C(=O)CC[C@@H]12
CHEMBL5281207,COc1ccc([C@H]2NN=C3[C@@H]2C[C@H]2[C@@H]4CC[C@H]5C[C@@H](O)CC[C@]5(C)[C@H]4CC[C@]32C)cc1
CHEMBL5281632,C[C@]12CC[C@@H]3c4cc(NC(=O)c5cccnc5)c(O)cc4CC[C@H]3[C@@H]1CCC2=O
CHEMBL5281823,CN1N=C2[C@H](C[C@H]3[C@@H]4CC[C@H]5C[C@@H](OC(=O)C(F)(F)F)CC[C@]5(C)[C@H]4CC[C@]23C)[C@H]1c1ccccc1
CHEMBL5281951,COc1ccc([C@@H]2[C@H]3C[C@H]4[C@@H]5CC[C@H]6C[C@@H](O)CC[C@]6(C)[C@H]5CC[C@]4(C)C3=NN2c2ccccc2)cc1
CHEMBL5282873,CC(=O)O[C@H]1[C@@H](n2ccnc2)C[C@H]2[C@@H]3CC=C4C[C@@H](N5CCCC5)CC[C@]4(C)[C@H]3CC[C@@]21C
CHEMBL5283138,C[C@]12CC[C@@H]3c4cc(NC(=O)c5ccccn5)c(O)cc4CC[C@H]3[C@@H]1CCC2=O
CHEMBL5283268,C[C@]12CC[C@H](O)C[C@@H]1CC[C@@H]1[C@@H]2CC[C@]2(C)C3=NN[C@H](c4ccccc4)[C@H]3C[C@@H]12
CHEMBL5283707,COc1ccc([C@@H]2[C@H]3C[C@H]4[C@@H]5CCC6=CC(=O)C=C[C@]6(C)[C@H]5CC[C@]4(C)C3=NN2C(C)=O)cc1
CHEMBL5283978,COc1ccc([C@H]2NN=C3[C@@H]2C[C@H]2[C@@H]4CC[C@H]5CC(=O)CC[C@]5(C)[C@H]4CC[C@]32C)cc1
CHEMBL5285831,CCCCC[C@@H]1C[C@@]2(C)C(=CC1=O)CC[C@@H]1[C@@H]2CC[C@]2(C)C(=O)CC[C@@H]12
CHEMBL5285990,CCCC1=C[C@@]2(C)C(=CC1=O)CC[C@@H]1[C@@H]2CC[C@]2(C)C(=O)CC[C@@H]12
CHEMBL5286151,C[C@]12C=CC(=O)C=C1CC[C@@H]1[C@@H]2CC[C@]2(C)C3=NN[C@H](c4ccccc4)[C@H]3C[C@@H]12
CHEMBL5286458,C[C@]12CC[C@@H]3c4ccc(OC(=O)c5ccno5)cc4CC[C@H]3[C@@H]1CCC2=O
CHEMBL5286506,C/C=C1\CC[C@@]2(C)[C@@H](CC[C@@H]3[C@@H]2CC[C@]2(C)C4=NN(C)[C@H](c5ccc(OC)cc5)[C@H]4C[C@@H]32)C1
CHEMBL5286569,COc1ccc([C@H]2NN=C3[C@@H]2C[C@H]2[C@@H]4CCC5=CC(=O)C=C[C@]5(C)[C@H]4CC[C@]32C)cc1
CHEMBL5287070,C/C=C1\CC[C@@]2(C)[C@@H](CC[C@@H]3[C@@H]2CC[C@]2(C)C4=NN(c5ccccc5)[C@H](c5ccccc5)[C@H]4C[C@@H]32)C1
CHEMBL5287331,COc1ccc([C@@H]2[C@H]3C[C@H]4[C@@H]5CC[C@H]6CC(=O)CC[C@]6(C)[C@H]5CC[C@]4(C)C3=NN2C(C)=O)cc1
CHEMBL5288187,CCC1=C[C@@]2(C)C(=CC1=O)CC[C@@H]1[C@@H]2CC[C@]2(C)C(=O)CC[C@@H]12
CHEMBL5288360,C/C=C1\CC[C@@]2(C)[C@@H](CC[C@@H]3[C@@H]2CC[C@]2(C)C4=NN(c5ccccc5)[C@H](c5ccc(OC)cc5)[C@H]4C[C@@H]32)C1
CHEMBL5288725,C[C@]12CCC(=O)C[C@@H]1CC[C@@H]1[C@@H]2CC[C@]2(C)C3=NN(c4ccccc4)[C@H](c4ccccc4)[C@H]3C[C@@H]12
CHEMBL5289056,C[C@]12CC[C@@H]3c4ccc(O)c(NC(=O)c5ccccn5)c4CC[C@H]3[C@@H]1CCC2=O
CHEMBL5289229,C[C@]12CCC(=O)C=C1CC[C@@H]1[C@@H]2CC[C@]2(C)C(=O)C(Br)C[C@@H]12
CHEMBL5289535,CCCCCC1=C[C@@]2(C)C(=CC1=O)CC[C@@H]1[C@@H]2CC[C@]2(C)C(=O)CC[C@@H]12
CHEMBL5289628,COc1ccc([C@@H]2[C@H]3C[C@H]4[C@@H]5CC[C@H]6C[C@@H](O)CC[C@]6(C)[C@H]5CC[C@]4(C)C3=NN2C)cc1
CHEMBL5290731,C[C@]12CC[C@H](O)CC1=CC[C@@H]1[C@@H]2CC[C@]2(C)C(=O)[C@@H](n3ccnc3)C[C@@H]12
CHEMBL5291483,COc1ccc([C@@H]2[C@H]3C[C@H]4[C@@H]5CC[C@H]6CC(=O)CC[C@]6(C)[C@H]5CC[C@]4(C)C3=NN2C)cc1
CHEMBL5291490,COc1ccc(/C=C2/C[C@H]3[C@@H]4CC[C@H]5C[C@@H](OC(=O)C(F)(F)F)CC[C@]5(C)[C@H]4CC[C@]3(C)C2=O)cc1
CHEMBL3245348,CCCCS[C@@H]1CC2=CC(=O)CC[C@]2(C)[C@H]2CC[C@]3(C)C(=O)CC[C@H]3[C@H]12
CHEMBL3245350,C[C@]12CCC(=O)C=C1C[C@@H](SCc1ccccc1)[C@@H]1[C@@H]2CC[C@]2(C)C(=O)CC[C@@H]12
CHEMBL3245353,C[C@]12CCC(=O)C=C1C[C@@H](SCCc1ccccc1)[C@@H]1[C@@H]2CC[C@]2(C)C(=O)CC[C@@H]12
CHEMBL3245356,COc1ccc(CS[C@@H]2CC3=CC(=O)CC[C@]3(C)[C@H]3CC[C@]4(C)C(=O)CC[C@H]4[C@H]23)cc1
CHEMBL3245357,C[C@]12CCC(=O)C=C1C[C@@H](Sc1ccc(N)cc1)[C@@H]1[C@@H]2CC[C@]2(C)C(=O)CC[C@@H]12
CHEMBL3753272,COC1=C[C@@]2(C)C(=CC1=O)CC[C@@H]1[C@@H]2CC[C@]2(C)C(=O)CC[C@@H]12
CHEMBL3752650,CCCCC[C@@H]1C[C@@H]2[C@H](CC[C@]3(C)C(=O)CC[C@@H]23)[C@@]2(C)CCC(=O)C=C12
CHEMBL3754285,CCCCCC[C@@H]1C[C@@H]2[C@H](CC[C@]3(C)C(=O)CC[C@@H]23)[C@@]2(C)CCC(=O)C=C12
CHEMBL3754366,CCCCCCCC[C@@H]1C[C@@H]2[C@H](CC[C@]3(C)C(=O)CC[C@@H]23)[C@@]2(C)CCC(=O)C=C12
CHEMBL3752625,CCCCC[C@H]1C[C@@H]2[C@H](CC[C@]3(C)C(=O)CC[C@@H]23)[C@@]2(C)CCC(=O)C=C12
CHEMBL3754063,CCCCCC[C@H]1C[C@@H]2[C@H](CC[C@]3(C)C(=O)CC[C@@H]23)[C@@]2(C)CCC(=O)C=C12
CHEMBL3751897,CCCCCCCC[C@H]1C[C@@H]2[C@H](CC[C@]3(C)C(=O)CC[C@@H]23)[C@@]2(C)CCC(=O)C=C12
CHEMBL3753810,CC[C@@H]1C[C@@H]2[C@H](CC[C@]3(C)C(=O)CC[C@@H]23)[C@@]2(C)C=CC(=O)C=C12
CHEMBL3752065,CCCCC[C@@H]1C[C@@H]2[C@H](CC[C@]3(C)C(=O)CC[C@@H]23)[C@@]2(C)C=CC(=O)C=C12
CHEMBL3754220,C[C@@H]1C[C@@H]2[C@H](CC[C@]3(C)C(=O)CC[C@@H]23)[C@@]2(C)CCC(=O)C=C12
CHEMBL3752661,CC[C@@H]1C[C@@H]2[C@H](CC[C@]3(C)C(=O)CC[C@@H]23)[C@@]2(C)CCC(=O)C=C12
CHEMBL3752102,CCCC[C@@H]1C[C@@H]2[C@H](CC[C@]3(C)C(=O)CC[C@@H]23)[C@@]2(C)CCC(=O)C=C12
CHEMBL3753920,C=C[C@@H]1C[C@@H]2[C@H](CC[C@]3(C)C(=O)CC[C@@H]23)[C@@]2(C)CCC(=O)C=C12
CHEMBL3754260,C[C@]12CCC(=O)C=C1C=C(c1ccccc1)[C@@H]1[C@@H]2CC[C@]2(C)C(=O)CC[C@@H]12
CHEMBL5266867,CCCCOC1=C[C@@]2(C)C(=CC1=O)CC[C@@H]1[C@@H]2CC[C@]2(C)C(=O)CC[C@@H]12
CHEMBL5266927,CCCC[C@H]1C[C@@H]2[C@H](CC[C@]3(C)C(=O)CC[C@@H]23)[C@@]2(C)C=CC(=O)C=C12
CHEMBL5266933,CCC[C@H]1C[C@@H]2[C@H](CC[C@]3(C)C(=O)CC[C@@H]23)[C@@]2(C)C=CC(=O)C=C12
CHEMBL5268195,C[C@]12C[C@@H](CCc3ccccc3)C(=O)C=C1CC[C@@H]1[C@@H]2CC[C@]2(C)C(=O)CC[C@@H]12
CHEMBL5269029,Cc1ccc(CC[C@@H]2C[C@@]3(C)C(=CC2=O)CC[C@@H]2[C@@H]3CC[C@]3(C)C(=O)CC[C@@H]23)cc1
CHEMBL5269206,CCCCC[C@H]1C[C@@H]2[C@H](CC[C@]3(C)C(=O)CC[C@@H]23)[C@@]2(C)C=CC(=O)C=C12
CHEMBL5269208,C[C@]12C[C@@H](CCCc3ccccc3)C(=O)C=C1CC[C@@H]1[C@@H]2CC[C@]2(C)C(=O)CC[C@@H]12
CHEMBL5270259,Cc1ccc(CCC2=C[C@@]3(C)C(=CC2=O)CC[C@@H]2[C@@H]3CC[C@]3(C)C(=O)CC[C@@H]23)cc1
CHEMBL5273309,C[C@]12C=C(CCCCc3ccccc3)C(=O)C=C1CC[C@@H]1[C@@H]2CC[C@]2(C)C(=O)CC[C@@H]12
CHEMBL5273362,CCCCCC[C@H]1C[C@@H]2[C@H](CC[C@]3(C)C(=O)CC[C@@H]23)[C@@]2(C)C=CC(=O)C=C12
CHEMBL5273618,C[C@H]1C[C@@H]2[C@H](CC[C@]3(C)C(=O)CC[C@@H]23)[C@@]2(C)C=CC(=O)C=C12
CHEMBL5277286,C[C@]12C=C(Cc3ccccc3)C(=O)C=C1CC[C@@H]1[C@@H]2CC[C@]2(C)C(=O)CC[C@@H]12
CHEMBL5278102,C[C@]12CCC(=O)C=C1[C@H](c1ccccc1)C[C@@H]1[C@@H]2CC[C@]2(C)C(=O)CC[C@@H]12
CHEMBL5279060,C#C[C@@H]1C[C@@H]2[C@H](CC[C@]3(C)C(=O)CC[C@@H]23)[C@@]2(C)CCC(=O)C=C12
CHEMBL5279752,C[C@]12C[C@@H](Cc3ccccc3)C(=O)C=C1CC[C@@H]1[C@@H]2CC[C@]2(C)C(=O)CC[C@@H]12
CHEMBL5279883,CCCC[C@@H]1C[C@@H]2[C@H](CC[C@]3(C)C(=O)CC[C@@H]23)[C@@]2(C)C=CC(=O)C=C12
CHEMBL5281599,CCOC1=C[C@@]2(C)C(=CC1=O)CC[C@@H]1[C@@H]2CC[C@]2(C)C(=O)CC[C@@H]12
CHEMBL5282309,CC[C@H]1C[C@@H]2[C@H](CC[C@]3(C)C(=O)CC[C@@H]23)[C@@]2(C)C=CC(=O)C=C12
CHEMBL5283920,C[C@@H]1C[C@@H]2[C@H](CC[C@]3(C)C(=O)CC[C@@H]23)[C@@]2(C)C=CC(=O)C=C12
CHEMBL5284015,CC(C)[C@@H]1C[C@@H]2[C@H](CC[C@]3(C)C(=O)CC[C@@H]23)[C@@]2(C)CCC(=O)C=C12
CHEMBL5284198,C[C@]12C=C(CCc3ccccc3)C(=O)C=C1CC[C@@H]1[C@@H]2CC[C@]2(C)C(=O)CC[C@@H]12
CHEMBL5284912,CCCCCCC[C@H]1C[C@@H]2[C@H](CC[C@]3(C)C(=O)CC[C@@H]23)[C@@]2(C)C=CC(=O)C=C12
CHEMBL5285274,C[C@]12C=C(CCc3ccc(C(F)(F)F)cc3)C(=O)C=C1CC[C@@H]1[C@@H]2CC[C@]2(C)C(=O)CC[C@@H]12
CHEMBL5285647,CCCCCC[C@@H]1C[C@@H]2[C@H](CC[C@]3(C)C(=O)CC[C@@H]23)[C@@]2(C)C=CC(=O)C=C12
CHEMBL5285813,C[C@]12C[C@@H](CCc3ccc(C(F)(F)F)cc3)C(=O)C=C1CC[C@@H]1[C@@H]2CC[C@]2(C)C(=O)CC[C@@H]12
CHEMBL5288828,CCC[C@@H]1C[C@@H]2[C@H](CC[C@]3(C)C(=O)CC[C@@H]23)[C@@]2(C)C=CC(=O)C=C12
CHEMBL5288881,CCC[C@@H]1C[C@@H]2[C@H](CC[C@]3(C)C(=O)CC[C@@H]23)[C@@]2(C)CCC(=O)C=C12
CHEMBL5289206,CCCCCCC[C@@H]1C[C@@H]2[C@H](CC[C@]3(C)C(=O)CC[C@@H]23)[C@@]2(C)C=CC(=O)C=C12
CHEMBL5289932,C[C@]12C=C(Br)C(=O)C=C1CC[C@@H]1[C@@H]2CC[C@]2(C)C(=O)CC[C@@H]12
CHEMBL5291212,C[C@]12C[C@@H](CCCCc3ccccc3)C(=O)C=C1CC[C@@H]1[C@@H]2CC[C@]2(C)C(=O)CC[C@@H]12
CHEMBL5291270,C[C@]12CCC(=O)C=C1[C@H](Cc1ccccc1)C[C@@H]1[C@@H]2CC[C@]2(C)C(=O)CC[C@@H]12
CHEMBL2311178,C[C@]12C=CC(=O)C=C1C=C[C@@H]1[C@@H]2CC[C@]2(C)C(=O)CC[C@@H]12
CHEMBL3349549,C[C@]12CCC(=O)C=C1C[C@@H](CCc1ccccc1)[C@@H]1[C@@H]2CC[C@]2(C)C(=O)CC[C@@H]12
CHEMBL3349550,C[C@]12CCC(=O)C=C1C[C@@H](Cc1ccccc1)[C@@H]1[C@@H]2CC[C@]2(C)C(=O)CC[C@@H]12
CHEMBL3349657,C[C@]12CCC(=O)C=C1C[C@@H](CCCc1ccccc1)[C@@H]1[C@@H]2CC[C@]2(C)C(=O)CC[C@@H]12
CHEMBL3752994,CC1=C[C@@H]2[C@H](CC[C@]3(C)C(=O)CC[C@@H]23)[C@@]2(C)CCC(=O)C=C12
CHEMBL3752648,CCC1=C[C@@H]2[C@H](CC[C@]3(C)C(=O)CC[C@@H]23)[C@@]2(C)CCC(=O)C=C12
CHEMBL3752405,CCCC1=C[C@@H]2[C@H](CC[C@]3(C)C(=O)CC[C@@H]23)[C@@]2(C)CCC(=O)C=C12
CHEMBL3752506,CCCCC1=C[C@@H]2[C@H](CC[C@]3(C)C(=O)CC[C@@H]23)[C@@]2(C)CCC(=O)C=C12
CHEMBL3754701,CCCCCC1=C[C@@H]2[C@H](CC[C@]3(C)C(=O)CC[C@@H]23)[C@@]2(C)CCC(=O)C=C12
CHEMBL3752480,CCCCCCC1=C[C@@H]2[C@H](CC[C@]3(C)C(=O)CC[C@@H]23)[C@@]2(C)CCC(=O)C=C12
CHEMBL3754186,CCCCCCCC1=C[C@@H]2[C@H](CC[C@]3(C)C(=O)CC[C@@H]23)[C@@]2(C)CCC(=O)C=C12
CHEMBL3754473,C[C@]12CCC(=O)C=C1C=C[C@@H]1[C@@H]2CC[C@]2(C)C(=O)CC[C@@H]12
CHEMBL3752165,CC1=C[C@@H]2[C@H](CC[C@]3(C)C(=O)CC[C@@H]23)[C@@]2(C)C=CC(=O)C=C12
CHEMBL3754546,CCC1=C[C@@H]2[C@H](CC[C@]3(C)C(=O)CC[C@@H]23)[C@@]2(C)C=CC(=O)C=C12
CHEMBL3753803,CCCC1=C[C@@H]2[C@H](CC[C@]3(C)C(=O)CC[C@@H]23)[C@@]2(C)C=CC(=O)C=C12
CHEMBL3752011,CCCCC1=C[C@@H]2[C@H](CC[C@]3(C)C(=O)CC[C@@H]23)[C@@]2(C)C=CC(=O)C=C12
CHEMBL3752619,CCCCCC1=C[C@@H]2[C@H](CC[C@]3(C)C(=O)CC[C@@H]23)[C@@]2(C)C=CC(=O)C=C12
CHEMBL3752315,CCCCCCC1=C[C@@H]2[C@H](CC[C@]3(C)C(=O)CC[C@@H]23)[C@@]2(C)C=CC(=O)C=C12
CHEMBL3752341,CCCCCCCC1=C[C@@H]2[C@H](CC[C@]3(C)C(=O)CC[C@@H]23)[C@@]2(C)C=CC(=O)C=C12
CHEMBL3752252,C[C@]12CCC(=O)C=C1[C@@H](CCc1ccccc1)C[C@@H]1[C@@H]2CC[C@]2(C)C(=O)CC[C@@H]12
CHEMBL3752440,C[C@]12CCC(=O)C=C1[C@H](CCCCc1ccccc1)C[C@@H]1[C@@H]2CC[C@]2(C)C(=O)CC[C@@H]12
CHEMBL3754168,C[C@]12CCC(=O)C=C1C(Cc1ccccc1)=C[C@@H]1[C@@H]2CC[C@]2(C)C(=O)CC[C@@H]12
CHEMBL3752788,C[C@]12CCC(=O)C=C1C(CCc1ccccc1)=C[C@@H]1[C@@H]2CC[C@]2(C)C(=O)CC[C@@H]12
CHEMBL3752155,C[C@]12C=CC(=O)C=C1C(CCc1ccccc1)=C[C@@H]1[C@@H]2CC[C@]2(C)C(=O)CC[C@@H]12
CHEMBL3752668,CCCC[C@H]1C[C@@H]2[C@H](CC[C@]3(C)C(=O)CC[C@@H]23)[C@@]2(C)CCC(=O)C=C12
CHEMBL3752347,C[C@]12CCC(=O)C=C1[C@@H](Cc1ccccc1)C[C@@H]1[C@@H]2CC[C@]2(C)C(=O)CC[C@@H]12
CHEMBL5267688,C[C@]12CCC(=O)C=C1C(c1ccccc1)=C[C@@H]1[C@@H]2CC[C@]2(C)C(=O)CC[C@@H]12
CHEMBL5268166,C[C@]12CCC(=O)C=C1[C@H](CCc1ccccc1)C[C@@H]1[C@@H]2CC[C@]2(C)C(=O)CC[C@@H]12
CHEMBL5268215,C[C@]12CCC(=O)C=C1C(CCCCCc1ccccc1)=C[C@@H]1[C@@H]2CC[C@]2(C)C(=O)CC[C@@H]12
CHEMBL5269252,C[C@]12CCC(=O)C=C1[C@@H](CCCCc1ccccc1)C[C@@H]1[C@@H]2CC[C@]2(C)C(=O)CC[C@@H]12
CHEMBL5269707,C[C@]12C=CC(=O)C=C1C(Cc1ccccc1)=C[C@@H]1[C@@H]2CC[C@]2(C)C(=O)CC[C@@H]12
CHEMBL5271771,C[C@]12C=CC(=O)C=C1C(CCCCc1ccccc1)=C[C@@H]1[C@@H]2CC[C@]2(C)C(=O)CC[C@@H]12
CHEMBL5275215,CC(C)[C@H]1C[C@@H]2[C@H](CC[C@]3(C)C(=O)CC[C@@H]23)[C@@]2(C)CCC(=O)C=C12
CHEMBL5277446,CC[C@H]1C[C@@H]2[C@H](CC[C@]3(C)C(=O)CC[C@@H]23)[C@@]2(C)CCC(=O)C=C12
CHEMBL5277945,C[C@]12C=CC(=O)C=C1C(CCCc1ccccc1)=C[C@@H]1[C@@H]2CC[C@]2(C)C(=O)CC[C@@H]12
CHEMBL5279628,C[C@]12CCC(=O)C=C1[C@@H](c1ccccc1)C[C@@H]1[C@@H]2CC[C@]2(C)C(=O)CC[C@@H]12
CHEMBL5281163,C[C@]12CCC(=O)C=C1[C@@H](CCCCCc1ccccc1)C[C@@H]1[C@@H]2CC[C@]2(C)C(=O)CC[C@@H]12
CHEMBL5282027,C[C@]12C=CC(=O)C=C1C[C@@H](CCc1cccc([N+](=O)[O-])c1)[C@@H]1[C@@H]2CC[C@]2(C)C(=O)CC[C@@H]12
CHEMBL5282619,C[C@]12C=CC(=O)C=C1[C@@H](Cc1ccccc1)C[C@@H]1[C@@H]2CC[C@]2(C)C(=O)CC[C@@H]12
CHEMBL5284734,C[C@]12C=CC(=O)C=C1C[C@@H](CCCc1ccc(N)cc1)[C@@H]1[C@@H]2CC[C@]2(C)C(=O)CC[C@@H]12
CHEMBL5284738,C[C@]12CCC(=O)C=C1[C@@H](CCCc1ccccc1)C[C@@H]1[C@@H]2CC[C@]2(C)C(=O)CC[C@@H]12
CHEMBL5284759,CCC[C@H]1C[C@@H]2[C@H](CC[C@]3(C)C(=O)CC[C@@H]23)[C@@]2(C)CCC(=O)C=C12
CHEMBL5285898,C[C@]12C=CC(=O)C=C1C(c1ccccc1)=C[C@@H]1[C@@H]2CC[C@]2(C)C(=O)CC[C@@H]12
CHEMBL5287546,C[C@]12CCC(=O)C=C1[C@H](CCCCCc1ccccc1)C[C@@H]1[C@@H]2CC[C@]2(C)C(=O)CC[C@@H]12
CHEMBL5287766,C[C@]12CCC(=O)C=C1[C@H](CCCc1ccccc1)C[C@@H]1[C@@H]2CC[C@]2(C)C(=O)CC[C@@H]12
CHEMBL5288515,C[C@]12CCC(=O)C=C1C(CCCCc1ccccc1)=C[C@@H]1[C@@H]2CC[C@]2(C)C(=O)CC[C@@H]12
CHEMBL5290344,C[C@]12C=CC(=O)C=C1[C@@H](CCc1ccccc1)C[C@@H]1[C@@H]2CC[C@]2(C)C(=O)CC[C@@H]12
CHEMBL5290564,C[C@]12CCC(=O)C=C1C(CCCc1ccccc1)=C[C@@H]1[C@@H]2CC[C@]2(C)C(=O)CC[C@@H]12
CHEMBL5290646,C[C@]12C=CC(=O)C=C1[C@@H](c1ccccc1)C[C@@H]1[C@@H]2CC[C@]2(C)C(=O)CC[C@@H]12
CHEMBL5291085,C[C@]12C=CC(=O)C=C1C(CCCCCc1ccccc1)=C[C@@H]1[C@@H]2CC[C@]2(C)C(=O)CC[C@@H]12
CHEMBL484579,C[C@]12CC[C@H]3[C@@H](CCC4=CC(=O)CC[C@@]43CF)[C@@H]1CCC2=O
CHEMBL3753695,C[C@]12CCC(=O)C(O)=C1C=C[C@@H]1[C@@H]2CC[C@]2(C)C(=O)CC[C@@H]12
CHEMBL3753063,C[C@]12CCC(=O)C(F)=C1CC[C@@H]1[C@@H]2CC[C@]2(C)C(=O)CC[C@@H]12
CHEMBL3752818,C[C@]12CCC(=O)C=C1[C@@H](F)C[C@@H]1[C@@H]2CC[C@]2(C)C(=O)CC[C@@H]12
CHEMBL3752871,C[C@]12CCC(=O)C=C1[C@H](F)C[C@@H]1[C@@H]2CC[C@]2(C)C(=O)CC[C@@H]12
CHEMBL3753997,C[C@]12CC[C@H]3[C@@H](CCC4=CC(=O)CC[C@@]43C(F)F)[C@@H]1CCC2=O
CHEMBL3754719,CC[C@]12CCC(=O)C=C1CC[C@@H]1[C@@H]2CC[C@]2(C)C(=O)CC[C@@H]12
CHEMBL3754222,CC1(C)C[C@@]2(C)C(=CC1=O)C(=O)C[C@@H]1[C@@H]2CC[C@]2(C)C(=O)CC[C@@H]12
CHEMBL3752192,CC1(C)C[C@@]2(C)C(=C(O)C1=O)C(=O)C[C@@H]1[C@@H]2CC[C@]2(C)C(=O)CC[C@@H]12
CHEMBL5266109,C[C@]12CC[C@H]3[C@@H](CCC4=CC(=O)CC[C@@]43CCCl)[C@@H]1CCC2=O
CHEMBL5266626,C[C@]12CCCC(O)C1=CC[C@@H]1[C@@H]2CC[C@]2(C)C(=O)CC[C@@H]12
CHEMBL5266818,CCC1C[C@H]2[C@@H]3CC[C@H](O)[C@@]3(C)CC[C@@H]2[C@@]2(C)CCC(=O)C=C12
CHEMBL5266953,CCCCC1C[C@H]2[C@@H]3CC[C@H](O)[C@@]3(C)CC[C@@H]2[C@@]2(C)CCC(=O)C=C12
CHEMBL5267873,C[C@]12CC[C@H]3[C@@H](CCC4=CC(=O)CC[C@@]43CC#N)[C@@H]1CCC2=O
CHEMBL5268383,C[C@]12CC[C@@H]3C4CCC(=O)C(F)=C4CC[C@H]3[C@@H]1CCC2=O
CHEMBL5268515,C[C@]12CC[C@H]3[C@@H](CCC4=C(O)C(=O)CC[C@@]43C(F)F)[C@@H]1CCC2=O
CHEMBL5268836,C[C@]12C=C(O)C(=O)C=C1C(=O)C[C@@H]1[C@@H]2CC[C@]2(C)C(=O)CC[C@@H]12
CHEMBL5270141,CCCCC1C[C@H]2[C@@H]3CC[C@H](O)[C@@]3(C)CC[C@@H]2[C@@]2(C)C=CC(=O)C=C12
CHEMBL5271912,COC1=C2C=C[C@@H]3[C@H](CC[C@]4(C)C(=O)CC[C@@H]34)[C@@]2(C)CCC1=O
CHEMBL5271963,C[C@]12CC[C@H]3[C@@H](CCC4=CC(=O)CC[C@@]43CC(F)F)[C@@H]1CCC2=O
CHEMBL5273116,C[C@]12C[C@@H](F)C(=O)C=C1[C@H](F)C[C@@H]1[C@@H]2CC[C@]2(C)C(=O)CC[C@@H]12
CHEMBL5273506,C[C@]12CC[C@H]3[C@@H](CCC4=CC(=O)C(O)C[C@@]43C(F)F)[C@@H]1CCC2=O
CHEMBL5273549,C[C@]12CC[C@H]3[C@@H](CC[C@]4(F)[C@@H](O)C(=O)CC[C@]34C)[C@@H]1CCC2=O
CHEMBL5274299,C[C@]12CCC(=O)C=C1C(=O)[C@@H](O)[C@@H]1[C@@H]2CC[C@]2(C)C(=O)CC[C@@H]12
CHEMBL5274998,C[C@]12CC[C@H]3[C@@H](CCC4=CC(=O)CC[C@@]43C#N)[C@@H]1CCC2=O
CHEMBL5275714,C[C@]12CCC(=O)C=C1[C@H](Br)C[C@@H]1[C@@H]2CC[C@]2(C)C(=O)CC[C@@H]12
CHEMBL5275780,C[C@]12C=CC(=O)C=C1[C@@H](CCCCCc1ccccc1)C[C@@H]1[C@@H]2CC[C@]2(C)C(=O)CC[C@@H]12
CHEMBL5275846,C[C@]12CC[C@H]3[C@@H](CCC4=CC(=O)CC[C@@]43CCF)[C@@H]1CCC2=O
CHEMBL5277564,CC(=O)O[C@@H]1C(=O)C2=CC(=O)CC[C@]2(C)[C@H]2CC[C@]3(C)C(=O)CC[C@H]3[C@H]12
CHEMBL5277644,C[C@]12C=CC(=O)C=C1[C@@H](CCCc1ccccc1)C[C@@H]1[C@@H]2CC[C@]2(C)C(=O)CC[C@@H]12
CHEMBL5278956,COC1=C2C(=O)C[C@@H]3[C@H](CC[C@]4(C)C(=O)CC[C@@H]34)[C@@]2(C)CC(C)(C)C1=O
CHEMBL5280814,CC(=O)OC1=C2CC[C@@H]3[C@H](CC[C@]4(C)C(=O)CC[C@@H]34)[C@@]2(C)CCC1=O
CHEMBL5280921,CCC1C[C@H]2[C@@H]3CC[C@H](O)[C@@]3(C)CC[C@@H]2[C@@]2(C)C=CC(=O)C=C12
CHEMBL5281414,CC(=O)OC1=C2C=C[C@@H]3[C@H](CC[C@]4(C)C(=O)CC[C@@H]34)[C@@]2(C)CCC1=O
CHEMBL5281469,C[C@]12C=CC(=O)C=C1[C@H](CCCCCc1ccccc1)C[C@@H]1[C@@H]2CC[C@]2(C)C(=O)CC[C@@H]12
CHEMBL5281692,C=C[C@]12CCC(=O)C=C1CC[C@@H]1[C@@H]2CC[C@]2(C)C(=O)CC[C@@H]12
CHEMBL5282258,C[C@]12CC[C@H]3[C@@H](CCC4=CC(=O)CC[C@@]43C(F)F)[C@@H]1CC[C@@H]2O
CHEMBL5282687,C[C@]12C=CC(=O)C=C1[C@H](c1ccccc1)C[C@@H]1[C@@H]2CC[C@]2(C)C(=O)CC[C@@H]12
CHEMBL5282986,COC1=C2CC[C@@H]3[C@H](CC[C@]4(C)C(=O)CC[C@@H]34)[C@@]2(C)CCC1=O
CHEMBL5283443,C=CC[C@]12CCC(=O)C=C1CC[C@@H]1[C@@H]2CC[C@]2(C)C(=O)CC[C@@H]12
CHEMBL5284111,CCC[C@]12CCC(=O)C=C1CC[C@@H]1[C@@H]2CC[C@]2(C)C(=O)CC[C@@H]12
CHEMBL5284938,C[C@]12C=CC(=O)C=C1[C@H](CCc1ccccc1)C[C@@H]1[C@@H]2CC[C@]2(C)C(=O)CC[C@@H]12
CHEMBL5285403,CC1C[C@H]2[C@@H]3CC[C@H](O)[C@@]3(C)CC[C@@H]2[C@@]2(C)CCC(=O)C=C12
CHEMBL5285796,C#C[C@]12CCC(=O)C=C1CC[C@@H]1[C@@H]2CC[C@]2(C)C(=O)CC[C@@H]12
CHEMBL5286866,CC1C[C@H]2[C@@H]3CC[C@H](O)[C@@]3(C)CC[C@@H]2[C@@]2(C)C=CC(=O)C=C12
CHEMBL5287563,C[C@]12C=CC(=O)C=C1[C@@H](CCCCc1ccccc1)C[C@@H]1[C@@H]2CC[C@]2(C)C(=O)CC[C@@H]12
CHEMBL5288833,C[C@]12CC[C@H]3[C@@H](CCC4=CC(=O)CC[C@@]43CCl)[C@@H]1CCC2=O
CHEMBL5289592,C[C@]12C=CC(=O)C=C1[C@H](CCCCc1ccccc1)C[C@@H]1[C@@H]2CC[C@]2(C)C(=O)CC[C@@H]12
CHEMBL5290751,C[C@]12C=CC(=O)C=C1[C@H](CCCc1ccccc1)C[C@@H]1[C@@H]2CC[C@]2(C)C(=O)CC[C@@H]12
CHEMBL5291192,C[C@]12C=CC(=O)C=C1[C@H](Cc1ccccc1)C[C@@H]1[C@@H]2CC[C@]2(C)C(=O)CC[C@@H]12
CHEMBL3752288,C[C@]12C=CC(=O)C(Sc3ccccc3)=C1CC[C@@H]1[C@@H]2CC[C@]2(C)C(=O)CC[C@@H]12
CHEMBL3753109,C[C@]12CCC(=O)C(Sc3ccccc3)=C1C=C[C@@H]1[C@@H]2CC[C@]2(C)C(=O)CC[C@@H]12
CHEMBL3752174,C[C@]12C=CC(=O)C(Sc3ccccc3)=C1C=C[C@@H]1[C@@H]2CC[C@]2(C)C(=O)CC[C@@H]12
CHEMBL3754184,CC1(C)C[C@@]2(C)C(=CC1=O)[C@@H](Br)C[C@@H]1[C@@H]2CC[C@]2(C)C(=O)CC[C@@H]12
CHEMBL3754296,CC1(C)C[C@@]2(C)C(=CC1=O)[C@H](Br)C[C@@H]1[C@@H]2CC[C@]2(C)C(=O)CC[C@@H]12
CHEMBL3752973,CC[C@]12C=CC(=O)C=C1CC[C@H]1[C@@H]3CCC(=O)[C@@]3(C)CC[C@@H]12
CHEMBL3753667,CC[C@]12CCC(=O)C=C1C=C[C@@H]1[C@@H]2CC[C@]2(C)C(=O)CC[C@@H]12
CHEMBL3752460,CC[C@]12C=CC(=O)C=C1C=C[C@H]1[C@@H]3CCC(=O)[C@@]3(C)CC[C@@H]12
CHEMBL3754696,C[C@]12CCC(=O)C(O)=C1C(=O)C[C@@H]1[C@@H]2CC[C@]2(C)C(=O)CC[C@@H]12
CHEMBL5266594,C[C@]12CCC(=O)c3[nH]nc(c31)C[C@@H]1[C@@H]2CC[C@]2(C)C(=O)CC[C@@H]12
CHEMBL5266698,C[C@]12CC[C@H]3[C@@H](C=CC45OC4C(=O)CC[C@]35C)[C@@H]1CCC2=O
CHEMBL5267610,C[C@]12CCC(=O)c3c1c(nn3C/C=C/c1ccccc1)C[C@@H]1[C@@H]2CC[C@]2(C)C(=O)CC[C@@H]12
CHEMBL5267859,Cc1ccc(S(=O)(=O)N2[C@H]3[C@@H]4[C@H](CC[C@]5(C)C(=O)CC[C@@H]45)[C@@]4(C)CCC(=O)C=C4[C@H]32)cc1
CHEMBL5268519,C[C@]12CCC(=O)C=C1[C@H](N=[N+]=[N-])C(O)[C@@H]1[C@@H]2CC[C@]2(C)C(=O)CC[C@@H]12
CHEMBL5268650,C[C@]12CC[C@H]3[C@@H](C=CC4=CC(=O)C=C[C@@]43CBr)[C@@H]1CCC2=O
CHEMBL5270108,C[C@]12CCC(=O)C=C1C(N=[N+]=[N-])=C[C@@H]1[C@@H]2CC[C@]2(C)C(=O)CC[C@@H]12
CHEMBL5270168,C[C@]12CCC(=O)C=C1[C@H](O)C(N=[N+]=[N-])[C@@H]1[C@@H]2CC[C@]2(C)C(=O)CC[C@@H]12
CHEMBL5270933,C[C@]12CC[C@H]3[C@@H](C=CC4=CC(=O)CC[C@@]43CCl)[C@@H]1CCC2=O
CHEMBL5271092,C[C@]12CC[C@H]3[C@@H](C=CC4=CC(=O)C=C[C@@]43CCl)[C@@H]1CCC2=O
CHEMBL5271680,C[C@]12CCC(=O)C=C1C1C([C@@H]3[C@@H]2CC[C@]2(C)C(=O)CC[C@@H]32)C1(F)F
CHEMBL5271699,COC1=C2C(=O)C[C@@H]3[C@H](CC[C@]4(C)C(=O)CC[C@@H]34)[C@@]2(C)CCC1=O
CHEMBL5271891,C[C@]12CC[C@H]3[C@@H](CCC4=CC(=O)C=C[C@@]43CCl)[C@@H]1CCC2=O
CHEMBL5272891,CCOC1=C2C(=O)C[C@@H]3[C@H](CC[C@]4(C)C(=O)CC[C@@H]34)[C@@]2(C)CCC1=O
CHEMBL5273177,C[C@]12CC[C@H]3[C@@H](CCC4=CC(=O)C=C[C@@]43CI)[C@@H]1CCC2=O
CHEMBL5273350,C[C@]12CCC(=O)C=C1[C@@H]1N[C@@H]1[C@@H]1[C@@H]2CC[C@]2(C)C(=O)CC[C@@H]12
CHEMBL5274587,CC[C@]12CCC(=O)C=C1C(=O)C[C@@H]1[C@@H]2CC[C@]2(C)C(=O)CC[C@@H]12
CHEMBL5274708,C[C@]12CC[C@H]3[C@@H](C[C@H]4O[C@]45C(=O)CCC[C@]35C=O)C1CCC2=O
CHEMBL5274832,C[C@]12CCC3[C@@H](CC(=O)[C@]45O[C@H]4CCC[C@]35C=O)C1CCC2=O
CHEMBL5274890,C[C@]12CCC(=O)c3nn(Cc4ccccc4)c(c31)C[C@@H]1[C@@H]2CC[C@]2(C)C(=O)CC[C@@H]12
CHEMBL5275153,C[C@]12CCC(=O)C=C1C1OC1[C@@H]1[C@@H]2CC[C@]2(C)C(=O)CC[C@@H]12
CHEMBL5275448,C[C@]12CC[C@H]3[C@@H](C=CC4=CC(=O)C=C[C@@]43CI)[C@@H]1CCC2=O
CHEMBL5276930,CC1=C[C@@]2(C)C(=CC1=O)C(Br)C[C@@H]1[C@@H]2CC[C@]2(C)C(=O)CC[C@@H]12
CHEMBL5276932,C[C@]12CCC(=O)c3c1c(nn3Cc1ccc([N+](=O)[O-])cc1)C[C@@H]1[C@@H]2CC[C@]2(C)C(=O)CC[C@@H]12
CHEMBL5278613,C[C@]12CCCC(=O)C1CC[C@@H]1[C@@H]2CC[C@]2(C)C(=O)CC[C@@H]12
CHEMBL5279731,C[C@]12CCC(=O)c3nn(C/C=C/c4ccccc4)c(c31)C[C@@H]1[C@@H]2CC[C@]2(C)C(=O)CC[C@@H]12
CHEMBL5280069,C[C@]12CC[C@H]3[C@@H](C=CC4=CC(=O)CC[C@@]43CBr)[C@@H]1CCC2=O
CHEMBL5282922,C[C@]12CC[C@H]3[C@@H](CCC4=CC(=O)CC[C@@]43CBr)[C@@H]1CCC2=O
CHEMBL5283967,C[C@]12CC[C@H]3[C@@H](C[C@H]4O[C@]45C(=O)CCC[C@]35C)C1CCC2=O
CHEMBL5284085,C[C@]12CC[C@H]3[C@@H](CCC4=CC(=O)CC[C@@]43CI)[C@@H]1CCC2=O
CHEMBL5284841,C[C@]12CCC(=O)c3c1c(nn3Cc1ccccc1)C[C@@H]1[C@@H]2CC[C@]2(C)C(=O)CC[C@@H]12
CHEMBL5285807,C[C@]12CCC(=O)c3nn(Cc4cccc([N+](=O)[O-])c4)c(c31)C[C@@H]1[C@@H]2CC[C@]2(C)C(=O)CC[C@@H]12
CHEMBL5285921,C[C@]12CC[C@H]3[C@@H](CCC4=CC(=O)C=C[C@@]43CBr)[C@@H]1CCC2=O
CHEMBL5286286,CC(=O)O[C@@H]1CCC[C@@]2(CO)C1=CC[C@@H]1[C@@H]2CC[C@]2(C)C(=O)CC[C@@H]12
CHEMBL5286833,C[C@]12CC[C@H]3[C@@H](C=CC4=CC(=O)CC[C@@]43CI)[C@@H]1CCC2=O
CHEMBL5287129,CC(=O)OC1[C@@H]2[C@H](CC[C@]3(C)C(=O)CC[C@@H]23)[C@@]2(C)CCC(=O)C=C2[C@@H]1N=[N+]=[N-]
CHEMBL5287894,Cc1ccc(S(=O)(=O)N2[C@@H]3[C@@H]4[C@H](CC[C@]5(C)C(=O)CC[C@@H]45)[C@@]4(C)CCC(=O)C=C4[C@@H]32)cc1
CHEMBL5288430,CC(=O)N1[C@H]2[C@@H]3[C@H](CC[C@]4(C)C(=O)CC[C@@H]34)[C@@]3(C)CCC(=O)C=C3[C@H]21
CHEMBL5289192,CC(=O)OC1C[C@@]2(C)C(=CC1=O)C(=O)C[C@@H]1[C@@H]2CC[C@]2(C)C(=O)CC[C@@H]12
CHEMBL5291168,CC(=O)O[C@H]1C2=CC(=O)CC[C@]2(C)[C@H]2CC[C@]3(C)C(=O)CC[C@H]3[C@@H]2C1N=[N+]=[N-]
CHEMBL5291323,C[C@]12CC[C@H]3[C@@H](CC(=O)[C@]45O[C@H]4CCC[C@]35C)C1CCC2=O
CHEMBL3349655,C[C@]12CCC(=O)C=C1C[C@H](CCc1ccccc1)[C@@H]1[C@@H]2CC[C@]2(C)C(=O)CC[C@@H]12
CHEMBL3349656,C[C@]12CCC(=O)C=C1C[C@H](Cc1ccccc1)[C@@H]1[C@@H]2CC[C@]2(C)C(=O)CC[C@@H]12
CHEMBL3349658,C[C@]12CC[C@H]3[C@@H]([C@H](Cc4ccccc4)CC4=CC(=O)CC[C@@]43C)[C@@H]1CC[C@@H]2O
CHEMBL3349659,C[C@]12CC[C@H]3[C@@H]([C@H](CCc4ccccc4)CC4=CC(=O)CC[C@@]43C)[C@@H]1CC[C@@H]2O
CHEMBL3754711,C[C@@H]1C[C@@H]2[C@H](CC[C@]3(C)C(=O)CC[C@@H]23)[C@@]2(C)CCCC=C12
CHEMBL3754729,CC(=O)O[C@@H]1C[C@@H]2[C@H](CC[C@]3(C)C(=O)CC[C@@H]23)[C@@]2(C)CCCC=C12
CHEMBL3752063,CO[C@@H]1C[C@@H]2[C@H](CC[C@]3(C)C(=O)CC[C@@H]23)[C@@]2(C)CCCC=C12
CHEMBL3753084,CC[C@H]1C[C@@H]2[C@H](CC[C@]3(C)C(=O)CC[C@@H]23)[C@@]2(C)CCCC=C12
CHEMBL3754779,CC(=O)O[C@H]1C[C@@H]2[C@H](CC[C@]3(C)C(=O)CC[C@@H]23)[C@@]2(C)CCCC=C12
CHEMBL3753281,CO[C@H]1C[C@@H]2[C@H](CC[C@]3(C)C(=O)CC[C@@H]23)[C@@]2(C)CCCC=C12
CHEMBL3753191,C[C@]12CC[C@H]3[C@@H](C(=O)C=C4CCCC[C@@]43CO)[C@@H]1CCC2=O
CHEMBL3752366,C[C@]12CCC=CC1=CC[C@@H]1[C@@H]2CC[C@]2(C)C(=O)CC[C@@H]12
CHEMBL3754061,C[C@]12CCC(=O)C=C1[C@@H]1[C@H]([C@@H]3[C@@H]2CC[C@]2(C)C(=O)CC[C@@H]32)C1(F)F
CHEMBL4517318,C[C@]12CC[C@H]3[C@@H](CCC4=CC(=O)CC[C@@]43CO)[C@@H]1CCC2=O
CHEMBL5266298,C[C@]12CCCC(=O)C1=CC(=O)[C@@H]1[C@@H]2CC[C@]2(C)C(=O)CC[C@@H]12
CHEMBL5266502,CCC[C@H]1C[C@@H]2[C@H](CC[C@]3(C)C(O)CC[C@@H]23)[C@@]2(C)CCCC=C12
CHEMBL5266519,C[C@]12CCC=CC1=CC(=O)[C@@H]1[C@@H]2CC[C@]2(C)C(=O)CC[C@@H]12
CHEMBL5269737,C[C@]12CC[C@H]3[C@@H](CC=C4C(=O)CCC[C@@]43C)[C@@H]1CC[C@@H]2O
CHEMBL5269817,C[C@]12CCCCC1=CC(=O)[C@@H]1[C@@H]2CC[C@]2(C)C(O)CC[C@@H]12
CHEMBL5271187,CCC[C@H]1C[C@@H]2[C@H](CC[C@]3(C)C(=O)CC[C@@H]23)[C@@]2(C)CCCC=C12
CHEMBL5273164,C[C@]12CC[C@H]3[C@@H](C(=O)C=C4C=CCC[C@@]43CO)[C@@H]1CCC2=O
CHEMBL5274863,C[C@]12CC[C@H]3[C@@H](CC=C4CCCC[C@@]43CO)[C@@H]1CCC2O
CHEMBL5275593,C[C@H]1C[C@@H]2[C@H](CC[C@]3(C)C(O)CC[C@@H]23)[C@@]2(C)CCCC=C12
CHEMBL5275668,C[C@]12CC[C@H]3[C@@H](C(=O)C=C4C=CCC[C@@]43C=O)[C@@H]1CCC2=O
CHEMBL5275758,C[C@]12CC[C@H]3[C@@H](C(=O)C=C4C(=O)CCC[C@@]43C)[C@@H]1CC[C@@H]2O
CHEMBL5277888,C[C@]12CC[C@H]3[C@@H](CCC4=CC(=O)CC[C@@]43C)[C@@H]1CC[C@@H]2OC(=O)CBr
CHEMBL5280552,C[C@]12CCCCC1=CC[C@@H]1[C@@H]2CC[C@]2(C)C(=O)[C@H](Br)C[C@@H]12
CHEMBL5281055,C[C@]12CCC=CC1=CC[C@@H]1[C@@H]2CC[C@]2(C)C(O)CC[C@@H]12
CHEMBL5281465,C[C@]12CCCCC1=CC[C@@H]1[C@@H]2CC[C@]2(C)C(O)CC[C@@H]12
CHEMBL5281516,CC[C@@H]1C[C@@H]2[C@H](CC[C@]3(C)C(=O)CC[C@@H]23)[C@@]2(C)CCCC=C12
CHEMBL5281772,C[C@]12CC[C@H]3[C@@H]([C@@H]4C[C@@H]4C4=CCCC[C@@]43C)[C@@H]1CC[C@@H]2O
CHEMBL5283480,CCCCC[C@@H]1C[C@@H]2[C@H](CC[C@]3(C)C(=O)CC[C@@H]23)[C@@]2(C)CCCC=C12
CHEMBL5283697,C[C@]12CC[C@H]3[C@@H](C(=O)C=C4C(=O)CCC[C@@]43CO)[C@@H]1CCC2=O
CHEMBL5285526,C[C@@H]1C[C@@H]2[C@H](CC[C@]3(C)C(O)CC[C@@H]23)[C@@]2(C)CCCC=C12
CHEMBL5286964,CC[C@@H]1C[C@@H]2[C@H](CC[C@]3(C)C(O)CC[C@@H]23)[C@@]2(C)CCCC=C12
CHEMBL5287003,C[C@]12CCC(=O)C=C1[C@H](OC(=O)CBr)C[C@@H]1[C@@H]2CC[C@]2(C)C(=O)CC[C@@H]12
CHEMBL5287052,CCC[C@@H]1C[C@@H]2[C@H](CC[C@]3(C)C(O)CC[C@@H]23)[C@@]2(C)CCCC=C12
CHEMBL5287841,C[C@]12CC[C@@H]3C4CCCCC4=CC(=O)[C@H]3[C@@H]1CCC2=O
CHEMBL5288188,C[C@]12CC[C@H]3[C@@H](C(=O)C=C4CCCC[C@@]43C=O)[C@@H]1CCC2=O
CHEMBL5288289,C[C@]12CC[C@H]3[C@@H](CC=C4CCCC[C@@]43C=O)[C@@H]1CCC2=O
CHEMBL5288418,C[C@]12CC[C@H]3[C@@H](C(=O)C=C4CCCC[C@@]43CO)[C@@H]1CCC2O
CHEMBL5289394,C[C@]12CCCC=C1[C@H]1C[C@H]1[C@@H]1[C@@H]2CC[C@]2(C)C(=O)CC[C@@H]12
CHEMBL5289821,C[C@]12CCC[C@H](O)C1=CC(=O)[C@@H]1[C@@H]2CC[C@]2(C)C(=O)CC[C@@H]12
CHEMBL5290103,C[C@]12CCC=CC1=CC(=O)[C@@H]1[C@@H]2CC[C@]2(C)C(O)CC[C@@H]12
CHEMBL5290211,CCC[C@@H]1C[C@@H]2[C@H](CC[C@]3(C)C(=O)CC[C@@H]23)[C@@]2(C)CCCC=C12
CHEMBL5290511,CC[C@H]1C[C@@H]2[C@H](CC[C@]3(C)C(O)CC[C@@H]23)[C@@]2(C)CCCC=C12
CHEMBL5290853,CCCCCC[C@H]1C[C@@H]2[C@H](CC[C@]3(C)C(=O)CC[C@@H]23)[C@@]2(C)CCCC=C12
CHEMBL5291132,CC(=O)O[C@H]1CCC[C@@]2(C)C1=CC(=O)[C@@H]1[C@@H]2CC[C@]2(C)C(=O)CC[C@@H]12
CHEMBL5291258,C[C@]12CC[C@@H]3C4CCC=CC4=CC(=O)[C@H]3[C@@H]1CCC2=O
CHEMBL5291408,C[C@]12CC[C@H]3[C@@H](CC(=O)C4=CC(=O)CC[C@@]43C)[C@@H]1CC[C@@H]2OC(=O)CBr
CHEMBL299613,COc1cc2c(cc1O)CC[C@@H]1[C@@H]2CC[C@]2(C)[C@@H](O)CC[C@@H]12
CHEMBL189051,C[C@]12CC[C@@H]3c4cc(Br)c(O)cc4CC[C@H]3[C@@H]1CCC2=O
CHEMBL425194,COc1cc2c(cc1O)CC[C@@H]1[C@@H]2CC[C@]2(C)C(=O)CC[C@@H]12
CHEMBL1405,C[C@]12CC[C@@H]3c4ccc(O)cc4CC[C@H]3[C@@H]1CCC2=O
CHEMBL1079595,C[C@]12CC[C@@H]3c4cc(Cl)c(O)cc4CC[C@H]3[C@@H]1CCC2=O
CHEMBL1627334,C[C@]12CC[C@@H]3c4cc(F)c(O)cc4CC[C@H]3[C@@H]1CC[C@@H]2O
CHEMBL1627337,C[C@]12CC[C@@H]3c4ccc(O)c(F)c4CC[C@H]3[C@@H]1CC[C@@H]2O
CHEMBL1627841,C[C@]12CC[C@@H]3c4cc(C=O)c(O)cc4CC[C@H]3[C@@H]1CC[C@@H]2O
CHEMBL1628064,C[C@]12CC[C@@H]3c4cc(Br)c(O)cc4CC[C@H]3[C@@H]1CC[C@@H]2O
CHEMBL1835539,C[C@]12CC[C@@H]3c4ccc(O)c(F)c4CC[C@H]3[C@@H]1CCC2=O
CHEMBL1835542,C[C@]12CC[C@@H]3c4cc([N+](=O)[O-])c(O)cc4CC[C@H]3[C@@H]1CCC2=O
CHEMBL1835547,C[C@]12CC[C@@H]3c4cc(C=O)c(O)cc4CC[C@H]3[C@@H]1CCC2=O
CHEMBL3752805,CC(=O)OC[C@]12CCCC=C1CC[C@@H]1[C@@H]2CC[C@]2(C)C(=O)CC[C@@H]12
CHEMBL3753398,C[C@]12CC[C@H]3[C@@H](CCC4=CCCC[C@@]43C(F)F)[C@@H]1CCC2=O
CHEMBL3752674,C[C@]12CCCC=C1CC[C@@H]1[C@@H]2CC[C@]2(C)C(=O)[C@H](Br)C[C@@H]12
CHEMBL3754485,C[C@]12CCCC=C1CC[C@@H]1[C@@H]2CC[C@]2(C)C(=O)[C@@H](Br)C[C@@H]12
CHEMBL3754457,C[C@H]1C[C@@H]2[C@H](CC[C@]3(C)[C@@H](O)CC[C@@H]23)c2ccc(O)cc21
CHEMBL3753034,C[C@@H]1C[C@@H]2[C@H](CC[C@]3(C)[C@@H](O)CC[C@@H]23)c2ccc(O)cc21
CHEMBL3752447,C[C@H]1C[C@@H]2[C@H](CC[C@]3(C)C(=O)CC[C@@H]23)c2ccc(O)cc21
CHEMBL3754482,C[C@@H]1C[C@@H]2[C@H](CC[C@]3(C)C(=O)CC[C@@H]23)c2ccc(O)cc21
CHEMBL411316,C[C@]12CC[C@H]3[C@@H](CCC4=CC(=O)CC[C@@]43C)[C@@H]1C[C@@H](O)[C@@H]2O
CHEMBL1908014,C[C@]12CCC(=O)C=C1CC[C@@H]1[C@@H]2CC[C@]2(C)C(=O)[C@H](O)C[C@@H]12
CHEMBL3754425,C[C@]12CCCC(=O)C1=CC[C@@H]1[C@@H]2CC[C@]2(C)C(=O)CC[C@@H]12
CHEMBL3752149,C[C@]12CCCCC1=CC(=O)[C@@H]1[C@@H]2CC[C@]2(C)C(=O)CC[C@@H]12
CHEMBL3754455,C[C@]12CC[C@@H]3c4ccc(O)cc4[C@@H](Cc4ccccc4)C[C@H]3[C@@H]1CCC2=O
CHEMBL3753971,C[C@]12CC[C@@H]3c4ccc(O)cc4[C@H](CCCc4ccccc4)C[C@H]3[C@@H]1CC[C@@H]2O
CHEMBL3753258,C[C@]12CC[C@@H]3c4ccc(O)cc4[C@H](CCCc4ccccc4)C[C@H]3[C@@H]1CCC2=O
CHEMBL3754305,C[C@]12CC[C@@H]3c4cc(F)c(O)cc4CC[C@H]3[C@@H]1CCC2=O
CHEMBL3753425,Cc1cc2c(cc1O)CC[C@@H]1[C@@H]2CC[C@]2(C)C(=O)CC[C@@H]12
CHEMBL5184565,C[C@]12CC[C@@H]3c4cc(N)c(O)cc4CC[C@H]3[C@@H]1CCC2=O
CHEMBL5265802,C[C@]12CC[C@H]3[C@@H](CCC4=CCCC[C@@]43C)[C@@H]1C[C@@H](O)[C@@H]2O
CHEMBL5265959,CO[C@@H]1C[C@@H]2[C@H](CC[C@]3(C)C(=O)CC[C@@H]23)c2ccc(O)cc21
CHEMBL5268507,CC(=O)OC[C@]12CCCC=C1CC[C@@H]1[C@@H]2CC[C@]2(C)C(OC(C)=O)CC[C@@H]12
CHEMBL5268672,C[C@]12CC[C@H]3[C@@H](CC(=O)C4=CCCC[C@@]43C=O)[C@@H]1CCC2=O
CHEMBL5268832,C[C@]12CC[C@H]3[C@@H](CCC4C(=O)[C@H](O)CC[C@@]43C)[C@@H]1CC[C@@H]2O
CHEMBL5268890,CCCC[C@@H]1C[C@@H]2[C@H](CC[C@]3(C)C(=O)CC[C@@H]23)c2ccc(O)cc21
CHEMBL5270986,CCO[C@H]1C[C@@H]2[C@H](CC[C@]3(C)C(=O)CC[C@@H]23)c2ccc(O)cc21
CHEMBL5271283,CCCC[C@H]1C[C@@H]2[C@H](CC[C@]3(C)C(=O)CC[C@@H]23)c2ccc(O)cc21
CHEMBL5271503,CCCC[C@H]1C[C@@H]2[C@H](CC[C@]3(C)[C@@H](O)CC[C@@H]23)c2ccc(O)cc21
CHEMBL5271982,C[C@]12CC[C@H]3[C@@H](CCC4=CCCC[C@@]43CO)[C@@H]1CCC2O
CHEMBL5273384,CCCCO[C@@H]1C[C@@H]2[C@H](CC[C@]3(C)C(=O)CC[C@@H]23)c2ccc(O)cc21
CHEMBL5273492,CCC#CCOc1ccc(C(=O)c2ccc(Cn3ccnc3)cc2)cc1
CHEMBL5274867,C[C@]12CC[C@H]3[C@@H](CCC4=CC(=O)CC[C@@]43CO)[C@@H]1C[C@@H](O)[C@@H]2O
CHEMBL5275068,C[C@]12CC[C@H]3[C@@H](CC(=O)C4=CCCC[C@@]43CO)[C@@H]1CC[C@@H]2O
CHEMBL5275798,C[C@]12CC[C@H]3[C@@H](CC(=O)C4=CCCC[C@@]43C)[C@@H]1CC[C@@H]2O
CHEMBL5276910,CCCC[C@@H]1C[C@@H]2[C@H](CC[C@]3(C)[C@@H](O)CC[C@@H]23)c2ccc(O)cc21
CHEMBL5277659,C[C@]12CC[C@H]3[C@@H](CCC4=CCCC[C@@]43CO)[C@@H]1C[C@@H](O)[C@@H]2O
CHEMBL5278253,C[C@]12CC[C@H]3[C@@H](C(=O)C=C4C(=O)CCC[C@@]43C=O)[C@@H]1CCC2=O
CHEMBL5278365,CC(=O)OC[C@]12CCCC=C1CC[C@@H]1[C@@H]2CC[C@]2(C)C(O)CC[C@@H]12
CHEMBL5278675,C[C@]12CC[C@H]3[C@@H](CC(=O)C4=CCCC[C@@]43CO)[C@@H]1CCC2=O
CHEMBL5278979,CCO[C@@H]1C[C@@H]2[C@H](CC[C@]3(C)C(=O)CC[C@@H]23)c2ccc(O)cc21
CHEMBL5280449,C[C@]12CC[C@@H]3c4ccc(O)cc4[C@@H](c4ccccc4)C[C@H]3[C@@H]1CC[C@@H]2O
CHEMBL5280521,C[C@]12CC[C@H]3[C@@H](CCC4=CC(=O)CC[C@@]43C=O)[C@@H]1CCC2=O
CHEMBL5281289,COc1cc2c(cc1OC)CN(S(=O)(=O)c1cccc(-n3cc(COc4ccc5ccccc5c4)nn3)c1)CC2
CHEMBL5281733,C[C@]12CCCC=C1CC[C@@H]1[C@@H]2CC[C@]2(C)C(=O)[C@H](O)C[C@@H]12
CHEMBL5282717,C[C@]12CC[C@@H]3c4ccc(O)c(C=O)c4CC[C@H]3[C@@H]1CC[C@@H]2O
CHEMBL5282836,C[C@]12CC[C@H]3[C@@H](CC=C4C(=O)CCC[C@@]43CO)[C@@H]1CCC2=O
CHEMBL5283592,C[C@]12CC[C@H]3[C@@H](CCC4=CC(=O)CC[C@@]43CO)[C@@H]1C[C@@H](O)C2=O
CHEMBL5284435,C[C@]12CC[C@H]3[C@@H](CCC4=CCCC[C@@]43C=O)[C@@H]1C[C@@H](O)C2=O
CHEMBL5284594,C[C@]12CC[C@@H]3c4ccc(O)cc4[C@H](c4ccccc4)C[C@H]3[C@@H]1CCC2=O
CHEMBL5284742,C[C@]12CC[C@@H]3c4ccc(O)cc4[C@@H](c4ccccc4)C[C@H]3[C@@H]1CCC2=O
CHEMBL5285355,CO[C@H]1C[C@@H]2[C@H](CC[C@]3(C)C(=O)CC[C@@H]23)c2ccc(O)cc21
CHEMBL5285390,C[C@]12CC[C@@H]3c4ccc(O)cc4[C@H](c4ccccc4)C[C@H]3[C@@H]1CC[C@@H]2O
CHEMBL5287480,C[C@]12CC[C@H]3[C@@H](CC=C4C(=O)CCC[C@@]43CO)[C@@H]1CC[C@@H]2O
CHEMBL5288111,CC(=O)OC1CC[C@H]2[C@@H]3CCC4=CCCC[C@]4(CO)[C@H]3CC[C@]12C
CHEMBL5288513,C#CC(O)[C@]12CCCC=C1CC[C@@H]1[C@@H]2CC[C@]2(C)C(=O)CC[C@@H]12
CHEMBL5288626,CCCCO[C@H]1C[C@@H]2[C@H](CC[C@]3(C)C(=O)CC[C@@H]23)c2ccc(O)cc21
CHEMBL5288646,C[C@]12CC[C@H]3[C@@H](CC=C4C(=O)CCC[C@@]43C=O)[C@@H]1CCC2=O
CHEMBL5290876,C[C@]12CC[C@H]3[C@@H](CCC4=CCCC[C@@]43CO)[C@@H]1C[C@@H](O)C2=O
CHEMBL5290922,CO[C@H]1C[C@@H]2[C@H](CC[C@]3(C)[C@@H](O)CC[C@@H]23)c2ccc(O)cc21
CHEMBL5266533,O=C(c1ccc(O)cc1)c1cccc(Cn2ccnc2)c1
CHEMBL5271071,C#CCOc1ccc(C(=O)c2cccc(Cn3ccnc3)c2)cc1
CHEMBL5271144,C#CCOc1ccc(C(=O)c2ccc(Cn3ccnc3)cc2)cc1
CHEMBL5273068,O=C(c1ccc(Cn2ccnc2)cc1)c1ccc(-c2ccccc2)cc1
CHEMBL5274084,CCCCCOc1ccc(C(=O)c2cccc(Cn3ccnc3)c2)cc1
CHEMBL5274139,CCCCCOc1ccc(C(=O)c2ccc(Cn3ccnc3)cc2)cc1
CHEMBL5275747,O=C(c1ccc(O)cc1)c1ccc(Cn2ccnc2)cc1
CHEMBL5277126,CCCOc1ccc(C(=O)c2ccc(Cn3ccnc3)cc2)cc1
CHEMBL5278229,COc1ccc(C(=O)c2ccc(Cn3ccnc3)cc2)cc1
CHEMBL5283276,CCC#CCOc1ccc(C(=O)c2cccc(Cn3ccnc3)c2)cc1
CHEMBL5284760,CCCOc1ccc(C(=O)c2cccc(Cn3ccnc3)c2)cc1
CHEMBL5285636,COc1ccc(C(=O)c2cccc(Cn3ccnc3)c2)cc1
CHEMBL5394007,Cn1cc(-c2ccc(C3=C(c4ccc(O)cc4)C4CC(S(=O)(=O)N(CC(F)(F)F)c5ccccc5)C3O4)cc2)cn1
CHEMBL5400203,Cn1cc(-c2ccc(C3=C(c4ccc(O)cc4)C4CC(S(=O)(=O)Oc5ccc(C(F)(F)F)cc5)C3O4)cc2)cn1
CHEMBL5400803,O=S(=O)(Oc1ccc2ccccc2c1)C1CC2OC1C(c1ccc(-n3ccnc3)cc1)=C2c1ccc(O)cc1
CHEMBL5401146,O=S(=O)(Oc1ccc(F)cc1)C1CC2OC1C(c1ccc(O)cc1)=C2c1ccc(-n2ccnc2)cc1
CHEMBL5402392,O=S(=O)(Oc1ccccc1C(F)(F)F)C1CC2OC1C(c1ccc(-n3ccnc3)cc1)=C2c1ccc(O)cc1
CHEMBL5403786,O=S(=O)(Oc1cccc(Br)c1)C1CC2OC1C(c1ccc(-n3ccnc3)cc1)=C2c1ccc(O)cc1
CHEMBL5404029,CCCCCCCCN1C(=O)C2CC(c3ccc(N)cc3)(C2)C1=O
CHEMBL5404063,O=S(=O)(C1CC2OC1C(c1ccc(-n3cncn3)cc1)=C2c1ccc(O)cc1)N(CC(F)(F)F)c1ccccc1
CHEMBL5404699,COc1ccc(OS(=O)(=O)C2CC3OC2C(c2ccc(-c4cnn(C)c4)cc2)=C3c2ccc(O)cc2)cc1
CHEMBL5405944,O=S(=O)(Oc1ccc(C(F)(F)F)cc1)C1CC2OC1C(c1ccc(-n3cncn3)cc1)=C2c1ccc(O)cc1
CHEMBL5407335,CN(c1ccccc1)S(=O)(=O)C1CC2OC1C(c1ccc(-n3ccnc3)cc1)=C2c1ccc(O)cc1
CHEMBL5408038,O=S(=O)(Oc1ccc(Cl)cc1)C1CC2OC1C(c1ccc(-n3cncn3)cc1)=C2c1ccc(O)cc1
CHEMBL5410004,O=S(=O)(Oc1cccc(Br)c1)C1CC2OC1C(c1ccc(O)cc1)=C2c1ccc(-n2ccnc2)cc1
CHEMBL5411799,O=S(=O)(Oc1cccc2ccccc12)C1CC2OC1C(c1ccc(-n3ccnc3)cc1)=C2c1ccc(O)cc1
CHEMBL5412790,O=S(=O)(Oc1ccc(Br)cc1)C1CC2OC1C(c1ccc(-n3ccnc3)cc1)=C2c1ccc(O)cc1
CHEMBL5413340,O=S(=O)(C1CC2OC1C(c1ccc(-n3ccnc3)cc1)=C2c1ccc(O)cc1)N(CC(F)(F)F)c1ccccc1
CHEMBL5414572,CCN(c1ccc(OC)cc1)S(=O)(=O)C1CC2OC1C(c1ccc(-n3ccnc3)cc1)=C2c1ccc(O)cc1
CHEMBL5417452,Cc1ccc(OS(=O)(=O)C2CC3OC2C(c2ccc(-n4ccnc4)cc2)=C3c2ccc(O)cc2)cc1
CHEMBL5418690,O=S(=O)(Oc1ccccc1)C1CC2OC1C(c1ccc(-n3ccnc3)cc1)=C2c1ccc(O)cc1
CHEMBL5420394,COc1ccc(OS(=O)(=O)C2CC3OC2C(c2ccc(-n4ccnc4)cc2)=C3c2ccc(O)cc2)cc1
CHEMBL5421409,O=S(=O)(Oc1ccc(Br)cc1)C1CC2OC1C(c1ccc(-n3cncn3)cc1)=C2c1ccc(O)cc1
CHEMBL5422087,CCCN1C(=O)CC(c2ccc(N)cc2)C1=O
CHEMBL5422315,O=S(=O)(Oc1ccc(F)cc1)C1CC2OC1C(c1ccc(-n3ccnc3)cc1)=C2c1ccc(O)cc1
CHEMBL5423258,COc1ccc(N(C)S(=O)(=O)C2CC3OC2C(c2ccc(-n4cncn4)cc2)=C3c2ccc(O)cc2)cc1
CHEMBL5423781,CCN(c1ccccc1)S(=O)(=O)C1CC2OC1C(c1ccc(-n3cncn3)cc1)=C2c1ccc(O)cc1
CHEMBL5426175,O=S(=O)(Oc1cccc(C(F)(F)F)c1)C1CC2OC1C(c1ccc(-n3ccnc3)cc1)=C2c1ccc(O)cc1
CHEMBL5426251,COc1ccc(N(C)S(=O)(=O)C2CC3OC2C(c2ccc(-n4ccnc4)cc2)=C3c2ccc(O)cc2)cc1
CHEMBL5426628,Nc1ccc(C23CC(C2)C(=O)N(Cc2ccccc2)C3=O)cc1
CHEMBL5426947,Cc1ccc(OS(=O)(=O)C2CC3OC2C(c2ccc(-n4cncn4)cc2)=C3c2ccc(O)cc2)cc1
CHEMBL5427513,COc1ccc(OS(=O)(=O)C2CC3OC2C(c2ccc(-n4cncn4)cc2)=C3c2ccc(O)cc2)cc1
CHEMBL5428681,CCN(c1ccc(OC)cc1)S(=O)(=O)C1CC2OC1C(c1ccc(-n3cncn3)cc1)=C2c1ccc(O)cc1
CHEMBL5430284,CCCCCCCCCCC1(c2ccncc2)CCC(=O)N(CC)C1=O
CHEMBL5430301,CN1C(=O)CCC(c2ccncc2)C1=O
CHEMBL5430760,CCCCCCCCN1C(=O)CCC(c2ccncc2)C1=O
CHEMBL5433442,O=S(=O)(Oc1ccc(C(F)(F)F)cc1)C1CC2OC1C(c1ccc(-n3ccnc3)cc1)=C2c1ccc(O)cc1
CHEMBL5433532,COc1ccc(N(CC(F)(F)F)S(=O)(=O)C2CC3OC2C(c2ccc(-n4ccnc4)cc2)=C3c2ccc(O)cc2)cc1
CHEMBL5435743,CCN(c1ccccc1)S(=O)(=O)C1CC2OC1C(c1ccc(-n3ccnc3)cc1)=C2c1ccc(O)cc1
CHEMBL5436925,O=S(=O)(Oc1ccccc1Br)C1CC2OC1C(c1ccc(-n3ccnc3)cc1)=C2c1ccc(O)cc1
CHEMBL116794,c1ccc2c(Cn3ccnc3)c[nH]c2c1
CHEMBL115899,CCn1cc(Cn2ccnc2)c2ccccc21
CHEMBL488050,Clc1ccc(Cn2cc(Cn3ccnc3)c3ccccc32)cc1
CHEMBL452018,Fc1ccc(Cn2cc(Cn3ccnc3)c3ccccc32)cc1
CHEMBL1997104,CCn1cc(C(c2ccc(Cl)cc2)n2ccnc2)c2cc(Br)ccc21
CHEMBL5393912,Clc1ccccc1Cn1cc(Cn2ccnn2)c2ccccc21
CHEMBL5393946,Fc1ccccc1Cn1cc(Cn2ccnn2)c2ccccc21
CHEMBL5394067,CCn1ccc2cccc(C(Cc3ccc(Br)cc3)n3ccnc3)c21
CHEMBL5394223,CCCCC1(c2ccc(N)cc2)CC(=O)NC1=O
CHEMBL5394424,OC(c1cn(Cc2ccccc2Cl)c2ccccc12)n1ccnc1
CHEMBL5394706,c1ccc(Cn2cc(Cn3ccnc3)c3ccccc32)cc1
CHEMBL5395094,Brc1ccccc1Cn1cc(Cn2ccnc2)c2ccccc21
CHEMBL5395351,CCCCCCN1C(=O)CC(c2ccc(N)cc2)C1=O
CHEMBL5396371,CCCCN1C(=O)CC(c2ccc(N)cc2)C1=O
CHEMBL5396706,CCCCCCC1(c2ccc(N)cc2)CCNC1=O
CHEMBL5397228,CCCCCCCC1(c2ccc(N)cc2)CC(=O)NC1=O
CHEMBL5400021,Clc1ccccc1Cn1cc(Cc2c[nH]nn2)c2ccccc21
CHEMBL5400511,Clc1ccc(Cn2cc(Cn3cncn3)c3ccccc32)cc1
CHEMBL5400514,N#Cc1ccc(Cn2cc(C(O)n3ccnc3)c3ccccc32)cc1
CHEMBL5400890,CCCCCN1C(=O)CC(c2ccc(N)cc2)C1=O
CHEMBL5401017,CCn1ccc2cccc(C(Cc3ccc(F)cc3)n3ccnc3)c21
CHEMBL5402030,Fc1ccc(Cn2cc(Cn3ccnn3)c3ccccc32)cc1
CHEMBL5402711,Fc1ccccc1Cn1cc(Cc2c[nH]nn2)c2ccccc21
CHEMBL5407480,CCn1ccc2cccc(C(Cc3cccc(Cl)c3)n3ccnc3)c21
CHEMBL5408745,Clc1ccccc1CC(c1cn(Cc2ccccc2Cl)c2ccc(Br)cc12)n1ccnn1
CHEMBL5409215,CCN1CCc2cc(Br)cc(C(Cc3ccc(F)cc3)n3ccnc3)c21
CHEMBL5409533,Fc1cccc(Cn2cc(Cn3ccnn3)c3ccccc32)c1
CHEMBL5410174,CCn1ccc2cc(Br)cc(C(Cc3ccc(F)cc3)n3ccnc3)c21
CHEMBL5410534,OC(c1cn(Cc2cccc(F)c2)c2ccccc12)n1ccnc1
CHEMBL5413476,CCn1cc(C(Cc2ccc(Cl)cc2Cl)n2ccnc2)c2cc(Br)ccc21
CHEMBL5414198,CCn1cc(C(c2ccc(Cl)cc2)n2ccnn2)c2cc(Br)ccc21
CHEMBL5416025,CCN1CCc2cccc(C(Cc3ccc(F)cc3)n3ccnn3)c21
CHEMBL5417624,N#Cc1ccc(Cn2cc(Cn3ccnn3)c3ccccc32)cc1
CHEMBL5425388,CCN1CCc2cccc(C(Cc3cccc(Cl)c3)n3ccnc3)c21
CHEMBL5425433,c1ccc(Cn2cc(Cn3cnnc3)c3ccccc32)cc1
CHEMBL5425696,CCCCCCCN1C(=O)CC(c2ccc(N)cc2)C1=O
CHEMBL5426878,Fc1ccc(CC(c2cn(Cc3ccc(F)cc3)c3ccc(Br)cc23)n2ccnn2)cc1
CHEMBL5427189,c1ccc(Cn2cc(Cc3c[nH]nn3)c3ccccc32)cc1
CHEMBL5430016,Cc1ccc(S(=O)(=O)n2cc(Cn3ccnc3)c3ccccc32)cc1
CHEMBL5431722,CCCCCC1(c2ccc(N)cc2)CC(=O)NC1=O
CHEMBL5432257,c1ccc(Cn2cc(Cn3cncn3)c3ccccc32)cc1
CHEMBL5432856,CCN1CCc2cccc(C(Cc3ccc(F)cc3)n3ccnc3)c21
CHEMBL5432998,c1ccc(Cn2cc(Cn3ccnn3)c3ccccc32)cc1
CHEMBL5434047,OC(c1cn(Cc2ccccc2F)c2ccccc12)n1ccnc1
CHEMBL5434222,Brc1cccc(Cn2cc(Cn3ccnc3)c3ccccc32)c1
CHEMBL5436290,CCN1CCc2cc(Cl)cc(C(Cc3ccc(F)cc3)n3ccnc3)c21
CHEMBL5438840,CCn1ccc2cccc(C(Cc3ccc(Cl)cc3)n3ccnc3)c21
CHEMBL5439256,CCn1cc(C(Cc2ccc(F)cc2)n2ccnc2)c2cc(Br)ccc21
CHEMBL5439659,CCn1cc(C(c2ccccc2)n2ccnn2)c2cc(Br)ccc21
CHEMBL5440090,CCCC1(c2ccc(N)cc2)CC(=O)NC1=O
CHEMBL351271,c1ccc2cc(Cn3ccnc3)ccc2c1
CHEMBL5395602,CCn1cc(C(Cc2ccc(F)cc2)n2ccnc2)c2cc(C#N)ccc21
CHEMBL5396048,Cc1c(Cn2ccnc2)ccc2c(F)cc(F)cc12
CHEMBL5398511,O=C1CC(c2ccncc2)Cc2ccccc21
CHEMBL5399600,COc1cc2ccc(Cn3ccnc3)cc2cc1F
CHEMBL5400347,O=C1c2ccccc2CCC1CCc1ccncc1
CHEMBL5400406,N#Cc1ccc(CC(c2ccc3cc[nH]c3c2)n2ccnn2)cc1
CHEMBL5401549,CCC(C(=O)O[C@H]1C[C@H]2C[C@@H]([C@@H]1C)C2(C)C)c1ccncc1
CHEMBL5403912,Fc1ccc(CC(c2ccc3[nH]ccc3c2)n2ccnc2)cc1
CHEMBL5405156,Cc1c(Cn2ccnc2)ccc2ccc(F)cc12
CHEMBL5405284,O=C1c2ccccc2CCC1c1ccncc1
CHEMBL5406205,CC(C)[C@H]1CC[C@H](C)C[C@@H]1OC(=O)Cc1ccncc1
CHEMBL5406968,CC(C(=O)O[C@H]1C[C@H]2C[C@@H]([C@@H]1C)C2(C)C)c1ccncc1
CHEMBL5407805,CC(C)n1cc(C(Cc2ccc(F)cc2)n2ccnc2)c2cc(Br)ccc21
CHEMBL5408823,N#Cc1ccc(CC(c2ccc3cc[nH]c3c2)n2ccnc2)cc1
CHEMBL5409914,CCCn1cc(C(Cc2ccc(F)cc2)n2ccnc2)c2cc(Br)ccc21
CHEMBL5410695,N#Cc1ccc(CC(c2cccc3[nH]ccc23)n2ccnc2)cc1
CHEMBL5411570,N#Cc1ccc(CC(c2cccc3[nH]ccc23)n2ccnn2)cc1
CHEMBL5412410,O=C1/C(=C\c2ccncc2)Cc2c(O)cccc21
CHEMBL5413419,COc1ccc2cc(Cn3ccnc3)ccc2c1
CHEMBL5415900,C[C@@H]1[C@@H](OC(=O)C(C)(C)c2ccncc2)C[C@H]2C[C@@H]1C2(C)C
CHEMBL5416003,Cn1ccc2cc(C(Cc3ccc(Br)cc3)n3ccnc3)ccc21
CHEMBL5416052,CC(C)(C)[C@H]1CC[C@H](OC(=O)Cc2ccncc2)CC1
CHEMBL5416291,CCn1c(C(Cc2ccc(Cl)cc2)n2ccnn2)c(C)c2cc(Br)ccc21
CHEMBL5416993,CCn1c(C(Cc2cccc(Cl)c2)n2ccnc2)c(C)c2cc(Br)ccc21
CHEMBL5417020,CCC(CC)(C(=O)O[C@H]1C[C@H]2C[C@@H]([C@@H]1C)C2(C)C)c1ccncc1
CHEMBL5417558,C[C@H]1CC[C@@H](OC(=O)Cc2ccncc2)CC1
CHEMBL5421275,CC1(C)[C@H]2CC[C@]1(C)[C@H](OC(=O)Cc1ccncc1)C2
CHEMBL5421289,C[C@@H]1[C@@H](OC(=O)Cc2ccncc2)C[C@H]2C[C@]1(C)C2(C)C
CHEMBL5425135,C[C@@H]1[C@H]2C[C@@H](C[C@H]1OC(=O)Cc1ccncc1)C2(C)C
CHEMBL5425567,CCn1c(C)c(C(Cc2ccc(F)cc2)n2ccnc2)c2ccccc21
CHEMBL5425929,Clc1cccc(CC(c2ccc3[nH]ccc3c2)n2ccnc2)c1
CHEMBL5426314,Fc1cc(F)c2ccc(Cn3ccnc3)cc2c1
CHEMBL5428001,CCn1cc(C(Cc2ccc(F)cc2)n2ccnc2)c2cc(Cl)ccc21
CHEMBL5428148,CCn1c(C(Cc2ccc(F)cc2)n2ccnc2)c(C)c2ccccc21
CHEMBL5428947,O=C(Cc1ccncc1)O[C@H]1C[C@H]2CC[C@@H]1C2
CHEMBL5430600,O=C1c2ccc3c(c2CCC1Cc1ccncc1)CCCC3
CHEMBL5430729,C[C@@H]1CC[C@]23C[C@@H]1C(C)(C)[C@@H]2CC[C@@]3(C)OC(=O)Cc1ccncc1
CHEMBL5430986,CC1CCCCC1OC(=O)Cc1ccncc1
CHEMBL5431946,CCn1c(C(Cc2ccccc2)n2ccnn2)c(C)c2cc(Br)ccc21
CHEMBL5432961,CCn1c(C(Cc2ccc(Cl)cc2)n2ccnc2)c(C)c2cc(Br)ccc21
CHEMBL5432971,CCn1cc(C(Cc2ccc(F)cc2)n2ccnc2)c2cc(F)ccc21
CHEMBL5434685,COC1C(F)=Cc2cc(Cn3ccnc3)ccc2C1F
CHEMBL5436084,CCn1c(C(Cc2cccc(Cl)c2)n2ccnn2)c(C)c2cc(Br)ccc21
CHEMBL5437093,CCn1c(C(Cc2ccccc2)n2ccnc2)c(C)c2cc(Br)ccc21
CHEMBL5438005,CC[C@H]1CC[C@@H](OC(=O)Cc2ccncc2)CC1
CHEMBL5438740,CCn1c(C(Cc2ccc(F)cc2)n2ccnn2)c(C)c2cc(Br)ccc21
CHEMBL5439806,COc1c(F)cc2c(C)c(Cn3ccnc3)ccc2c1F
CHEMBL5440376,COc1cc2ccc(Cn3ccnc3)c(C)c2cc1F
CHEMBL5440983,Clc1ccc(CC(c2ccc3[nH]ccc3c2)n2ccnc2)cc1
CHEMBL276473,O=C(/C=C/c1ccccc1)c1ccc(O)cc1
CHEMBL32571,O=C1CC(c2ccc(O)cc2)Oc2cc(O)cc(O)c21
CHEMBL151,O=c1cc(-c2ccc(O)c(O)c2)oc2cc(O)cc(O)c12
CHEMBL45068,O=C(CCc1ccc(O)cc1)c1c(O)cc(O)cc1O
CHEMBL307893,O=C1CC(c2ccc(O)c(O)c2)Oc2cc(O)cc(O)c21
CHEMBL75267,O=c1cc(-c2ccccc2)oc2c(O)c(O)ccc12
CHEMBL88169,COc1ccc(C2CC(=O)c3c(O)cc(O)cc3O2)cc1O
CHEMBL317221,COc1cc(O)c(C(=O)/C=C/c2ccccc2)c(O)c1
CHEMBL133081,COc1ccc(CCC(=O)c2c(O)cc(O)cc2O)cc1O
CHEMBL491692,O=C(CCc1ccc(O)cc1)c1ccccc1O
CHEMBL492818,O=C(CCc1ccc(O)c(O)c1)c1c(O)cc(O)cc1O
CHEMBL556429,COc1ccc([C@@H]2CC(=O)c3c(O)cc(O)c(CC=C(C)C)c3O2)cc1
CHEMBL1191848,Nc1ccc(C(O)Cn2ccnc2)cc1
CHEMBL1642686,Nc1cccc(/C=C/c2ccccc2)c1
CHEMBL3401429,COc1ccc2c(c1)OC(c1ccc(O)c(O)c1)CC2=O
CHEMBL4206988,COc1ccc(/C=C/c2ccc([N+](=O)[O-])cc2)cc1OC
CHEMBL4451577,CC(C)=CCc1c(O)cc2c(c1/C=C\c1ccc(O)cc1)CCC(C)(C)O2
CHEMBL4465694,CC(C)=CCc1c(O)cc(O)c(CC=C(C)C)c1/C=C/c1ccc(O)cc1
CHEMBL4515706,COc1ccc(/C=C/c2c(CC=C(C)C)c(O)cc(O)c2CC=C(C)C)cc1O
CHEMBL4517895,COc1ccc(/C=C/c2c(CC=C(C)C)c(O)cc3c2CCC(C)(C)O3)cc1O
CHEMBL4517937,COc1ccc(/C=C/c2c(CC=C(C)C)c(O)cc3c2CC(O)C(C)(C)O3)cc1
CHEMBL4553272,COc1ccc(/C=C/c2c(CC=C(C)C)c(O)cc(O)c2CC=C(C)C)cc1
CHEMBL5394126,O=c1ccc2ccc(Cn3cnnc3)cc2o1
CHEMBL5397043,C[C@@H]1CC[C@]23C[C@@H]1C(C)(C)[C@@H]2CC[C@@]3(C)OC(=O)C(C)(C)c1ccccn1
CHEMBL5398185,COc1ccc2c(c1)OC(c1ccccc1OC)CC2=O
CHEMBL5401526,C[C@@H]1CC[C@]23C[C@@H]1C(C)(C)[C@@H]2CC[C@@]3(C)OC(=O)Cc1cccnc1
CHEMBL5403749,c1cc2cc(Cn3ccnc3)ccc2cn1
CHEMBL5405593,COc1ccc2c(c1)OC(c1cccc(OC)c1OC)CC2=O
CHEMBL5407494,C[C@@H]1[C@@H](OC(=O)C(C)(C)c2cccnc2)C[C@H]2C[C@@H]1C2(C)C
CHEMBL5409753,COc1ccc(/C=C\c2c(CC=C(C)C)c(O)cc3c2CCC(C)(C)O3)cc1O
CHEMBL5412704,CC(C(=O)O[C@H]1C[C@H]2C[C@@H]([C@@H]1C)C2(C)C)c1cccnc1
CHEMBL5413924,COc1ccc(/C=C\c2c(CC=C(C)C)c(O)cc(O)c2CC=C(C)C)cc1
CHEMBL5414372,COc1cccc2cc(Cn3ccnc3)c(=O)oc12
CHEMBL5417396,COc1ccc2c(c1)OC(c1ccc(OC)c(OC)c1OC)CC2=O
CHEMBL5417830,O=[N+]([O-])c1cc(-c2cc([N+](=O)[O-])cc([N+](=O)[O-])c2)cc([N+](=O)[O-])c1
CHEMBL5418780,COc1ccc(/C=C/c2c(CC=C(C)C)c(O)cc3c2CC(O)C(C)(C)O3)cc1O
CHEMBL5418934,COc1ccc2c(c1)OC(c1ccc(OC)cc1OC)CC2=O
CHEMBL5419796,COc1ccc(/C=C/c2c(CC=C(C)C)c(O)cc3c2CC(C(C)(C)O)O3)cc1
CHEMBL5420745,COc1ccc2c(c1)OC(c1cc(O)cc(O)c1)CC2=O
CHEMBL5421164,COc1ccc2c(Cn3cnnc3)cc(=O)oc2c1
CHEMBL5423576,COc1cc(OC)c(OC)cc1CCc1ccc(N)cc1
CHEMBL5425965,CCCCCc1c(CC=C(C)C)c(O)cc(O)c1CC=C(C)C
CHEMBL5426214,COc1ccc2c(c1)OC(c1ccc(O)c(OC)c1)CC2=O
CHEMBL5427782,CC(C)=CCc1c(O)cc2c(c1/C=C/c1ccc(O)cc1)CC(C(C)(C)O)O2
CHEMBL5428361,COc1ccc(/C=C\c2c(CC=C(C)C)c(O)cc(O)c2CC=C(C)C)cc1O
CHEMBL5429699,COc1ccc(/C=C/c2c(CC=C(C)C)c(O)cc(O)c2CC(O)=C(C)C)cc1
CHEMBL5429907,COc1ccc(/C=C\c2c(CC=C(C)C)c(O)cc3c2CC(C(C)(C)O)O3)cc1O
CHEMBL5433734,C[C@@H]1[C@@H](OC(=O)Cc2cccnc2)C[C@H]2C[C@@H]1C2(C)C
CHEMBL5434837,COc1ccc2c(c1)OC(c1ccc(OC)c(O)c1)CC2=O
CHEMBL5435609,COc1cc(/C=C/c2ccccc2[N+](=O)[O-])cc(OC)c1
CHEMBL30047,CCC(c1ccc(Cl)cc1)(c1ccc(Cl)cc1)c1cncnc1
CHEMBL30043,Fc1ccc(C(F)(c2ccc(Cl)cc2)c2cncnc2)cc1
CHEMBL29997,Clc1ccc(C(Cc2ccccc2)(c2ccc(Cl)cc2)c2cncnc2)cc1
CHEMBL26207,OC(c1ccc(Cl)cc1)(c1cncnc1)C1CC2CCC1C2
CHEMBL282079,OC(c1ccc(Cl)cc1)(c1cncnc1)C1CCCCC1
CHEMBL26208,Clc1ccc(C(Cl)(c2ccc(Cl)cc2)c2cncnc2)cc1
CHEMBL29952,Fc1ccc(C(F)(c2cncnc2)c2ccccc2Cl)cc1
CHEMBL283085,Cc1ccc(C(O)(c2ccc(C)cc2)c2cncnc2)cc1
CHEMBL28753,OC(c1ccc(F)cc1)(c1cncnc1)c1cccc(F)c1
CHEMBL286965,OC(c1ccc(Cl)cc1)(c1cncnc1)c1cccc(F)c1
CHEMBL28637,OC(c1ccc(Cl)cc1)(c1ccc(C(F)(F)F)cc1)c1cncnc1
CHEMBL29400,OC(c1ccc(Cl)cc1)(c1cncnc1)c1cccc(Cl)c1
CHEMBL27797,COc1ccc(C(O)(c2cncnc2)C2CCCCCCC2)cc1
CHEMBL283671,FC(c1ccc(Cl)cc1)(c1ccc(Cl)cc1)c1cncnc1
CHEMBL29904,OC(c1ccc(Cl)cc1)(c1ccc(Cl)cc1)c1cncnc1
CHEMBL28696,OC(c1ccc(F)cc1)(c1ccc(F)cc1)c1cncnc1
CHEMBL29669,Clc1ccc(C(c2ccc(Cl)cc2)c2cncnc2)cc1
CHEMBL29523,COc1ccc(C(O)(c2cncnc2)c2ccc(C)c(C)c2)cc1C
CHEMBL30081,OC(c1ccc(F)cc1)(c1cncnc1)C1CC1
CHEMBL282525,OC(c1ccc(Cl)cc1)(c1cncnc1)C1CC1
CHEMBL28465,OC(c1ccc(Br)cc1)(c1cncnc1)C1CC1
CHEMBL540958,Cc1ccc(C(O)(c2ccccc2)c2cncnc2)cc1C
CHEMBL287393,OC(c1ccccc1)(c1cncnc1)c1ccc(Cl)c(Cl)c1
CHEMBL28800,O=[N+]([O-])c1ccc(C(O)(c2ccccc2)c2cncnc2)cc1
CHEMBL284636,OC(c1ccccc1)(c1ccc(C(F)(F)F)cc1)c1cncnc1
CHEMBL28971,OC(c1ccc(Cl)cc1)(c1cncnc1)c1ccccc1Cl
CHEMBL282325,OC(c1ccc(F)cc1)(c1ccc(Cl)cc1)c1cncnc1
CHEMBL29901,CC(c1ccc(Cl)cc1)(c1ccc(Cl)cc1)c1cncnc1
CHEMBL135606,O=[N+]([O-])c1ccc(C(c2ccc([N+](=O)[O-])cc2)n2ccnc2)cc1
CHEMBL133145,Clc1ccccc1C(c1ccccc1Cl)n1ccnc1
CHEMBL335215,Clc1ccc(C(c2ccc(Cl)cc2)n2ccnc2)cc1
CHEMBL137373,Fc1ccc(C(c2ccc(F)cc2)n2ccnc2)cc1
CHEMBL137002,COc1ccccc1C(c1ccccc1)n1ccnc1
CHEMBL2430098,c1ccc2oc(Cn3ccnc3)cc2c1
CHEMBL5395333,Clc1ccc2oc(Cn3ccnc3)cc2c1
CHEMBL5397257,Fc1ccc(C(c2cc3ccccc3o2)n2cnnn2)cc1
CHEMBL5403643,Brc1cc(Br)c2oc(Cn3ccnc3)cc2c1
CHEMBL5406056,OC(c1ccc(Cl)cc1)(c1cccnc1)c1cc2ccccc2o1
CHEMBL5411393,COc1ccc(C(O)(c2cccnc2)c2cc3ccccc3o2)cc1
CHEMBL5411965,Clc1cc(Cl)c2oc(Cn3ccnc3)cc2c1
CHEMBL5413902,Cc1ccc(C(c2cc3ccccc3o2)n2cncn2)cc1
CHEMBL5419730,Clc1ccc(C(c2cc3ccccc3o2)n2cncn2)c(Cl)c1
CHEMBL5421179,Clc1ccc(C(c2cc3ccccc3o2)n2cnnn2)c(Cl)c1
CHEMBL5421772,Clc1ccc(C(c2cc3ccccc3o2)n2cncn2)cc1
CHEMBL5422369,N#Cc1ccc(C(c2cc3ccccc3o2)n2cncn2)cc1
CHEMBL5423274,OC(c1ccc(F)cc1)(c1cccnc1)c1cc2ccccc2o1
CHEMBL5424344,Clc1ccc(C(c2cc3ccccc3o2)n2cnnn2)cc1
CHEMBL5426057,COc1cccc(C(O)(c2ccc(Cl)cc2)c2cncnc2)c1Cl
CHEMBL5432300,COc1ccc(/C=C/c2ccccc2[N+](=O)[O-])cc1OC
CHEMBL5434747,Brc1ccc2oc(Cn3ccnc3)cc2c1
CHEMBL135921,OC(c1ccc(Cl)cc1)(c1ccc(Cl)cc1)c1c[nH]cn1
CHEMBL135540,OC(c1ccc(Cl)cc1)(c1ccc(Cl)cc1)c1ncc[nH]1
CHEMBL133082,COC(c1ccc(Cl)cc1)(c1ccc(Cl)cc1)c1cccnc1
CHEMBL133026,CC(c1ccc(Cl)cc1)(c1ccc(Cl)cc1)c1cccnc1
CHEMBL133079,FC(c1ccc(Cl)cc1)(c1ccc(Cl)cc1)c1cccnc1
CHEMBL334958,Clc1ccc(C(Cl)(c2ccc(Cl)cc2)c2cccnc2)cc1
CHEMBL343072,Clc1ccc(C(c2ccccc2)n2ccnc2)cc1
CHEMBL135381,Cc1ccc(C(c2ccc(C)cc2)n2ccnc2)cc1
CHEMBL135595,FC(F)(F)c1ccc(C(c2ccc(Cl)cc2)n2ccnc2)cc1
CHEMBL135115,OC(c1ccc(Cl)cc1)(c1ccc(Cl)cc1)c1cccnc1
CHEMBL135063,COc1ccc(C(c2ccc(Cl)cc2)n2ccnc2)cc1
CHEMBL335050,COc1ccc(C(c2ccc(C)cc2)n2ccnc2)cc1
CHEMBL135494,COc1ccc(C(c2ccc(OC)cc2)n2ccnc2)cc1
CHEMBL436369,Brc1ccc(C(c2ccc(Br)cc2)n2ccnc2)cc1
CHEMBL133198,Clc1ccc(C(c2ccc(Cl)cc2)(c2ccccn2)n2ccnc2)cc1
CHEMBL135563,Clc1ccc(C(c2ccc(Cl)cc2)n2cnnc2)cc1
CHEMBL341386,Clc1ccc(C(c2ccc(Cl)cc2)n2cncn2)cc1
CHEMBL422093,Clc1ccc(C(c2ccc(Cl)cc2)N2CCNCC2)cc1
CHEMBL334999,OC(c1ccc(Cl)cc1)(c1ccc(Cl)cc1)c1cc[nH]n1
CHEMBL132929,Clc1ccc(C(c2ccc(Cl)cc2)n2ccnn2)cc1
CHEMBL138538,Cc1ccc(C(O)(c2ccc(Cl)cc2)c2cccnc2)cc1
CHEMBL135340,Clc1ccc(C(c2ccc(Cl)cc2)n2ncnn2)cc1
CHEMBL135172,Clc1ccc(C(c2ccc(Cl)cc2)(c2nc[nH]n2)n2ccnc2)cc1
CHEMBL415725,Clc1ccc(C(c2ccc(Cl)cc2)c2cccnc2)cc1
CHEMBL135709,OC(c1ccc(F)cc1)(c1cccnc1)c1ccc(Cl)cc1Cl
CHEMBL135396,OC(c1cccnc1)(c1cccc(Cl)c1)c1cccc(Cl)c1
CHEMBL135633,OC(c1ccc(Cl)cc1)(c1ccc(Cl)cc1)c1ccncn1
CHEMBL135378,Clc1ccc(C(c2ccc(Cl)cc2)(c2c[nH]nn2)n2ccnc2)cc1
CHEMBL336616,OC(c1ccc(Cl)cc1)(c1ccc(Cl)cc1)c1cnccn1
CHEMBL335836,OC(c1ccncc1)(c1ccc(Cl)cc1)c1ccc(Cl)cc1
CHEMBL137049,Clc1ccc(C(c2ccc(Cl)cc2)(c2cccnc2)n2ccnc2)cc1
CHEMBL137589,OC(c1ccc(Cl)cc1)(c1ccc(Cl)cc1)c1cn[nH]c1
CHEMBL137396,Clc1ccc(C(c2ccncc2)(c2ccc(Cl)cc2)n2ccnc2)cc1
CHEMBL137001,Clc1ccc(C(c2ccc(Cl)cc2)(c2cn[nH]c2)n2ccnc2)cc1
CHEMBL137604,Clc1ccc(C(c2ccc(Cl)cc2)(c2ncc[nH]2)n2ccnc2)cc1
CHEMBL336708,Clc1ccc(C(c2ccc(Cl)cc2)(c2cc[nH]n2)n2ccnc2)cc1
CHEMBL344904,Clc1ccc(C(c2ccc(Cl)cc2)(c2c[nH]cn2)n2ccnc2)cc1
CHEMBL337750,OC(c1ccc(Cl)cc1)(c1cccnc1)c1cccc(C(F)(F)F)c1
CHEMBL343273,COc1cc(Cl)ccc1C(O)(c1ccccc1)c1cccnc1
CHEMBL1195457,Clc1ccc(C(c2ccncc2)c2ccc(Cl)cc2)cc1
CHEMBL3622074,N#CC1(c2cc(Cn3cncn3)cc(Sc3ccc(OS(N)(=O)=O)c(Cl)c3)c2)CCC1
CHEMBL5397670,N#Cc1ccc(N(CCc2ccc(OS(N)(=O)=O)c(Br)c2)n2cnnc2)cc1
CHEMBL5398859,Clc1ccc(C(c2ccc(Cl)cc2)(c2ccsn2)n2ccnc2)cc1
CHEMBL5406393,N#Cc1ccc(N(CCc2ccc(OS(N)(=O)=O)cc2)n2cnnc2)cc1
CHEMBL5410574,OC(c1ccc(Cl)cc1)(c1ccc(Cl)cc1)c1ccsn1
CHEMBL5410623,OC(c1ccc(Cl)cc1)(c1ccc(Cl)cc1)c1cscn1
CHEMBL5418345,N#Cc1ccc(N(CCc2ccc(OS(N)(=O)=O)c(Cl)c2)n2cnnc2)cc1
CHEMBL5427411,Clc1ccc(C(c2ccc(Cl)cc2)(c2cscn2)n2ccnc2)cc1
CHEMBL5431850,N#Cc1ccc(N(CCCc2ccc(OS(N)(=O)=O)cc2)n2cnnc2)cc1
CHEMBL5432233,N#Cc1ccc(N(CCc2ccc(OS(N)(=O)=O)c(F)c2)n2cnnc2)cc1
CHEMBL5394799,CN(CCN(c1ccc(C#N)cc1)n1cnnc1)S(=O)(=O)c1ccc(OS(N)(=O)=O)cc1
CHEMBL5395753,N#Cc1ccc(C(Cc2ccc(OS(N)(=O)=O)cc2)n2cncn2)cc1
CHEMBL5396464,N#Cc1ccc(N(CCc2ccc(O)c(F)c2)n2cnnc2)cc1
CHEMBL5397197,N#Cc1ccc(N(CCCc2ccc(OS(N)(=O)=O)c(F)c2)n2cnnc2)cc1
CHEMBL5397563,N#Cc1ccc(N(Cc2ccc3cc(O)ccc3c2)n2cnnc2)cc1
CHEMBL5398138,N#Cc1ccc(N(CCCCSc2ccc(OS(N)(=O)=O)cc2)n2cnnc2)cc1
CHEMBL5398997,N#Cc1ccc(N(Cc2ccc3c(Cl)c(O)ccc3c2)n2cnnc2)cc1
CHEMBL5399449,N#Cc1ccc(N(CCCc2ccc(O)c(F)c2)n2cnnc2)cc1
CHEMBL5400488,N#Cc1ccc(N(CCCOc2ccc(O)cc2)n2cnnc2)cc1
CHEMBL5401315,N#Cc1ccc(N(CCSc2cccc(O)c2)n2cnnc2)cc1
CHEMBL5402090,N#Cc1ccc(N(CCc2ccc(O)cc2)n2cnnc2)cc1
CHEMBL5402457,N#Cc1ccc(N(CCCc2ccc(O)c(Br)c2)n2cnnc2)cc1
CHEMBL5402619,N#Cc1ccc(N(CCSCc2ccc(O)cc2)n2cnnc2)cc1
CHEMBL5404073,N#Cc1ccc(N(CC2CCc3cc(O)ccc3C2)n2cnnc2)cc1
CHEMBL5407526,N#Cc1ccc(N(CCCc2ccc(O)c(Cl)c2)n2cnnc2)cc1
CHEMBL5408436,N#Cc1ccc(N(Cc2ccc3c(Br)c(O)ccc3c2)n2cnnc2)cc1
CHEMBL5408847,N#Cc1ccc(N(CCc2coc3cc(OS(N)(=O)=O)ccc23)n2cnnc2)cc1
CHEMBL5409338,N#Cc1ccc(N(CCCCCCCCCCSc2ccc(OS(N)(=O)=O)cc2)n2cnnc2)cc1
CHEMBL5410011,Oc1ccc(C(c2ccc(Cl)cc2)n2cncn2)cc1Br
CHEMBL5410657,N#Cc1ccc(N(CSc2cccc(O)c2)n2cnnc2)cc1
CHEMBL5411472,N#Cc1ccc(N(CCCCOc2ccc(O)cc2)n2cnnc2)cc1
CHEMBL5412353,N#Cc1ccc(N(CSc2ccc(O)cc2)n2cnnc2)cc1
CHEMBL5412416,N#Cc1ccc(N(CCc2ccc(O)c(Cl)c2)n2cnnc2)cc1
CHEMBL5412425,N#Cc1ccc(N(CCc2coc3cc(O)ccc23)n2cnnc2)cc1
CHEMBL5413153,NS(=O)(=O)Oc1ccc(CC(c2ccc(Cl)cc2)n2cncn2)cc1Br
CHEMBL5413770,N#Cc1ccc(N(CCCc2ccc(O)cc2)n2cnnc2)cc1
CHEMBL5415771,N#Cc1ccc(N(CCCc2ccc(OS(N)(=O)=O)c(Cl)c2)n2cnnc2)cc1
CHEMBL5416513,N#Cc1ccc(C(CCc2ccc(OS(N)(=O)=O)cc2)n2cncn2)cc1
CHEMBL5417041,N#Cc1ccc(N(CCCCSc2ccc(O)cc2)n2cnnc2)cc1
CHEMBL5417335,N#Cc1ccc(N(CCc2ccc(O)c(Br)c2)n2cnnc2)cc1
CHEMBL5419258,N#Cc1ccc(N(Cc2c[nH]c3ccc(O)cc23)n2cnnc2)cc1
CHEMBL5421435,N#Cc1ccc(N(CCSCc2ccc(OS(N)(=O)=O)cc2)n2cnnc2)cc1
CHEMBL5422332,NS(=O)(=O)Oc1ccc(CC(c2ccc(Cl)cc2)n2cncn2)cc1
CHEMBL5423400,N#Cc1ccc(N(CCCOc2ccc(OS(N)(=O)=O)cc2)n2cnnc2)cc1
CHEMBL5423824,N#Cc1ccc(N(CCCc2ccc(OS(N)(=O)=O)c(Br)c2)n2cnnc2)cc1
CHEMBL5424049,N#Cc1ccc(N(CCOc2ccc(OS(N)(=O)=O)cc2)n2cnnc2)cc1
CHEMBL5424630,Cn1cc(CCN(c2ccc(C#N)cc2)n2cnnc2)c2cc(O)ccc21
CHEMBL5425142,N#Cc1ccc(N(CSc2ccc(OS(N)(=O)=O)cc2)n2cnnc2)cc1
CHEMBL5425230,N#Cc1ccc(N(CCCCOc2ccc(OS(N)(=O)=O)cc2)n2cnnc2)cc1
CHEMBL5427905,CN(CCN(c1ccc(C#N)cc1)n1cnnc1)S(=O)(=O)c1ccc(O)cc1
CHEMBL5428080,N#Cc1ccc(N(CSc2cccc(OS(N)(=O)=O)c2)n2cnnc2)cc1
CHEMBL5429338,NS(=O)(=O)Oc1ccc(C(c2ccc(Cl)cc2)n2cncn2)cc1Br
CHEMBL5430347,CN(C)S(=O)(=O)Oc1ccc(C(c2ccc(C#N)cc2)n2cncn2)cc1Br
CHEMBL5434606,N#Cc1ccc(N(CCn2ccc3cc(O)ccc32)n2cnnc2)cc1
CHEMBL5435238,N#Cc1ccc(N(CCSc2cccc(OS(N)(=O)=O)c2)n2cnnc2)cc1
CHEMBL5437662,N#Cc1ccc(N(Cc2nc3ccc(O)cc3o2)n2cnnc2)cc1
CHEMBL5439970,N#Cc1ccc(N(CCCCCSc2ccc(O)cc2)n2cnnc2)cc1
CHEMBL5440356,N#Cc1ccc(N(CCOc2ccc(O)cc2)n2cnnc2)cc1
CHEMBL5440379,N#Cc1ccc(N(CCCCCCCCCCSc2ccc(O)cc2)n2cnnc2)cc1
CHEMBL5440424,N#Cc1ccc(N(CCCSc2ccc(O)cc2)n2cnnc2)cc1
CHEMBL350072,Cc1ccc(C2CCCc3cncn32)cc1
CHEMBL423613,CCOC(=O)c1ccc(C2CCCc3cncn32)cc1
CHEMBL162585,N#Cc1ccc(C2CCc3cncn32)cc1
CHEMBL350338,Brc1ccc(C2CCCc3cncn32)cc1
CHEMBL5394232,C1=NC=NC1C(c1ccccc1)c1ccccc1
CHEMBL5395326,N#Cc1ccc(N(Cc2c(F)cc(OS(N)(=O)=O)cc2F)n2cnnc2)cc1
CHEMBL5395683,C1=NC=NC1CCC(c1ccccc1)c1ccccc1
CHEMBL5395694,N#Cc1ccc(N(Cc2ccc(OS(N)(=O)=O)c(C(F)F)c2)n2cnnc2)cc1
CHEMBL5396276,C1=NC=NC1CCCCC(c1ccccc1)c1ccccc1
CHEMBL5398199,Oc1ccc(CN(c2ccccc2)n2cnnc2)cc1
CHEMBL5398403,Oc1ccc(CN(c2cc(F)cc(F)c2)n2cnnc2)cc1
CHEMBL5400554,NS(=O)(=O)Oc1ccc(CN(c2ccccc2)n2cnnc2)cc1
CHEMBL5400682,NS(=O)(=O)Oc1ccc(CN(c2cc(F)cc(F)c2)n2cnnc2)cc1
CHEMBL5401648,N#Cc1ccc(N(CCc2c(F)cc(O)cc2F)C2C=NN=C2)cc1
CHEMBL5401807,C1=NC=NC1CC(c1ccccc1)c1ccccc1
CHEMBL5401946,N#Cc1ccc(N(Cc2ccc(O)c(F)c2F)n2cnnc2)cc1
CHEMBL5402193,N#Cc1ccc(N(Cc2ccc(OS(N)(=O)=O)cc2Cl)n2cnnc2)cc1
CHEMBL5402384,N#Cc1ccc(N(Cc2c(Cl)cc(O)cc2Cl)n2cnnc2)cc1
CHEMBL5402413,N#Cc1ccc(N(Cc2c(Cl)cc(OS(N)(=O)=O)cc2Cl)n2cnnc2)cc1
CHEMBL5404624,N#Cc1ccc(N(CCc2c(F)cc(OS(N)(=O)=O)cc2F)n2cnnc2)cc1
CHEMBL5404820,N#Cc1ccc(N(Cc2c(F)cc(O)cc2F)n2cnnc2)cc1
CHEMBL5405854,C1=NC=NC1CCc1ccccc1
CHEMBL5406470,C1=NC=NC1CC(Cc1ccccc1)c1ccccc1
CHEMBL5406734,N#Cc1ccc(C(Cc2ccc(O)c(Br)c2)n2cncn2)cc1
CHEMBL5411834,N#Cc1ccc(N(Cc2ccc(OS(N)(=O)=O)c(F)c2F)n2cnnc2)cc1
CHEMBL5412669,N#Cc1ccc(N(Cc2ccc(O)cc2Br)n2cnnc2)cc1
CHEMBL5413431,N#Cc1ccc(N(Cc2ccc(OS(N)(=O)=O)cc2Br)n2cnnc2)cc1
CHEMBL5413472,Oc1ccc(CC(c2ccc(Cl)cc2)n2cncn2)cc1
CHEMBL5413848,N#Cc1ccc(N(Cc2ccc(O)c(C(F)F)c2)n2ccnc2)cc1
CHEMBL5414163,C1=NC=NC1CCCCCC(c1ccccc1)c1ccccc1
CHEMBL5419141,C1=NC=NC1CCCCc1ccccc1
CHEMBL5421450,Cn1nnc2ccc(C(c3ccc(O)cc3)n3cncn3)cc21
CHEMBL5421626,N#Cc1ccc(C(Cc2ccc(O)cc2)n2cncn2)cc1
CHEMBL5421908,N#Cc1ccc(N(n2cnnc2)C(F)(F)c2ccc(OS(N)(=O)=O)cc2)cc1
CHEMBL5421931,C1=NC=NC1CCCCCc1ccccc1
CHEMBL5425028,N#Cc1ccc(N(Cc2ccc(O)cc2F)n2ccnc2)cc1
CHEMBL5425529,Oc1ccc(CN(c2ccc3c(c2)OC(F)(F)O3)C2C=NN=C2)cc1
CHEMBL5426228,C1=NC=NC1Cc1ccccc1
CHEMBL5427371,C1=NC=NC1CC(CCc1ccccc1)c1ccccc1
CHEMBL5429844,Oc1ccc(CC(c2ccc(Cl)cc2)n2cncn2)cc1Br
CHEMBL5431500,C1=NC=NC1CCC(Cc1ccccc1)c1ccccc1
CHEMBL5431758,N#Cc1ccc(N(Cc2ccc(O)cc2Cl)n2cnnc2)cc1
CHEMBL5433928,C1=NC=NC1C(CCc1ccccc1)c1ccccc1
CHEMBL5434794,NS(=O)(=O)Oc1ccc(CN(c2ccc3c(c2)OC(F)(F)O3)n2cnnc2)cc1
CHEMBL5435398,N#Cc1ccc(N(n2cnnc2)C(F)(F)c2ccc(O)cc2)cc1
CHEMBL5436006,N#Cc1ccc(N(Cc2ccc(O)cc2F)n2cnnc2)cc1
CHEMBL5436996,N#Cc1ccc(C(CCc2ccc(O)cc2)n2cncn2)cc1
CHEMBL5438093,N#Cc1ccc(C(CCc2ccc(O)c(Br)c2)n2cncn2)cc1
CHEMBL5438581,C1=NC=NC1CCCC(c1ccccc1)c1ccccc1
CHEMBL5438618,C1=NC=NC1CCCc1ccccc1
CHEMBL415952,c1ccc(C(CCn2ccnc2)c2ccccc2)cc1
CHEMBL5394566,Fc1ccc(C(Cc2ccccc2)Cc2c[nH]cn2)cc1
CHEMBL5395012,Fc1ccc(CCC(c2ccc(F)cc2)c2c[nH]cn2)cc1
CHEMBL5396408,Fc1ccc(C(CCCc2c[nH]cn2)c2ccccc2)cc1
CHEMBL5397541,Fc1ccccc1C(CCCc1c[nH]cn1)c1ccccc1
CHEMBL5397559,Nc1ccc(C(CCCc2c[nH]cn2)c2ccc(N)cc2)cc1
CHEMBL5398069,Cc1cccc(C(CCc2c[nH]cn2)c2cccc(C)c2)c1
CHEMBL5398810,Cc1ccccc1C(CCc1c[nH]cn1)c1ccccc1C
CHEMBL5401445,N#Cc1ccc(C(CCCc2ccccc2)c2c[nH]cn2)cc1
CHEMBL5401856,Cc1ccc(C(CCc2c[nH]cn2)c2ccc(C)cc2)cc1
CHEMBL5401971,FC(F)(F)c1ccc(C(CCCc2c[nH]cn2)c2ccc(C(F)(F)F)cc2)cc1
CHEMBL5402637,Fc1ccc(CCCC(c2ccc(F)cc2)c2c[nH]cn2)cc1
CHEMBL5403263,Cc1cccc(CCCCC(c2ccc(F)cc2)c2c[nH]cn2)c1
CHEMBL5404343,COc1ccc(C(CCc2c[nH]cn2)c2ccc(OC)cc2)cc1
CHEMBL5404404,Cc1cccc(C(CCCc2c[nH]cn2)c2ccccc2)c1
CHEMBL5408838,Fc1ccc(C(CCc2ccccc2)Cc2c[nH]cn2)cc1
CHEMBL5411125,N#Cc1ccc(C(CCCc2c[nH]cn2)c2ccc(C#N)cc2)cc1
CHEMBL5412224,Fc1ccc(C(CCn2ccnc2)c2ccccc2)cc1
CHEMBL5413133,C1=NC=NC1C(CCCCc1ccccc1)c1ccccc1
CHEMBL5414100,Fc1ccc(CCC(c2ccc(F)cc2)n2cncn2)cc1
CHEMBL5417163,Fc1ccc(C(CCc2c[nH]cn2)c2ccc(C(F)(F)F)cc2)cc1
CHEMBL5417761,Fc1ccc(C(CCn2ccnc2)c2ccc(F)cc2)cc1
CHEMBL5417855,N#Cc1ccc(C(CCc2c[nH]cn2)c2ccc(C#N)cc2)cc1
CHEMBL5418765,N#Cc1ccc(C(CCCc2ccc(F)cc2)c2c[nH]cn2)cc1
CHEMBL5419940,c1ccc(C(CCCn2ccnc2)c2ccccc2)cc1
CHEMBL5419948,Fc1ccc(C(CCn2cncn2)c2ccc(F)cc2)cc1
CHEMBL5421565,N#Cc1ccc(C(CCc2ccc(F)cc2)n2ccnc2)cc1
CHEMBL5421595,Fc1ccc(C(CCCc2c[nH]cn2)c2ccc(F)cc2)cc1
CHEMBL5423113,Cc1cccc(C(CCCc2c[nH]cn2)c2cccc(C)c2)c1
CHEMBL5423378,O=[N+]([O-])c1ccc(C(CCCc2c[nH]cn2)c2ccc([N+](=O)[O-])cc2)cc1
CHEMBL5423512,Cc1ccc(CCCCC(c2ccc(F)cc2)c2c[nH]cn2)cc1
CHEMBL5423518,Fc1ccc(CCC(Cc2c[nH]cn2)c2ccc(F)cc2)cc1
CHEMBL5423840,Fc1ccc(C(CCc2c[nH]cn2)c2ccccc2)cc1
CHEMBL5424130,Cc1ccc(C(CCCc2c[nH]cn2)c2ccc(C)cc2)cc1
CHEMBL5425445,Cc1ccccc1C(CCCc1c[nH]cn1)c1ccccc1
CHEMBL5425656,N#Cc1ccc(C(CCc2c[nH]cn2)c2ccc(F)cc2)cc1
CHEMBL5425854,CCc1ccc(C(CCCc2c[nH]cn2)c2ccccc2)cc1
CHEMBL5427725,C1=NC=NC1CCCC(Cc1ccccc1)c1ccccc1
CHEMBL5429779,Cc1ccc(C(CCc2c[nH]cn2)c2ccccc2)cc1
CHEMBL5432857,COc1ccc(C(CCc2c[nH]cn2)c2ccc(C#N)cc2)cc1
CHEMBL5432975,Fc1cccc(C(CCc2c[nH]cn2)c2cccc(F)c2)c1
CHEMBL5433174,N#Cc1ccc(C(CCc2c[nH]cn2)c2ccccc2)cc1
CHEMBL5434818,Fc1ccc(C(CCCCc2ccccc2)c2c[nH]cn2)cc1
CHEMBL5436300,N#Cc1ccc(C(CCc2ccc(F)cc2)Cc2c[nH]cn2)cc1
CHEMBL5436915,FC(F)(F)c1ccc(C(CCc2c[nH]cn2)c2ccc(C(F)(F)F)cc2)cc1
CHEMBL5437945,Fc1ccc(C(CCc2c[nH]cn2)c2ccc(F)cc2)cc1
CHEMBL5439274,Cc1ccccc1CCCCC(c1ccc(F)cc1)c1c[nH]cn1
CHEMBL5439843,Fc1ccc(C(CCc2ccccc2)c2c[nH]cn2)cc1
CHEMBL5440707,N#Cc1ccc(C(CCc2c[nH]cn2)c2ccc(C(F)(F)F)cc2)cc1
CHEMBL5440818,Fc1ccc(C(CCCc2ccccc2)c2c[nH]cn2)cc1
CHEMBL112532,CCCCOc1ccc(-n2ccnc2)cc1
CHEMBL433737,CCCCOc1ccc(-c2ccon2)cc1
CHEMBL150681,CCCCOc1ccc(-c2ccno2)cc1
CHEMBL151207,CCCCOc1ccc(-n2cnc(C)c2)cc1
CHEMBL151037,CCCCOc1ccc(-c2ccnn2C)cc1
CHEMBL151038,CCCCOc1ccc(-c2oncc2C)cc1
CHEMBL422858,CCCCOc1ccc(-c2cc(C)no2)cc1
CHEMBL150999,CCCCOc1ccc(-c2ncc[nH]2)cc1
CHEMBL150653,CCCCOc1ccc(-c2ccccn2)cc1
CHEMBL356594,CCCCOc1ccc(-c2cc(C)[nH]n2)cc1
CHEMBL358214,CCCCOc1ccc(-n2ccnc2C)cc1
CHEMBL348263,CCCCOc1ccc(N/C=N\O)cc1
CHEMBL150146,CCCCOc1ccc(-c2cnccn2)cc1
CHEMBL151646,CCCCOc1ccc(-c2cccnc2)cc1
CHEMBL151449,CCCCOc1cccc(-c2ccno2)c1
CHEMBL150799,CCCCOc1ccccc1-c1ccno1
CHEMBL149750,CCCCOc1ccc(-c2cc[nH]n2)cc1
CHEMBL150278,CCCCOc1ccc(-c2nn[nH]n2)cc1
CHEMBL359116,CCCCOc1ccc(-c2cc[nH]c2)cc1
CHEMBL5394486,N#Cc1ccccc1-c1ccc(Cn2cncn2)cc1
CHEMBL5394720,CCCCOc1ccc(-c2nocc2C)cc1
CHEMBL5395040,N#Cc1ccc(/C(=C\Cc2ccc(F)cc2)C2C=NC=N2)cc1
CHEMBL5397796,N#Cc1ccc(C(CCc2ccc(F)cc2)n2cncn2)cc1
CHEMBL5411950,N#Cc1ccc(C(CCCc2ccc(F)cc2)n2ccnc2)cc1
CHEMBL5419123,N#Cc1ccc(CC/C=C(\c2ccc(C#N)cc2)C2C=NC=N2)cc1
CHEMBL5423575,CCCCOc1ccc(-n2ccnn2)cc1
CHEMBL5426889,CCCCOc1ccc(-c2ccn(C)n2)cc1
CHEMBL5427944,N#Cc1ccc(/C(=C\CCc2ccc(F)cc2)C2C=NC=N2)cc1
CHEMBL5430737,N#Cc1ccc(/C(=C\Cc2ccc(F)cc2)n2cncn2)cc1
CHEMBL5431734,N#Cc1ccc(/C(=C\CCc2ccc(F)cc2)n2ccnc2)cc1
CHEMBL5433553,N#Cc1ccc(C(CCCc2ccc(F)cc2)n2cncn2)cc1
CHEMBL5438879,N#Cc1ccccc1-c1cccc(Cn2cncn2)c1
CHEMBL5439983,N#Cc1ccc(/C(=C\CCc2ccc(F)cc2)n2cncn2)cc1
CHEMBL5542291,Cc1ncsc1-c1ccc([C@H](C)NC(=O)[C@@H]2C[C@@H](O)CN2C(=O)[C@@H](NC(=O)CCCOc2ccc(N(CC(F)(F)F)S(=O)(=O)C3CC4OC3C(c3ccc(-n5ccnc5)cc3)=C4c3ccc(O)cc3)cc2)C(C)(C)C)cc1
CHEMBL5549760,Cc1ncsc1-c1ccc([C@H](C)NC(=O)[C@@H]2C[C@@H](O)CN2C(=O)[C@@H](NC(=O)COCCOCCOCCOCCOc2ccc(N(CC(F)(F)F)S(=O)(=O)C3CC4OC3C(c3ccc(-n5ccnc5)cc3)=C4c3ccc(O)cc3)cc2)C(C)(C)C)cc1
CHEMBL5555317,Cc1ncsc1-c1ccc([C@@H](C)NC(=O)[C@H]2C[C@H](O)CN2C(=O)[C@H](NC(=O)COCCOCCOCCOc2ccc(N(CC(F)(F)F)S(=O)(=O)C3CC4OC3C(c3ccc(-n5ccnc5)cc3)=C4c3ccc(O)cc3)cc2)C(C)(C)C)cc1
CHEMBL5556708,Cc1ncsc1-c1ccc([C@H](C)NC(=O)[C@@H]2C[C@@H](O)CN2C(=O)[C@@H](NC(=O)CCCCCCCOc2ccc(N(CC(F)(F)F)S(=O)(=O)C3CC4OC3C(c3ccc(-n5ccnc5)cc3)=C4c3ccc(O)cc3)cc2)C(C)(C)C)cc1
CHEMBL5557715,CCOC(=O)C(=O)Nc1ccc(/C(=C(/C)c2ccccc2)c2ccccc2)cc1
CHEMBL5558656,Cc1ncsc1-c1ccc([C@H](C)NC(=O)[C@@H]2C[C@@H](O)CN2C(=O)[C@@H](NC(=O)CCCCOc2ccc(N(CC(F)(F)F)S(=O)(=O)C3CC4OC3C(c3ccc(-n5ccnc5)cc3)=C4c3ccc(O)cc3)cc2)C(C)(C)C)cc1
CHEMBL5559176,CC(=C(c1ccccc1)c1ccccc1)c1ccc(NC(=O)C(=O)O)cc1
CHEMBL5560949,CCOC(=O)C(=O)Nc1ccc(/C(=C(/C)c2ccc(Cl)cc2)c2ccccc2)cc1
CHEMBL5561121,CCOC(=O)C(=O)Nc1ccc(C(C)=C(c2ccccc2)c2ccccc2)cc1
CHEMBL5561326,CCOC(=O)C(=O)Nc1ccc(/C(=C(/C)c2cccc(Br)c2)c2ccccc2)cc1
CHEMBL5561738,Cc1ncsc1-c1ccc([C@H](C)NC(=O)[C@@H]2C[C@@H](O)CN2C(=O)[C@@H](NC(=O)COCCOc2ccc(N(CC(F)(F)F)S(=O)(=O)C3CC4OC3C(c3ccc(-n5ccnc5)cc3)=C4c3ccc(O)cc3)cc2)C(C)(C)C)cc1
CHEMBL5562607,Cc1ncsc1-c1ccc([C@H](C)NC(=O)[C@@H]2C[C@@H](O)CN2C(=O)[C@@H](NC(=O)CCCCCCOc2ccc(N(CC(F)(F)F)S(=O)(=O)C3CC4OC3C(c3ccc(-n5ccnc5)cc3)=C4c3ccc(O)cc3)cc2)C(C)(C)C)cc1
CHEMBL5564454,CCOC(=O)C(=O)Nc1ccc(/C(=C(/C)c2ccccc2OC)c2ccccc2)cc1
CHEMBL5565514,Cc1ncsc1-c1ccc([C@H](C)NC(=O)[C@@H]2C[C@@H](O)CN2C(=O)[C@@H](NC(=O)COCCOCCOc2ccc(N(CC(F)(F)F)S(=O)(=O)C3CC4OC3C(c3ccc(-n5ccnc5)cc3)=C4c3ccc(O)cc3)cc2)C(C)(C)C)cc1
CHEMBL5567374,Cc1ncsc1-c1ccc([C@H](C)NC(=O)[C@@H]2C[C@@H](O)CN2C(=O)[C@@H](NC(=O)CCCCCOc2ccc(N(CC(F)(F)F)S(=O)(=O)C3CC4OC3C(c3ccc(-n5ccnc5)cc3)=C4c3ccc(O)cc3)cc2)C(C)(C)C)cc1
CHEMBL5567780,CCOC(=O)C(=O)Nc1ccc(/C(=C(/C)c2ccc(OC)cc2)c2ccccc2)cc1
CHEMBL5568037,C/C(=C(\c1ccccc1)c1ccc(NC(=O)C(=O)O)cc1)c1ccccc1
CHEMBL83,CC/C(=C(\c1ccccc1)c1ccc(OCCN(C)C)cc1)c1ccccc1
CHEMBL433065,O=C(Nc1ccc2c(c1)C(=O)C(=O)C=C2c1ccccc1)OCc1ccccc1
CHEMBL58435,CC(C)C1=CC(=O)C(=O)c2ccccc21
CHEMBL60918,COC(=O)CCC1=C(c2ccccc2)c2cc(CCC(=O)OC)ccc2C(=O)C1=O
CHEMBL57796,COC1=CC(=O)C(=O)c2ccccc21
CHEMBL58747,O=C1C=C(c2cc(Cl)ccc2Cl)c2ccccc2C1=O
CHEMBL301254,COC(=O)c1ccc(C2=CC(=O)C(=O)c3ccccc32)cc1
CHEMBL61245,O=C1C=C(S(=O)(=O)[O-])c2ccccc2C1=O.[Na+]
CHEMBL57157,CCN(CC)C(=O)CCC1=C(c2ccccc2)c2ccccc2C(=O)C1=O
CHEMBL292444,CCOC(=O)c1ccc(CCC2=C(c3ccccc3)c3ccccc3C(=O)C2=O)cc1
CHEMBL298849,O=C1C=C(n2ccc3ccccc32)c2ccc(OC(Cc3ccccc3)C(=O)O)cc2C1=O
CHEMBL58292,CN(C1=CC(=O)C(=O)c2ccccc21)c1ccccc1
CHEMBL292386,O=C1C=C(Cc2ccccc2)c2ccccc2C1=O
CHEMBL60707,O=C1C=C(c2c[nH]c3ccccc23)c2ccccc2C1=O
CHEMBL59240,O=C1C=C(c2cccc3ccccc23)c2ccccc2C1=O
CHEMBL57841,O=C(O)COc1ccc(CC2=C(n3ccc4ccccc43)c3ccccc3C(=O)C2=O)cc1
CHEMBL5555812,CCOC(=O)C(=O)c1cn(CCCCCNc2ccc(C(=C(C)c3ccccc3)c3ccccc3)cc2)c2ccccc12
CHEMBL5555946,C/C(=C(\c1ccccc1)c1ccc(NCCCCCn2cc(C(=O)C(=O)O)c3ccccc32)cc1)c1cccc(Br)c1
CHEMBL5557518,COc1ccccc1/C(C)=C(/c1ccccc1)c1ccc(NCCCCCn2cc(C(=O)C(=O)O)c3ccccc32)cc1
CHEMBL5557971,CCOC(=O)C(=O)c1cn(CCCNc2ccc(C(=C(C)c3ccccc3)c3ccccc3)cc2)c2ccccc12
CHEMBL5558884,C/C(=C(\c1ccccc1)c1ccc(NC(=O)C(=O)O)cc1)c1ccc(Cl)cc1
CHEMBL5559396,COc1ccc(/C(C)=C(/c2ccccc2)c2ccc(NC(=O)C(=O)O)cc2)cc1
CHEMBL5559711,CC(=C(c1ccccc1)c1ccc(NCCCCCn2cc(C(=O)C(=O)O)c3ccccc32)cc1)c1ccccc1
CHEMBL5559750,CCOC(=O)C(=O)c1cn(CCCCCNc2ccc(/C(=C(/C)c3ccccc3OC)c3ccccc3)cc2)c2ccccc12
CHEMBL5559841,C[n+]1ccc(/C=C/c2cc3c(O)c(c2)Cc2cc(C(C)(C)C)cc(c2OCCCn2cc(CN4C(=O)C(=O)c5ccccc54)nn2)Cc2cc(/C=C/c4cc[n+](C)cc4)cc(c2O)Cc2cc(C(C)(C)C)cc(c2OCCCn2cc(CN4C(=O)C(=O)c5ccccc54)nn2)C3)cc1.[I-].[I-]
CHEMBL5559883,COc1ccccc1/C(C)=C(/c1ccccc1)c1ccc(NCCCCn2cc(C(=O)C(=O)O)c3ccccc32)cc1
CHEMBL5559919,CC(=C(c1ccccc1)c1ccc(NCCCn2cc(C(=O)C(=O)O)c3ccccc32)cc1)c1ccccc1
CHEMBL5560380,CCOC(=O)C(=O)c1cn(CCCCNc2ccc(/C(=C(/C)c3ccccc3OC)c3ccccc3)cc2)c2ccccc12
CHEMBL5560527,COc1ccccc1/C(C)=C(/c1ccccc1)c1ccc(NC(=O)C(=O)O)cc1
CHEMBL5561070,C[n+]1ccc(/C=C/c2cc3c(O)c(c2)Cc2cc(C(C)(C)C)cc(c2OCCCn2cc(CN4C(=O)C(=O)c5cc(I)ccc54)nn2)Cc2cc(/C=C/c4cc[n+](C)cc4)cc(c2O)Cc2cc(C(C)(C)C)cc(c2OCCCn2cc(CN4C(=O)C(=O)c5cc(I)ccc54)nn2)C3)cc1.[I-].[I-]
CHEMBL5561217,C/C(=C(\c1ccccc1)c1ccc(NCCCCn2cc(C(=O)C(=O)O)c3ccccc32)cc1)c1cccc(Br)c1
CHEMBL5561832,CCOC(=O)C(=O)c1cn(CCCCCCNc2ccc(C(=C(C)c3ccccc3)c3ccccc3)cc2)c2ccccc12
CHEMBL5562392,CCOC(=O)C(=O)c1cn(CCCCNc2ccc(/C(=C(/C)c3cccc(Br)c3)c3ccccc3)cc2)c2ccccc12
CHEMBL5562416,CCOC(=O)C(=O)c1cn(CCNc2ccc(C(=C(C)c3ccccc3)c3ccccc3)cc2)c2ccccc12
CHEMBL5562423,CC(=C(c1ccccc1)c1ccc(NCCn2cc(C(=O)C(=O)O)c3ccccc32)cc1)c1ccccc1
CHEMBL5564449,C/C(=C(\c1ccccc1)c1ccc(NC(=O)C(=O)O)cc1)c1cccc(Br)c1
CHEMBL5564606,CCOC(=O)C(=O)c1cn(CCCCCNc2ccc(/C(=C(/C)c3cccc(Br)c3)c3ccccc3)cc2)c2ccccc12
CHEMBL5564688,CC(=C(c1ccccc1)c1ccc(NCCCCn2cc(C(=O)C(=O)O)c3ccccc32)cc1)c1ccccc1
CHEMBL5564713,C[n+]1ccc(/C=C/c2cc3c(O)c(c2)Cc2cc(C(C)(C)C)cc(c2OCCCn2cc(CN4C(=O)C(=O)c5cc(F)ccc54)nn2)Cc2cc(/C=C/c4cc[n+](C)cc4)cc(c2O)Cc2cc(C(C)(C)C)cc(c2OCCCn2cc(CN4C(=O)C(=O)c5cc(F)ccc54)nn2)C3)cc1.[I-].[I-]
CHEMBL5566581,CCOC(=O)C(=O)c1cn(CCCCNc2ccc(C(=C(C)c3ccccc3)c3ccccc3)cc2)c2ccccc12
CHEMBL5567762,Cc1ccc2c(c1)C(=O)C(=O)N2Cc1cn(CCCOc2c3cc(C(C)(C)C)cc2Cc2cc(/C=C/c4cc[n+](C)cc4)cc(c2O)Cc2cc(C(C)(C)C)cc(c2OCCCn2cc(CN4C(=O)C(=O)c5cc(C)ccc54)nn2)Cc2cc(/C=C/c4cc[n+](C)cc4)cc(c2O)C3)nn1.[I-].[I-]
CHEMBL5568308,C[n+]1ccc(/C=C/c2cc3c(O)c(c2)Cc2cc(C(C)(C)C)cc(c2OCCCn2cc(CN4C(=O)C(=O)c5cc(Br)ccc54)nn2)Cc2cc(/C=C/c4cc[n+](C)cc4)cc(c2O)Cc2cc(C(C)(C)C)cc(c2OCCCn2cc(CN4C(=O)C(=O)c5cc(Br)ccc54)nn2)C3)cc1.[I-].[I-]
CHEMBL5568351,C[n+]1ccc(/C=C/c2cc3c(O)c(c2)Cc2cc(C(C)(C)C)cc(c2OCCCn2cc(CN4C(=O)C(=O)c5cc(Cl)ccc54)nn2)Cc2cc(/C=C/c4cc[n+](C)cc4)cc(c2O)Cc2cc(C(C)(C)C)cc(c2OCCCn2cc(CN4C(=O)C(=O)c5cc(Cl)ccc54)nn2)C3)cc1.[I-].[I-]
CHEMBL5770399,O=C1COc2cc(NCc3cccc(C(=O)Nc4cccnc4)c3)c(O)cc2N1
CHEMBL5808901,O=C1COc2cc(NCc3cccc(C(=O)Nc4cccnc4)c3)ccc2N1
CHEMBL5875159,O=C1COc2cc(NC(=O)c3cc(NC(=O)c4cn[nH]c4)ccc3Cl)ccc2N1
CHEMBL5887888,O=C1COc2cc(NCc3cccc(C(=O)Nc4cccnc4)c3)c(Cl)cc2N1
CHEMBL5916153,O=C1COc2cc(NCc3cccc(C(=O)Nc4ccccc4O)c3)ccc2N1
CHEMBL5946526,Cc1cccc(C(=O)OCCOc2ccc(S(N)(=O)=O)cc2)c1N
CHEMBL6167931,CC(C)(C)c1ccc(S(=O)(=O)N2CCN(Cc3nc4cc(F)ccc4o3)CC2)cc1
CHEMBL428184,CC(=O)N[C@@H](CC(=O)O)C(=O)N[C@@H](C)C(=O)N[C@@H](CC(=O)O)C(=O)N[C@@H](CCC(=O)O)C(=O)N[C@@H](Cc1ccc(OC(F)(C(=O)O)C(=O)O)cc1)C(=O)N[C@@H](CC(C)C)C(N)=O
CHEMBL8284,CC(=O)N[C@@H](CC(=O)O)C(=O)N[C@@H](C)C(=O)N[C@@H](CC(=O)O)C(=O)N[C@@H](CCC(=O)O)C(=O)N[C@@H](Cc1ccc(OC(C(=O)O)C(=O)O)cc1)C(=O)N[C@@H](CC(C)C)C(N)=O
CHEMBL444092,C=C1C(=O)N[C@H](C)C(=O)N[C@@H](CC(C)C)C(=O)N[C@@H](C(=O)O)[C@H](C)C(=O)N[C@@H](CCCNC(=N)N)C(=O)N[C@@H](/C=C/C(C)=C/[C@H](C)[C@H](Cc2ccccc2)OC)[C@H](C)C(=O)N[C@@H](C(=O)O)CCC(=O)N1C
CHEMBL430266,COC[C@@H]([C@H](O)[C@H](O)C(=O)NCC[C@H](C)c1nc(/C=C/C[C@@H]2O[C@]3(C[C@@H](O)[C@@H]2C)O[C@H]([C@H](C[C@H](O)[C@H](C)[C@H](O)[C@H](C)/C=C(C)/C(C)=C/C=C/C(C)=C\C#N)OC)[C@H](OP(=O)(O)O)C3(C)C)co1)N(C)C
CHEMBL280487,C=C1[C@@H](O)[C@@H]2O[C@]3(CC[C@H](/C=C/[C@@H](C)[C@@H]4CC(C)=C[C@@]5(O[C@H](C[C@@](C)(O)C(=O)O)CC[C@H]5O)O4)O3)CC[C@H]2O[C@@H]1[C@@H](O)C[C@H](C)[C@H]1O[C@@]2(CCCCO2)CC[C@H]1C
CHEMBL39626,Cc1oc2cc3sc4ccccc4c3c(-c3cc(I)c(O[C@H](Cc4ccccc4)C(=O)O)c(I)c3)c2c1C
CHEMBL416598,O=C(O)[C@@H](Cc1ccccc1)Oc1c(I)cc(-c2c3ccccc3cc3sc4ccccc4c23)cc1I
CHEMBL290496,O=C(O)[C@@H](Cc1ccccc1)Oc1c(Br)cc(-c2c3ccccc3c(Br)c3sc4ccccc4c23)cc1Br
CHEMBL290295,Cc1oc2cc3sc4ccccc4c3c(-c3cc(I)c(O[C@H](C)C(=O)O)c(I)c3)c2c1C
CHEMBL299374,O=C1C(=O)c2cc(-c3cc4ccccc4o3)ccc2-c2ccccc21
CHEMBL52347,O=C1C=Cc2ccccc2C1=O
CHEMBL51447,O=C1C=C(c2ccccc2)c2ccccc2C1=O
CHEMBL53966,O=C(COCc1ccccc1)Nc1ccc2c(c1)C(=O)C(=O)c1ccccc1-2
CHEMBL300664,O=C1C(=O)c2cc(-c3ccccc3F)ccc2-c2ccccc21
CHEMBL291310,O=C(Nc1cccc2c1C(=O)C(=O)C=C2c1ccccc1)OCc1ccccc1
CHEMBL60925,O=C1C=C(c2ccccc2O)c2ccccc2C1=O
CHEMBL292843,CCOC(=O)COc1ccc(C2=CC(=O)C(=O)c3ccccc32)cc1
CHEMBL59402,O=C1C=C(c2ccc(O)cc2)c2ccccc2C1=O
CHEMBL57880,CCOC(=O)Nc1cccc2c1C(=O)C(=O)C=C2c1ccccc1
CHEMBL58795,COc1ccc2c(c1)C(=O)C(=O)C=C2c1ccccc1
CHEMBL57391,CCCCCOc1ccc2c(c1)C(=O)C(=O)C=C2c1ccccc1
CHEMBL58840,CCCCCOC1=C(c2ccccc2)c2ccccc2C(=O)C1=O
CHEMBL58287,O=C1C=C(c2ccc(-c3ccccc3)cc2)c2ccccc2C1=O
CHEMBL58288,O=C1C=C(C2CCCC2)c2ccccc2C1=O
CHEMBL60824,NC1=CC(=O)C(=O)c2ccccc21
CHEMBL58032,COC(=O)CCC1=C(n2ccc3ccccc32)c2ccc(CCC(=O)OC)cc2C(=O)C1=O
CHEMBL56948,CC(C)(C)OC(=O)COc1ccc(CC2=C(n3ccc4ccccc43)c3ccccc3C(=O)C2=O)cc1
CHEMBL57920,CCCCCCC1=CC(=O)C(=O)c2ccccc21
CHEMBL58996,COc1ccc(C2=CC(=O)C(=O)c3ccccc32)cc1
CHEMBL301909,CCOC(=O)CCC1=C(c2ccccc2)c2ccccc2C(=O)C1=O
CHEMBL58737,O=C1C=C(C2CCCCC2)c2ccccc2C1=O
CHEMBL60763,COC(=O)CCc1ccc2c(c1)C(n1ccc3ccccc31)=CC(=O)C2=O
CHEMBL57036,CCOC(=O)COc1ccccc1C1=CC(=O)C(=O)c2ccccc21
CHEMBL58762,O=C1C=C(c2cc(F)ccc2F)c2ccccc2C1=O
CHEMBL61359,O=C1C=C(OCCCO)c2ccccc2C1=O
CHEMBL58354,CC(C)(C)OC(=O)COc1ccc(CC2=C(c3ccccc3)c3ccccc3C(=O)C2=O)cc1
CHEMBL58848,COC(=O)CCc1ccc2c(c1)C(c1ccccc1)=CC(=O)C2=O
CHEMBL61186,CCOC(=O)CCC1=C(n2ccc3ccccc32)c2ccccc2C(=O)C1=O
CHEMBL61044,COC(=O)C(Cc1ccccc1)Oc1ccc2c(c1)C(=O)C(=O)C=C2c1ccccc1
CHEMBL59239,O=C1C=C(c2ccccc2[N+](=O)[O-])c2ccccc2C1=O
CHEMBL59241,CC(C)(C)c1cc(C2=CC(=O)C(=O)c3ccccc32)cc(C(C)(C)C)c1O
CHEMBL301436,O=C(O)COc1ccc(CC2=C(c3ccccc3)c3ccccc3C(=O)C2=O)cc1
CHEMBL435374,O=C1C=C(c2c[nH]c3cc(C(=O)O)ccc23)c2ccccc2C1=O
CHEMBL300119,O=C1C=C(c2c[nH]c3ccc(C(=O)O)cc23)c2ccccc2C1=O
CHEMBL89067,CSc1ccnc(C[S+]([O-])c2nc3cc(OC(C)C)ccc3[nH]2)c1
CHEMBL509059,COC[C@@H]([C@H](O)[C@H](O)C(=O)N[C@H](C)C[C@H](C)c1nc(/C=C/C[C@@H]2O[C@]3(C[C@@H](O)[C@@H]2C)O[C@H]([C@H](C[C@H](O)[C@H](C)[C@H](O)[C@H](C)/C=C(C)/C(C)=C/C=C/C(C)=C\C#N)OC)[C@H](OP(=O)(O)O)C3(C)C)co1)N(C)C
CHEMBL505512,CO[C@H]([C@H](O)CC(=O)[C@@H](C)[C@@H](O)CC[C@@H](C)[C@@H]1O[C@]2(CC[C@@H](C)[C@H](CC[C@H](C)C(C)=O)O2)CC[C@@H]1C)[C@H](OC(=O)C[C@@H](O)C1=C(C)C(=O)OC1=O)C(C)C
CHEMBL4524071,C/C=C1\C(=O)N[C@@H](C(=O)O)[C@H](C)C(=O)N[C@@H](CCCNC(=N)N)C(=O)N[C@@H](/C=C/C(C)=C/[C@H](C)[C@H](Cc2ccccc2)OC)[C@H](C)C(=O)N[C@@H](C(=O)O)CCC(=O)N1C
CHEMBL6518,CCCCCCCC/C(=C/Cn1oc(=O)n(CC(=O)O)c1=O)c1cccc(OCc2nc(-c3ccc(C(F)(F)F)cc3)oc2C)c1
CHEMBL203751,Cc1oc(-c2ccc(C(F)(F)F)cc2)nc1COc1cccc(/C(=C/Cn2oc(=O)n(CC(=O)O)c2=O)c2ccccc2)c1
CHEMBL6845,C/C(=C\Cn1oc(=O)[nH]c1=O)c1cccc(OCc2ccccn2)c1
CHEMBL265665,CCCCCCCC/C(=C\Cn1oc(=O)n(CC(=O)O)c1=O)c1cccc(OCc2nc(-c3ccc(C(F)(F)F)cc3)oc2C)c1
CHEMBL7314,CCCC/C(=C\Cn1oc(=O)n(CC(=O)O)c1=O)c1cccc(OCc2cc(Cl)cc(Cl)c2)c1
CHEMBL267143,CCCC/C(=C\Cn1oc(=O)n(CC(=O)O)c1=O)c1cccc(Oc2cc(Cl)cc(Cl)c2)c1
CHEMBL7046,C/C(=C\Cc1nnn[nH]1)c1cccc(OCc2nc(-c3ccc(OC(F)(F)F)cc3)oc2C)c1
CHEMBL7152,CCCC/C(=C\Cn1oc(=O)[nH]c1=O)c1cccc(OCc2nc(-c3ccc(C(F)(F)F)cc3)oc2-c2ccccc2)c1
CHEMBL50878,O=C(Nc1ccc2c(c1)C(=O)C(=O)c1ccccc1-2)c1ccccc1F
CHEMBL51039,COc1ccccc1-c1ccc2c(c1)C(=O)C(=O)c1ccccc1-2
CHEMBL60857,O=P(O)(O)C(F)(F)c1ccc2ccccc2c1
CHEMBL292556,CC1=CC[C@H]2C(C)(C)CCC[C@]2(C)[C@H]1CC(CCCCc1ccccc1)OS(=O)(=O)O
CHEMBL86905,O=Cc1coc2ccccc2c1=O
CHEMBL87601,Cc1cc2occ(C=O)c(=O)c2cc1Cl
CHEMBL83293,O=Cc1coc2c(Br)cc(Br)cc2c1=O
CHEMBL85493,O=Cc1coc2c(Cl)cc(Cl)cc2c1=O
CHEMBL314229,CC(C)c1ccc2occ(C=O)c(=O)c2c1
CHEMBL87536,O=Cc1coc2ccc(-c3ccc(-c4ccccc4)cc3)cc2c1=O
CHEMBL87802,O=Cc1coc2ccc(-c3ccccc3)cc2c1=O
CHEMBL86966,O=Cc1coc2c(ccc3ccccc32)c1=O
CHEMBL87189,O=Cc1coc2ccc3ccccc3c2c1=O
CHEMBL87768,O=Cc1coc2ccc(F)cc2c1=O
CHEMBL314564,O=Cc1coc2ccc([N+](=O)[O-])cc2c1=O
CHEMBL85756,O=Cc1coc2ccc(Br)cc2c1=O
CHEMBL84898,O=Cc1coc2ccc(Cl)cc2c1=O
CHEMBL95668,O=S(=O)([O-])c1cccc2c(S(=O)(=O)[O-])cccc12.[Na+].[Na+]
CHEMBL330395,CS(=O)(=O)Nc1cccc2cc(S(=O)(=O)O)ccc12
CHEMBL100267,COc1ccc2cc(C(=O)O)ccc2c1C(=O)O
CHEMBL99971,O=C(O)c1ccc2c(C(=O)O)c(O)ccc2c1
CHEMBL99972,O=C(O)COc1ccc2cc(C(=O)O)ccc2c1
CHEMBL98930,COC(=O)c1ccc2c(C(=O)O)c(OC)ccc2c1
CHEMBL95978,NC(=O)[C@H](CCC(=O)O)NC(=O)c1ccc2c(C(=O)O)c(OCC(=O)O)ccc2c1
CHEMBL320848,O=C(O)c1ccc2cc(OC(F)(F)C(=O)O)ccc2c1
CHEMBL119459,N.O=P(O)(O)C(F)(F)c1ccc2ccc(C(F)(F)P(=O)(O)O)cc2c1
CHEMBL419592,N.O=P(O)(O)C(F)(F)c1ccc2cccc(C(F)(F)P(=O)(O)O)c2c1
CHEMBL119693,N.O=P(O)(O)C(F)(F)c1ccc2cc(C(F)(F)P(=O)(O)O)ccc2c1
CHEMBL119071,Cc1ccc(I(=O)=O)cc1
CHEMBL118312,O=I(=O)c1ccc(I(=O)=O)cc1
CHEMBL118857,O=C1OI(=O)(O)c2ccccc21
CHEMBL325174,O=I(=O)c1ccccc1
CHEMBL118998,O=[N+]([O-])c1cccc(I(=O)=O)c1
CHEMBL119986,CC(C)(C)OOI1OC(=O)c2ccccc21
CHEMBL332161,O=C(O)c1cccc(I(=O)=O)c1
CHEMBL116656,CC(=O)OI1(OC(C)=O)(OC(C)=O)OC(=O)c2ccccc21
CHEMBL118788,O=P1(O)Oc2ccccc2I(=O)(O)O1
CHEMBL119805,O=C(O)c1ccc(I(=O)=O)cc1
CHEMBL118424,O=[N+]([O-])c1ccc(I(=O)=O)cc1
CHEMBL120421,O=I(=O)c1c[nH]cn1
CHEMBL1160962,O=P(O)(O)C(F)c1ccc2ccc(C(F)P(=O)(O)O)cc2c1
CHEMBL1160963,O=P(O)(O)C(F)(F)c1cccc2ccccc12
CHEMBL24095,Oc1ccc(-c2ccc(-c3c(Cc4ccccc4)sc4ccccc34)cc2)cc1
CHEMBL24201,CCCCc1oc2ccccc2c1Cc1ccc2cc(O)ccc2c1
CHEMBL24213,O=C(O)COc1ccc(-c2ccc(-c3c(Cc4ccccc4)sc4ccccc34)cc2)cc1-c1ccccc1
CHEMBL440485,C[C@H]1CC[C@H]2C(C)(C)CCC[C@]2(C)[C@H]1CC(CCc1ccccc1)C(C(=O)O)C(=O)O
CHEMBL61058,C#CC(C[C@H]1C(C)=CC[C@H]2C(C)(C)CCC[C@]12C)OS(=O)(=O)O
CHEMBL62224,CC1=CC[C@H]2C(C)(C)CCC[C@]2(C)[C@H]1CC(Cc1ccccc1)OS(=O)(=O)O
CHEMBL61909,CC1=C(CC(CC(=O)c2ccccc2)C(C(=O)O)C(=O)O)[C@@]2(C)CCCC(C)(C)[C@@H]2CC1
CHEMBL61121,CCCCC(C[C@H]1C(C)=CC[C@H]2C(C)(C)CCC[C@]12C)OS(=O)(=O)O
CHEMBL303581,CC1=CC[C@H]2C(C)(C)CCC[C@]2(C)[C@H]1CC(CCCCc1ccoc1)OS(=O)(=O)O
CHEMBL64626,C=CCC(C[C@H]1C(C)=CC[C@H]2C(C)(C)CCC[C@]12C)OS(=O)(=O)O
CHEMBL64690,CC1=CC[C@H]2C(C)(C)CCC[C@]2(C)[C@H]1CC(CCc1ccccc1)OS(=O)(=O)O
CHEMBL60072,CC1=CC[C@H]2C(C)(C)CCC[C@]2(C)[C@H]1C[C@H](OS(=O)(=O)[O-])[C@H](C)CCCc1ccoc1.C[N+](C)=C(N)N
CHEMBL59794,CC1=CC[C@H]2C(C)(C)CCC[C@]2(C)[C@H]1CC(OS(=O)(=O)O)C(C)C
CHEMBL60297,CC1=CC[C@H]2C(C)(C)CCC[C@]2(C)[C@H]1CC(OS(=O)(=O)O)C(C)CCCc1ccoc1
CHEMBL66062,N[C@@H](Cc1ccc(OC(C(=O)O)C(=O)O)cc1)C(=O)O
CHEMBL431555,N[C@@H](Cc1ccc(OC(F)(C(=O)O)C(=O)O)cc1)C(=O)O
CHEMBL73380,Oc1ccc(-c2ccccc2)cc1
CHEMBL96952,Nc1nc(N)c2nc(CN3CCN(Cc4ccccc4)CC3)nnc2n1
CHEMBL316683,Nc1nc(N)c2nc(CN3CCN(Cc4cccc5ccccc45)CC3)nnc2n1
CHEMBL95818,Nc1nc(N)c2nc(CN3CCNCC3)nnc2n1
CHEMBL420456,Nc1nc(N)c2nc(CN3CCN(Cc4ccc(-c5ccccc5)cc4)CC3)nnc2n1
CHEMBL99657,Nc1nc(N)c2nc(CN3CCCCC3)nnc2n1
CHEMBL99776,Nc1nc(N)c2nc(CN3CCOCC3)nnc2n1
CHEMBL95255,CCN(CC)Cc1nnc2nc(N)nc(N)c2n1
CHEMBL98053,Nc1nc(N)c2nc(CN(CCO)CCO)nnc2n1
CHEMBL99271,CN1CCN(Cc2nnc3nc(N)nc(N)c3n2)CC1
CHEMBL146008,O=C(O)COc1ccc(-c2ccc(-c3ccsc3Cc3ccccc3)cc2)cc1
CHEMBL342960,O=S(=O)(Oc1ccc(-c2ccccc2)cc1)c1ccccc1
CHEMBL343636,Cc1ccc(-c2ccc(O)c(C)c2)cc1
CHEMBL344564,CCCCc1oc2ccccc2c1Cc1ccccc1
CHEMBL344565,Cc1ccc2cc(O)ccc2c1
CHEMBL145496,Cc1ccc(-c2ccc(OCC(=O)O)c(-c3ccccc3)c2)cc1
CHEMBL341624,CCCCc1oc2ccccc2c1C
CHEMBL145657,CCOc1ccccc1C
CHEMBL144243,O=C(O)COc1ccc(-c2ccc(-c3c(Cc4ccccc4)sc4ccccc34)cc2)cc1
CHEMBL434128,CCc1sc2ccccc2c1-c1ccc(-c2ccc(OCC(=O)O)cc2)cc1
CHEMBL145393,O=C(O)COc1ccc(-c2ccccc2)cc1Br
CHEMBL146011,COc1ccc(-c2cc(-c3ccc(C)cc3)ccc2OCC(=O)O)cc1
CHEMBL150420,O=P(O)(O)C(F)(F)c1cccc(C#Cc2ccccc2)c1
CHEMBL151848,O=P(O)(O)C(F)(F)c1ccc(-c2ccccc2)cc1
CHEMBL151248,C#Cc1cccc(C(F)(F)P(=O)(O)O)c1
CHEMBL151300,O=P(O)(O)C(F)(F)c1cccc(/C=C/c2ccccc2)c1
CHEMBL149279,O=P(O)(O)C(F)(F)c1ccc(C#Cc2ccccc2)cc1
CHEMBL150349,CS(=O)(=O)Nc1cc(C(F)(F)P(=O)(O)O)ccc1C#Cc1ccccc1
CHEMBL150350,CS(=O)(=O)Nc1cc(C(F)(F)P(=O)(O)O)ccc1/C=C/c1ccccc1
CHEMBL151494,CS(=O)(=O)N(c1cc(C(F)(F)P(=O)(O)O)ccc1/C=C/c1ccccc1)S(C)(=O)=O
CHEMBL150295,O=P(O)(O)C(F)(F)c1ccc(/C=C/c2ccccc2)cc1
CHEMBL150915,C#Cc1ccc(C(F)(F)P(=O)(O)O)cc1
CHEMBL150202,COc1ccc(-c2ccc(C(F)(F)P(=O)(O)O)cc2)cc1
CHEMBL357094,CS(=O)(=O)N(c1cc(C(F)(F)P(=O)(O)O)ccc1C#Cc1ccccc1)S(C)(=O)=O
CHEMBL25995,Oc1ccc(Cc2sc3ccccc3c2-c2ccc(-c3ccc(O)cc3)cc2)cc1
CHEMBL25243,CCCCc1oc2ccccc2c1Cc1ccc2c(Br)c(OC(Cc3ccccc3)C(=O)O)ccc2c1
CHEMBL282708,CCCCc1oc2ccccc2c1Cc1ccc2c(I)c(OC(Cc3ccccc3)C(=O)O)ccc2c1
CHEMBL26554,CC(Cc1ccccc1)(Oc1ccc(-c2ccc(-c3c(Cc4ccccc4)oc4ccccc34)cc2)cc1)C(=O)O
CHEMBL279936,CCCCc1oc2ccccc2c1Cc1ccc(-c2ccc(OCC(=O)O)cc2)cc1
CHEMBL24712,Oc1c(I)cc(-c2ccc(-c3c(Cc4ccccc4)sc4ccccc34)cc2)cc1I
CHEMBL24032,Oc1ccc(-c2ccc(-c3c(Cc4ccc(O)cc4O)sc4ccccc34)cc2)cc1
CHEMBL24003,O=C(O)COc1c(Br)cc(-c2ccc(-c3c(Cc4ccccc4)sc4ccccc34)cc2)cc1Br
CHEMBL286007,CCCCc1oc2ccccc2c1-c1ccc(-c2ccc(O)cc2)cc1
CHEMBL25178,CC(=O)Oc1cc(S(=O)(=O)Oc2ccc(-c3ccc(-c4coc5ccccc45)cc3)cc2)ccc1C(=O)O
CHEMBL284763,O=C(O)CNc1cc(-c2ccc(-c3c(Cc4ccccc4)oc4ccccc34)cc2)ccc1OCCc1ccccc1
CHEMBL23989,CCCCc1oc2ccccc2c1Cc1ccc2c(Br)c(O)ccc2c1
CHEMBL25821,CCCCc1oc2ccccc2c1C(O)c1ccc2cc(O)ccc2c1
CHEMBL281687,Cc1oc(-c2ccc(C(F)(F)F)cc2)nc1-c1cccc(-c2ccc(OC(Cc3ccccc3)C(=O)O)cc2)c1
CHEMBL284471,COc1ccc(-c2cc(-c3ccc(-c4c(Cc5ccccc5)sc5ccccc45)cc3)cc(-c3ccc(OC)cc3)c2OCC(=O)O)cc1
CHEMBL278092,COc1ccc(-c2cc(-c3ccc(-c4c(Cc5ccccc5)sc5ccccc45)cc3)cc(Br)c2OCC(=O)O)cc1
CHEMBL25368,O=C(O)c1ccc(S(=O)(=O)Oc2ccc(-c3ccc(-c4c(Cc5ccccc5)sc5ccccc45)cc3)cc2)cc1O
CHEMBL24331,O=C(O)c1ccc(S(=O)(=O)Oc2ccc(-c3ccc(-c4c(Cc5ccccc5)oc5ccccc45)cc3)cc2C2CCCC2)cc1O
CHEMBL280388,Cc1oc(-c2ccc(C(F)(F)F)cc2)nc1-c1ccc(-c2cc(Br)c(O)c(Br)c2)cc1
CHEMBL25395,COc1cc(-c2cc(-c3ccc(-c4c(Cc5ccccc5)sc5ccccc45)cc3)ccc2OCC(=O)O)cc(OC)c1OC
CHEMBL284765,CCOc1ccc(-c2cc(-c3ccc(-c4c(Cc5ccccc5)sc5ccccc45)cc3)ccc2OCC(=O)O)cc1
CHEMBL276983,O=C(O)c1ccc(S(=O)(=O)Oc2ccc(-c3ccc(-c4c(Cc5ccccc5)oc5ccccc45)cc3)cc2)cc1
CHEMBL48449,C[C@@]12C(=O)OC(=O)[C@]1(C)[C@H]1CC[C@@H]2O1
CHEMBL48010,CCCOC(=O)C1C(C(=O)O)[C@@H]2CC[C@H]1O2
CHEMBL47665,COC(=O)C1C(C(=O)O)[C@@H]2CC[C@H]1O2
CHEMBL48076,CCOC(=O)C1C(C(=O)O)[C@@H]2CC[C@H]1O2
CHEMBL431992,CC(C)C[C@H](NC(=O)[C@H](Cc1ccc(OCC(=O)O)c(C(=O)O)c1)NC(=O)[C@H](CCC(=O)O)NC(=O)OCC1c2ccccc2-c2ccccc21)C(N)=O
CHEMBL316175,CC(C)C[C@H](NC(=O)[C@H](Cc1ccc(OCC(=O)O)c(C(=O)O)c1)NC(=O)[C@H](CCC(=O)OCc1ccccc1)NC(=O)OCC1c2ccccc2-c2ccccc21)C(N)=O
CHEMBL312993,CC(C)C[C@H](NC(=O)[C@H](Cc1ccc(C(F)(F)C(=O)O)cc1)NC(=O)[C@H](CCC(=O)O)NC(=O)OCC1c2ccccc2-c2ccccc21)C(N)=O
CHEMBL313894,CC(C)C[C@H](NC(=O)[C@H](Cc1ccc(OCC(=O)O)cc1)NC(=O)[C@H](CCC(=O)OCc1ccccc1)NC(=O)OCC1c2ccccc2-c2ccccc21)C(N)=O
CHEMBL318919,Nc1nc(N)c2nc(CN3CCN(Cc4ccc5ccccc5c4)CC3)nnc2n1
CHEMBL323712,C=CC(C)(C)c1c(O)cc(O)c2c(=O)c(O)c(-c3cc(O)c(O)c(CC=C(C)C)c3)oc12
CHEMBL113833,CC(C)=CCc1cc(-c2oc3cc(O)cc(O)c3c(=O)c2O)cc(O)c1O
CHEMBL115452,CC(C)=CCc1cc(C(=O)/C=C/c2ccc(O)c(O)c2)c(O)cc1O
CHEMBL420310,CC(C)=CCc1cc(C2CCc3ccc(O)cc3O2)cc(O)c1O
CHEMBL344437,N.N.N.N.O=P(O)(O)C(F)(F)c1ccc(COCCOCc2ccc(C(F)(F)P(=O)(O)O)cc2)cc1
CHEMBL337604,O=P(O)(O)C(F)(F)c1ccc(COc2ccccc2OCc2ccc(C(F)(F)P(=O)(O)O)cc2)cc1
CHEMBL140954,O=P(O)(O)C(F)(F)c1ccc(COc2ccc(OCc3ccc(C(F)(F)P(=O)(O)O)cc3)cc2)cc1
CHEMBL140524,O=P(O)(O)C(F)(F)c1ccc(COc2cccc(OCc3ccc(C(F)(F)P(=O)(O)O)cc3)c2)cc1
CHEMBL193134,O=C(O)[C@H](Oc1ccc(-c2ccc(-c3c(Cc4ccccc4)oc4ccccc34)cc2)cc1)c1ccccc1
CHEMBL1086226,O=C(O)[C@H](Cc1ccccc1)Oc1c(Br)cc(-c2ccc(-c3c(Cc4ccccc4)oc4ccccc34)cc2)cc1Br
CHEMBL1086228,O=C(O)[C@@H](Cc1ccccc1)Oc1ccc(-c2ccc(-c3c(Cc4ccccc4)oc4ccccc34)cc2)cc1[N+](=O)[O-]
CHEMBL1082297,COc1ccc(-c2cc(-c3ccc(-c4c(Cc5ccccc5)sc5ccccc45)cc3)ccc2O[C@H](Cc2ccccc2)C(=O)O)cc1
CHEMBL1086499,CCCCc1sc2ccccc2c1-c1ccc(-c2ccc(O[C@H](Cc3ccccc3)C(=O)O)cc2)cc1
CHEMBL1084830,C[C@@H](Oc1ccc(-c2ccc(-c3c(Cc4ccccc4)oc4ccccc34)cc2)cc1)C(=O)O
CHEMBL1161221,O=P(O)(O)C(F)(F)c1ccc2ccc(C(F)(F)P(=O)(O)O)cc2c1
CHEMBL1161222,O=P(O)(O)C(F)(F)c1ccc(CCCCc2ccc(C(F)(F)P(=O)(O)O)cc2)cc1
CHEMBL3350941,O=C(O)[C@@H](Cc1ccccc1)Oc1ccc(-c2ccc(-c3ccsc3Cc3ccccc3)cc2)cc1
CHEMBL3350943,O=C(O)[C@H](Cc1ccccc1)Oc1ccc(-c2ccc(-c3c(Cc4ccccc4)oc4ncccc34)cc2)cc1
CHEMBL3350944,Cc1ccc2oc(Cc3ccccc3)c(-c3ccc(-c4ccc(O[C@H](Cc5ccccc5)C(=O)O)cc4)cc3)c2c1
CHEMBL280992,O=C(O)c1ccc(COc2ccc(-c3ccc(-c4c(Cc5ccccc5)oc5ccccc45)cc3)cc2)cc1
CHEMBL282306,Oc1ccc(-c2ccc(-c3c(Cc4ccccc4)oc4ccccc34)cc2)cc1
CHEMBL282855,Cc1oc(-c2ccc(C(F)(F)F)cc2)nc1-c1ccc2c(Br)c(OCC(=O)O)ccc2c1
CHEMBL285307,O=C(O)c1ccc(S(=O)(=O)Oc2c(Br)cc(-c3ccc(-c4c(Cc5ccccc5)sc5ccccc45)cc3)cc2Br)cc1O
CHEMBL281301,CCCCc1oc2ccccc2c1C(=O)c1ccc2c(Br)c(OC(Cc3ccccc3)C(=O)O)ccc2c1
CHEMBL24501,O=C(c1ccccc1)c1oc2ccccc2c1-c1ccc(-c2ccc(O)cc2)cc1
CHEMBL24557,CCCCc1oc2ccccc2c1Cc1ccc(-c2ccc(OCn3cnnn3)cc2)cc1
CHEMBL280969,CCCCc1oc2ccccc2c1C(O)c1ccc(-c2cc(Br)c(O)c(Br)c2)cc1
CHEMBL25881,Cc1oc(-c2ccc(C(F)(F)F)cc2)nc1-c1ccc(-c2ccc(OC(Cc3ccccc3)C(=O)O)cc2)cc1
CHEMBL282113,Cc1oc(-c2ccc(C(F)(F)F)cc2)nc1-c1ccc(-c2ccc(OCC(=O)O)cc2)cc1
CHEMBL24267,Oc1c(Br)cc(-c2ccc(-c3c(Cc4ccccc4)sc4ccccc34)cc2)cc1Br
CHEMBL24098,O=C(O)CCC(=O)Nc1cc(-c2ccc(-c3c(Cc4ccccc4)oc4ccccc34)cc2)ccc1O
CHEMBL283635,O=C(O)COc1ccc(-c2ccc(-c3c(Cc4ccccc4)sc4ccccc34)cc2)cc1Br
CHEMBL26103,COc1cccc(-c2cc(-c3ccc(-c4c(Cc5ccccc5)sc5ccccc45)cc3)cc(-c3cccc(OC)c3)c2OCC(=O)O)c1
CHEMBL280198,O=C(O)CCNc1cc(-c2ccc(-c3c(Cc4ccccc4)oc4ccccc34)cc2)ccc1OCCc1ccccc1
CHEMBL25322,O=C(O)c1ccccc1C(=O)NCCC(Oc1c(Br)cc(-c2ccc(-c3c(Cc4ccccc4)sc4ccccc34)cc2)cc1Br)C(=O)O
CHEMBL25189,CCCCCCC(Oc1c(Br)cc(-c2ccc(-c3c(Cc4ccccc4)oc4ccccc34)cc2)cc1Br)C(=O)O
CHEMBL25558,O=C(O)C(Cc1ccccc1)Oc1ccc(-c2ccc(-c3c(Cc4ccccc4)oc4ccccc34)cc2)cc1
CHEMBL279242,CCCCc1oc2ccccc2c1-c1ccc(-c2ccc(OC(Cc3ccccc3)C(=O)O)cc2)cc1
CHEMBL282372,O=C(O)COc1ccc(-c2ccc(-c3c(Cc4ccccc4)oc4ccccc34)cc2)cc1C1CCCC1
CHEMBL26399,CCCCC(Oc1c(Br)cc(-c2ccc(-c3c(Cc4ccccc4)oc4ccccc34)cc2)cc1Br)C(=O)O
CHEMBL278096,CCCCc1oc2ccccc2c1C(O)c1ccc2c(Br)c(O)ccc2c1
CHEMBL25486,O=C(O)C(CCN1C(=O)c2ccccc2C1=O)Oc1c(Br)cc(-c2ccc(-c3c(Cc4ccccc4)sc4ccccc34)cc2)cc1Br
CHEMBL24566,Cc1sc(Cc2ccccc2)c(-c2ccc(-c3ccc(OS(=O)(=O)c4ccc(C(=O)O)c(O)c4)cc3)cc2)c1C
CHEMBL24524,Cc1cc(-c2ccc(-c3c(Cc4ccccc4)oc4ccccc34)cc2)cc(C)c1OS(=O)(=O)c1ccc(C(=O)O)c(O)c1
CHEMBL25008,Cc1oc(-c2ccc(C(F)(F)F)cc2)nc1-c1ccc(-c2cc(Br)c(OCC(=O)O)c(Br)c2)cc1
CHEMBL278094,O=C(O)c1ccc(S(=O)(=O)Oc2ccc(-c3ccc(-c4c(C(=O)c5ccccc5)oc5ccccc45)cc3)cc2[N+](=O)[O-])cc1O
CHEMBL441959,O=C(O)c1cc(S(=O)(=O)Oc2ccc(-c3ccc(-c4c(Cc5ccccc5)oc5ccccc45)cc3)cc2)ccc1O
CHEMBL23998,O=C(O)c1ccc(S(=O)(=O)Oc2ccc(-c3ccc(-c4c(Cc5ccccc5)oc5ccccc45)cc3)cc2)cc1O
CHEMBL287278,O=C(O)c1cccc(S(=O)(=O)Oc2ccc(-c3ccc(-c4c(Cc5ccccc5)oc5ccccc45)cc3)cc2)c1
CHEMBL312922,CC(C)C[C@H](NC(=O)[C@H](Cc1ccc(OC(F)(C(=O)O)C(=O)O)cc1)NC(=O)[C@H](CCC(=O)OCc1ccccc1)NC(=O)OCC1c2ccccc2-c2ccccc21)C(N)=O
CHEMBL312923,CC(C)C[C@H](NC(=O)[C@H](Cc1ccc(CC(=O)O)c(C(=O)O)c1)NC(=O)[C@H](CCC(=O)O)NC(=O)OCC1c2ccccc2-c2ccccc21)C(N)=O
CHEMBL88015,CC(C)C[C@H](NC(=O)[C@H](Cc1ccc(CC(=O)O)c(C(=O)O)c1)NC(=O)[C@H](CCC(=O)OCc1ccccc1)NC(=O)OCC1c2ccccc2-c2ccccc21)C(N)=O
CHEMBL314412,CC(C)C[C@H](NC(=O)[C@H](Cc1ccc(CC(=O)O)c(O)c1)NC(=O)[C@H](CCC(=O)O)NC(=O)OCC1c2ccccc2-c2ccccc21)C(N)=O
CHEMBL187610,O=C(O)[C@@H](Cc1ccccc1)Oc1ccc(-c2ccc(-c3c(Cc4ccccc4)sc4ccccc34)cc2)cc1Br
CHEMBL370307,COc1ccc(Cc2sc3ccccc3c2-c2ccc(-c3ccc(O[C@H](Cc4ccccc4)C(=O)O)cc3)cc2)cc1OC
CHEMBL190535,COc1ccc(Cc2sc3ccccc3c2-c2ccc(-c3ccc(O[C@H](Cc4ccccc4)C(=O)O)cc3)cc2)c(OC)c1
CHEMBL1082448,CC[C@H](Oc1c(Br)cc(-c2ccc(-c3c(Cc4ccccc4)oc4ccccc34)cc2)cc1Br)C(=O)O
CHEMBL1086229,Cc1cc(-c2ccc(-c3c(Cc4ccccc4)oc4ccccc34)cc2)cc(C)c1O[C@H](Cc1ccccc1)C(=O)O
CHEMBL1086230,O=C(O)[C@H](Cc1ccccc1)Oc1ccc(-c2ccc(-c3c(Cc4ccccc4)oc4ccccc34)cc2)cc1C1CCCC1
CHEMBL1083714,O=C(O)[C@@H](Cc1ccccc1)Oc1c(Br)cc(-c2ccc(-c3c(Cc4ccccc4)sc4ccccc34)cc2)cc1Br
CHEMBL1082298,O=C(O)[C@@H](Cc1ccccc1)Oc1ccc(-c2ccc(-c3c(Cc4ccccc4)sc4ccccc34)cc2)cc1-c1ccc(Cl)cc1
CHEMBL1082299,O=C(O)[C@H](CCc1ccccc1)Oc1c(Br)cc(-c2ccc(-c3c(Cc4ccccc4)sc4ccccc34)cc2)cc1Br
CHEMBL1083269,O=C(c1ccccc1)c1oc2ccccc2c1-c1ccc(-c2ccc(O[C@H](Cc3ccccc3)C(=O)O)cc2)cc1
CHEMBL1083271,O=C(O)[C@@H](Cc1ccccc1)Oc1ccc(-c2ccc(-c3c(Cc4ccc(F)cc4)sc4ccccc34)cc2)cc1
CHEMBL1083272,COc1ccc(Cc2sc3ccccc3c2-c2ccc(-c3ccc(O[C@H](Cc4ccccc4)C(=O)O)cc3)cc2)cc1
CHEMBL3350939,O=C(O)[C@@H](Cc1ccccc1)Oc1ccc(-c2ccc(-c3c(Cc4ccc(O)cc4O)sc4ccccc34)cc2)cc1
CHEMBL3350942,O=C(O)[C@@H](Cc1ccccc1)Oc1ccc(-c2ccc(-c3oc4ccccc4c3Cc3ccccc3)cc2)cc1
CHEMBL3350945,O=C(O)[C@@H](Cc1ccccc1)Oc1ccc(-c2ccc(-c3c(Cc4ccccn4)sc4ccccc34)cc2)cc1
CHEMBL3350948,O=C(O)[C@H](CCN1C(=O)c2ccccc2C1=O)Oc1ccc(-c2ccc(-c3c(Cc4ccccc4)oc4ccccc34)cc2)cc1
CHEMBL284363,O=C(O)c1ccccc1C(=O)Nc1cc(-c2ccc(-c3c(Cc4ccccc4)oc4ccccc34)cc2)ccc1O
CHEMBL416743,CCCCc1oc2ccccc2c1C(=O)c1ccc2c(Br)c(OCn3cnnn3)ccc2c1
CHEMBL285308,O=C(O)c1ccc(S(=O)(=O)Oc2ccc(-c3ccc(-c4c(Cc5ccccc5)sc5ccccc45)cc3)cc2Br)cc1O
CHEMBL26100,CCCCc1oc2ccccc2c1Cc1ccc2c(Br)c(OCn3cnnn3)ccc2c1
CHEMBL24606,Oc1ccc(-c2ccc(-c3c(Cc4ccccc4)sc4ccccc34)cc2)cc1Br
CHEMBL285125,Cc1oc(-c2ccc(C(F)(F)F)cc2)nc1-c1ccc(-c2ccc(OCn3cnnn3)cc2)cc1
CHEMBL24005,CCCCc1oc2ccccc2c1C(O)c1ccc(-c2ccc(OCC(=O)O)cc2)cc1
CHEMBL280647,CCCCc1oc2ccccc2c1C(O)c1ccc(-c2ccc(O)cc2)cc1
CHEMBL24140,O=C(O)/C=C\C(=O)Nc1cc(-c2ccc(-c3c(Cc4ccccc4)oc4ccccc34)cc2)ccc1O
CHEMBL24141,CCCCc1oc2ccccc2c1Cc1ccc(-c2ccc(O)cc2)cc1
CHEMBL24096,CCCCc1oc2ccccc2c1Cc1ccc2c(Br)c(OCC(=O)O)ccc2c1
CHEMBL24068,CCCCc1oc2ccccc2c1-c1ccc(-c2ccc(OCC(=O)O)cc2)cc1
CHEMBL284664,CCCCc1sc2ccccc2c1-c1ccc(-c2ccc(O)cc2)cc1
CHEMBL24680,CCCCc1oc2ccccc2c1Cc1ccc2c(I)c(O)ccc2c1
CHEMBL24900,O=C(O)c1ccc(S(=O)(=O)Oc2ccc(-c3ccc(-c4coc5ccccc45)cc3)cc2)cc1O
CHEMBL26216,Cc1oc(-c2ccc(C(F)(F)F)cc2)nc1-c1ccc(-c2cc(Br)c(OC(Cc3ccccc3)C(=O)O)c(Br)c2)cc1
CHEMBL25594,COC(=O)C(CCNC(=O)c1ccccc1C(=O)O)Oc1c(Br)cc(-c2ccc(-c3c(Cc4ccccc4)sc4ccccc34)cc2)cc1Br
CHEMBL24481,O=C(O)c1ccc(S(=O)(=O)Oc2ccc(-c3ccc(-c4c(C(=O)c5ccccc5)oc5ccccc45)cc3)cc2C2CCCC2)cc1O
CHEMBL24607,COc1ccc(-c2cc(-c3ccc(-c4c(Cc5ccccc5)sc5ccccc45)cc3)cc(Br)c2OCC(=O)O)c(OC)c1
CHEMBL25628,COc1cccc(-c2cc(-c3ccc(-c4c(Cc5ccccc5)sc5ccccc45)cc3)cc(Br)c2OCC(=O)O)c1
CHEMBL538903,O=C(O)c1ccc(S(=O)(=O)Oc2ccc(-c3ccc(-c4c(Cc5ccccc5)oc5ccccc45)cc3)cc2[N+](=O)[O-])cc1O
CHEMBL25584,O=C(O)CCCOc1ccc(-c2ccc(-c3c(Cc4ccccc4)sc4ccccc34)cc2)cc1Br
CHEMBL429385,COc1cccc(-c2cc(-c3ccc(-c4c(Cc5ccccc5)sc5ccccc45)cc3)ccc2OCC(=O)O)c1OC
CHEMBL24843,COc1ccc(-c2cc(-c3ccc(-c4c(Cc5ccccc5)sc5ccccc45)cc3)ccc2OCC(=O)O)cc1
CHEMBL57013,COC(=O)c1nc(-c2ccc3c(n2)C(=O)C(=N)C(OC)=C3O)c(N)c(-c2ccc(OC)c(OC)c2O)c1C
CHEMBL314664,CC(C)C[C@H](NC(=O)[C@H](Cc1ccc(C(F)(C(=O)O)C(=O)O)cc1)NC(=O)[C@H](CCC(=O)OCc1ccccc1)NC(=O)OCC1c2ccccc2-c2ccccc21)C(N)=O
CHEMBL87399,CC(C)C[C@H](NC(=O)[C@H](Cc1ccc(OC(C(=O)O)C(=O)O)cc1)NC(=O)[C@H](CCC(=O)OCc1ccccc1)NC(=O)OCC1c2ccccc2-c2ccccc21)C(N)=O
CHEMBL83179,CC(C)C[C@H](NC(=O)[C@H](Cc1ccc(C(F)(C(=O)O)C(=O)O)cc1)NC(=O)[C@H](CCC(=O)O)NC(=O)OCC1c2ccccc2-c2ccccc21)C(N)=O
CHEMBL315997,CC(C)C[C@H](NC(=O)[C@H](Cc1ccc(OCC(=O)O)c(OCC(=O)O)c1)NC(=O)[C@H](CCC(=O)OCc1ccccc1)NC(=O)OCC1c2ccccc2-c2ccccc21)C(N)=O
CHEMBL433141,CC(C)C[C@H](NC(=O)[C@H](Cc1ccc(C(C(=O)O)C(=O)O)cc1)NC(=O)[C@H](CCC(=O)O)NC(=O)OCC1c2ccccc2-c2ccccc21)C(N)=O
CHEMBL87203,CC(C)C[C@H](NC(=O)[C@H](Cc1ccc(OCC(=O)O)cc1)NC(=O)[C@H](CCC(=O)OCc1ccccc1)NC(=O)OCCc1ccccc1)C(N)=O
CHEMBL313291,CC(C)C[C@H](NC(=O)[C@H](Cc1ccc(C(F)(F)P(=O)(O)O)cc1)NC(=O)[C@H](CCC(=O)OCc1ccccc1)NC(=O)OCC1c2ccccc2-c2ccccc21)C(N)=O
CHEMBL315765,CC(C)C[C@H](NC(=O)[C@H](Cc1ccc(OCC(=O)O)cc1)NC(=O)[C@H](CCC(=O)OCc1ccccc1)NC(=O)OCc1ccccc1)C(N)=O
CHEMBL326425,O=C(O)[C@@H](CCN1C(=O)c2ccccc2C1=O)Oc1c(Br)cc(-c2c3ccccc3c(Br)c3sc4ccccc4c23)cc1Br
CHEMBL324473,C=CCOC(=O)/C=C\c1cccc(C(F)(F)P(=O)(O)O)c1.N.N
CHEMBL336095,O=C1/C(=N/CCc2cc(Br)c(O)c(Br)c2)C=C(O)c2cccnc21
CHEMBL366281,O=C(O)[C@H](Cc1ccccc1)Oc1ccc(-c2ccc(-c3c(Cc4ccccc4)oc4ccccc34)cc2)cc1Br
CHEMBL188928,O=C(O)[C@@H](Cc1ccccc1)Oc1ccc(-c2ccc(-c3c(Cc4ccccc4)oc4ccccc34)cc2)cc1
CHEMBL365490,O=C(O)[C@H](Cc1ccccc1)Oc1ccc(-c2ccc(-c3c(Cc4ccccc4)oc4ccccc34)cc2)cc1
CHEMBL1084870,CC(C)C[C@@H](Oc1c(Br)cc(-c2ccc(-c3c(Cc4ccccc4)oc4ccccc34)cc2)cc1Br)C(=O)O
CHEMBL1084871,O=C(O)[C@@H](Cc1ccccc1)Oc1ccc(-c2ccc(-c3c(Cc4ccccc4)sc4ccccc34)cc2)cc1
CHEMBL1085961,O=C(O)[C@H](CCc1ccccc1)Oc1ccc(-c2ccc(-c3c(Cc4ccccc4)oc4ccccc34)cc2)cc1
CHEMBL1086227,COc1ccc(-c2cc(-c3ccc(-c4c(Cc5ccccc5)oc5ccccc45)cc3)ccc2O[C@@H](Cc2ccccc2)C(=O)O)cc1
CHEMBL1085070,CCCCc1sc2ccccc2c1-c1ccc(-c2ccc(O[C@@H](C(=O)O)c3ccccc3)cc2)cc1
CHEMBL1083270,O=C(O)[C@@H](Cc1ccccc1)Oc1ccc(-c2ccc(-c3c(C(O)c4ccccc4)oc4ccccc34)cc2)cc1
CHEMBL1160953,O=P(O)(O)C(F)(F)c1cccc(-c2ccccc2)c1
CHEMBL3350938,CC1(C)Oc2ccc(Cc3sc4ccccc4c3-c3ccc(-c4ccc(O[C@H](Cc5ccccc5)C(=O)O)cc4)cc3)cc2O1
CHEMBL3350940,Cc1sc(Cc2ccccc2)c(-c2ccc(-c3ccc(O[C@H](Cc4ccccc4)C(=O)O)cc3)cc2)c1C
CHEMBL3350946,O=C(O)[C@@H](Cc1ccccc1)Oc1ccc(-c2ccc(-c3c(Cc4nccs4)sc4ccccc34)cc2)cc1
CHEMBL3350947,O=C(O)[C@H](Cc1ccccc1)Oc1ccc(-c2ccc(-c3c(Cc4ccccc4)oc4ccc(F)cc34)cc2)cc1
CHEMBL8758,O=C(c1ccccc1)C(Cc1ccc(C(F)(F)P(=O)(O)O)c(Br)c1)c1ccccc1
CHEMBL9046,O=C(OCc1ccccc1)C(Cc1ccc(C(F)(F)C(=O)O)cc1)(Cc1ccc(C(F)(F)P(=O)(O)O)cc1)C(=O)OCc1ccccc1
CHEMBL267981,CS(=O)(=O)c1ccc(CC(Cc2ccc(C(F)(F)P(=O)(O)O)cc2)(C(=O)OCc2ccccc2)C(=O)OCc2ccccc2)cc1
CHEMBL263348,CC(=O)NS(=O)(=O)c1ccc(CC(Cc2ccc(C(F)(F)P(=O)(O)O)cc2)(C(=O)OCc2ccccc2)C(=O)OCc2ccccc2)cc1
CHEMBL428651,O=C(c1ccccc1)C(Cc1ccc(C(F)(F)P(=O)(O)O)c(Cl)c1)c1ccccc1
CHEMBL267022,O=C(c1ccccc1)C(Cc1ccc(C(F)(F)P(=O)(O)O)cc1)c1ccccc1
CHEMBL8660,O=C(O)c1ccc(CC(Cc2ccc(C(F)(F)P(=O)(O)O)cc2)(C(=O)c2ccccc2)c2ccccc2)cc1
CHEMBL9087,O=C(c1ccccc1)C(C/C=C/c1ccccc1)(Cc1ccc(C(F)(F)P(=O)(O)O)cc1)c1ccccc1
CHEMBL266056,O=C(c1ccccc1)C(Cc1ccc(C(F)(F)P(=O)(O)O)cc1)(Cc1ccc(C(F)(F)P(=O)(O)O)cc1)c1ccccc1
CHEMBL8725,COC(=O)C(Cc1ccc(C(F)(F)P(=O)(O)O)cc1)(Cc1ccc(C(F)(F)P(=O)(O)O)cc1)C(=O)OCc1ccccc1
CHEMBL9047,O=C(c1ccccc1)C(Cc1ccc(C(F)(F)P(=O)(O)O)c(-c2ccccc2)c1)c1ccccc1
CHEMBL9070,COC(=O)C(Cc1ccc(C(F)(F)P(=O)(O)O)cc1)(Cc1ccc(C(F)(F)P(=O)(O)O)cc1)C(=O)O
CHEMBL276376,O=P(O)(O)C(F)(F)c1ccc(CC(Cc2ccc(C(F)(F)P(=O)(O)O)cc2)(OCc2ccccc2)OCc2ccccc2)cc1
CHEMBL8767,CC(C)OC(=O)C(Cc1ccc(C(F)(F)P(=O)(O)O)cc1)(Cc1ccc(C(F)(F)P(=O)(O)O)cc1)C(=O)OC(C)C
CHEMBL267954,O=C(OCc1ccccc1)C(Cc1ccc(C(F)(F)P(=O)(O)O)cc1)(Cc1ccc(C(F)(F)P(=O)(O)O)cc1)C(=O)OCc1ccccc1
CHEMBL9470,CC(C)=CC[C@@H](O)C1=CC(=O)c2c(O)ccc(O)c2C1=O
CHEMBL61148,O=C(O)C(=O)c1ccc2ccccc2c1
CHEMBL291493,O=C(O)C(F)(Oc1ccc2ccccc2c1)C(=O)O
CHEMBL57978,O=C(O)C(O)c1ccco1
CHEMBL58910,O=C(O)[C@@H](O)c1ccccc1
CHEMBL59596,O=C(O)C(F)(F)c1ccc2ccccc2c1
CHEMBL58565,COc1ccc(C(O)C(=O)O)cc1
CHEMBL948,O=C(O)Cc1ccc2ccccc2c1
CHEMBL435179,O=C(O)C(O)c1ccc2ccccc2c1
CHEMBL292411,O=C(O)[C@H](O)c1ccccc1
CHEMBL56976,COc1ccc(C(=O)C(=O)O)cc1
CHEMBL57285,O=C(O)C(=O)c1c[nH]c2ccccc12
CHEMBL294445,O=C(O)C(=O)c1cccs1
CHEMBL300586,O=C(O)C(=O)c1ccccc1C(=O)O
CHEMBL60864,O=C(O)C(=O)c1ccc([N+](=O)[O-])cc1
CHEMBL58860,COC(=O)c1ccc(C(=O)C(=O)O)cc1
CHEMBL301643,COc1ccc(C(=O)C(=O)O)cc1OC
CHEMBL950,O=C(O)C(=O)c1ccccc1
CHEMBL59106,O=C(O)C(=O)c1c(F)c(F)c(F)c(F)c1F
CHEMBL109290,Oc1c(Br)cc(-c2c3ccccc3c(Br)c3sc4ccccc4c23)cc1Br
CHEMBL324232,O=C(O)[C@@H](Cc1ccccc1)Oc1c(Br)cc(-c2c3ccccc3c(Br)c3oc4ccccc4c23)cc1Br
CHEMBL108721,O=C(O)COc1c(Br)cc(-c2c3ccccc3c(Br)c3sc4ccccc4c23)cc1Br
CHEMBL322061,O=P(O)(O)COc1c(Br)cc(-c2c3ccccc3c(Br)c3sc4ccccc4c23)cc1Br
CHEMBL340653,O=C1C(Cl)=C(NCCN2CCOCC2)C(=O)c2cnncc21
CHEMBL177880,O=C(O)c1cc2ccccc2c(Cc2c(O)c(C(=O)O)cc3ccccc23)c1O
CHEMBL176350,O=C([O-])c1cc(N=Nc2ccc([N+](=O)[O-])cc2)ccc1O.[Na+]
CHEMBL175241,C/C(=C1/C=CC(=O)C(C(=O)O)=C1)c1ccc(O)c(C(=O)O)c1
CHEMBL425511,O=S(=O)([O-])c1cc(O)c2c(O)cc(S(=O)(=O)[O-])cc2c1.[Na+].[Na+]
CHEMBL174821,COc1cc(S(=O)(=O)[O-])c(C)cc1N=Nc1c(O)ccc2cc(S(=O)(=O)[O-])ccc12.[Na+].[Na+]
CHEMBL368082,O=S(=O)([O-])c1cc(S(=O)(=O)[O-])c2c(N=Nc3c(O)cc(S(=O)(=O)[O-])c4ccccc34)c(O)c(S(=O)(=O)[O-])cc2c1.[Na+].[Na+].[Na+].[Na+]
CHEMBL175336,O=C1c2ccccc2C(=O)c2c1cc(S(=O)(=O)[O-])c(O)c2O.[Na+]
CHEMBL1640,Cc1cc(-c2ccc(/N=N/c3c(S(=O)(=O)[O-])cc4cc(S(=O)(=O)[O-])cc(N)c4c3O)c(C)c2)ccc1/N=N/c1c(S(=O)(=O)[O-])cc2cc(S(=O)(=O)[O-])cc(N)c2c1O.[Na+].[Na+].[Na+].[Na+]
CHEMBL1200712,Cc1cc(-c2ccc(/N=N/c3ccc4c(S(=O)(=O)[O-])cc(S(=O)(=O)[O-])c(N)c4c3O)c(C)c2)ccc1/N=N/c1ccc2c(S(=O)(=O)[O-])cc(S(=O)(=O)[O-])c(N)c2c1O.[Na+].[Na+].[Na+].[Na+]
CHEMBL1366408,Cc1c(C(=O)O)c(O)cc2c1C(=O)c1c(O)c([C@H]3O[C@H](CO)[C@@H](O)[C@H](O)[C@H]3O)c(O)c(O)c1C2=O
CHEMBL3144822,Cc1[nH]n(-c2ccccc2)c(=O)c1N=Nc1c(O)cc(S(=O)(=O)O)c2ccccc12
CHEMBL267245,O=C(OCc1ccccc1)C(Cc1ccc(C(F)(F)P(=O)(O)O)cc1)(c1ccccc1)n1nnc2ccccc21
CHEMBL267048,O=P(O)(O)C(F)(F)c1ccc(CC(Cc2ccc(C(F)(F)P(=O)(O)O)cc2)(c2ccc(F)c(F)c2)n2nnc3ccccc32)cc1
CHEMBL277442,CC(=O)N[C@@H](CC(=O)O)C(=O)N[C@@H](C)C(=O)N[C@@H](CC(=O)O)C(=O)N[C@@H](CCC(=O)O)C(=O)N[C@@H](Cc1ccc(OP(=O)(O)O)cc1)C(=O)N[C@@H](CC(C)C)C(N)=O
CHEMBL443007,Oc1cccc(-c2nc(-c3ccc(-c4ccccc4)cc3)c(-c3ccc(-c4ccccc4)cc3)[nH]2)c1
CHEMBL420925,O=C(Nc1ccc(O)cc1)/C(=C/c1c[nH]c2ccccc12)NC(=O)c1ccccc1
CHEMBL309082,CCOc1cc(/C=C2/N=C(c3ccc4c(c3)OCO4)OC2=O)cc(Cl)c1OC(C)=O
CHEMBL304307,CSc1[nH]nc(NC(=O)c2ccc(Cl)c(Cl)c2)c1S(=O)(=O)c1ccc(Cl)cc1
CHEMBL71709,COC(=O)c1ccc2nc(NC(=O)COC(=O)c3ccc(Br)o3)sc2c1
CHEMBL302323,O=C1NC(=O)C(=Cc2ccc(Sc3nc4ccc([N+](=O)[O-])cc4s3)c([N+](=O)[O-])c2)C(=O)N1
CHEMBL72757,O=C(Nc1ccccc1)Nc1cc(-c2ccc(Cl)cc2)nn1-c1ccccc1
CHEMBL1057,O=C1OC2(c3ccc(O)cc3Oc3cc(O)ccc32)c2ccccc21
CHEMBL105999,CCCc1sc(NS(=O)(=O)/C=C/c2ccc(F)c(F)c2)nc1-c1ccc(C(F)(F)F)cc1
CHEMBL106479,O=S(=O)(/C=C/c1ccc(F)c(F)c1)Nc1nc(-c2ccccc2)c(-c2ccccc2)s1
CHEMBL110922,CCCc1sc(NS(=O)(=O)/C=C/c2ccc(C)cc2)nc1-c1ccc(C(F)(F)F)cc1
CHEMBL108128,CCCc1sc(NS(=O)(=O)/C=C/c2ccccc2Cl)nc1-c1ccc(C(F)(F)F)cc1
CHEMBL319845,Cc1sc(NS(=O)(=O)/C=C/c2ccc(F)c(F)c2)nc1-c1ccc(Cl)cc1
CHEMBL109118,CCCc1sc(NS(=O)(=O)/C=C/c2ccc(C)cc2)nc1-c1ccc(-c2ccccc2)cc1
CHEMBL321599,CCCc1sc(NS(=O)(=O)/C=C/c2ccc3ccccc3c2)nc1-c1ccc2ccccc2c1
CHEMBL325564,CCCc1sc(NS(=O)(=O)/C=C/c2ccc(-c3ccccc3)cc2)nc1-c1ccc(Cl)cc1
CHEMBL325309,CCCc1sc(NS(=O)(=O)/C=C/c2ccc(C)cc2)nc1-c1ccc(Cl)cc1
CHEMBL320586,O=[N+]([O-])c1ccc(/C=C/S(=O)(=O)Nc2nc(-c3ccccc3)c(-c3ccccc3)s2)cc1
CHEMBL106194,N#Cc1ccc(/C=C/S(=O)(=O)Nc2nc(-c3ccccc3)c(-c3ccccc3)s2)cc1
CHEMBL108689,CCc1sc(NS(=O)(=O)/C=C/c2ccc([N+](=O)[O-])cc2)nc1-c1ccccc1
CHEMBL108690,O=S(=O)(/C=C/c1ccc(-c2ccccc2)cc1)Nc1nc(-c2ccccc2)c(-c2ccccc2)s1
CHEMBL110762,COC(=O)c1ccc(/C=C/S(=O)(=O)Nc2nc(-c3ccccc3)c(-c3ccccc3)s2)cc1
CHEMBL421227,CCCc1sc(NS(=O)(=O)/C=C/c2ccccc2Cl)nc1-c1ccc(Cl)cc1
CHEMBL432801,CCCc1sc(NS(=O)(=O)/C=C/c2ccc(F)c(F)c2)nc1-c1ccc(Cl)cc1
CHEMBL110566,O=S(=O)(/C=C/c1ccccc1Cl)Nc1nc(-c2ccccc2)c(-c2ccccc2)s1
CHEMBL105872,O=S(=O)(/C=C/c1ccc2ccccc2c1)Nc1nc(-c2ccccc2)c(-c2ccccc2)s1
CHEMBL324669,CCCc1sc(NS(=O)(=O)/C=C/c2ccc(F)c(F)c2)nc1-c1ccc(-c2ccccc2)cc1
CHEMBL110432,CCCCCCCCC/C=C/S(=O)(=O)Nc1nc(-c2ccccc2)c(-c2ccccc2)s1
CHEMBL110838,O=S(=O)(/C=C/c1ccc(C(F)(F)F)cc1)Nc1nc(-c2ccccc2)c(-c2ccccc2)s1
CHEMBL109646,O=S(=O)([O-])C(F)(F)c1ccc2ccccc2c1.[Na+]
CHEMBL109531,O=S(=O)([O-])C(F)(F)c1cccc(-c2ccccc2)c1.[Na+]
CHEMBL170404,CC(=O)N[C@@H](CC(=O)O)C(=O)N[C@@H](C)C(=O)N[C@@H](CC(=O)O)C(=O)N[C@@H](CCC(=O)O)C(=O)N[C@@H](Cc1ccc(O)c(C(=O)O)c1)C(=O)N[C@@H](CC(C)C)C(N)=O
CHEMBL354707,CC(=O)N[C@@H](CC(=O)O)C(=O)N[C@@H](C)C(=O)N[C@@H](CC(=O)O)C(=O)N[C@@H](CCC(=O)O)C(=O)N[C@@H](Cc1ccc(OCC(=O)O)c(C(=O)O)c1)C(=O)N[C@@H](CC(C)C)C(N)=O
CHEMBL170958,CC(=O)N[C@@H](CC(=O)O)C(=O)N[C@@H](C)C(=O)N[C@@H](CC(=O)O)C(=O)N[C@@H](CCC(=O)O)C(=O)N[C@@H](Cc1ccc(OCC(=O)O)c(OCC(=O)O)c1)C(=O)N[C@@H](CC(C)C)C(N)=O
CHEMBL353246,CC(=O)N[C@@H](CC(=O)O)C(=O)N[C@@H](C)C(=O)N[C@@H](CC(=O)O)C(=O)N[C@@H](CCC(=O)O)C(=O)N[C@@H](Cc1ccc(CC(=O)O)c(C(=O)O)c1)C(=O)N[C@@H](CC(C)C)C(N)=O
CHEMBL168475,CC(=O)N[C@@H](CC(=O)O)C(=O)N[C@@H](C)C(=O)N[C@@H](CC(=O)O)C(=O)N[C@@H](CCC(=O)O)C(=O)N[C@@H](Cc1ccc(C(F)(C(=O)O)C(=O)O)cc1)C(=O)N[C@@H](CC(C)C)C(N)=O
CHEMBL172401,CC(=O)N[C@@H](CC(=O)O)C(=O)N[C@@H](C)C(=O)N[C@@H](CC(=O)O)C(=O)N[C@@H](CCC(=O)O)C(=O)N[C@@H](Cc1ccc(C(C(=O)O)C(=O)O)cc1)C(=O)N[C@@H](CC(C)C)C(N)=O
CHEMBL436058,CC(=O)N[C@@H](CC(=O)O)C(=O)N[C@@H](C)C(=O)N[C@@H](CC(=O)O)C(=O)N[C@@H](CCC(=O)O)C(=O)N[C@@H](Cc1ccc(C(=O)O)c(O)c1)C(=O)N[C@@H](CC(C)C)C(N)=O
CHEMBL171184,CC(=O)N[C@@H](CC(=O)O)C(=O)N[C@@H](C)C(=O)N[C@@H](CC(=O)O)C(=O)N[C@@H](CCC(=O)O)C(=O)N[C@@H](Cc1ccc(C(=O)O)cc1)C(=O)N[C@@H](CC(C)C)C(N)=O
CHEMBL169826,CC(=O)N[C@@H](CC(=O)O)C(=O)N[C@@H](C)C(=O)N[C@@H](CC(=O)O)C(=O)N[C@@H](CCC(=O)O)C(=O)N[C@@H](Cc1ccc(CC(=O)O)c(O)c1)C(=O)N[C@@H](CC(C)C)C(N)=O
CHEMBL435710,CC(=O)N[C@@H](CC(=O)O)C(=O)N[C@@H](C)C(=O)N[C@@H](CC(=O)O)C(=O)N[C@@H](CCC(=O)O)C(=O)N[C@@H](Cc1ccc(C(F)(F)C(=O)O)cc1)C(=O)N[C@@H](CC(C)C)C(N)=O
CHEMBL369427,CC(=O)N[C@@H](CC(=O)O)C(=O)N[C@@H](C)C(=O)N[C@@H](CC(=O)O)C(=O)N[C@@H](CCC(=O)O)C(=O)N[C@@H](Cc1ccc(CC(=O)O)cc1)C(=O)N[C@@H](CC(C)C)C(N)=O
CHEMBL174312,CC(=O)N[C@@H](CC(=O)O)C(=O)N[C@@H](C)C(=O)N[C@@H](CC(=O)O)C(=O)N[C@@H](CCC(=O)O)C(=O)N[C@@H](Cc1ccc(OCC(=O)O)cc1)C(=O)N[C@@H](CC(C)C)C(N)=O
CHEMBL1160372,O=C(O)c1ccc(/C=C2/SC(=S)N(Cc3ccccc3)C2=O)cc1
CHEMBL1160380,O=C(O)c1ccc(N2C(=O)/C(=C\C=C\c3ccccc3)SC2=S)cc1
CHEMBL1160381,CC1=NN(c2cccc(Cl)c2)C(=O)/C1=C\c1ccc(-c2ccc(C(=O)O)c(Cl)c2)o1
CHEMBL1160384,O=C(O)c1ccc(-c2ccc(/C=C3/S/C(=N\c4ccccc4)N(c4ccccc4)C3=O)o2)cc1O
CHEMBL418703,O=P(O)(O)C(F)(F)c1ccc(CC(Cc2ccc(C(F)(F)P(=O)(O)O)cc2)(c2nnn[nH]2)n2nnc3ccccc32)cc1
CHEMBL273474,O=P(O)(O)C(F)(F)c1ccc(CC(Cc2ccc(C(F)(F)P(=O)(O)O)cc2)(c2ccc3ccccc3n2)n2nnc3ccccc32)cc1
CHEMBL8662,O=P(O)(O)C(F)(F)c1ccc(CC(Cc2ccc(C(F)(F)P(=O)(O)O)cc2)(c2nc3ccccc3s2)n2nnc3ccccc32)cc1
CHEMBL266753,COC(CC(C)C)c1ccc2cc(-c3ccc(CC(Cc4ccc(C(F)(F)P(=O)(O)O)cc4)(c4ccccc4)n4nnc5ccccc54)cc3)cc(P(=O)(O)O)c2n1
CHEMBL9252,NS(=O)(=O)c1ccccc1-c1ccc(CC(Cc2ccc(C(F)(F)P(=O)(O)O)cc2)(c2ccccc2)n2nnc3ccccc32)cc1
CHEMBL268903,COC(=O)c1ccc(C(Cc2ccc(C(F)(F)P(=O)(O)O)cc2)(Cc2ccc(C(F)(F)P(=O)(O)O)cc2)n2nnc3ccccc32)cc1
CHEMBL267488,O=P(O)(O)C(F)(F)c1ccc(CC(Cc2ccc(C(F)(F)P(=O)(O)O)c(Br)c2)(c2ccccc2)n2nnc3ccccc32)cc1
CHEMBL276647,O=P(O)(O)C(F)(F)c1ccc(CC(Cc2ccc(C(F)(F)P(=O)(O)O)cc2)(c2ccccc2)n2nnc3ccccc32)cc1
CHEMBL276648,O=P(O)(O)C(F)(F)c1ccc(C(c2ccc(-c3ccccc3-c3nn[nH]n3)cc2)C(c2ccccc2)n2nnc3ccccc32)cc1
CHEMBL267759,O=P(O)(O)C(F)(F)c1ccc(CC(Cc2ccc(-c3ccccc3)cc2)(c2ccccc2)n2nnc3ccccc32)cc1
CHEMBL9374,O=P(O)(O)C(F)(F)c1ccc(CC(Cc2ccc(OCc3ccccc3)cc2)(c2ccccc2)n2nnc3ccccc32)cc1
CHEMBL416145,O=P(O)(O)C(F)(F)c1ccc(CC(C/C=C/c2ccccc2)(c2ccccc2)n2nnc3ccccc32)cc1
CHEMBL268526,Cc1ccc2cc(-c3ccc(CC(Cc4ccc(C(F)(F)P(=O)(O)O)cc4)(c4ccccc4)n4nnc5ccccc54)cc3)cc(P(=O)(O)O)c2n1
CHEMBL269166,O=P(O)(O)c1cccc(-c2ccc(CC(Cc3ccc(C(F)(F)P(=O)(O)O)cc3)(c3ccccc3)n3nnc4ccccc43)cc2)c1
CHEMBL9321,O=P(O)(O)C(F)(F)c1ccc(CC(CCCc2ccccc2)(c2ccccc2)n2nnc3ccccc32)cc1
CHEMBL274435,O=P(O)(O)C(F)(F)c1ccc(/C=C/CC(Cc2ccc(C(F)(F)P(=O)(O)O)cc2)(c2ccccc2)n2nnc3ccccc32)cc1
CHEMBL9339,O=P(O)(O)C(F)(F)c1ccc(CC(Cc2ccc(Br)cc2)(c2ccccc2)n2nnc3ccccc32)cc1
CHEMBL9473,O=P(O)(O)C(F)(F)c1ccc(CC(Cc2ccc(C(F)(F)P(=O)(O)O)cc2)(c2nc(-c3ccccc3)cs2)n2nnc3ccccc32)cc1
CHEMBL9363,O=P(O)(O)C(F)(F)c1ccc(CC(c2ccccc2)n2nnc3ccccc32)cc1
CHEMBL322160,CCN1CCCC1CNC(=O)c1cc(S(=O)(=O)NC(=O)c2ccc3cc(C(F)(F)P(=O)(O)O)ccc3c2)ccc1OC
CHEMBL101427,C[C@@H]1CCC[C@H](C)N1NC(=O)c1ccc(Cl)c(S(=O)(=O)NC(=O)c2ccc3cc(C(F)(F)P(=O)(O)O)ccc3c2)c1
CHEMBL323571,CCCCCCCCCCCCCCCCOc1ccc(S(=O)(=O)NC(=O)c2ccc3cc(C(F)(F)P(=O)(O)O)ccc3c2)cc1[N+](=O)[O-]
CHEMBL327972,CCCCCCCCCC(=O)Nc1ccc(S(=O)(=O)NC(=O)c2ccc3cc(C(F)(F)P(=O)(O)O)ccc3c2)cc1
CHEMBL322377,CC1Cc2ccccc2N1NC(=O)c1ccc(Cl)c(S(=O)(=O)NC(=O)c2ccc3cc(C(F)(F)P(=O)(O)O)ccc3c2)c1
CHEMBL320852,CS(=O)(=O)NC(=O)c1ccc2cc(C(F)(F)P(=O)(O)O)ccc2c1
CHEMBL103709,O=C(NS(=O)(=O)c1cc(C2(O)NC(=O)c3ccccc32)ccc1Cl)c1ccc2cc(C(F)(F)P(=O)(O)O)ccc2c1
CHEMBL103942,O=C(NS(=O)(=O)c1ccccc1)c1ccc2cc(C(F)(F)P(=O)(O)O)ccc2c1
CHEMBL102015,O=C(NS(=O)(=O)Cc1ccccc1)c1ccc2cc(C(F)(F)P(=O)(O)O)ccc2c1
CHEMBL323976,O=P([O-])([O-])OC(F)(F)c1ccc2ccccc2c1.[Na+].[Na+]
CHEMBL324684,O=C([O-])C(F)(Oc1ccc2ccccc2c1)C(=O)[O-].[Na+].[Na+]
CHEMBL110361,O=C([O-])C(F)(F)c1ccc2ccccc2c1.[Na+]
CHEMBL324226,FC(F)(c1ccc2ccccc2c1)c1nnn[n-]1.[Na+]
CHEMBL109381,O=P([O-])([O-])OC(F)(F)c1cccc(-c2ccccc2)c1.[Na+].[Na+]
CHEMBL109530,FC(F)(c1cccc(-c2ccccc2)c1)c1nnn[n-]1.[Na+]
CHEMBL109978,O=C([O-])C(F)(Oc1cccc(-c2ccccc2)c1)C(=O)[O-].[Na+].[Na+]
CHEMBL114030,O=C([O-])C(F)(F)c1cccc(-c2ccccc2)c1.[Na+]
CHEMBL129681,O=C(O)C(=O)c1ccc(OCc2ccc(COc3ccc(C(=O)C(=O)O)cc3)cc2)cc1
CHEMBL338073,O=C(O)C(=O)c1ccc(OCc2cc(COc3ccc(C(=O)C(=O)O)cc3)cc(COc3ccc(C(=O)C(=O)O)cc3)c2)cc1
CHEMBL341233,O=C(O)C(=O)c1ccc(OCc2ccccc2COc2ccc(C(=O)C(=O)O)cc2)cc1
CHEMBL129918,O=C(O)C(=O)c1ccc(O)cc1
CHEMBL128936,O=C(O)C(=O)c1ccc(OCc2cccc(COc3ccc(C(=O)C(=O)O)cc3)c2)cc1
CHEMBL366342,CC(C)C[C@H](CC(=O)[C@H](Cc1ccc(OCC(=O)O)cc1)NC(=O)[C@H](CCC(=O)OCc1ccccc1)NC(=O)CCc1cccc2ccccc12)C(N)=O
CHEMBL366343,CC(C)C[C@H](CC(=O)[C@H](Cc1ccc(OCC(=O)O)cc1)NC(=O)[C@H](CCC(=O)OCc1ccccc1)NS(=O)(=O)CCc1cccc2ccccc12)C(N)=O
CHEMBL363977,CC(C)C[C@H](CC(=O)[C@H](Cc1ccc(OCC(=O)O)cc1)NC(=O)[C@H](CNC(=O)OCc1ccccc1)NC(=O)OCC1c2ccccc2-c2ccccc21)C(N)=O
CHEMBL415772,CC(C)C[C@H](CC(=O)[C@H](Cc1ccc(OCC(=O)O)cc1)NC(=O)[C@H](CCC(=O)OCc1ccccc1)NC(=O)CCc1c2ccccc2cc2ccccc12)C(N)=O
CHEMBL187343,Cc1ccc2c(c1)CCN2CCC(=O)N[C@@H](CCC(=O)OCc1ccccc1)C(=O)N[C@@H](Cc1ccc(OCC(=O)O)cc1)C(=O)C[C@@H](CC(C)C)C(N)=O
CHEMBL363338,CC(C)C[C@H](CC(=O)[C@H](Cc1ccc(OC(F)(F)C(=O)O)cc1)NC(=O)[C@H](CCC(=O)OCc1ccccc1)NC(=O)OCC1c2ccccc2-c2ccccc21)C(N)=O
CHEMBL189467,CC(C)C[C@H](CC(=O)[C@H](Cc1ccc(OCC(=O)O)cc1)NC(=O)[C@H](CCC(=O)OCc1ccccc1)NC(=O)COc1cccc2ccccc12)C(N)=O
CHEMBL366339,CC(C)C[C@H](CC(=O)[C@H](Cc1ccc(OCC(=O)O)cc1)NC(=O)[C@H](CCC(=O)OCc1ccccc1)NC(=O)COc1ccc2ccccc2c1)C(N)=O
CHEMBL361084,CC(C)C[C@H](CC(=O)[C@H](Cc1ccc(OCC(=O)O)cc1)NC(=O)[C@H](CCC(=O)OCc1ccccc1)NC(=O)OCC1c2ccccc2-c2ccccc21)C(N)=O
CHEMBL24451,CCc1oc2ccccc2c1-c1ccc(-c2ccc(O)cc2)cc1
CHEMBL26111,Oc1ccc(-c2ccc(-c3coc4ccccc34)cc2)cc1
CHEMBL277402,Cc1oc(-c2ccc(C(F)(F)F)cc2)nc1-c1ccc(-c2ccc(O)cc2)cc1
CHEMBL280863,Cc1oc(-c2ccc(C(F)(F)F)cc2)nc1-c1cccc(-c2ccc(O)cc2)c1
CHEMBL280138,CCCCc1oc2ccccc2c1C(=O)c1ccc(-c2ccc(O)cc2)cc1
CHEMBL280667,Oc1ccc(-c2ccc(-c3c(Cc4ccccc4)oc4ccccc34)cc2)cc1Br
CHEMBL24204,Cc1oc(-c2ccc(C(F)(F)F)cc2)nc1-c1ccc2c(Br)c(OC(Cc3ccccc3)C(=O)O)ccc2c1
CHEMBL24099,CCCCc1oc2ccccc2c1-c1ccc(-c2ccc(OC)cc2)cc1
CHEMBL276985,Cc1oc(-c2ccc(C(F)(F)F)cc2)nc1-c1cccc(-c2ccc(OCC(=O)O)cc2)c1
CHEMBL282480,Oc1c(Br)cc(-c2ccc(-c3c(Cc4ccccc4)oc4ccccc34)cc2)cc1Br
CHEMBL282074,O=C(O)C(Cc1ccccc1)Oc1ccc(-c2ccc(-c3c(Br)oc4ccccc34)cc2)cc1
CHEMBL25720,O=C(O)C(Cc1ccccc1)Oc1ccc(-c2ccc(-c3coc4ccccc34)cc2)cc1
CHEMBL25079,CCCCc1oc2ccccc2c1C(=O)c1ccc2cc(O)ccc2c1
CHEMBL364349,CC(C)C[C@H](NC(=O)[C@H](Cc1ccc(OCC(=O)O)cc1)NC(=O)C(CNC(=O)OCc1ccccc1)CNC(=O)OCc1ccccc1)C(N)=O
CHEMBL365660,CC(C)C[C@H](CC(=O)[C@H](Cc1ccc(CC(=O)O)cc1)NC(=O)[C@H](CCC(=O)OCc1ccccc1)NC(=O)OCC1c2ccccc2-c2ccccc21)C(N)=O
CHEMBL363232,CC(C)C[C@H](CC(=O)[C@H](Cc1ccc(C(F)(F)C(=O)O)cc1)NC(=O)[C@H](CCC(=O)OCc1ccccc1)NC(=O)OCC1c2ccccc2-c2ccccc21)C(N)=O
CHEMBL187599,CCCC[C@@H](Oc1c(Br)cc(-c2ccc(-c3c(Cc4ccccc4)oc4ccccc34)cc2)cc1Br)C(=O)O
CHEMBL361083,O=C(O)[C@H](Cc1ccccc1)Oc1ccc(-c2ccc(-c3c(Cc4ccccc4)sc4ccccc34)cc2)cc1-c1ccc(Cl)cc1
CHEMBL435100,CCCCc1oc2ccccc2c1C(O)c1ccc2ccc(OCn3cnnn3)c(Br)c2c1
CHEMBL191477,COC(=O)[C@H](Cc1ccccc1)Oc1ccc(-c2ccc(-c3c(Cc4ccccc4)oc4ccccc34)cc2)cc1
CHEMBL187946,O=C(O)[C@@H](Cc1ccccc1)Oc1ccc(-c2ccc(-c3nc4ccccc4n3Cc3ccccc3)cc2)cc1
CHEMBL372492,CCCCc1oc2ccccc2c1Cc1ccc2ccc(O)cc2c1
CHEMBL190476,O=C(O)[C@@H](Cc1ccccc1)Oc1ccc(-c2ccc(-c3nc4cccnc4n3Cc3ccccc3)cc2)cc1
CHEMBL190893,O=C(O)[C@H](Cc1ccccc1)Oc1ccc(-c2ccc(-c3c(Cc4ccc(F)cc4)oc4ccccc34)cc2)cc1
CHEMBL370470,O=C(O)[C@@H](Cc1ccccc1)Oc1c(Br)cc(-c2ccc(-c3c(Cc4ccccc4)oc4ccccc34)cc2)cc1Br
CHEMBL370026,CCCc1cc(-c2ccc(-c3c(Cc4ccccc4)oc4ccccc34)cc2)ccc1O[C@@H](Cc1ccccc1)C(=O)O
CHEMBL191219,O=C1CN(c2cccc(-c3ccccc3)c2)S(=O)(=O)N1
CHEMBL190801,O=C1CN(c2ccccc2)S(=O)(=O)N1
CHEMBL190970,Cc1ccccc1N1CC(=O)NS1(=O)=O
CHEMBL190833,COc1ccccc1N1CC(=O)NS1(=O)=O
CHEMBL193233,COc1ccc(-c2ccccc2)cc1N1CC(=O)NS1(=O)=O
CHEMBL193691,CC(=O)N[C@@H](Cc1ccccc1)C(=O)N[C@@H](Cc1ccc(C2=CC(=O)NS2(=O)=O)cc1)C(N)=O
CHEMBL382311,CC(=O)N[C@@H](Cc1ccccc1)C(=O)N[C@@H](Cc1ccc([C@@H]2CC(=O)NS2(=O)=O)cc1)C(N)=O
CHEMBL196526,CC(=O)N[C@@H](Cc1ccccc1)C(=O)N[C@@H](Cc1ccc(C(F)(F)P(=O)(O)O)cc1)C(N)=O
CHEMBL373105,CC(=O)N[C@@H](Cc1ccccc1)C(=O)N[C@@H](Cc1ccc([C@H]2CC(=O)NS2(=O)=O)cc1)C(N)=O
CHEMBL199159,O=C(c1ccc(CN(Cc2ccccc2)S(=O)(=O)c2ccccc2[N+](=O)[O-])cc1)C(F)(F)P(=O)(O)O
CHEMBL199124,O=[N+]([O-])c1ccccc1S(=O)(=O)N(Cc1ccccc1)Cc1ccc(C(F)(F)P(=O)(O)O)cc1
CHEMBL199263,O=P(O)(O)C(F)(F)c1ccc(CN(Cc2ccccc2)S(=O)(=O)c2ccccc2)cc1
CHEMBL372973,O=C(O)COc1ccc(S(=O)(=O)N(Cc2ccccc2)Cc2ccc(C(F)(F)P(=O)(O)O)cc2)cc1
CHEMBL362917,O=C(O)COc1ccc(S(=O)(=O)N(Cc2ccccc2)Cc2ccc(C(F)(F)P(=O)(O)O)cc2)cc1F
CHEMBL370304,O=C(O)COc1ccc(S(=O)(=O)N(Cc2ccccc2)Cc2ccc(C(F)(F)P(=O)(O)O)cc2)cc1Cl
CHEMBL197884,O=C(O)COc1ccc(S(=O)(=O)N(Cc2ccccc2)Cc2ccc(C(F)(F)P(=O)(O)O)cc2)cc1Br
CHEMBL198496,O=C(O)COc1c(F)cc(S(=O)(=O)N(Cc2ccccc2)Cc2ccc(C(F)(F)P(=O)(O)O)cc2)cc1F
CHEMBL383777,O=C(O)COc1ccc(S(=O)(=O)N(Cc2ccccc2)Cc2ccc(C(F)(F)P(=O)(O)O)cc2)cc1C(F)(F)F
CHEMBL197910,O=C(O)COc1ccc(S(=O)(=O)N(Cc2ccccc2)Cc2ccc(C(F)(F)P(=O)(O)O)cc2)cc1OC(F)(F)F
CHEMBL196694,Cc1cc(S(=O)(=O)N(Cc2ccccc2)Cc2ccc(C(F)(F)P(=O)(O)O)cc2)ccc1OCC(=O)O
CHEMBL370225,Cc1cc(S(=O)(=O)N(Cc2ccccc2)Cc2ccc(C(F)(F)P(=O)(O)O)cc2)cc(C)c1OCC(=O)O
CHEMBL198977,O=C(O)c1cc(S(=O)(=O)N(Cc2ccccc2)Cc2ccc(C(F)(F)P(=O)(O)O)cc2)ccc1O
CHEMBL196850,O=C(O)COc1c(F)ccc(S(=O)(=O)N(Cc2ccccc2)Cc2ccc(C(F)(F)P(=O)(O)O)cc2)c1F
CHEMBL197932,CC(=O)c1cccc(CN(Cc2ccc(C(F)(F)P(=O)(O)O)cc2)S(=O)(=O)c2ccc(OCC(=O)O)cc2)c1
CHEMBL369943,O=P(O)(O)C(F)(F)c1ccc(CN(Cc2ccc(-c3csnn3)cc2)S(=O)(=O)c2ccccc2)cc1
CHEMBL371929,O=C(O)COc1ccc(S(=O)(=O)N(Cc2ccc(-c3csnn3)cc2)Cc2ccc(C(F)(F)P(=O)(O)O)c(Br)c2)cc1
CHEMBL198939,COc1cc(CN(Cc2ccc(-c3csnn3)cc2)S(=O)(=O)c2ccc(OCC(=O)O)cc2)ccc1C(F)(F)P(=O)(O)O
CHEMBL198940,CN(C)S(=O)(=O)c1ccc(CN(Cc2ccc(C(F)(F)P(=O)(O)O)c(Br)c2)S(=O)(=O)c2ccc(OCC(=O)O)cc2)cc1
CHEMBL383163,COc1cc(CN(Cc2ccc(S(=O)(=O)N(C)C)cc2)S(=O)(=O)c2ccc(OCC(=O)O)cc2)ccc1C(F)(F)P(=O)(O)O
CHEMBL372592,CN(Cc1ccccc1)C(=O)CN(Cc1ccc(C(F)(F)P(=O)(O)O)c(Br)c1)S(=O)(=O)c1ccc(OCC(=O)O)cc1
CHEMBL199133,CN(Cc1ccccc1)C(=O)CN(Cc1ccc(OCC(=O)O)cc1)Cc1ccc(C(F)(F)P(=O)(O)O)cc1
CHEMBL370658,O=P(O)(O)C(F)(F)c1ccc(CNCc2ccc(-c3csnn3)cc2)cc1
CHEMBL424840,O=C(c1ccc(O)cc1)N(Cc1ccc(-c2csnn2)cc1)Cc1ccc(C(F)(F)P(=O)(O)O)cc1
CHEMBL197827,O=C(O)COc1ccc(C(=O)N(Cc2ccc(-c3csnn3)cc2)Cc2ccc(C(F)(F)P(=O)(O)O)cc2)cc1
CHEMBL198220,O=C(O)COc1ccc(S(=O)(=O)N(Cc2ccc(NC(=O)c3ccccc3)cc2)Cc2ccc(C(F)(F)P(=O)(O)O)cc2)cc1
CHEMBL197720,CN(C)S(=O)(=O)c1ccc(CN(Cc2ccc(C(F)(F)P(=O)(O)O)cc2)S(=O)(=O)c2ccc(OCC(=O)O)cc2)cc1
CHEMBL198012,CN(Cc1ccccc1)C(=O)CN(Cc1ccc(C(F)(F)P(=O)(O)O)cc1)S(=O)(=O)c1ccc(OCC(=O)O)cc1
CHEMBL197929,O=C(O)COc1ccc(S(=O)(=O)N(Cc2ccc(C(F)(F)P(=O)(O)O)cc2)Cc2cccs2)cc1
CHEMBL196268,CS(=O)(=O)Nc1ccc(CN(Cc2ccc(C(F)(F)P(=O)(O)O)cc2)S(=O)(=O)c2ccc(OCC(=O)O)cc2)cc1
CHEMBL198882,O=C(O)COc1ccc(S(=O)(=O)N(Cc2ccc(-c3csnn3)cc2)Cc2ccc(C(F)(F)P(=O)(O)O)cc2)cc1
CHEMBL197681,O=C(O)COc1ccc(S(=O)(=O)N(Cc2ccc(C(F)(F)P(=O)(O)O)cc2)c2ccc(-c3csnn3)cc2)cc1
CHEMBL197590,CC(=O)NCCN(Cc1ccc(C(F)(F)P(=O)(O)O)cc1)S(=O)(=O)c1ccc(OCC(=O)O)cc1
CHEMBL371083,O=C(O)COc1ccc(S(=O)(=O)N(CC(=O)N2CCCCC2)Cc2ccc(C(F)(F)P(=O)(O)O)cc2)cc1
CHEMBL372159,CC(C)C[C@H](Oc1cccc2c(C#N)cc(C(=O)c3ccccc3)n12)C(=O)NC(CC(=O)O)c1ccccc1
CHEMBL200475,CC(C)CC(C(=O)NC(CC(=O)O)c1ccccc1)c1ccc(OCc2cccc3c(C#N)cc(C(=O)c4ccccc4)n23)cc1
CHEMBL201662,COc1ccc(C(=O)c2ccc3c(-c4ccc(OCC(=O)O)cc4)nocc2-3)cc1
CHEMBL200117,CCCCCCCCCCCCCCc1ccc(C(=O)c2ccc3c(-c4ccc(OCC(=O)O)cc4)nocc2-3)cc1
CHEMBL199479,COc1ccc(C(=O)c2ccc3c(-c4ccc(O[C@@H](Cc5ccccc5)C(=O)O)cc4)nocc2-3)cc1
CHEMBL201161,COc1ccc(C(=O)c2ccc3c(-c4cc(Br)c(OCC(=O)O)c(Br)c4)nocc2-3)cc1
CHEMBL202573,O=C(O)COc1ccc(-c2nocc3c(C(=O)c4cccc(C(F)(F)F)c4)ccc2-3)cc1
CHEMBL371322,COc1cccc(C(=O)c2ccc3c(-c4ccc(OCC(=O)O)cc4)nocc2-3)c1
CHEMBL370140,COc1ccc(C(=O)c2ccc3c(-c4ccc(OCC(=O)N5CCN(Cc6ccccc6)CC5)cc4)nocc2-3)cc1
CHEMBL202219,O=C(c1ccc2c(-c3ccc(OC(C(=O)O)C(=O)O)cc3)nocc1-2)C1CCCC1
CHEMBL201909,COc1ccc(-c2nocc3c(C(=O)c4ccc(Cl)cc4Cl)ccc2-3)cc1
CHEMBL371026,CCCCCCCCCCCCCCC(=O)c1ccc2c(-c3ccc(OCC(=O)O)cc3)nocc1-2
CHEMBL202197,NCc1ccc(C(=O)c2ccc3c(-c4ccc(OCC(=O)O)cc4)nocc2-3)cc1
CHEMBL370584,COc1ccc(CC(=O)c2ccc3c(-c4ccc(OCC(=O)O)cc4)nocc2-3)cc1
CHEMBL382338,CC(C)=CCCC1=C[C@H](c2c(O)cc3c(c2O)C(=O)C[C@@H](c2cc(O)ccc2O)O3)[C@@H](C(=O)c2ccc(O)cc2O)[C@H](c2ccc(O)cc2O)C1
CHEMBL378806,CC1=C[C@@H](c2c(O)cc(-c3cc4ccc(O)cc4o3)cc2O)[C@@H](C(=O)c2ccc(O)cc2O)[C@H](c2ccc(O)cc2O)C1
CHEMBL204813,CC(C)=CC[C@]12Oc3cc(O)c([C@H]4C=C(C)C[C@H](c5ccc(O)cc5O)[C@H]4C(=O)c4ccc(O)cc4O)c(O)c3C(=O)[C@@]1(O)Oc1cc(O)ccc12
CHEMBL377937,CC1=C[C@H](c2c(O)ccc([C@@H]3CC(=O)c4c(O)cc(O)cc4O3)c2O)[C@@H](C(=O)c2ccc(O)cc2O)[C@H](c2ccc(O)cc2O)C1
CHEMBL383033,CNC(=O)[C@@H]1Cc2ccc(NS(=O)(=O)O)cc2CN1C(=O)OCc1ccccc1.N
CHEMBL380878,CNC(=O)[C@@H]1Cc2ccc(NS(=O)(=O)O)cc2CN1C(=O)CCc1coc2ccccc12.N
CHEMBL427021,CNC(=O)[C@@H]1Cc2ccc(NS(=O)(=O)O)cc2CN1C(=O)c1ccccc1.N
CHEMBL203882,CNC(=O)[C@@H]1Cc2ccc(NS(=O)(=O)O)cc2CN1C(=O)CCCc1ccccc1.N
CHEMBL379696,CNC(=O)[C@@H]1Cc2ccc(NS(=O)(=O)O)cc2CN1C(=O)CCOc1ccccc1.N
CHEMBL205565,CNC(=O)[C@@H]1Cc2ccc(NS(=O)(=O)O)cc2CN1C(=O)NCc1ccccc1.N
CHEMBL202640,CNC(=O)[C@@H]1Cc2ccc(NS(=O)(=O)O)cc2CN1C(=O)CCC(=O)O.N
CHEMBL382601,CNC(=O)[C@@H]1Cc2ccc(NS(=O)(=O)O)cc2CN1C(=O)/C=C/c1coc2ccccc12.N
CHEMBL206276,CNC(=O)[C@@H]1Cc2ccc(NS(=O)(=O)O)cc2CN1C(=O)CCCCc1ccccc1.N
CHEMBL382885,CNC(=O)[C@@H]1Cc2ccc(NS(=O)(=O)O)cc2CN1C(=O)OC(C)(C)C.N
CHEMBL381809,CNC(=O)[C@@H]1Cc2ccc(NS(=O)(=O)O)cc2CN1C(=O)COc1ccccc1.N
CHEMBL381918,CNC(=O)[C@@H]1Cc2ccc(NS(=O)(=O)O)cc2CN1C(=O)CCc1ccccc1.N
CHEMBL426373,CCCCCCCCCCCCCCCC(=O)C1=C(O)[C@@H](CO)OC1=O
CHEMBL168,CC1(C)CC[C@]2(C(=O)O)CC[C@]3(C)C(=CC[C@@H]4[C@@]5(C)CC[C@H](O)C(C)(C)[C@@H]5CC[C@]43C)[C@@H]2C1
CHEMBL152325,C=C[C@@]1(C)CC=C2C(CCC3[C@](C)(C(=O)O)CCC[C@@]23C)C1
CHEMBL205879,CC(C)(C)OC(=O)N1Cc2cc(NS(=O)(=O)O)ccc2C[C@H]1C(=O)NCc1ccccc1
CHEMBL381701,CNC(=O)[C@@H]1Cc2ccc(NS(=O)(=O)O)cc2CN1C(=O)CCc1cc(NS(C)(=O)=O)cc(C(F)(F)F)c1
CHEMBL202687,CC(C)(C)OC(=O)N1Cc2cc(NS(=O)(=O)O)ccc2C[C@H]1C(=O)NCCc1ccccc1
CHEMBL382834,COC(=O)[C@@H]1Cc2ccc(NS(=O)(=O)O)cc2CN1C(=O)OC(C)(C)C
CHEMBL382583,CNC(=O)[C@@H]1Cc2ccc(NS(=O)(=O)O)cc2CN1C(=O)COc1cccc(O)c1C(=O)OC
CHEMBL206489,CNC(=O)[C@@H]1Cc2ccc(NS(=O)(=O)O)cc2CN1C(=O)CCc1ccc(C(F)(F)F)cc1
CHEMBL205411,CNC(=O)[C@@H]1Cc2ccc(NS(=O)(=O)O)cc2CN1C(=O)CCc1ccc(C)cc1
CHEMBL206245,CC(C)COC(=O)[C@@H]1Cc2ccc(NS(=O)(=O)O)cc2CN1C(=O)OC(C)(C)C
CHEMBL206462,Cc1noc([C@@H]2Cc3ccc(NS(=O)(=O)O)cc3CN2C(=O)OC(C)(C)C)n1
CHEMBL438069,CNC(=O)[C@@H]1Cc2ccc(NS(=O)(=O)O)cc2CN1C(=O)CCc1ccc(OC)cc1
CHEMBL204214,CNC(=O)[C@@H]1Cc2ccc(NS(=O)(=O)O)cc2CN1C(=O)CCc1cccc(O)c1
CHEMBL205997,CNC(=O)[C@@H]1Cc2ccc(NS(=O)(=O)O)cc2CN1C(=O)CCc1cccc(C(=O)O)c1
CHEMBL206655,O=C(CCc1cccc(NS(=O)(=O)O)c1)NCc1cccc(NS(=O)(=O)O)c1
CHEMBL206656,O=C(CCc1cccc(NS(=O)(=O)O)c1)N1CCc2ccc(NS(=O)(=O)O)cc2C1
CHEMBL206350,CNC(=O)[C@@H]1Cc2ccc(NS(=O)(=O)O)cc2CN1C(=O)CCc1cccc(C(F)(F)F)c1
CHEMBL206159,CNC(=O)[C@@H]1Cc2ccc(NS(=O)(=O)O)cc2CN1C(=O)CCc1cccc(Cl)c1
CHEMBL204336,CNC(=O)[C@H](Cc1ccc(NS(=O)(=O)O)cc1)NC(=O)OC(C)(C)C
CHEMBL204337,CNC(=O)[C@@H]1Cc2ccc(NS(=O)(=O)O)cc2CN1C(=O)CCc1cccc(NS(=O)(=O)O)c1
CHEMBL203517,CNC(=O)[C@@H]1Cc2ccc(NS(=O)(=O)O)cc2CN1C(=O)OC(C)(C)C
CHEMBL383509,CC(C)C1=C(Sc2ccc(F)cc2)c2ccccc2C(=O)C1=O
CHEMBL205381,CC(C)C1=C(Sc2ccccc2)c2ccccc2C(=O)C1=O
CHEMBL206693,CC(C)C1=C(Sc2ccc(Br)cc2)c2ccc3c(c2C(=O)C1=O)CCCC3(C)C
CHEMBL203296,CC(C)C1=C(Sc2ccc(Br)cc2)c2ccccc2C(=O)C1=O
CHEMBL206827,CC(C)C1=C(Sc2ccc(F)cc2)c2ccc3c(c2C(=O)C1=O)CCCC3(C)C
CHEMBL380145,CC(C)C1=C(c2ccccc2)c2ccc3c(c2C(=O)C1=O)CCCC3(C)C
CHEMBL205954,CC(=O)Nc1ccc(SC2=C(C(C)C)C(=O)C(=O)c3ccccc32)cc1
CHEMBL381551,CC(C)C1=C(Nc2ccccc2)c2ccc3c(c2C(=O)C1=O)CCCC3(C)C
CHEMBL208488,CC(=O)Nc1ccc(SC2=C(C(C)C)C(=O)C(=O)c3c2ccc2c3CCCC2(C)C)cc1
CHEMBL204454,CC(C)C1=C(Nc2ccc([N+](=O)[O-])cc2)c2ccccc2C(=O)C1=O
CHEMBL204456,Cc1ccc(NC2=C(C(C)C)C(=O)C(=O)c3ccccc32)cc1
CHEMBL205625,CC(C)C1=C(Sc2ccccc2)c2ccc3c(c2C(=O)C1=O)CCCC3(C)C
CHEMBL205730,COC(=O)C1C(c2ccc3occc3c2OC)=NOC1c1ccccc1
CHEMBL202917,COc1c(C2=NOC(c3ccccc3)C2)cc(OC)c2occc12
CHEMBL377439,COc1ccc(C2CC(c3cc(OC)c4occc4c3OC)=NO2)cc1
CHEMBL208485,COc1c(C2=NOC(c3ccccc3)C2)ccc2occc12
CHEMBL208486,COc1ccc(C2CC(c3ccc4occc4c3OC)=NO2)cc1
CHEMBL381707,COC(=O)[C@@]12CCC3C(=CC[C@H]4[C@@]3(C)CCC3C(C)(C)[C@@H](O)CC[C@@]34C)[C@@H]1CC(C)(C)CC2
CHEMBL207657,CC1(C)CC[C@]2(C)CC[C@]3(C(=O)O)C(=CC[C@@H]4[C@@]5(C)CC[C@@H](O)[C@](C)(CO)C5CC[C@]43C)[C@@H]2C1
CHEMBL377760,CC1(C)CC[C@]2(C)CC[C@]3(C(=O)O)C(=CC[C@@H]4[C@@]5(C)CC[C@H](O)C(C)(C)C5[C@H](O)C[C@]43C)[C@@H]2C1
CHEMBL208639,CC(=O)O[C@H]1CC[C@@]2(C)C(CC[C@]3(C)[C@@H]2CC=C2[C@@H]4CC(C)(C)CC[C@]4(C)CC[C@]23C(=O)O)C1(C)C
CHEMBL207494,COC(=O)[C@@]12CC[C@@]3(C)CCC(C)(C)C[C@H]3C1=CC[C@@H]1[C@@]3(C)CC[C@H](O)C(C)(C)C3CC[C@]12C
CHEMBL380467,C[C@H]1[C@H](C)CC[C@]2(C)CC[C@]3(C(=O)O)C(=CC[C@@H]4[C@@]5(C)CC[C@H](O)C(C)(C)C5CC[C@]43C)[C@H]12
CHEMBL377236,COC(=O)/C1=C/c2c([nH]c3ccccc23)/C(C(=O)OC)=C\c2c1[nH]c1ccccc21
CHEMBL208873,CC1(C)C2CC[C@]3(C)[C@H](C(=O)C=C4[C@@H]5C[C@@](C)(C(=O)O)CC[C@]5(C)CC[C@]43C)[C@@]2(C)CC[C@@H]1O
CHEMBL378653,CC1(C)C2CC[C@]3(C)[C@H](C(=O)C=C4[C@H]5C[C@@](C)(C(=O)O)CC[C@]5(C)CC[C@]43C)[C@@]2(C)CC[C@@H]1O
CHEMBL489140,C=C1C[C@@]23CC[C@H]4[C@@](C)(CCC[C@@]4(C)C(=O)O)[C@@H]2CC[C@@H]1C3
CHEMBL1081157,CC1(C)CC[C@]2(C)CC[C@]3(C(=O)O)C(=CC[C@@H]4[C@@]5(C)CCC(=O)C(C)(C)[C@@H]5CC[C@]43C)[C@@H]2C1
CHEMBL2373418,CC(C)CC(=O)OC[C@H]1C[C@@]23CCC4[C@@](C)(CCC[C@@]4(C)C(=O)O)C2CC[C@@H]1C3
CHEMBL210970,CC1(C)CC[C@]2(C)CC[C@]3(C(=O)O)C(=CC[C@@H]4[C@@]5(C)CC[C@H](O)C(C)(C)C5CC[C@]43C)[C@@H]2C1
CHEMBL212319,O=C1CC(c2ccc(C[C@H](NS(=O)(=O)c3ccccc3)c3nc4ccccc4[nH]3)cc2Br)S(=O)(=O)[N-]1.[Na+]
CHEMBL211352,Cc1cc(C[C@H](NS(=O)(=O)c2ccccc2C#N)c2nc3ccccc3[nH]2)ccc1[C@@H]1CC(=O)[N-]S1(=O)=O.[Na+]
CHEMBL381584,O=C1C[C@@H](c2ccc(C[C@H](NS(=O)(=O)c3cccc(F)c3)c3nc4ccccc4[nH]3)cc2F)S(=O)(=O)[N-]1.[Na+]
CHEMBL207489,O=C1CC(c2ccc(CC(NS(=O)(=O)c3ccc(C(F)(F)F)cc3)c3nc4ccccc4[nH]3)cc2)S(=O)(=O)N1
CHEMBL437119,O=C1CC(c2ccc(CC(NS(=O)(=O)c3ccc(F)cc3F)c3nc4ccccc4[nH]3)cc2)S(=O)(=O)N1
CHEMBL208984,O=C1CC(c2ccc(CC(NS(=O)(=O)c3cccc(Cl)c3Cl)c3nc4ccccc4[nH]3)cc2)S(=O)(=O)N1
CHEMBL264347,O=C1CC(c2ccc(CC(NS(=O)(=O)c3cc(F)ccc3F)c3nc4ccccc4[nH]3)cc2)S(=O)(=O)N1
CHEMBL212147,O=C1CC(c2ccc(CC(NS(=O)(=O)c3cccc(Cl)c3)c3nc4ccccc4[nH]3)cc2)S(=O)(=O)N1
CHEMBL210159,O=C1CC(c2ccc(CC(NS(=O)(=O)c3ccc(Cl)cc3)c3nc4ccccc4[nH]3)cc2)S(=O)(=O)N1
CHEMBL212260,N#Cc1ccccc1S(=O)(=O)NC(Cc1ccc(C2CC(=O)NS2(=O)=O)cc1)c1nc2ccccc2[nH]1
CHEMBL378992,O=C1CC(c2ccc(CC(NS(=O)(=O)c3ccc(Cl)cc3Cl)c3nc4ccccc4[nH]3)cc2)S(=O)(=O)N1
CHEMBL209197,O=C1CC(c2ccc(CC(NS(=O)(=O)c3c(F)cccc3F)c3nc4ccccc4[nH]3)cc2)S(=O)(=O)N1
CHEMBL209180,O=C1CC(c2ccc(CC(NS(=O)(=O)c3ccccc3Br)c3nc4ccccc4[nH]3)cc2)S(=O)(=O)N1
CHEMBL209107,O=C1CC(c2ccc(CC(NS(=O)(=O)c3cccc(Br)c3)c3nc4ccccc4[nH]3)cc2)S(=O)(=O)N1
CHEMBL383437,N#Cc1ccc(S(=O)(=O)NC(Cc2ccc(C3CC(=O)NS3(=O)=O)cc2)c2nc3ccccc3[nH]2)cc1
CHEMBL207645,O=C1CC(c2ccc(CC(NS(=O)(=O)c3cc(Cl)ccc3Cl)c3nc4ccccc4[nH]3)cc2)S(=O)(=O)N1
CHEMBL207492,O=C1CC(c2ccc(CC(NS(=O)(=O)c3ccc(F)c(F)c3)c3nc4ccccc4[nH]3)cc2)S(=O)(=O)N1
CHEMBL377441,Cc1cc(C[C@H](NS(=O)(=O)c2cccc(Cl)c2)c2nc3ccccc3[nH]2)ccc1[C@@H]1CC(=O)[N-]S1(=O)=O.[Na+]
CHEMBL377774,O=C1CC(c2ccc(CC(NS(=O)(=O)c3ccc(Br)cc3)c3nc4ccccc4[nH]3)cc2)S(=O)(=O)N1
CHEMBL436933,O=C1CC(c2ccc(CC(NS(=O)(=O)c3cccc(C(F)(F)F)c3)c3nc4ccccc4[nH]3)cc2)S(=O)(=O)N1
CHEMBL377613,O=C1CC(c2ccc(CC(NS(=O)(=O)c3c(Cl)cccc3Cl)c3nc4ccccc4[nH]3)cc2)S(=O)(=O)N1
CHEMBL210324,O=C1CC(c2ccc(CC(NS(=O)(=O)c3cc(F)cc(F)c3)c3nc4ccccc4[nH]3)cc2)S(=O)(=O)N1
CHEMBL208982,Cc1cccc2[nH]c(C(Cc3ccc(C4CC(=O)NS4(=O)=O)cc3)NS(=O)(=O)c3ccc(-c4ccccc4)cc3)nc12
CHEMBL210965,O=C1CC(c2ccc(CC(NS(=O)(=O)c3ccc(Cl)c(Cl)c3)c3nc4ccccc4[nH]3)cc2)S(=O)(=O)N1
CHEMBL378614,Cc1cc(C[C@H](NS(=O)(=O)c2ccc(Br)c(C(F)(F)F)c2)c2nc3ccccc3[nH]2)ccc1[C@@H]1CC(=O)[N-]S1(=O)=O.[Na+]
CHEMBL208985,Cc1ccc(S(=O)(=O)NC(Cc2ccc(C3CC(=O)NS3(=O)=O)cc2)c2nc3ccccc3[nH]2)cc1
CHEMBL206950,O=C1CC(c2ccc(CC(NS(=O)(=O)c3cc(Cl)cc(Cl)c3)c3nc4ccccc4[nH]3)cc2)S(=O)(=O)N1
CHEMBL208114,O=C1CC(c2ccc(C[C@H](NS(=O)(=O)c3ccccc3)c3nc4ccccc4[nH]3)cc2F)S(=O)(=O)[N-]1.[Na+]
CHEMBL377141,O=C1CC(c2ccc(C[C@H](NS(=O)(=O)c3cccc(C(F)(F)F)c3)c3nc4cc(Cl)ccc4[nH]3)cc2F)S(=O)(=O)[N-]1.[Na+]
CHEMBL377989,Cc1cc(C[C@H](NS(=O)(=O)c2ccccc2)c2nc3ccccc3[nH]2)ccc1[C@@H]1CC(=O)[N-]S1(=O)=O.[Na+]
CHEMBL209304,O=C1CC(c2ccc(CC(NS(=O)(=O)c3ccccc3C(F)(F)F)c3nc4ccccc4[nH]3)cc2)S(=O)(=O)N1
CHEMBL424880,O=C1CC(c2ccc(CC(NS(=O)(=O)c3cccc(F)c3)c3nc4ccccc4[nH]3)cc2)S(=O)(=O)N1
CHEMBL380164,O=C1CC(c2ccc(CC(NS(=O)(=O)c3ccc(F)cc3)c3nc4ccccc4[nH]3)cc2)S(=O)(=O)N1
CHEMBL211990,O=C1CC(c2ccc(CC(NS(=O)(=O)c3ccccc3Cl)c3nc4ccccc4[nH]3)cc2)S(=O)(=O)N1
CHEMBL377476,Cc1ccccc1S(=O)(=O)NC(Cc1ccc(C2CC(=O)NS2(=O)=O)cc1)c1nc2ccccc2[nH]1
CHEMBL211076,Cc1cccc(S(=O)(=O)NC(Cc2ccc(C3CC(=O)NS3(=O)=O)cc2)c2nc3ccccc3[nH]2)c1
CHEMBL377735,COc1cccc(S(=O)(=O)NC(Cc2ccc(C3CC(=O)NS3(=O)=O)cc2)c2nc3ccccc3[nH]2)c1
CHEMBL378746,O=C1CC(c2ccc(CC(NS(=O)(=O)c3ccc(-c4ccccc4)cc3)c3nc4cc(F)ccc4[nH]3)cc2)S(=O)(=O)N1
CHEMBL264833,N#Cc1ccc2[nH]c(C(Cc3ccc(C4CC(=O)NS4(=O)=O)cc3)NS(=O)(=O)c3ccc(-c4ccccc4)cc3)nc2c1
CHEMBL378747,O=C1CC(c2ccc(CC(NS(=O)(=O)c3ccc(-c4ccccc4)cc3)c3nc4cc(Cl)ccc4[nH]3)cc2)S(=O)(=O)N1
CHEMBL438957,COC(=O)c1ccc2[nH]c(C(Cc3ccc(C4CC(=O)NS4(=O)=O)cc3)NS(=O)(=O)c3ccc(-c4ccccc4)cc3)nc2c1
CHEMBL377978,Cc1ccc2[nH]c(C(Cc3ccc(C4CC(=O)NS4(=O)=O)cc3)NS(=O)(=O)c3ccc(-c4ccccc4)cc3)nc2c1
CHEMBL211033,O=C1CC(c2ccc(CC(NS(=O)(=O)c3ccc(-c4ccccc4)cc3)c3nc4ccccc4[nH]3)cc2)S(=O)(=O)N1
CHEMBL211171,COc1ccc(S(=O)(=O)NC(Cc2ccc(C3CC(=O)NS3(=O)=O)cc2)c2nc3ccccc3[nH]2)cc1
CHEMBL377816,O=C1CC(c2ccc(CC(NS(=O)(=O)c3ccc(-c4ccccc4)cc3)c3nc4cc(C(F)(F)F)ccc4[nH]3)cc2)S(=O)(=O)N1
CHEMBL376950,COc1ccc2[nH]c(C(Cc3ccc(C4CC(=O)NS4(=O)=O)cc3)NS(=O)(=O)c3ccc(-c4ccccc4)cc3)nc2c1
CHEMBL377138,O=C1CC(c2ccc(CC(NS(=O)(=O)c3ccc(-c4ccccc4)cc3)c3nc4c(O)cccc4[nH]3)cc2)S(=O)(=O)N1
CHEMBL211061,CC(C)(C)c1cccc2[nH]c(C(Cc3ccc(C4CC(=O)NS4(=O)=O)cc3)NS(=O)(=O)c3ccc(-c4ccccc4)cc3)nc12
CHEMBL208604,O=C1C[C@@H](c2ccc(C[C@H](NS(=O)(=O)c3ccccc3)c3nc4ccccc4[nH]3)cc2Cl)S(=O)(=O)[N-]1.[Na+]
CHEMBL323654,O=C(O)c1cc(Br)cc(Cc2cc(Br)cc(C(=O)O)c2O)c1O
CHEMBL121772,O=C(O)c1cc(-c2ccccc2)ccc1O
CHEMBL184041,Cc1cc(-c2c3ccccc3c(Br)c3sc(C)c(C)c23)cc(C)c1O[C@H](Cc1ccccc1)C(=O)O
CHEMBL211655,CC(=O)N[C@@H](Cc1ccccc1)C(=O)N[C@@H](Cc1ccc([C@@H]2CC(=O)NS2(=O)=O)cc1)c1nc2ccccc2[nH]1
CHEMBL377905,CC(=O)N[C@@H](Cc1ccc([C@@H]2CC(=O)NS2(=O)=O)cc1)c1nc2ccccc2[nH]1
CHEMBL210836,O=C1C[C@@H](c2ccc(C[C@H](NS(=O)(=O)c3ccccc3)c3nc4ccccc4[nH]3)cc2)S(=O)(=O)[N-]1.[Na+]
CHEMBL210837,O=C1CC(c2ccc(CC(NS(=O)(=O)c3ccccc3F)c3nc4ccccc4[nH]3)cc2)S(=O)(=O)N1
CHEMBL379000,COC(=O)C(Cc1ccccc1)(Cc1ccc(NS(=O)(=O)O)cc1)C(=O)OC
CHEMBL378423,CCOC(=O)CC(Cc1ccc(NS(=O)(=O)O)cc1)(C(=O)OC)C(=O)OC.N
CHEMBL385251,COC(=O)C(CCCc1ccccc1)(Cc1ccc(NS(=O)(=O)O)cc1)C(=O)OC.N
CHEMBL213452,CCOC(=O)C(Cc1ccc(NS(=O)(=O)O)cc1)(NC(=O)OCc1ccccc1)C(=O)OC.N
CHEMBL221760,O=c1oc(/C=C/c2ccc(O)c(O)c2)cc(O)c1-c1cc(O)c(O)cc1/C=C/c1cc2oc(=O)c3cc(O)c(O)cc3c2c(=O)o1
CHEMBL376340,CC(=O)c1cc2cc(-c3coc4cc(O)c(C(C)=O)cc34)oc2cc1O
CHEMBL224735,CC(=O)c1ccc2oc(-c3coc4ccc(C(C)=O)c(O)c34)cc2c1O
CHEMBL388814,O=c1cc(-c2ccccc2)oc2cc3occc3cc12
CHEMBL223067,COc1ccc(-c2cc(=O)c3cc4ccoc4cc3o2)cc1
CHEMBL224039,CC(=O)c1c(O)ccc2cc(-c3coc4c(C(C)=O)c(O)ccc34)oc12
CHEMBL227379,CC1(C)CC(NC(=O)/C=C/c2ccc(-c3ccc(O)c(C(=O)O)c3)o2)CC(C)(C)N1[O]
CHEMBL389502,CC1(C)CC(NC(=O)/C=C/c2ccc(-c3cccc([N+](=O)[O-])c3)o2)CC(C)(C)N1[O]
CHEMBL387536,O=C(O)c1cc(-c2ccccc2)cc(Br)c1O
CHEMBL229466,O=C(O)c1cccc(-c2ccccc2)c1O
CHEMBL229467,O=C(O)c1cc(Cc2ccccc2)ccc1O
CHEMBL229469,O=C(O)c1cccc(Cc2ccccc2)c1O
CHEMBL389855,O=C(O)c1cc(Br)cc(Cc2ccccc2)c1O
CHEMBL229470,O=C(O)c1cc(Cc2ccccc2)cc(Br)c1O
CHEMBL229471,O=C(O)c1cc(-c2ccccc2)cc(Cc2ccccc2)c1O
CHEMBL390508,O=C(O)c1cc(Cc2ccccc2)cc(-c2ccccc2)c1O
CHEMBL390509,O=C(O)c1cc(-c2ccccc2)cc(-c2ccccc2)c1O
CHEMBL229519,O=C(O)c1cc(Cc2ccccc2)cc(Cc2ccccc2)c1O
CHEMBL229238,O=Cc1cc(C(=O)O)c(O)c(C2CCCO2)c1
CHEMBL229299,O=C(O)c1ccc2ccccc2c1O
CHEMBL228397,O=C(O)c1cc(Cc2cc(C(=O)O)c(O)c(-c3ccccc3)c2)cc(-c2ccccc2)c1O
CHEMBL228562,O=C(O)c1cc(F)cc(Cc2cc(F)cc(C(=O)O)c2O)c1O
CHEMBL228563,O=C(O)c1cc(-c2ccccc2)cc(Cc2cc(-c3ccccc3)cc(C(=O)O)c2O)c1O
CHEMBL228564,O=C(O)c1cc(-c2ccco2)cc(Cc2cc(-c3ccco3)cc(C(=O)O)c2O)c1O
CHEMBL228616,O=C(O)c1cc(-c2cccs2)cc(Cc2cc(-c3cccs3)cc(C(=O)O)c2O)c1O
CHEMBL389650,CC(C)=CCc1cc([C@@H]2CC(=O)c3c(O)cc(O)cc3O2)cc2ccoc12
CHEMBL229220,C=C(C)C(O)Cc1cc([C@@H]2CC(=O)c3c(O)cc(O)cc3O2)cc(CC=C(C)C)c1O
CHEMBL229222,CC(C)=CCc1c([C@H]2CC(=O)c3c(O)cc(O)cc3O2)cc2c(c1O)OC(C)(C)C=C2
CHEMBL229454,CC(C)=CCc1cc([C@@H]2CC(=O)c3c(O)cc(O)cc3O2)cc(O)c1O
CHEMBL388722,COc1cc([C@@H]2CC(=O)c3c(O)cc(O)cc3O2)cc(CC=C(C)C)c1O
CHEMBL229506,CC(C)=CCc1cc([C@@H]2CC(=O)c3c(O)cc(O)cc3O2)c(CC=C(C)C)c(O)c1O
CHEMBL229670,COc1cc([C@@H]2CC(=O)c3ccc(O)cc3O2)cc(CC=C(C)C)c1O
CHEMBL229671,CC(C)=CCc1cc(-c2cc(=O)c3c(O)cc(O)cc3o2)ccc1O
CHEMBL389736,COc1cc(C2CC(=O)c3c(O)cc(O)cc3O2)cc2c1OC(C)(C)C=C2
CHEMBL229885,CC(C)=CCc1cc(/C=C/C(=O)c2ccc(O)cc2O)ccc1O
CHEMBL508727,CC(C)=CCc1cc(/C=C/C(=O)c2ccc(O)cc2O)cc(CC=C(C)C)c1O
CHEMBL2113225,O=C(CCc1ccccc1)N[C@@H](Cc1ccc([C@@H]2CC(=O)NS2(=O)=O)cc1)c1nc2ccccc2[nH]1.O=C(O)C(F)(F)F
CHEMBL2113226,CS(=O)(=O)N[C@@H](Cc1ccc([C@@H]2CC(=O)NS2(=O)=O)cc1)c1nc2ccccc2[nH]1.O=C(O)C(F)(F)F
CHEMBL3706920,O=C(O)c1cc(Cc2cc(Cc3ccccc3)c(O)c(C(=O)O)c2)cc(Cc2ccccc2)c1O
CHEMBL115145,O=C(O)c1cc(Cc2ccc(O)c(C(=O)O)c2)ccc1O
CHEMBL114043,O=C(O)c1cc(Cc2cc(Br)c(O)c(C(=O)O)c2)cc(Br)c1O
CHEMBL116347,O=C(O)c1cc(Cc2cc(Cl)c(O)c(C(=O)O)c2)cc(Cl)c1O
CHEMBL139393,O=C(O)C(=O)Nc1sc2c(c1C(=O)O)CCNC2
CHEMBL232935,CC(C)=CCc1c(O)ccc(-c2cc3ccc(O)cc3o2)c1O
CHEMBL233142,COc1cc(O)c(CC=C(C)C)cc1-c1cc2ccc(O)cc2o1
CHEMBL232941,COc1cc(O)ccc1-c1cc2cc(CC=C(C)C)c(O)cc2o1
CHEMBL233147,CC1(C)C=Cc2c(O)ccc(-c3cc4ccc(O)cc4o3)c2O1
CHEMBL233766,CC1(C)C=Cc2c(ccc(-c3cc4ccc(O)cc4o3)c2O)O1
CHEMBL233767,COc1ccc2cc(-c3ccc(O)cc3OC)oc2c1
CHEMBL234808,COC(=O)c1ccc(/C=C/c2ccc(O)c(O)c2)cc1
CHEMBL442233,OCc1ccc(/C=C/c2ccc(O)c(O)c2)cc1
CHEMBL229912,O=Cc1ccc(/C=C/c2ccc(O)c(O)c2)cc1
CHEMBL231694,O=C(Nc1ccccc1)c1ccc(/C=C/c2ccc(O)c(O)c2)cc1
CHEMBL394090,COC(=O)/C=C/c1ccc(/C=C/c2ccc(O)c(O)c2)cc1
CHEMBL231937,OCc1ccc(/C=C\c2ccc(O)c(O)c2)cc1
CHEMBL233145,O=C(NCC1CCCO1)c1ccc(/C=C/c2ccc(O)c(O)c2)cc1
CHEMBL397302,O=[N+]([O-])c1ccc(/C=C/c2ccc(O)c(O)c2)c([N+](=O)[O-])c1
CHEMBL394659,O=[N+]([O-])c1ccc(/C=C/c2cccc(O)c2O)c([N+](=O)[O-])c1
CHEMBL235372,O=C(O)c1ccc(CN2C(=O)S/C(=C\c3cccc(Oc4ccccc4)c3)C2=O)cc1
CHEMBL393606,O=C(O)c1ccc(CN2C(=O)S/C(=C\c3ccc(Oc4ccccc4)cc3)C2=O)cc1
CHEMBL235595,O=C(O)c1ccc(CN2C(=O)S/C(=C\c3ccc(OCc4ccccc4)cc3)C2=O)cc1
CHEMBL235596,O=C(O)c1ccc(CN2C(=O)S/C(=C\c3cccc(OCc4ccccc4)c3)C2=O)cc1
CHEMBL392379,O=C(O)c1ccc(CN2C(=O)S/C(=C\c3cccc4ccccc34)C2=O)cc1
CHEMBL235804,O=C(O)c1ccc(CN2C(=O)S/C(=C\c3ccc4ccccc4c3)C2=O)cc1
CHEMBL235805,COc1cc(/C=C2\SC(=O)N(Cc3ccc(C(=O)O)cc3)C2=O)ccc1O
CHEMBL397791,O=C(O)c1ccc(CN2C(=O)S/C(=C\c3ccc(O)cc3)C2=O)cc1
CHEMBL236024,O=C(O)c1ccc(CN2C(=O)S/C(=C\c3cccc(O)c3)C2=O)cc1
CHEMBL392380,O=C(O)COc1ccc(/C=C2\SC(=O)N(Cc3ccc(C(=O)O)cc3)C2=O)cc1
CHEMBL236008,O=C(O)COc1c(O)cc(Br)cc1OCc1ccccc1
CHEMBL236009,O=C(O)COc1c(O)cc(Br)cc1OCc1ccc(C(F)(F)F)cc1
CHEMBL396634,O=C(O)COc1c(O)cc(-c2ccccc2)cc1OCc1ccccc1
CHEMBL236215,O=C(O)COc1c(O)cc(-c2ccccc2)cc1OCc1ccc(C(F)(F)F)cc1
CHEMBL236216,O=C(O)COc1c(O)cc(-c2cccc(C(F)(F)F)c2)cc1OCc1ccccc1
CHEMBL237915,O=C(O)COc1c(O)cc(-c2cccc(C(F)(F)F)c2)cc1OCc1ccc(C(F)(F)F)cc1
CHEMBL238137,O=C(O)COc1c(O)cc(-c2cc(C(F)(F)F)cc(C(F)(F)F)c2)cc1OCc1ccccc1
CHEMBL238138,O=C(O)COc1c(O)cc(-c2cc(C(F)(F)F)cc(C(F)(F)F)c2)cc1OCc1ccc(C(F)(F)F)cc1
CHEMBL393866,O=C(O)COc1c(O)cc(-c2ccc(C(F)(F)F)cc2)cc1OCc1ccccc1
CHEMBL236636,O=C(O)COc1c(O)cc(-c2ccc(C(F)(F)F)cc2)cc1OCc1ccc(C(F)(F)F)cc1
CHEMBL236846,COc1cc(COc2cc(-c3ccccc3)cc(O)c2OCC(=O)O)cc(OC)c1
CHEMBL248291,Cc1cc(C[C@H](NS(=O)(=O)c2ccccc2)c2nc3ccccc3[nH]2)ccc1[C@@H]1CC(=O)NS1(=O)=O
CHEMBL248490,O=C1CC(c2ccc(C[C@H](Nc3nc4ccccc4s3)c3nc4ccccc4[nH]3)cc2)S(=O)(=O)N1
CHEMBL440955,O=C1C[C@@H](c2ccc(C[C@H](Nc3nc4ccccc4s3)c3nc4ccccc4[nH]3)cc2)S(=O)(=O)N1
CHEMBL245425,O=C1CC(c2ccc(C[C@H](Nc3nc4ccc(C(F)(F)F)cc4s3)c3nc4ccccc4[nH]3)cc2)S(=O)(=O)N1
CHEMBL247075,O=C1CC(c2ccc(C[C@H](Nc3nc4ccccc4s3)c3nc4ccccc4[nH]3)cc2F)S(=O)(=O)N1
CHEMBL430200,O=C1CC(c2ccc(C[C@H](Nc3nc4ccccc4s3)c3nc4ccccc4[nH]3)cc2Cl)S(=O)(=O)N1
CHEMBL395156,O=C1CC(c2ccc(C[C@H](Nc3nc4ccccc4s3)c3nc4ccccc4[nH]3)cc2Br)S(=O)(=O)N1
CHEMBL395386,N#Cc1cc(C[C@H](Nc2nc3ccccc3s2)c2nc3ccccc3[nH]2)ccc1C1CC(=O)NS1(=O)=O
CHEMBL247278,Cc1cc(C[C@H](Nc2nc3ccccc3s2)c2nc3ccccc3[nH]2)ccc1C1CC(=O)NS1(=O)=O
CHEMBL3706921,O=C(O)c1cc(Cc2cc(C(=O)O)c(O)c(-c3ccco3)c2)cc(-c2ccco2)c1O
CHEMBL117869,COC(=O)c1c(O)cccc1OC/C=C/c1ccc(F)c(-c2cc(C(=O)O)no2)c1
CHEMBL373413,O=C(O)COc1c(C(=O)O)sc(Br)c1Br
CHEMBL393682,O=C1CC(c2ccc(C[C@H](Nc3nc4cc(C(F)(F)F)ccc4s3)c3nc4ccccc4[nH]3)cc2)S(=O)(=O)N1
CHEMBL245831,O=C1CC(c2ccc(C[C@H](Nc3nc4c(C(F)(F)F)cccc4s3)c3nc4ccccc4[nH]3)cc2)S(=O)(=O)N1
CHEMBL391816,O=C1CC(c2ccc(C[C@H](Nc3nc4ccc(F)cc4s3)c3nc4ccccc4[nH]3)cc2)S(=O)(=O)N1
CHEMBL246036,O=C1CC(c2ccc(C[C@H](Nc3nc4cc(F)ccc4s3)c3nc4ccccc4[nH]3)cc2)S(=O)(=O)N1
CHEMBL246038,O=C1CC(c2ccc(C[C@H](Nc3nc4c(F)cccc4s3)c3nc4ccccc4[nH]3)cc2)S(=O)(=O)N1
CHEMBL246247,O=C1CC(c2ccc(C[C@H](Nc3nc4ccc(Cl)cc4s3)c3nc4ccccc4[nH]3)cc2)S(=O)(=O)N1
CHEMBL246452,O=C1CC(c2ccc(C[C@H](Nc3nc4cc(Cl)ccc4s3)c3nc4ccccc4[nH]3)cc2)S(=O)(=O)N1
CHEMBL246454,O=C1CC(c2ccc(C[C@H](Nc3nc4c(Cl)cccc4s3)c3nc4ccccc4[nH]3)cc2)S(=O)(=O)N1
CHEMBL246659,COc1ccc2nc(N[C@@H](Cc3ccc(C4CC(=O)NS4(=O)=O)cc3)c3nc4ccccc4[nH]3)sc2c1
CHEMBL437371,COc1cccc2sc(N[C@@H](Cc3ccc(C4CC(=O)NS4(=O)=O)cc3)c3nc4ccccc4[nH]3)nc12
CHEMBL398020,N#Cc1ccc2nc(N[C@@H](Cc3ccc(C4CC(=O)NS4(=O)=O)cc3)c3nc4ccccc4[nH]3)sc2c1
CHEMBL246660,N#Cc1ccc2sc(N[C@@H](Cc3ccc(C4CC(=O)NS4(=O)=O)cc3)c3nc4ccccc4[nH]3)nc2c1
CHEMBL246869,O=C1CC(c2ccc(C[C@H](Nc3nc4ccc(Br)cc4s3)c3nc4ccccc4[nH]3)cc2)S(=O)(=O)N1
CHEMBL394382,O=C1CC(c2ccc(C[C@H](Nc3nc4cc(Br)ccc4s3)c3nc4ccccc4[nH]3)cc2)S(=O)(=O)N1
CHEMBL246870,O=C1CC(c2ccc(C[C@H](Nc3nc4c(Br)cccc4s3)c3nc4ccccc4[nH]3)cc2)S(=O)(=O)N1
CHEMBL247074,O=C1CC(c2ccc(C[C@H](Nc3nc4ccccc4s3)c3nc4cc(C(F)(F)F)ccc4[nH]3)cc2)S(=O)(=O)N1
CHEMBL396583,O=C1CC(c2ccc(C[C@H](Nc3nc4ccccc4s3)c3nc4cc(Cl)ccc4[nH]3)cc2)S(=O)(=O)N1
CHEMBL396584,N#Cc1ccc2[nH]c([C@H](Cc3ccc(C4CC(=O)NS4(=O)=O)cc3)Nc3nc4ccccc4s3)nc2c1
CHEMBL241250,O=C1CN(c2csc(-c3ccccc3)c2Br)S(=O)(=O)N1
CHEMBL393653,O=C(O)COc1c(C(=O)N2CCOCC2)sc(Br)c1Br
CHEMBL397294,O=C(O)COc1c(C(=O)CO)sc(Br)c1Br
CHEMBL241054,C=CCc1sc(Br)c(Br)c1OCC(=O)O
CHEMBL240661,O=C(O)COc1c(-c2nn[nH]n2)sc(Br)c1Br
CHEMBL400572,O=C(c1ccccc1)C(c1ccccc1)c1ccc(C(F)(F)P(=O)(O)O)cc1
CHEMBL404412,COCn1cc(C(O)(C(=O)O)C(F)(F)F)c2ccc(OCc3ccccc3)cc21
CHEMBL428755,COCn1cc(C(O)(C(=O)O)C(F)(F)F)c2cccc(OCc3ccccc3)c21
CHEMBL250567,COC(=O)c1c(O)cccc1OCCOc1ccc2c(c1)c(C(O)(C(=O)O)C(F)(F)F)cn2COCC[Si](C)(C)C
CHEMBL414133,COCn1cc(C(O)(C(=O)O)C(F)(F)F)c2cc(OCCc3sc(-c4ccc(Cl)cc4)nc3C)ccc21
CHEMBL400472,Cc1nc(-c2ccc(Cl)cc2)sc1CCOc1ccc2c(c1)c(C(O)(C(=O)O)C(F)(F)F)cn2COCC[Si](C)(C)C
CHEMBL401419,Cc1nc(-c2ccc(Cl)cc2)sc1CCOc1ccc2c(c1)c(C(O)(C(=O)O)C(F)(F)F)cn2Cc1ccccc1
CHEMBL399131,Cc1nc(-c2ccc(Cl)cc2)sc1CCOc1cccc(C(O)(C(=O)O)C(F)(F)F)c1
CHEMBL249351,Cc1nc(-c2ccc(Cl)cc2)sc1CCOc1cc(C(O)(C(=O)O)C(F)(F)F)ccc1O
CHEMBL248546,Cc1nc(-c2ccc(Cl)cc2)sc1CCOc1cc(C(O)(C(=O)O)C(F)(F)F)ccc1OCc1ccccc1
CHEMBL248749,COc1ccc(COc2ccc(C(O)(C(=O)O)C(F)(F)F)cc2OCCc2sc(-c3ccc(Cl)cc3)nc2C)cc1
CHEMBL248942,Cc1nc(-c2ccc(Cl)cc2)sc1CCOc1cc(C(O)(C(=O)O)C(F)(F)F)ccc1OCc1ccc(F)cc1
CHEMBL399235,Cc1nc(-c2ccc(Cl)cc2)sc1CCOc1cc(C(O)(C(=O)O)C(F)(F)F)ccc1OCc1ccncc1
CHEMBL399236,Cc1nc(-c2ccc(Cl)cc2)sc1CCOc1cc(C(O)(C(=O)O)C(F)(F)F)ccc1OCCc1ccccc1
CHEMBL249146,CCCCCOc1ccc(C(O)(C(=O)O)C(F)(F)F)cc1OCCc1sc(-c2ccc(Cl)cc2)nc1C
CHEMBL249147,Cc1nc(-c2ccc(Cl)cc2)sc1CCOc1cc(C(O)(C(=O)O)C(F)(F)F)ccc1OCC(=O)O
CHEMBL251261,O=C(O)c1cc2oc3c(Oc4ccc(-c5ccc(O)c(O)c5)cc4O)cc(O)cc3c2cc1O
CHEMBL251431,O=C(O)c1cc2oc3c(Oc4ccc(-c5ccc(OS(=O)(=O)O)c(O)c5)cc4O)cc(O)cc3c2cc1O
CHEMBL403479,NC(=O)C(Cc1ccc(C2CC(=O)NS2(=O)=O)cc1)NS(=O)(=O)c1cccc(C(F)(F)F)c1
CHEMBL253500,O=C1CC(c2ccc(CC(NS(=O)(=O)c3cccc(F)c3)c3ncc(CCCc4ccccc4)[nH]3)cc2)S(=O)(=O)N1
CHEMBL253478,O=C1CC(c2ccc(CC(NS(=O)(=O)c3cccc(F)c3)c3ncc(CCCCc4ccccc4)[nH]3)cc2)S(=O)(=O)N1
CHEMBL253501,COC(=O)c1c(O)cccc1OCCCc1cnc(C(Cc2ccc(C3CC(=O)NS3(=O)=O)c(C)c2)NS(=O)(=O)c2cccc(F)c2)[nH]1
CHEMBL403935,Cc1cc(CC(NS(=O)(=O)c2cccc(F)c2)c2ncc(CCCOc3cccc(O)c3C(=O)O)[nH]2)ccc1C1CC(=O)NS1(=O)=O
CHEMBL274743,COC(=O)c1c(O)cccc1OCCCCc1cnc(C(Cc2ccc(C3CC(=O)NS3(=O)=O)c(C)c2)NS(=O)(=O)c2cccc(F)c2)[nH]1
CHEMBL402032,Cc1cc(CC(NS(=O)(=O)c2cccc(F)c2)c2ncc(CCCCOc3cccc(O)c3C(=O)O)[nH]2)ccc1C1CC(=O)NS1(=O)=O
CHEMBL254513,O=C1CC(c2ccc(CC(NS(=O)(=O)c3cccc(C(F)(F)F)c3)c3ncc[nH]3)cc2)S(=O)(=O)N1
CHEMBL401833,O=C1CC(c2ccc(CC(NS(=O)(=O)c3cccc(C(F)(F)F)c3)C3=NCCN3)cc2)S(=O)(=O)N1
CHEMBL253065,C[C@@H]1CN=C(C(Cc2ccc(C3CC(=O)NS3(=O)=O)cc2)NS(=O)(=O)c2cccc(C(F)(F)F)c2)N1
CHEMBL253066,C[C@H]1CN=C(C(Cc2ccc(C3CC(=O)NS3(=O)=O)cc2)NS(=O)(=O)c2cccc(C(F)(F)F)c2)N1
CHEMBL253268,CC1(C)CN=C(C(Cc2ccc(C3CC(=O)NS3(=O)=O)cc2)NS(=O)(=O)c2cccc(C(F)(F)F)c2)N1
CHEMBL403116,O=C1CC(c2ccc(CC(NS(=O)(=O)c3cccc(C(F)(F)F)c3)C3=NC[C@@H](c4ccccc4)N3)cc2)S(=O)(=O)N1
CHEMBL403117,O=C1CC(c2ccc(CC(NS(=O)(=O)c3cccc(C(F)(F)F)c3)C3=NC[C@H](c4ccccc4)N3)cc2)S(=O)(=O)N1
CHEMBL252710,O=C1CC(c2ccc(CC(NS(=O)(=O)c3cccc(C(F)(F)F)c3)C3=NC[C@@H](Cc4ccccc4)N3)cc2)S(=O)(=O)N1
CHEMBL254301,O=C1CC(c2ccc(CC(NS(=O)(=O)c3cccc(C(F)(F)F)c3)C3=NC[C@H](Cc4ccccc4)N3)cc2)S(=O)(=O)N1
CHEMBL253475,O=C1CC(c2ccc(CC(NS(=O)(=O)c3cccc(F)c3)C3=NC[C@@H](Cc4ccccc4)N3)cc2)S(=O)(=O)N1
CHEMBL428589,O=C1CC(c2ccc(CC(NS(=O)(=O)c3cccc(F)c3)C3=NC[C@@H](Cc4ccccc4F)N3)cc2)S(=O)(=O)N1
CHEMBL403577,O=C1CC(c2ccc(CC(NS(=O)(=O)c3cccc(F)c3)C3=NC[C@@H](CCc4ccccc4)N3)cc2)S(=O)(=O)N1
CHEMBL253201,Cc1cc(CC(NS(=O)(=O)c2cccc(F)c2)C2=NC[C@@H](COc3cccc(S(C)(=O)=O)c3)N2)ccc1C1CC(=O)NS1(=O)=O
CHEMBL253476,Cc1cc(CC(NS(=O)(=O)c2cccc(F)c2)C2=NC[C@@H](CCOc3cccc(S(C)(=O)=O)c3)N2)ccc1C1CC(=O)NS1(=O)=O
CHEMBL253477,Cc1cc(CC(NS(=O)(=O)c2cccc(F)c2)C2=NC[C@@H](CCCOc3cccc(S(C)(=O)=O)c3)N2)ccc1C1CC(=O)NS1(=O)=O
CHEMBL253270,COC(=O)c1c(O)cccc1OCCCC[C@@H]1CN=C(C(Cc2ccc(C3CC(=O)NS3(=O)=O)c(C)c2)NS(=O)(=O)c2cccc(F)c2)N1
CHEMBL403468,Cc1cc(CC(NS(=O)(=O)c2cccc(F)c2)C2=NC[C@@H](CCCCOc3cccc(O)c3C(=O)O)N2)ccc1C1CC(=O)NS1(=O)=O
CHEMBL403908,O=C1CC(c2ccc(CC(NS(=O)(=O)c3cccc(C(F)(F)F)c3)c3ncc(-c4ccccc4)[nH]3)cc2)S(=O)(=O)N1
CHEMBL252277,O=C1CC(c2ccc(CC(NS(=O)(=O)c3cccc(C(F)(F)F)c3)c3ncc(Cc4ccccc4)[nH]3)cc2)S(=O)(=O)N1
CHEMBL403680,O=C1CC(c2ccc(CC(NS(=O)(=O)c3cccc(C(F)(F)F)c3)c3ncc(CCc4ccccc4)[nH]3)cc2)S(=O)(=O)N1
CHEMBL253269,O=C1CC(c2ccc(CC(NS(=O)(=O)c3cccc(C(F)(F)F)c3)c3ncc(CCCc4ccccc4)[nH]3)cc2)S(=O)(=O)N1
CHEMBL403681,O=C1CC(c2ccc(CC(NS(=O)(=O)c3cccc(C(F)(F)F)c3)c3ncc(CCCCc4ccccc4)[nH]3)cc2)S(=O)(=O)N1
CHEMBL253282,O=C1CC(c2ccc(CC(NS(=O)(=O)c3cccc(F)c3)c3ncc(-c4ccccc4)[nH]3)cc2)S(=O)(=O)N1
CHEMBL404319,O=C1CC(c2ccc(CC(NS(=O)(=O)c3cccc(F)c3)c3ncc(Cc4ccccc4)[nH]3)cc2)S(=O)(=O)N1
CHEMBL403746,O=C1CC(c2ccc(CC(NS(=O)(=O)c3cccc(F)c3)c3ncc(CCc4ccccc4)[nH]3)cc2)S(=O)(=O)N1
CHEMBL260920,O=C(CCCn1cc(-c2c(-c3ccccc3)oc3cc(O)c(C(=O)O)cc23)nn1)Nc1cccc2ccccc12
CHEMBL264144,O=C(O)c1cc2cc(CN(Cc3ccc(-c4csnn4)cc3)S(=O)(=O)c3ccccc3)ccc2o1
CHEMBL445680,O=C(O)COc1ccc(S(=O)(=O)N(Cc2ccc(-c3csnn3)cc2)Cc2ccc(NC(=O)C(=O)O)c(C(=O)O)c2)cc1
CHEMBL410332,O=C(O)COc1ccc(S(=O)(=O)N(Cc2ccc(-c3csnn3)cc2)Cc2ccc3oc(C(=O)O)cc3c2)cc1
CHEMBL261469,O=C(O)CS(=O)(=O)c1ccc(CN(Cc2ccc(-c3csnn3)cc2)S(=O)(=O)c2ccccc2)cc1
CHEMBL264404,O=C(O)C[S+]([O-])c1ccc(CN(Cc2ccc(-c3csnn3)cc2)S(=O)(=O)c2ccccc2)cc1
CHEMBL408711,O=C(O)COc1ccc(S(=O)(=O)N(Cc2ccc(SCC(=O)O)cc2)Cc2ccc(-c3csnn3)cc2)cc1
CHEMBL261049,O=C(O)CSc1ccc(CN(Cc2ccc(-c3csnn3)cc2)S(=O)(=O)c2ccccc2)cc1
CHEMBL260425,Cc1cc(CN(Cc2ccc(-c3csnn3)cc2)S(=O)(=O)c2ccccc2)cc(C)c1OC(Cc1ccccc1)C(=O)O
CHEMBL260924,CC(C(=O)O)c1ccc(CN(Cc2ccc(-c3csnn3)cc2)S(=O)(=O)c2ccc(OCC(=O)O)cc2)cc1
CHEMBL260919,CC(C(=O)O)(C(=O)O)c1ccc(CN(Cc2ccc(-c3csnn3)cc2)S(=O)(=O)c2ccc(OCC(=O)O)cc2)cc1
CHEMBL261846,COc1cc(CN(Cc2ccc(-c3csnn3)cc2)S(=O)(=O)c2ccccc2)ccc1OC(F)(F)C(=O)O
CHEMBL408447,O=C(O)C(F)(F)Oc1ccc(CN(Cc2ccc(-c3csnn3)cc2)S(=O)(=O)c2ccccc2)cc1Br
CHEMBL258479,O=C(O)COc1ccc(S(=O)(=O)N(Cc2ccc(-c3csnn3)cc2)Cc2ccc(OC(F)(F)C(=O)O)c(Br)c2)cc1
CHEMBL262084,O=C(O)C(=O)c1ccc(CN(Cc2ccc(-c3csnn3)cc2)S(=O)(=O)c2ccccc2)cc1
CHEMBL259071,O=C(O)C(F)(F)c1ccc(CN(Cc2ccc(-c3csnn3)cc2)S(=O)(=O)c2ccccc2)cc1
CHEMBL410625,O=C(O)COc1ccc(S(=O)(=O)N(Cc2ccc(C(=O)C(=O)O)cc2)Cc2ccc(-c3csnn3)cc2)cc1
CHEMBL259284,O=C(O)COc1ccc(S(=O)(=O)N(Cc2ccc(-c3csnn3)cc2)Cc2ccc(C(F)(F)C(=O)O)cc2)cc1
CHEMBL428783,O=C(O)C(=O)N(c1ccccc1)c1ccc(CN(Cc2ccc(-c3csnn3)cc2)S(=O)(=O)c2ccccc2)cc1
CHEMBL409311,O=C(O)C(=O)Nc1ccc(CN(Cc2ccc(-c3csnn3)cc2)S(=O)(=O)c2ccccc2)cc1Br
CHEMBL259505,O=C(O)C(=O)Nc1ccc(CN(Cc2ccc(-c3csnn3)cc2)S(=O)(=O)c2ccccc2)cc1C(=O)O
CHEMBL403093,O=C1C[C@@H]2c3ccccc3O[C@H]3c4cc(O)ccc4-c4c(O)cc(O)c1c4[C@H]23
CHEMBL403094,O=C1C[C@]2(O)c3ccccc3O[C@H]3c4cc(O)ccc4-c4c(O)cc(O)c1c4[C@@H]32
CHEMBL403411,O=C1c2c(O)cc(O)c3c2[C@@H]2[C@@H](c4ccccc4O[C@H]2c2cccc(O)c2-3)[C@H]1O
CHEMBL465069,COc1cc(O)c2c3c1-c1c(O)cccc1[C@@H]1Oc4ccccc4[C@@H](CC2=O)[C@@H]31
CHEMBL367881,CC(=O)C1=C(O)C=C2Oc3c(C(C)=O)c(O)c(C)c(O)c3[C@@]2(C)C1=O
CHEMBL260442,N#Cc1ccc2cc(C(F)(F)P(=O)(O)O)c(Br)cc2c1
CHEMBL259628,N#Cc1ccc2cc(Br)c(C(F)(F)P(=O)(O)O)cc2c1
CHEMBL259050,COCc1ccc2cc(Br)c(C(F)(F)P(=O)(O)O)cc2c1
CHEMBL259051,N#CCc1ccc2cc(Br)c(C(F)(F)P(=O)(O)O)cc2c1
CHEMBL408382,Cc1ccc2cc(Br)c(C(F)(F)P(=O)(O)O)cc2c1
CHEMBL259266,CC(=O)NCc1ccc2cc(Br)c(C(F)(F)P(=O)(O)O)cc2c1
CHEMBL259267,CS(=O)(=O)Cc1ccc2cc(Br)c(C(F)(F)P(=O)(O)O)cc2c1
CHEMBL407893,CNC(=O)c1ccc2cc(Br)c(C(F)(F)P(=O)(O)O)cc2n1
CHEMBL260914,NC(=O)c1ccc2cc(Br)c(C(F)(F)P(=O)(O)O)cc2n1
CHEMBL261108,O=C(NCc1ccccc1)c1ccc2cc(Br)c(C(F)(F)P(=O)(O)O)cc2n1
CHEMBL261418,O=C(Nc1ccccc1)c1ccc2cc(Br)c(C(F)(F)P(=O)(O)O)cc2n1
CHEMBL261362,O=C(Nc1cccc(F)c1)c1ccc2cc(Br)c(C(F)(F)P(=O)(O)O)cc2n1
CHEMBL261419,O=P(O)(O)C(F)(F)c1cc2nc(/C=C/c3ccccc3)ccc2cc1Br
CHEMBL411295,O=C(O)c1cccc(/C=C/c2ccc3cc(Br)c(C(F)(F)P(=O)(O)O)cc3n2)c1
CHEMBL405419,Cc1ccc2cc(Br)c(C(F)(F)P(=O)(O)O)cc2n1
CHEMBL410646,CC(Cc1ccc(C(F)(F)P(=O)(O)O)cc1)(c1ccccc1)n1nnc2ccccc21
CHEMBL406646,O=C(O)COc1ccc(CN(Cc2ccc(-c3csnn3)cc2)S(=O)(=O)c2ccccc2)cc1C(=O)O
CHEMBL259455,Cc1cc(CN(Cc2ccc(-c3csnn3)cc2)S(=O)(=O)c2ccccc2)ccc1OCC(=O)O
CHEMBL259456,O=C(O)COc1ccc(S(=O)(=O)N(Cc2ccc(-c3csnn3)cc2)Cc2ccc(OCC(=O)O)c(C(=O)O)c2)cc1
CHEMBL260675,Cc1cc(CN(Cc2ccc(-c3csnn3)cc2)S(=O)(=O)c2ccc(OCC(=O)O)cc2)ccc1OCC(=O)O
CHEMBL410483,O=C(O)COc1ccc(CN(Cc2ccc(-c3csnn3)cc2)S(=O)(=O)c2ccccc2)cc1Br
CHEMBL407722,O=C(O)COc1ccc(S(=O)(=O)N(Cc2ccc(-c3csnn3)cc2)Cc2ccc(OCC(=O)O)c(Br)c2)cc1
CHEMBL258463,O=C(O)COc1ccc(CN(Cc2ccc(-c3csnn3)cc2)S(=O)(=O)c2ccccc2)cc1Cl
CHEMBL259170,O=C(O)COc1ccc(S(=O)(=O)N(Cc2ccc(-c3csnn3)cc2)Cc2ccc(OCC(=O)O)c(Cl)c2)cc1
CHEMBL259171,O=C(O)COc1c(F)cc(CN(Cc2ccc(-c3csnn3)cc2)S(=O)(=O)c2ccccc2)cc1F
CHEMBL261732,O=C(O)COc1ccc(S(=O)(=O)N(Cc2ccc(-c3csnn3)cc2)Cc2cc(F)c(OCC(=O)O)c(F)c2)cc1
CHEMBL260991,O=C(O)C(F)(F)Oc1cccc(CN(Cc2ccc(-c3csnn3)cc2)S(=O)(=O)c2ccccc2)c1
CHEMBL260992,O=C(O)COc1ccc(S(=O)(=O)N(Cc2ccc(-c3csnn3)cc2)Cc2cccc(OC(F)(F)C(=O)O)c2)cc1
CHEMBL261206,O=C(O)C(F)(F)Oc1ccc(CN(Cc2ccc(-c3csnn3)cc2)S(=O)(=O)c2ccccc2)cc1
CHEMBL260925,O=C(O)COc1ccc(S(=O)(=O)N(Cc2ccc(OC(F)(F)C(=O)O)cc2)Cc2ccc(-c3csnn3)cc2)cc1
CHEMBL428791,O=C(O)COc1ccc(CN(Cc2ccc(-c3csnn3)cc2)S(=O)(=O)c2ccccc2)cc1
CHEMBL409829,O=P(O)(O)Cc1ccc(CN(Cc2ccc(-c3csnn3)cc2)S(=O)(=O)c2ccccc2)cc1
CHEMBL258697,O=C(O)COc1ccc(CN(Cc2ccc(-c3csnn3)cc2)S(=O)(=O)c2ccc(OCC(=O)O)cc2)cc1
CHEMBL409926,O=C(O)COc1ccc(S(=O)(=O)N(Cc2ccc(CP(=O)(O)O)cc2)Cc2ccc(-c3csnn3)cc2)cc1
CHEMBL514108,COC(=O)CC[C@H](/N=C(\C)C1=C(O)C=C2Oc3c(C(C)=O)c(O)c(C)c(O)c3[C@@]2(C)C1=O)C(=O)O
CHEMBL514578,CC(=O)c1c(O)c(C)c(O)c2c1OC1=CC(O)=C(/C(C)=N/[C@@H](CCC(=O)O)C(=O)O)C(=O)[C@@]12C
CHEMBL457491,CC(=O)c1c(O)c(C)c(O)c2c1OC1=CC(O)=C(/C(C)=N\[C@@H](CCC(=O)O)C(=O)O)C(=O)[C@@]12C
CHEMBL502257,O=C1Nc2ccc(S(=O)(=O)O)cc2/C1=N/Nc1ccccc1[N+](=O)[O-]
CHEMBL525078,O=C1Nc2ccc(S(=O)(=O)NCc3ccccc3Cl)cc2/C1=N/Nc1ccc(C(=O)O)cc1
CHEMBL502006,O=C1Nc2ccc(S(=O)(=O)NCc3ccccc3Cl)cc2/C1=N/Nc1cccc(C(=O)O)c1
CHEMBL526177,O=C1Nc2ccc(S(=O)(=O)NCc3ccc(Cl)c(C(F)(F)F)c3)cc2/C1=N/Nc1ccccc1C(=O)O
CHEMBL502013,O=C1Nc2ccc(S(=O)(=O)NCc3ccc(F)cc3)cc2/C1=N/Nc1cccc(C(=O)O)c1
CHEMBL526369,O=C1Nc2ccc(S(=O)(=O)NCc3ccc(F)cc3)cc2/C1=N/Nc1ccc(C(=O)O)cc1
CHEMBL502014,O=C1Nc2ccc(S(=O)(=O)NCc3ccc(F)c(Cl)c3)cc2/C1=N/Nc1cccc(C(=O)O)c1
CHEMBL500677,O=C1Nc2ccc(S(=O)(=O)NCCc3ccc(Cl)cc3Cl)cc2/C1=N/Nc1cccc(C(=O)O)c1
CHEMBL498473,O=C1Nc2ccc(S(=O)(=O)NCc3ccc(Cl)c(C(F)(F)F)c3)cc2/C1=N/Nc1ccc(C(=O)O)cc1
CHEMBL498474,O=C1Nc2ccc(S(=O)(=O)NCc3ccc(Cl)c(C(F)(F)F)c3)cc2/C1=N/Nc1cccc(C(=O)O)c1
CHEMBL526644,O=C1Nc2ccc(C(=O)O)cc2/C1=N/Nc1ccccc1C(=O)O
CHEMBL497509,O=C1Nc2ccc(C(=O)O)cc2/C1=N/Nc1cccc(C(=O)O)c1
CHEMBL399873,C[C@H]1[C@H](C)CC[C@]2(CO)CC[C@]3(C)C(=CC[C@@H]4[C@@]5(C)CC[C@H](O)C(C)(C)[C@@H]5CC[C@]43C)[C@H]12
CHEMBL470029,CC1(C)CC[C@]2(C(=O)O)CC[C@]3(C)C(=CC[C@@H]4[C@@]5(C)CCC(=O)C(C)(C)[C@@H]5CC[C@]43C)[C@@H]2C1
CHEMBL486986,C[C@@H]1CC[C@]2(C(=O)O)CC[C@]3(C)C(=CC[C@@H]4[C@@]5(C)CC[C@H](O)C(C)(C)[C@@H]5CC[C@]43C)[C@@H]2[C@]1(C)O
CHEMBL493908,C[C@@H]1CC[C@]2(C(=O)O)CC[C@]3(C)C(=CC[C@@H]4[C@@]5(C)CC[C@H](O)[C@](C)(CO)[C@@H]5CC[C@]43C)[C@@H]2[C@]1(C)O
CHEMBL522373,C[C@H]1[C@H](C)CC[C@]2(C(=O)O)CC[C@]3(C)C(=CC[C@@H]4[C@@]5(C)CC[C@H](O)[C@](C)(CO)[C@@H]5CC[C@]43C)[C@H]12
CHEMBL494111,C[C@@H]1CC[C@]2(C(=O)O)CC[C@]3(C)C(=CC[C@@H]4[C@@]5(C)CCC(=O)[C@](C)(CO)[C@@H]5CC[C@]43C)[C@@H]2[C@]1(C)O
CHEMBL493893,CC1(C)CC[C@]2(C(=O)O)CC[C@]3(C)C(=CC[C@@H]4[C@@]5(C)CC[C@H](O)[C@](C)(CO)[C@@H]5CC[C@]43C)[C@@H]2[C@@H]1O
CHEMBL515146,O=c1c(Cc2ccc(-c3ccccc3)cc2)c(-c2ccc(O)cc2)oc2cc(O)c(O)cc12
CHEMBL474021,O=C(c1ccc(O)cc1)c1oc2ccccc2c1-c1ccc(-c2ccc(O)cc2)cc1
CHEMBL492708,O=c1c(Cc2ccc(-c3ccc(O)cc3)cc2)c(-c2ccc(O)cc2)oc2cc(O)ccc12
CHEMBL493122,O=C(O)c1cccc(-c2ccc(Cc3c(-c4ccc(O)cc4)oc4cc(O)ccc4c3=O)cc2)c1
CHEMBL521821,O=c1c(Cc2ccc(-c3ccc(O)c(O)c3)cc2)c(-c2ccc(O)cc2)oc2cc(O)ccc12
CHEMBL523885,O=c1c(Cc2ccc(-c3ccc(O)c(O)c3)cc2)c(-c2ccc(O)cc2)oc2ccccc12
CHEMBL495142,O=C(O)c1ccc(-c2ccc(Cc3c(-c4ccc(O)cc4)oc4cc(O)ccc4c3=O)cc2)cc1O
CHEMBL494537,O=C(O)c1ccc(-c2ccc(Cc3c(-c4ccc(O)cc4)oc4ccccc4c3=O)cc2)cc1O
CHEMBL476249,O=C(O)c1ccc(CN2C(=O)/C(=C/c3cccc(Oc4ccccc4)c3)S/C2=N\c2ccccc2)cc1
CHEMBL478274,O=C(O)c1ccc(CN2C(=O)/C(=C/c3ccc(Oc4ccccc4)cc3)S/C2=N\c2ccccc2)cc1
CHEMBL514239,O=C(O)c1ccc(CN2C(=O)/C(=C/c3cccc(OCc4ccccc4)c3)S/C2=N\c2ccccc2)cc1
CHEMBL477262,O=C(O)c1ccc(CN2C(=O)/C(=C/c3ccc(OCc4ccccc4)cc3)S/C2=N\c2ccccc2)cc1
CHEMBL477263,O=C(O)c1ccc(CN2C(=O)/C(=C/c3cccc4ccccc34)S/C2=N\c2ccccc2)cc1
CHEMBL476666,O=C(O)c1ccc(CN2C(=O)/C(=C/c3ccc4ccccc4c3)S/C2=N\c2ccccc2)cc1
CHEMBL476664,O=C(O)c1ccc(CN2C(=O)/C(=C/c3cccc(O)c3)S/C2=N\c2ccccc2)cc1
CHEMBL476669,O=C(O)c1ccc(CN2C(=O)/C(=C/c3ccc(O)cc3)S/C2=N\c2ccccc2)cc1
CHEMBL514517,COc1ccc(/C=C2\S/C(=N\c3ccccc3)N(Cc3ccc(C(=O)O)cc3)C2=O)cc1O
CHEMBL514711,COc1cc(/C=C2\S/C(=N\c3ccccc3)N(Cc3ccc(C(=O)O)cc3)C2=O)ccc1O
CHEMBL478312,O=C(O)c1ccc(CN2C(=O)/C(=C/c3ccc(O)c(C(=O)O)c3)S/C2=N\c2ccccc2)cc1
CHEMBL526866,CC(C)NS(=O)(=O)c1ccc2c(c1)/C(=N/Nc1cccc(C(=O)O)c1)C(=O)N2
CHEMBL499329,CC(C)NS(=O)(=O)c1ccc2c(c1)/C(=N/Nc1ccc(C(=O)O)cc1)C(=O)N2
CHEMBL446483,NS(=O)(=O)c1ccc2c(c1)/C(=N/Nc1ccccc1[N+](=O)[O-])C(=O)N2
CHEMBL525812,O=C1Nc2ccc(S(=O)(=O)NCc3ccc(Cl)cc3)cc2/C1=N/Nc1ccccc1[N+](=O)[O-]
CHEMBL527109,Cc1ccc(CNS(=O)(=O)c2ccc3c(c2)/C(=N/Nc2cccc(C(=O)O)c2)C(=O)N3)cc1
CHEMBL502539,O=C1Nc2ccc(S(=O)(=O)NCc3ccccc3)cc2/C1=N/Nc1ccc(C(=O)O)cc1
CHEMBL502540,O=C1Nc2ccc(S(=O)(=O)NCc3cccc(Cl)c3)cc2/C1=N/Nc1cccc(C(=O)O)c1
CHEMBL502815,O=C1Nc2ccc(S(=O)(=O)NCc3ccc(Cl)cc3)cc2/C1=N/Nc1cccc(C(=O)O)c1
CHEMBL499061,O=C1Nc2ccc(S(=O)(=O)NCc3ccc(Cl)cc3)cc2/C1=N/Nc1ccc(C(=O)O)cc1
CHEMBL458936,CC(C)=CCc1c([C@@H]2CC(=O)c3c(O)cc(O)cc3O2)cc(O)c2c1C=CC(C)(C)O2
CHEMBL515537,COc1cc([C@@H]2CC(=O)c3c(O)cc(O)cc3O2)cc2c1OC(C)(CO)C=C2
CHEMBL458555,CC(C)=CCc1cc([C@@H]2CC(=O)c3c(O)cc(O)cc3O2)cc2c1OC(C)(C)C(O)C2
CHEMBL457525,COc1cc([C@@H]2CC(=O)c3c(O)cc(O)cc3O2)cc2c1OC(C)(C)C(O)C2
CHEMBL458619,CC(C)=CCc1cc([C@@H]2CC(=O)c3c(O)cc(O)cc3O2)cc2c1OC(C)(C)C(O)C2O
CHEMBL458620,CC(C)=CCc1c([C@@H]2CC(=O)c3c(O)cc(O)cc3O2)cc2c(c1O)OC(C)(C)C(O)C2O
CHEMBL515837,COc1c(/C=C/C(C)(C)O)cc([C@@H]2CC(=O)c3c(O)cc(O)cc3O2)cc1CC=C(C)C
CHEMBL513969,C=C(C)/C=C/c1cc([C@@H]2CC(=O)c3c(O)cc(O)cc3O2)cc(CC=C(C)C)c1OC
CHEMBL482750,CSc1c(C#N)c(N)c(C#N)c(-c2ccccc2)c1-c1ccccc1
CHEMBL482965,COc1ccc(-c2c(C#N)c(N)c(C#N)c(SC)c2-c2ccccc2)cc1
CHEMBL482966,COc1ccc(-c2c(C#N)c(N)c(C#N)c(SC)c2-c2ccc(OC)cc2)cc1
CHEMBL469992,COc1ccc(CCNC(=O)Cc2cccc3ccccc23)cc1
CHEMBL511278,COc1ccc(CCNC(=O)Cc2ccccc2[N+](=O)[O-])cc1
CHEMBL469993,COc1ccc(CCNC(=O)COc2ccccc2)cc1
CHEMBL1162223,NS(=O)(=O)c1cc(-c2ccc(CSCc3ccc(C(F)(F)P(=O)(O)O)c(Br)c3)cc2)ccc1Br
CHEMBL214378,O=C(O)COc1c(C(=O)O)sc(-c2ccc(NC(=O)c3cccnc3)cc2)c1Br
CHEMBL391533,C[C@H]1[C@H](C)CC[C@]2(C(=O)O)CC[C@]3(C)C(=CC[C@@H]4[C@@]5(C)C[C@@H](O)[C@H](O)C(C)(C)[C@@H]5CC[C@]43C)[C@H]12
CHEMBL437964,C[C@H]1[C@H](C)CC[C@]2(C)CC[C@]3(C)C(=CC(=O)[C@@H]4[C@@]5(C)CC[C@@H](O)[C@](C)(C(=O)O)[C@@H]5CC[C@]43C)[C@H]12
CHEMBL238628,CC1(C)C=Cc2c(cc3occ(-c4ccc(O)cc4)c(=O)c3c2O)O1
CHEMBL255890,CC(C)=CCc1cc([C@@H]2CC(=O)c3c(O)cc(O)cc3O2)cc(CC=C(C)C)c1O
CHEMBL470249,COc1c(CC=C(C)C)cc([C@@H]2CC(=O)c3c(O)cc(O)cc3O2)cc1CC=C(C)C
CHEMBL470452,COc1c(CC=C(C)C)cc([C@@H]2CC(=O)c3ccc(O)cc3O2)cc1CC=C(C)C
CHEMBL470454,CC(C)=CCc1cc([C@@H]2CC(=O)c3ccc(O)cc3O2)cc(CC=C(C)C)c1O
CHEMBL470865,COc1c(CC=C(C)C)cc(/C=C/C(=O)c2ccc(O)cc2O)cc1CC=C(C)C
CHEMBL470655,CC(C)=CCc1cc([C@@H]2CC(=O)c3c(O)cc(O)cc3O2)cc2c1OC(C)(C)C=C2
CHEMBL487412,COC(=O)[C@]12CCC(C)(C)C[C@H]1C1=CC[C@@H]3[C@@]4(C)CC[C@H](O)C(C)(C)[C@@H]4CC[C@@]3(C)[C@]1(C)CC2
CHEMBL502657,CC(C)C[C@H](NC(=O)[C@@H](Cc1cccc(CS(=O)(=O)O)c1)NC(=O)[C@H](CCC(=O)O)NC(=O)[C@H](CC(=O)O)NC(=O)[C@H](C)NC(=O)[C@@H](N)CC(=O)O)C(N)=O
CHEMBL481854,C[C@H]1[C@H](C)CC[C@]2(C(=O)O)CC[C@]3(C)C(=CC[C@@H]4[C@@]5(C)C[C@@H](O)[C@H](O)[C@@](C)(CO)[C@@H]5[C@H](O)C[C@]43C)[C@H]12
CHEMBL449613,CC1(C)CC[C@]2(C(=O)N[C@@H](Cc3ccccc3)C(=O)O)CC[C@]3(C)C(=CC[C@@H]4[C@@]5(C)CC[C@H](O)C(C)(C)[C@@H]5CC[C@]43C)[C@@H]2C1
CHEMBL457064,CC1(C)CC[C@]2(C(=O)NCC(=O)O)CC[C@]3(C)C(=CC[C@@H]4[C@@]5(C)CC[C@H](O)C(C)(C)[C@@H]5CC[C@]43C)[C@@H]2C1
CHEMBL508834,CC1(C)CC[C@]2(C(=O)N[C@@H](CCC(=O)O)C(=O)O)CC[C@]3(C)C(=CC[C@@H]4[C@@]5(C)CC[C@H](O)C(C)(C)[C@@H]5CC[C@]43C)[C@@H]2C1
CHEMBL511000,CC1(C)CC[C@]2(C(=O)Nc3ccc(C(=O)O)cc3)CC[C@]3(C)C(=CC[C@@H]4[C@@]5(C)CC[C@H](O)C(C)(C)[C@@H]5CC[C@]43C)[C@@H]2C1
CHEMBL461344,CC1(C)CC[C@]2(C(N)=O)CC[C@]3(C)C(=CC[C@@H]4[C@@]5(C)CC[C@H](O)C(C)(C)[C@@H]5CC[C@]43C)[C@@H]2C1
CHEMBL461165,CNC(=O)[C@]12CCC(C)(C)C[C@H]1C1=CC[C@@H]3[C@@]4(C)CC[C@H](O)C(C)(C)[C@@H]4CC[C@@]3(C)[C@]1(C)CC2
CHEMBL510912,CC1(C)CC[C@]2(C(=O)NCc3ccccc3)CC[C@]3(C)C(=CC[C@@H]4[C@@]5(C)CC[C@H](O)C(C)(C)[C@@H]5CC[C@]43C)[C@@H]2C1
CHEMBL445301,CC1(C)CC[C@]2(C(=O)OCc3ccccc3)CC[C@]3(C)C(=CC[C@@H]4[C@@]5(C)CC[C@H](O)C(C)(C)[C@@H]5CC[C@]43C)[C@@H]2C1
CHEMBL472400,CC1(C)CC[C@]2(CCC(=O)O)CC[C@]3(C)C(=CC[C@@H]4[C@@]5(C)CC[C@H](O)C(C)(C)[C@@H]5CC[C@]43C)[C@@H]2C1
CHEMBL472401,CC1(C)CC[C@]2(CCCCC(=O)O)CC[C@]3(C)C(=CC[C@@H]4[C@@]5(C)CC[C@H](O)C(C)(C)[C@@H]5CC[C@]43C)[C@@H]2C1
CHEMBL504291,CC1(C)CC[C@]2(CCCCCCC(=O)O)CC[C@]3(C)C(=CC[C@@H]4[C@@]5(C)CC[C@H](O)C(C)(C)[C@@H]5CC[C@]43C)[C@@H]2C1
CHEMBL445491,CC1(C)CC[C@]2(CCCCCCCCC(=O)O)CC[C@]3(C)C(=CC[C@@H]4[C@@]5(C)CC[C@H](O)C(C)(C)[C@@H]5CC[C@]43C)[C@@H]2C1
CHEMBL501267,CC1(C)CC[C@]2(CCCCCCCCCCC(=O)O)CC[C@]3(C)C(=CC[C@@H]4[C@@]5(C)CC[C@H](O)C(C)(C)[C@@H]5CC[C@]43C)[C@@H]2C1
CHEMBL443950,CC1(C)CC[C@]2(CCCCCCCCCCCCC(=O)O)CC[C@]3(C)C(=CC[C@@H]4[C@@]5(C)CC[C@H](O)C(C)(C)[C@@H]5CC[C@]43C)[C@@H]2C1
CHEMBL509443,CC1(C)CC[C@]2(CCCCC(=O)N[C@@H](Cc3ccccc3)C(=O)O)CC[C@]3(C)C(=CC[C@@H]4[C@@]5(C)CC[C@H](O)C(C)(C)[C@@H]5CC[C@]43C)[C@@H]2C1
CHEMBL503669,CC1(C)CC[C@]2(CCCCC(=O)N[C@H](Cc3ccccc3)C(=O)O)CC[C@]3(C)C(=CC[C@@H]4[C@@]5(C)CC[C@H](O)C(C)(C)[C@@H]5CC[C@]43C)[C@@H]2C1
CHEMBL446005,CC1(C)CC[C@]2(CCCCC(=O)N[C@@H](Cc3cnc[nH]3)C(=O)O)CC[C@]3(C)C(=CC[C@@H]4[C@@]5(C)CC[C@H](O)C(C)(C)[C@@H]5CC[C@]43C)[C@@H]2C1
CHEMBL509868,CC1(C)CC[C@]2(CCCCC(=O)N[C@@H](Cc3c[nH]c4ccccc34)C(=O)O)CC[C@]3(C)C(=CC[C@@H]4[C@@]5(C)CC[C@H](O)C(C)(C)[C@@H]5CC[C@]43C)[C@@H]2C1
CHEMBL450403,CSCC[C@H](NC(=O)CCCC[C@]12CCC(C)(C)C[C@H]1C1=CC[C@@H]3[C@@]4(C)CC[C@H](O)C(C)(C)[C@@H]4CC[C@@]3(C)[C@]1(C)CC2)C(=O)O
CHEMBL301567,CC1(C)CC[C@]2(CCCCC(=O)NC(Cc3ccccc3Cl)C(=O)O)CC[C@]3(C)C(=CC[C@@H]4[C@@]5(C)CC[C@H](O)C(C)(C)[C@@H]5CC[C@]43C)[C@@H]2C1
CHEMBL447660,CC1(C)CC[C@]2(CCCCC(=O)NC(Cc3cccc(Cl)c3)C(=O)O)CC[C@]3(C)C(=CC[C@@H]4[C@@]5(C)CC[C@H](O)C(C)(C)[C@@H]5CC[C@]43C)[C@@H]2C1
CHEMBL462163,CC1(C)CC[C@]2(CCCCC(=O)NC(Cc3ccc(Cl)cc3)C(=O)O)CC[C@]3(C)C(=CC[C@@H]4[C@@]5(C)CC[C@H](O)C(C)(C)[C@@H]5CC[C@]43C)[C@@H]2C1
CHEMBL449659,CC1(C)CC[C@]2(CCCCC(=O)NC(Cc3ccc(F)cc3)C(=O)O)CC[C@]3(C)C(=CC[C@@H]4[C@@]5(C)CC[C@H](O)C(C)(C)[C@@H]5CC[C@]43C)[C@@H]2C1
CHEMBL504704,CC1(C)CC[C@]2(CCCCC(=O)NC(Cc3ccc([N+](=O)[O-])cc3)C(=O)O)CC[C@]3(C)C(=CC[C@@H]4[C@@]5(C)CC[C@H](O)C(C)(C)[C@@H]5CC[C@]43C)[C@@H]2C1
CHEMBL452449,Cc1ccccc1CC(NC(=O)CCCC[C@]12CCC(C)(C)C[C@H]1C1=CC[C@@H]3[C@@]4(C)CC[C@H](O)C(C)(C)[C@@H]4CC[C@@]3(C)[C@]1(C)CC2)C(=O)O
CHEMBL515797,O=C(O)COc1c(O)cc(-c2cc(C(F)(F)F)cc(C(F)(F)F)c2)cc1OCc1cccc(C(F)(F)F)c1
CHEMBL459758,CC(=O)OC[C@H]1O[C@@H](C2=CC(=O)C=CC2=O)[C@H](OC(C)=O)[C@@H](OC(C)=O)[C@@H]1OC(C)=O
CHEMBL505561,COc1ccc(OC)c([C@@H]2O[C@H](Cn3cc(COC(=O)c4cccc(C(=O)OCc5cn(C[C@H]6O[C@@H](c7cc(OC)ccc7OC)[C@H](OC(=O)c7ccccc7)[C@@H](OC(=O)c7ccccc7)[C@@H]6OC(=O)c6ccccc6)nn5)c4)nn3)[C@@H](OC(=O)c3ccccc3)[C@H](OC(=O)c3ccccc3)[C@H]2OC(=O)c2ccccc2)c1
CHEMBL508150,COc1ccc(OC)c([C@@H]2O[C@H](Cn3cc(COC(=O)c4cccc(C(=O)OCc5cn(C[C@H]6O[C@@H](c7cc(OC)ccc7OC)[C@H](OC(=O)c7ccccc7)[C@@H](OC(=O)c7ccccc7)[C@H]6OC(=O)c6ccccc6)nn5)c4)nn3)[C@H](OC(=O)c3ccccc3)[C@H](OC(=O)c3ccccc3)[C@H]2OC(=O)c2ccccc2)c1
CHEMBL446857,O=C1C=CC(=O)C([C@@H]2O[C@H](Cn3cc(COC(=O)c4cccc(C(=O)OCc5cn(C[C@H]6O[C@@H](C7=CC(=O)C=CC7=O)[C@H](OC(=O)c7ccccc7)[C@@H](OC(=O)c7ccccc7)[C@@H]6OC(=O)c6ccccc6)nn5)c4)nn3)[C@@H](OC(=O)c3ccccc3)[C@H](OC(=O)c3ccccc3)[C@H]2OC(=O)c2ccccc2)=C1
CHEMBL510405,O=C1C=CC(=O)C([C@@H]2O[C@H](Cn3cc(COC(=O)c4cccc(C(=O)OCc5cn(C[C@H]6O[C@@H](C7=CC(=O)C=CC7=O)[C@H](OC(=O)c7ccccc7)[C@@H](OC(=O)c7ccccc7)[C@H]6OC(=O)c6ccccc6)nn5)c4)nn3)[C@H](OC(=O)c3ccccc3)[C@H](OC(=O)c3ccccc3)[C@H]2OC(=O)c2ccccc2)=C1
CHEMBL1162224,NS(=O)(=O)c1cc(-c2ccc(CSCc3ccc(C(F)(F)S(=O)(=O)O)c(Br)c3)cc2)ccc1Br
CHEMBL1162225,NS(=O)(=O)c1cc(-c2ccc(CSCc3ccc(CS(=O)(=O)O)c(Br)c3)cc2)ccc1Br
CHEMBL1162226,NS(=O)(=O)C(F)(F)c1cc(-c2ccc(CSCc3ccc(C(F)(F)P(=O)(O)O)c(Br)c3)cc2)ccc1Br
CHEMBL1162227,NS(=O)(=O)C(F)(F)c1cc(-c2ccc(CSCc3ccc(C(F)(F)S(=O)(=O)O)c(Br)c3)cc2)ccc1Br
CHEMBL1162229,CC(C)C[C@H](NC(=O)[C@@H](Cc1cccc(C(F)(F)S(=O)(=O)O)c1)NC(=O)[C@H](CCC(=O)O)NC(=O)[C@H](CC(=O)O)NC(=O)[C@H](C)NC(=O)[C@@H](N)CC(=O)O)C(N)=O
CHEMBL1162230,O=S(=O)(O)C(F)(F)c1ccc2ccccc2c1
CHEMBL185726,O=C(O)c1cc(/C=C/c2ccc(/C=C/c3ccc(O)c(C(=O)O)c3)cc2)ccc1O
CHEMBL211369,CC1(C)CC[C@]2(C(=O)O)CC[C@]3(C)C(=CC[C@@H]4[C@@]5(C)CC[C@H](OC(=O)CC(C)(C)C(=O)O)C(C)(C)[C@@H]5CC[C@]43C)[C@@H]2C1
CHEMBL486382,CC1(C)CC[C@]2(C(=O)O)CC[C@]3(C)C(=CC[C@@H]4[C@@]5(C)CC[C@@H](O)C(C)(C)[C@@H]5CC[C@]43C)[C@@H]2C1
CHEMBL517270,CC(=O)O[C@@H]1[C@@H](OC(C)=O)[C@H](C2=CC(=O)C=CC2=O)O[C@H](C(=O)O)[C@H]1OC(C)=O
CHEMBL518512,CC(=O)O[C@H]1[C@@H](OC(C)=O)[C@@H](C(=O)O)O[C@@H](C2=CC(=O)C=CC2=O)[C@@H]1OC(C)=O
CHEMBL462015,CC(=O)O[C@@H]1[C@@H](OC(C)=O)[C@H](C2=CC(=O)c3ccccc3C2=O)O[C@H](C(=O)O)[C@H]1OC(C)=O
CHEMBL462016,CC(=O)O[C@H]1[C@@H](OC(C)=O)[C@@H](C(=O)O)O[C@@H](C2=CC(=O)c3ccccc3C2=O)[C@@H]1OC(C)=O
CHEMBL502436,O=C(O[C@H]1[C@@H](OC(=O)c2ccccc2)[C@@H](C(=O)O)O[C@@H](C2=CC(=O)c3ccccc3C2=O)[C@@H]1OC(=O)c1ccccc1)c1ccccc1
CHEMBL503860,COc1ccc(OC)c([C@@H]2O[C@H](CNC(=O)c3ccccc3C(=O)O)[C@@H](OC(=O)c3ccccc3)[C@H](OC(=O)c3ccccc3)[C@H]2OC(=O)c2ccccc2)c1
CHEMBL450150,COc1cc([C@@H]2O[C@H](CN=[N+]=[N-])[C@@H](OC(=O)c3ccccc3)[C@H](OC(=O)c3ccccc3)[C@H]2OC(=O)c2ccccc2)c(OC)c2ccccc12
CHEMBL492413,COc1cc([C@@H]2O[C@H](CNC(=O)c3ccccc3C(=O)O)[C@@H](OC(=O)c3ccccc3)[C@H](OC(=O)c3ccccc3)[C@H]2OC(=O)c2ccccc2)c(OC)c2ccccc12
CHEMBL504726,COc1ccc(OC)c([C@@H]2O[C@H](CNC(=O)c3ccccc3)[C@@H](O)[C@H](OC(=O)c3ccccc3)[C@H]2OC(=O)c2ccccc2)c1
CHEMBL454521,COc1ccc(OC)c([C@@H]2O[C@H](CNC(=O)c3ccccc3)[C@@H](OC(C)=O)[C@H](OC(=O)c3ccccc3)[C@H]2OC(=O)c2ccccc2)c1
CHEMBL451520,O=C1C=CC(=O)C([C@@H]2O[C@H](CNC(=O)c3ccccc3)[C@@H](O)[C@H](OC(=O)c3ccccc3)[C@H]2OC(=O)c2ccccc2)=C1
CHEMBL443398,Cc1ccc(CC(NC(=O)CCCC[C@]23CCC(C)(C)C[C@H]2C2=CC[C@@H]4[C@@]5(C)CC[C@H](O)C(C)(C)[C@@H]5CC[C@@]4(C)[C@]2(C)CC3)C(=O)O)cc1
CHEMBL446573,COc1ccccc1CC(NC(=O)CCCC[C@]12CCC(C)(C)C[C@H]1C1=CC[C@@H]3[C@@]4(C)CC[C@H](O)C(C)(C)[C@@H]4CC[C@@]3(C)[C@]1(C)CC2)C(=O)O
CHEMBL506260,COc1cccc(CC(NC(=O)CCCC[C@]23CCC(C)(C)C[C@H]2C2=CC[C@@H]4[C@@]5(C)CC[C@H](O)C(C)(C)[C@@H]5CC[C@@]4(C)[C@]2(C)CC3)C(=O)O)c1
CHEMBL510867,COc1ccc(CC(NC(=O)CCCC[C@]23CCC(C)(C)C[C@H]2C2=CC[C@@H]4[C@@]5(C)CC[C@H](O)C(C)(C)[C@@H]5CC[C@@]4(C)[C@]2(C)CC3)C(=O)O)cc1
CHEMBL507502,CC1(C)CC[C@]2(CCCCC(=O)NC(Cc3ccc4c(c3)OCO4)C(=O)O)CC[C@]3(C)C(=CC[C@@H]4[C@@]5(C)CC[C@H](O)C(C)(C)[C@@H]5CC[C@]43C)[C@@H]2C1
CHEMBL443663,COc1cccc(CC(NC(=O)CCCC[C@]23CCC(C)(C)C[C@H]2C2=CC[C@@H]4[C@@]5(C)CC[C@H](O)C(C)(C)[C@@H]5CC[C@@]4(C)[C@]2(C)CC3)C(=O)O)c1OC
CHEMBL443091,COc1ccc(CC(NC(=O)CCCC[C@]23CCC(C)(C)C[C@H]2C2=CC[C@@H]4[C@@]5(C)CC[C@H](O)C(C)(C)[C@@H]5CC[C@@]4(C)[C@]2(C)CC3)C(=O)O)cc1OC
CHEMBL448797,COc1cc(CC(NC(=O)CCCC[C@]23CCC(C)(C)C[C@H]2C2=CC[C@@H]4[C@@]5(C)CC[C@H](O)C(C)(C)[C@@H]5CC[C@@]4(C)[C@]2(C)CC3)C(=O)O)cc(OC)c1
CHEMBL472896,CC1(C)CC[C@]2(C(=O)O)CC[C@]3(C)C(=CC[C@@H]4[C@@]5(C)CCCC(C)(C)[C@@H]5CC[C@]43C)[C@@H]2C1
CHEMBL506934,CCOC(=O)C(=O)O[C@H]1CC[C@]2(C)[C@H]3CC=C4[C@@H]5CC(C)(C)CC[C@]5(C(=O)O)CC[C@@]4(C)[C@]3(C)CC[C@H]2C1(C)C
CHEMBL449967,CC1(C)CC[C@]2(C(=O)O)CC[C@]3(C)C(=CC[C@@H]4[C@@]5(C)CC[C@H](OC(=O)C(=O)O)C(C)(C)[C@@H]5CC[C@]43C)[C@@H]2C1
CHEMBL446073,CC1(C)CC[C@]2(C(=O)O)CC[C@]3(C)C(=CC[C@@H]4[C@@]5(C)CC[C@H](OC(=O)CCC(=O)O)C(C)(C)[C@@H]5CC[C@]43C)[C@@H]2C1
CHEMBL502586,CC1(C)CC[C@]2(C(=O)O)CC[C@]3(C)C(=CC[C@@H]4[C@@]5(C)CC[C@H](OC(=O)c6ccccc6C(=O)O)C(C)(C)[C@@H]5CC[C@]43C)[C@@H]2C1
CHEMBL448816,CC1(C)CC[C@]2(C(=O)O)CC[C@]3(C)C(=CC[C@@H]4[C@@]5(C)CC[C@H](OCc6ccccc6)C(C)(C)[C@@H]5CC[C@]43C)[C@@H]2C1
CHEMBL504397,CC1(C)CC[C@]2(C(=O)O)CC[C@]3(C)C(=CC[C@@H]4[C@@]5(C)CC[C@H](OCc6ccccc6C(=O)O)C(C)(C)[C@@H]5CC[C@]43C)[C@@H]2C1
CHEMBL506556,CC1(C)CC[C@]2(C(=O)O)CC[C@]3(C)C(=CC[C@@H]4[C@@]5(C)CC[C@H](OCc6cccc(C(=O)O)c6)C(C)(C)[C@@H]5CC[C@]43C)[C@@H]2C1
CHEMBL508831,CC1(C)CC[C@]2(C(=O)O)CC[C@]3(C)C(=CC[C@@H]4[C@@]5(C)CC[C@H](OCc6ccc(C(=O)O)cc6)C(C)(C)[C@@H]5CC[C@]43C)[C@@H]2C1
CHEMBL499413,CC1(C)CC[C@]2(CCCCC(=O)N[C@@H](Cc3ccccc3)C(=O)O)CC[C@]3(C)C(=CC[C@@H]4[C@@]5(C)CC[C@H](OCc6ccc(C(=O)O)cc6)C(C)(C)[C@@H]5CC[C@]43C)[C@@H]2C1
CHEMBL489670,C=C1CC[C@]2(C)[C@H]3CC=C4[C@@H]5CC(C)(C)CC[C@]5(C(=O)O)CC[C@@]4(C)[C@]3(C)CC[C@H]2C1(C)C
CHEMBL453868,O=C(O)c1cc(/C=C/c2ccc(/C=C/c3cc(C(=O)O)c(O)c(-c4ccco4)c3)cc2)cc(-c2ccco2)c1O
CHEMBL508948,O=C(O)c1cc(/C=C/c2ccccc2)ccc1O
CHEMBL453899,O=C(O)c1cc(/C=C/c2ccccc2)cc(Br)c1O
CHEMBL450560,O=C(O)c1cc(/C=C/c2ccccc2)cc(-c2ccccc2)c1O
CHEMBL453874,O=C(O)c1ccc(/C=C/c2ccc(O)c(C(=O)O)c2)cc1O
CHEMBL453861,O=C(O)c1ccc(/C=C/c2cc(Br)c(O)c(C(=O)O)c2)cc1O
CHEMBL509720,COc1c(C(=O)O)cc(/C=C/c2ccc(C(=O)O)c(O)c2)cc1-c1ccco1
CHEMBL455693,O=C(O)c1cc(/C=C/c2cc(C(=O)O)c(O)c(-c3ccccc3)c2)ccc1O
CHEMBL455694,O=C(O)c1cc(/C=C/c2ccc(/C=C/c3cc(Br)c(O)c(C(=O)O)c3)cc2)cc(Br)c1O
CHEMBL461734,COc1cc(/C=C/c2cc(Br)c(O)c(C(=O)O)c2)ccc1/C=C/c1cc(Br)c(O)c(C(=O)O)c1
CHEMBL445194,COc1cc(/C=C/c2cc(C(=O)O)c(O)c(-c3ccco3)c2)ccc1/C=C/c1cc(C(=O)O)c(O)c(-c2ccco2)c1
CHEMBL506882,CCN(CC)CCOc1ccc(-c2nc3c(ccc4ccccc43)o2)cc1
CHEMBL456025,c1ccc2c(c1)ccc1oc(-c3ccc(OCCN4CCCC4)cc3)nc12
CHEMBL467572,c1ccc2c(c1)ccc1oc(-c3ccc(OCCN4CCCCC4)cc3)nc12
CHEMBL512442,CCCCN(C)CCOc1ccc(-c2nc3c(ccc4ccccc43)o2)cc1
CHEMBL510460,CN(C)CCCOc1ccc(-c2nc3c(ccc4ccccc43)o2)cc1
CHEMBL458009,CCN(CC)CCCOc1ccc(-c2nc3c(ccc4ccccc43)o2)cc1
CHEMBL408,Cc1c(C)c2c(c(C)c1O)CCC(C)(COc1ccc(CC3SC(=O)NC3=O)cc1)O2
CHEMBL595,CCc1ccc(CCOc2ccc(CC3SC(=O)NC3=O)cc2)nc1
CHEMBL121,CN(CCOc1ccc(CC2SC(=O)NC2=O)cc1)c1ccccn1
CHEMBL173395,COC(=O)c1c(C)cc(OC(=O)c2c(C)cc(O)c(C=O)c2O)c(C)c1O
CHEMBL362497,O=C1NC(=O)/C(=C/c2cc(Br)ccc2OCc2ccccc2)S1
CHEMBL401612,Cc1ccc2nc(NS(=O)(=O)c3ccc([N+](=O)[O-])cc3)sc2c1
CHEMBL401525,CCOc1ccc2nc(NS(=O)(=O)c3ccc([N+](=O)[O-])cc3)sc2c1
CHEMBL510225,CN(C)CCOc1ccc(-c2nc3c(ccc4ccccc43)o2)cc1
CHEMBL517216,CC1=CCC[C@H]2[C@@H](C)[C@@](C)(CC3=C(O)C(=O)C=C(NCCS(=O)(=O)O)C3=O)CC[C@]12C
CHEMBL460643,COC1=CC(=O)C=C(C[C@@]2(C)CC[C@]3(C)C(C)=CCC[C@H]3[C@H]2C)C1=O
CHEMBL559457,CCCCCc1c2c(cc(O)c1C(=O)OC)OC(=O)c1c(cc(OC)cc1C(=O)CCCC)O2
CHEMBL559479,O=C1ON=C(c2ccccc2)/C1=C\c1ccccc1OCc1ccccc1Cl
CHEMBL564123,O=C1NC(=O)N(c2ccccc2)C(=O)/C1=C\c1cn(Cc2cccc3ccccc23)c2ccccc12
CHEMBL562468,O=C(CCC1CSC(c2ccccc2)(c2ccccc2)S1)Nc1ccc2c(c1)C[C@@H](C(=O)O)OC2
CHEMBL562469,O=C(CCCC[C@@H]1CCSS1)Nc1ccc2c(c1)C[C@@H](C(=O)O)OC2
CHEMBL564124,O=C(CCCC[C@@H]1CCSS1)Nc1ccc2c(c1)CO[C@H](C(=O)O)C2
CHEMBL564699,CC1(C)SCC(CCCCC(=O)Nc2ccc3c(c2)C[C@@H](C(=O)O)OC3)S1
CHEMBL562135,CO[C@@H](Cc1ccc(NC(=O)CCCC[C@@H]2CCSS2)cc1)C(=O)O
CHEMBL562392,CCCO[C@@H](Cc1ccc(NC(=O)CCCC[C@@H]2CCSS2)cc1)C(=O)O
CHEMBL565229,COc1cc(C)ccc1OCCn1cccc1/C=C1\C(=O)NC(=O)N(c2ccc(C)c(Cl)c2)C1=O
CHEMBL556076,CC1(C)SCC(CCC(=O)Nc2ccc3c(c2)C[C@@H](C(=O)O)OC3)S1
CHEMBL549372,CC1(C)SCC(CCC(=O)Nc2ccc3c(c2)CO[C@H](C(=O)O)C3)S1
CHEMBL554726,O=C(CCCC[C@@H]1CCSCS1)Nc1ccc2c(c1)C[C@@H](C(=O)O)OC2
CHEMBL551842,CCCCCc1c2c(cc(O)c1C(=O)O)OC(=O)c1c(cc(OC)cc1C(=O)CCCC)O2
CHEMBL552066,N#C/C(=C\c1ccc(-c2ccccc2C(=O)O)o1)C(=O)Nc1ccc2ccccc2c1
CHEMBL549640,O=C(O)c1cc(-c2ccc(/C=C3\NC(=O)N(c4ccccc4)C3=O)o2)ccc1Cl
CHEMBL550462,O=C(CCCCc1cccs1)Nc1ccc2c(c1)CO[C@H](C(=O)O)C2
CHEMBL550662,O=C(CCCc1cccs1)Nc1ccc2c(c1)CO[C@H](C(=O)O)C2
CHEMBL551671,O=C(CCCC[C@@H]1CCSCS1)Nc1ccc2c(c1)CO[C@H](C(=O)O)C2
CHEMBL550291,CCCCCc1cc(O)cc(O)c1Oc1cc(OC)cc2c1C(=O)OC2(CCCC)OC
CHEMBL549911,O=C(O)c1ccc(Nc2cc3ccccc3cc2NS(=O)(=O)c2ccc(F)cc2)cc1
CHEMBL570779,O=C(CCCc1cccs1)Nc1ccc2c(c1)C[C@@H](C(=O)O)OC2
CHEMBL549297,O=C(CCCC[C@@H]1SCC2NC(=O)NC21)Nc1ccc2c(c1)C[C@@H](C(=O)O)OC2
CHEMBL549505,O=C(CCCC[C@@H]1SCC2NC(=O)NC21)Nc1ccc2c(c1)CO[C@H](C(=O)O)C2
CHEMBL557446,O=C1NC(=O)/C(=C\c2ccc(OCc3ccc(F)cc3)c(Br)c2)S1
CHEMBL556636,CC1(C)SCC(CCCCC(=O)Nc2ccc3c(c2)CO[C@H](C(=O)O)C3)S1
CHEMBL557450,O=C(CCCC[C@@H]1CCSC(c2ccccc2)(c2ccccc2)S1)Nc1ccc2c(c1)C[C@@H](C(=O)O)OC2
CHEMBL557655,O=C(CCCC[C@@H]1CCSS1)Nc1ccc2c(c1)C(=O)O[C@H](C(=O)O)C2
CHEMBL557861,CCCCO[C@@H](Cc1ccc(NC(=O)CCCC[C@@H]2CCSS2)cc1)C(=O)O
CHEMBL558886,CCCCCc1c(Oc2cc(OC)cc3c2C(=O)OC3(CCCC)OC)c(O)cc(O)c1C(=O)O
CHEMBL562970,CCCCCc1c2c(cc(OC)c1C(=O)OC)OC(=O)c1c(cc(OC)cc1C(=O)CCCC)O2
CHEMBL556909,O=C(O)c1cccc(-c2ccc(-c3nc4sc5c(c4c(=O)[nH]3)CCCC5)o2)c1
CHEMBL564092,CCOc1ccc(-c2csc(C(C#N)CNc3ccc4oc(=O)ccc4c3)n2)cc1
CHEMBL559312,O=C(CCCCc1cccs1)Nc1ccc2c(c1)C[C@@H](C(=O)O)OC2
CHEMBL556913,O=C(CCC1CSC(c2ccccc2)(c2ccccc2)S1)Nc1ccc2c(c1)CO[C@H](C(=O)O)C2
CHEMBL557393,O=C(CCCCC1CCSS1)Nc1ccc2c(c1)C[C@@H](C(=O)O)OC2
CHEMBL556914,O=C(CCCCC1CCSS1)Nc1ccc2c(c1)CO[C@H](C(=O)O)C2
CHEMBL563436,O=C(CCCC[C@@H]1CCSC(c2ccccc2)(c2ccccc2)S1)Nc1ccc2c(c1)CO[C@H](C(=O)O)C2
CHEMBL564439,CCO[C@@H](Cc1ccc(NC(=O)CCCC[C@@H]2CCSS2)cc1)C(=O)O
CHEMBL572800,O=C1NC(=O)/C(=C/c2cc(Br)ccc2OCc2ccc(C(F)(F)F)cc2)S1
CHEMBL315736,O=C1N=C(O)S/C1=C\c1ccc(OCc2ccccc2)cc1
CHEMBL139702,C=CC(C)(C)c1cc(/C=C/C(=O)c2ccc(O)cc2)c(OC)cc1O
CHEMBL141207,COc1c(/C=C/C(=O)c2ccc(O)cc2)ccc(O)c1CC=C(C)C
CHEMBL426796,O=C1NC(=O)/C(=C/c2cc(-c3ccccc3)ccc2OCc2ccccc2)S1
CHEMBL201515,CC1(C)CC[C@]2(C(=O)O)CC[C@]3(C)C(=CC[C@@H]4[C@@]5(C)C[C@@H](O)[C@H](O)C(C)(C)[C@@H]5CC[C@]43C)[C@@H]2C1
CHEMBL383749,CC1(C)CC[C@]2(C(=O)O)CC[C@]3(C)C(=CC[C@@H]4[C@@]5(C)C[C@@H](O)[C@@H](O)C(C)(C)[C@@H]5CC[C@]43C)[C@@H]2C1
CHEMBL517247,CC(C)=CCC/C(C)=C/Cc1c(O)ccc2cc(-c3cc(O)cc(O)c3CC=C(C)C)oc12
CHEMBL482673,CC1(C)CC[C@]2(C(=O)O)CC[C@]3(C)C(=CC[C@@H]4[C@@]5(C)C[C@H](O)[C@H](O)C(C)(C)[C@@H]5CC[C@]43C)[C@@H]2C1
CHEMBL562059,CC1(C)CC[C@]2(C(=O)O)CC[C@]3(C)C(=CC[C@@H]4[C@@]5(C)Cc6nccnc6C(C)(C)[C@@H]5CC[C@]43C)[C@@H]2C1
CHEMBL541940,CC1(C)CC[C@]2(C(=O)O)CC[C@]3(C)C(=CC[C@@H]4[C@@]5(C)Cc6nc7ccccc7nc6C(C)(C)[C@@H]5CC[C@]43C)[C@@H]2C1
CHEMBL555056,CC1(C)CC[C@]2(C(=O)O)CC[C@]3(C)C(=CC[C@@H]4[C@@]5(C)Cc6c([nH]c7ccccc67)C(C)(C)[C@@H]5CC[C@]43C)[C@@H]2C1
CHEMBL564896,CC(C)=CCC/C(C)=C/Cc1c(O)cc(O)cc1-c1cc2ccc(O)cc2o1
CHEMBL562810,CC(C)=CCC/C(C)=C\CC/C(C)=C\Cc1c(O)cc(O)cc1-c1cc2ccc(O)cc2o1
CHEMBL576191,O=C1NC(=O)/C(=C/c2ccc(OCc3ccc(C(F)(F)F)cc3)cc2)S1
CHEMBL582968,O=C1NC(=O)/C(=C/c2ccc(OCc3ccc(F)cc3)cc2)S1
CHEMBL572582,O=C1NC(=O)/C(=C/c2cc(Br)ccc2OCc2cccc(C(F)(F)F)c2)S1
CHEMBL572814,O=C1NC(=O)/C(=C/c2cc(Br)ccc2OCc2ccccc2C(F)(F)F)S1
CHEMBL574813,O=C1NC(=O)/C(=C/c2cc(Br)ccc2OCc2cc(C(F)(F)F)cc(C(F)(F)F)c2)S1
CHEMBL574814,O=C1NC(=O)/C(=C/c2cc(Br)ccc2OCc2ccc(F)cc2)S1
CHEMBL575024,O=C1NC(=O)/C(=C/c2ccc(OCc3ccccc3)c(Br)c2)S1
CHEMBL575025,O=C1NC(=O)/C(=C/c2ccc(OCc3ccc(C(F)(F)F)cc3)c(Br)c2)S1
CHEMBL573469,O=C1NC(=O)/C(=C/c2ccc(OCc3ccc(F)cc3)c(Br)c2)S1
CHEMBL582941,O=C1NC(=O)/C(=C/c2cc(F)ccc2OCc2ccc(C(F)(F)F)cc2)S1
CHEMBL574377,O=C1NC(=O)/C(=C/c2ccc(OCc3ccccc3)c(-c3ccccc3)c2)S1
CHEMBL575043,O=C1NC(=O)/C(=C/c2cc(F)ccc2OCc2cc(C(F)(F)F)cc(C(F)(F)F)c2)S1
CHEMBL572574,O=C1NC(=O)/C(=C/c2ccc(OCc3ccc(C(F)(F)F)cc3)c(-c3ccccc3)c2)S1
CHEMBL578429,CC1(C)CC[C@]2(C(=O)O)CC[C@]3(C)C(=CC[C@@H]4[C@@]5(C)Cc6sc(N)nc6C(C)(C)[C@@H]5CC[C@]43C)[C@@H]2C1
CHEMBL572974,CNc1ncc2c(n1)C(C)(C)[C@@H]1CC[C@]3(C)[C@H](CC=C4[C@@H]5CC(C)(C)CC[C@]5(C(=O)O)CC[C@]43C)[C@@]1(C)C2
CHEMBL573496,CC1(C)CC[C@]2(C(=O)O)CC[C@]3(C)C(=CC[C@@H]4[C@@]5(C)Cc6cnc(N)nc6C(C)(C)[C@@H]5CC[C@]43C)[C@@H]2C1
CHEMBL582862,CC1(C)CC[C@]2(C(=O)O)CC[C@]3(C)C(=CC[C@@H]4[C@@]5(C)Cc6cnoc6C(C)(C)[C@@H]5CC[C@]43C)[C@@H]2C1
CHEMBL572899,CC1(C)CC[C@]2(C(=O)O)CC[C@]3(C)C(=CC[C@@H]4[C@@]5(C)Cc6cnn(-c7ccccc7)c6C(C)(C)[C@@H]5CC[C@]43C)[C@@H]2C1
CHEMBL576164,CC1(C)CC[C@]2(C(=O)O)CC[C@]3(C)C(=CC[C@@H]4[C@@]5(C)Cc6cncnc6C(C)(C)[C@@H]5CC[C@]43C)[C@@H]2C1
CHEMBL574391,CC1(C)CC[C@]2(C(=O)O)CC[C@]3(C)C(=CC[C@@H]4[C@@]5(C)Cc6cn[nH]c6C(C)(C)[C@@H]5CC[C@]43C)[C@@H]2C1
CHEMBL574276,CC(=O)n1ncc2c1C(C)(C)[C@@H]1CC[C@]3(C)[C@H](CC=C4[C@@H]5CC(C)(C)CC[C@]5(C(=O)O)CC[C@]43C)[C@@]1(C)C2
CHEMBL572978,CCCCCC(=O)n1ncc2c1C(C)(C)[C@@H]1CC[C@]3(C)[C@H](CC=C4[C@@H]5CC(C)(C)CC[C@]5(C(=O)O)CC[C@]43C)[C@@]1(C)C2
CHEMBL583504,CC1(C)CC[C@]2(C(=O)O)CC[C@]3(C)C(=CC[C@@H]4[C@@]5(C)Cc6cnn(C(=O)c7cccnc7)c6C(C)(C)[C@@H]5CC[C@]43C)[C@@H]2C1
CHEMBL583505,CC1(C)CC[C@]2(C(=O)O)CC[C@]3(C)C(=CC[C@@H]4[C@@]5(C)Cc6cnn(C(=O)c7ccncc7)c6C(C)(C)[C@@H]5CC[C@]43C)[C@@H]2C1
CHEMBL575688,Cc1ncc2c(n1)C(C)(C)[C@@H]1CC[C@]3(C)[C@H](CC=C4[C@@H]5CC(C)(C)CC[C@]5(C(=O)O)CC[C@]43C)[C@@]1(C)C2
CHEMBL570475,CC(C)=CCc1c(O)cc(C(=O)[C@H]2[C@@H](c3c(O)ccc(C(=O)/C=C/c4ccc(O)cc4O)c3O)C=C(C)C[C@@H]2c2ccc(O)cc2O)cc1O
CHEMBL570526,CC(C)=CCc1c(O)cc(C(=O)[C@H]2[C@@H](c3c(O)ccc(C(=O)/C=C/c4ccc(O)cc4)c3O)C=C(C)C[C@@H]2c2ccc(O)cc2O)cc1O
CHEMBL570609,CC(C)=CCc1c(O)cc(C(=O)[C@H]2[C@@H](c3c(O)ccc(C(=O)/C=C/c4ccc(O)cc4)c3O)C=C(C)C[C@@H]2c2ccc(O)cc2)cc1O
CHEMBL578625,C=CC(C)(C)c1cc(/C=C/C(=O)c2ccc(OC)cc2)c(OC)cc1OC
CHEMBL578414,C=CC(C)(C)c1cc(/C=C/C(=O)c2ccc(OC(C)=O)cc2)c(OC)cc1O
CHEMBL578609,C=C(C)C(C)c1cc(/C=C/C(=O)c2ccc(O)cc2)c(OC)cc1O
CHEMBL566051,C=CC(C)(C)c1cc(/C=C/C(=O)c2ccc(OC)cc2)c(OC)cc1O
CHEMBL565371,O=C1/C(=C/c2cn(-c3ccccc3)nc2-c2ccc(S(=O)(=O)N3CCCCC3)cc2)SC(=S)N1CCS(=O)(=O)O
CHEMBL565795,O=C1/C(=C/c2cn(-c3ccccc3)nc2-c2ccc(OCc3ccc(Cl)cc3)cc2)SC(=S)N1CCS(=O)(=O)O
CHEMBL567069,O=C1/C(=C/c2cn(-c3ccccc3)nc2-c2ccc(OCc3ccccc3Cl)cc2)SC(=S)N1CCS(=O)(=O)O
CHEMBL565810,O=C1/C(=C/c2cn(-c3ccccc3)nc2-c2ccc(OCc3ccccc3)cc2)SC(=S)N1CCS(=O)(=O)O
CHEMBL584481,O=C1/C(=C/c2cn(-c3ccccc3)nc2-c2ccc(OCc3ccccc3F)cc2)SC(=S)N1CCS(=O)(=O)O
CHEMBL145,O=C(O)/C=C/c1ccc(O)c(O)c1
CHEMBL561967,CC(C)=CCc1c(O)ccc2c1OC[C@H]1c3ccc4c(c3O[C@@H]21)C=CC(C)(C)O4
CHEMBL551155,CC(C)=CCc1cc2c(cc1O)OC[C@H]1c3ccc4c(c3O[C@@H]21)C=CC(C)(C)O4
CHEMBL578396,C=CC(C)(C)c1cc(/C=C/C(=O)c2ccc(O)cc2)c(OC)cc1OC
CHEMBL571205,C=CC(C)(C)c1cc(/C=C/C(=O)c2ccc(O)cc2)c(OC)cc1OC(C)=O
CHEMBL569456,C=CC(C)(C)c1cc(/C=C/C(=O)c2ccc(OC)cc2)c(OC)cc1OC(C)=O
CHEMBL571219,C=CC(C)(C)c1cc(/C=C/C(=O)c2ccc(OC(C)=O)cc2)c(OC)cc1OC
CHEMBL599646,CCOC(=O)c1c(-c2ccc(-c3ccccc3)cc2)csc1NC(=O)c1ccccc1C(=O)O
CHEMBL598832,CCc1oc2cc(S(=O)(=O)Nc3nccs3)ccc2c1C(=O)c1cc(Br)c(O)c(Br)c1
CHEMBL596979,CC(C)OC(=O)c1c(-c2ccc3ccccc3c2)csc1NC(=O)C1C2CCC(C2)C1C(=O)O
CHEMBL590043,Cn1c(-c2ccccc2)c(-c2cn(CCC(=O)Nc3ccc(-c4ccccc4)cc3)nn2)c2cc(C(=O)O)c(O)cc21
CHEMBL598217,CC(C)OC(=O)c1c(-c2ccc(-c3ccccc3)cc2)csc1NC(=O)C1C2C=CC(C2)C1C(=O)O
CHEMBL597408,CC(C)OC(=O)c1c(-c2ccc(-c3ccccc3)cc2)csc1NC(=O)c1ccccc1C(=O)O
CHEMBL603479,CC(C)OC(=O)c1c(-c2ccc(-c3ccc(Cl)cc3)cc2)csc1NC(=O)C1C2C=CC(C2)C1C(=O)O
CHEMBL599256,CCOC(=O)c1c(-c2ccc(-c3ccccc3OC)cc2)csc1NC(=O)c1ccccc1C(=O)O
CHEMBL599257,CCOC(=O)c1c(-c2ccc(-c3cccc(OC)c3)cc2)csc1NC(=O)c1ccccc1C(=O)O
CHEMBL603684,CCOC(=O)c1c(-c2ccc(-c3ccc(OC)cc3)cc2)csc1NC(=O)c1ccccc1C(=O)O
CHEMBL592693,CCOC(=O)c1c(-c2ccc(-c3ccc(F)cc3)cc2)csc1NC(=O)c1ccccc1C(=O)O
CHEMBL602231,CCOC(=O)c1c(-c2ccc(-c3ccc(F)c(Cl)c3)cc2)csc1NC(=O)c1ccccc1C(=O)O
CHEMBL601281,CC(C)OC(=O)c1c(-c2cccc(-c3ccccc3)c2)csc1NC(=O)c1ccccc1C(=O)O
CHEMBL590235,COC(CC(C)C)c1ccc2ccc(-c3ccc(C(Cc4ccc(C(F)(F)P(=O)(O)O)cc4)(c4ccccc4)n4nnc5ccccc54)cc3)c(P(=O)(O)O)c2n1
CHEMBL590103,Cc1ccccc1S(=O)(=O)N(Cc1ccc(C(=O)C(F)(F)P(=O)(O)O)cc1)Cc1ccc(C(=O)C(F)(F)P(=O)(O)O)cc1
CHEMBL606859,Cc1nc(-c2ccc(Cl)cc2)sc1CCc1cccc(C(O)(C(=O)O)C(F)(F)F)c1
CHEMBL590480,CCC(CC)c1ccc(N(Cc2cccc(-c3ccc(COc4ccc(C[C@H](NC(C)=O)C(=O)O)cc4)cc3)c2)C(C)C)cc1
CHEMBL592245,Cc1cc(C[C@H](NS(=O)(=O)c2ccccc2)c2nc3ccccc3[nH]2)ccc1N1CC(=O)NS1(=O)=O
CHEMBL607027,O=C1C[C@@H](c2ccc(C[C@H](Nc3nc4ccccc4s3)c3nc4ccccc4[nH]3)cc2F)S(=O)(=O)N1
CHEMBL590689,Cc1cc(CC(NS(=O)(=O)c2cccc(F)c2)C2=N[C@H](CCOc3ccccc3S(C)(=O)=O)CN2)ccc1C1CC(=O)NS1(=O)=O
CHEMBL592290,O=C1CN(c2c(O)cc(CC3CCCCC3)cc2F)S(=O)(=O)C1
CHEMBL604457,CS(=O)(=O)OC1C(Cl)CCCC1Cc1ccc(N2CC(=O)CS2(=O)=O)c(O)c1
CHEMBL601290,O=C1CN(c2cc(-c3ccc[nH]3)ccc2O)S(=O)(=O)N1
CHEMBL591978,O=C1CN(Cc2ccc(-c3cccc(N4CCc5ccc(F)cc54)c3)cc2)S(=O)(=O)N1
CHEMBL605283,O=S(=O)(Nc1ccc(Oc2ccc(Oc3ccc(NS(=O)(=O)C(F)(F)F)cc3)cc2)cc1)C(F)(F)F
CHEMBL590155,CCc1csc([C@H](Cc2ccc(NS(=O)(=O)O)cc2)NC(=O)[C@H](CC(C)C)C(=O)OC)n1
CHEMBL602117,O=S(=O)(O)C(F)(F)c1cccc(-c2ccc(-c3ccccc3)cc2)c1
CHEMBL601733,COc1cc(/C=C2\SC(=S)N(c3cccc(Cl)c3)C2=O)cc([N+](=O)[O-])c1O
CHEMBL1082094,CCCCN(CCCC)CC1(COCC)COc2ccc3c(C)cc(=O)oc3c2C1=O
CHEMBL1076247,CCOCC1(CN2CCN(C)CC2)COc2ccc3c(C)cc(=O)oc3c2C1=O
CHEMBL1079387,CCOCC1(CN2CCN(c3ccccc3)CC2)COc2ccc3c(C)cc(=O)oc3c2C1=O
CHEMBL1081369,CCOCC1(CN2CCN(c3ccccn3)CC2)COc2ccc3c(C)cc(=O)oc3c2C1=O
CHEMBL1076430,COc1ccc2c(c1CC=C(C)C)O[C@H]1c3ccc(O)cc3OC[C@@]21OC
CHEMBL1087027,CC(C)=CCc1c(O)ccc2c1OC[C@H]1c3ccc(O)cc3O[C@@H]21
CHEMBL1087148,CC(C)=CCc1c(O)ccc2c1OC[C@H]1c3ccc4c(c3O[C@@H]21)OC(C)(C)C=C4
CHEMBL1077922,Cc1cc(=O)oc2c3c(ccc12)OCC(CO)(CN1CCOCC1)C3=O
CHEMBL1081672,Cc1cc(=O)oc2c3c(ccc12)OCC(CO)(CN1CCCCC1)C3=O
CHEMBL1080948,Cc1cc(=O)oc2c3c(ccc12)OCC(CO)(CN1CCCC1)C3=O
CHEMBL1080949,CCOCC1(CN2CCOCC2)COc2ccc3c(C)cc(=O)oc3c2C1=O
CHEMBL1080227,CCOCC1(CN2CCCCC2)COc2ccc3c(C)cc(=O)oc3c2C1=O
CHEMBL1080228,CCOCC1(CN2CCCC2)COc2ccc3c(C)cc(=O)oc3c2C1=O
CHEMBL1080229,CCOCC1(CN(CC)CC)COc2ccc3c(C)cc(=O)oc3c2C1=O
CHEMBL1098728,CC1(C)C=Cc2cc3c(cc2O1)OC[C@H]1c2ccc(O)cc2O[C@@H]31
CHEMBL374279,COc1ccc(OC)c(C(=O)/C=C/c2cccc3ccccc23)c1
CHEMBL441861,COc1ccc(OC)c(C(=O)/C=C/c2ccc3ccccc3c2)c1
CHEMBL217931,COc1ccc(C(=O)/C=C/c2ccc3ccccc3c2)cc1OC
CHEMBL487051,O=C(/C=C/c1cccc2ccccc12)c1ccccc1O
CHEMBL484145,COc1cc(C(=O)/C=C/c2ccc3ccccc3c2)ccc1O
CHEMBL1086764,CC(C)=CCc1cc2c(cc1O)OC[C@@]1(O)c3ccc4c(c3O[C@@H]21)C=CC(C)(C)O4
CHEMBL1086765,CC(C)=CCc1cc2c(cc1O)O[C@H]1c3ccc(O)c(CC=C(C)C)c3OC[C@@H]21
CHEMBL1088462,COc1ccc2c(c1CC=C(C)C)O[C@H]1c3cc(CC=C(C)C)c(O)cc3OC[C@@]21O
CHEMBL1077438,CCCCCCCCCCCCCCCc1cc(O[C@@H]2O[C@H](CO)[C@@H](O)[C@H](O)[C@H]2O)cc(O)c1C(=O)Oc1cc(C)c(C(=O)O)c(O)c1
CHEMBL1077439,CCCCCCCCCCCCCCCc1cc(O[C@@H]2O[C@H](CO)[C@@H](O)[C@H](O)[C@H]2O)cc(O)c1C(=O)Oc1cc(C)c(C(=O)OC)c(O)c1
CHEMBL1078307,CCCCCCCCCCCCCCCc1cc(O)cc(O)c1C(=O)Oc1cc(C)c(C(=O)O)c(O)c1
CHEMBL1078662,CCCCCCCCCCCCCCCc1cc(O[C@@H]2O[C@H](CO)[C@@H](O)[C@H](O)[C@H]2O)cc(O)c1C(=O)O
CHEMBL1097390,CCCCCCCCCCCCCCCCCC(=O)c1cc(C(=O)Nc2ccsc2C(=O)OC)[nH]n1
CHEMBL1097720,CCCCCCCCCCCCCCCCCC(=O)c1cc(C(=O)Nc2ccccc2C(=O)O)[nH]n1
CHEMBL1095726,CCCCCCCCCCCCCCCCCC(=O)c1cc(C(=O)Nc2ccsc2C(=O)O)[nH]n1
CHEMBL1099219,CCCCCCCCCCCCCCCCCC(=O)c1n[nH]c2c1C(=O)N(c1ccccc1)C2=O
CHEMBL1098845,CCCCCCCCCCCCCCCCCC(=O)c1cc(C(=O)Nc2ccccc2C(=O)OC)[nH]n1
CHEMBL1082937,O=C(O)[C@H](Oc1ccc(-c2ccc(-c3c(Cc4ccc(O)cc4O)sc4ccccc34)cc2)cc1)c1ccccc1
CHEMBL1086020,O=C(O)/C=C/C(=O)Nc1cc(-c2ccc(-c3c(Cc4ccccc4)oc4ccccc34)cc2)ccc1O
CHEMBL1086279,CCCCc1sc2ccccc2c1-c1ccc(-c2ccc(OCC(=O)O)cc2)cc1
CHEMBL1164073,CC1(C)CC(=O)C2=C(C1)NC(c1ccccc1)=CC2c1ccc(Cl)cc1
CHEMBL1164300,CC1(C)CC(=O)C2=C(C1)NC(c1ccccc1)=CC2c1ccc([N+](=O)[O-])cc1
CHEMBL1165682,CCOC(=O)C1=CC(c2ccc(F)cc2)C2=C(CC(C)(C)CC2=O)N1
CHEMBL1164164,CCOC(=O)C1=CC(c2ccc(Br)cc2)C2=C(CC(C)(C)CC2=O)N1
CHEMBL1163992,CC(C)=C[C@H]1C[C@@](O)([C@H]2CC[C@@H]3[C@@H]2CC[C@H]2[C@@]3(C)CC[C@H]3C(C)(C)[C@@H](O)CC[C@]23C)C(=O)O1
CHEMBL1164174,CC(=O)[C@H]1CC[C@]2(C)[C@H]3CC[C@H]4[C@@H](CC[C@@H]4[C@@]4(O)C[C@@H](C=C(C)C)OC4=O)[C@]3(C)CC[C@H]2C1(C)C
CHEMBL1163226,CCC(=O)[C@H]1CC[C@]2(C)[C@H]3CC[C@H]4[C@@H](CC[C@@H]4[C@@]4(O)C[C@@H](C=C(C)C)OC4=O)[C@]3(C)CC[C@H]2C1(C)C
CHEMBL1164021,CCCCC(=O)[C@H]1CC[C@]2(C)[C@H]3CC[C@H]4[C@@H](CC[C@@H]4[C@@]4(O)C[C@@H](C=C(C)C)OC4=O)[C@]3(C)CC[C@H]2C1(C)C
CHEMBL1164299,CC(C)=C[C@@H]1C[C@](O)([C@H]2CC[C@@H]3[C@@H]2CC[C@H]2[C@@]3(C)CC[C@H]3C(C)(C)[C@@H](C(=O)c4ccccc4)CC[C@]23C)C(=O)O1
CHEMBL1163227,CC(C)=C[C@@H]1C[C@](O)([C@H]2CC[C@@H]3[C@@H]2CC[C@H]2[C@@]3(C)CC[C@H]3C(C)(C)[C@@H](OC(=O)c4ccccn4)CC[C@]23C)C(=O)O1
CHEMBL1163233,COc1ccccc1C(=O)O[C@H]1CC[C@]2(C)[C@H]3CC[C@H]4[C@@H](CC[C@@H]4[C@@]4(O)C[C@@H](C=C(C)C)OC4=O)[C@]3(C)CC[C@H]2C1(C)C
CHEMBL1164828,COc1cccc(C(=O)O[C@H]2CC[C@]3(C)[C@H]4CC[C@H]5[C@@H](CC[C@@H]5[C@@]5(O)C[C@@H](C=C(C)C)OC5=O)[C@]4(C)CC[C@H]3C2(C)C)c1
CHEMBL1164944,COc1ccc(C(=O)O[C@H]2CC[C@]3(C)[C@H]4CC[C@H]5[C@@H](CC[C@@H]5[C@@]5(O)C[C@@H](C=C(C)C)OC5=O)[C@]4(C)CC[C@H]3C2(C)C)cc1
CHEMBL1164945,CC(C)=C[C@@H]1C[C@](O)([C@H]2CC[C@@H]3[C@@H]2CC[C@H]2[C@@]3(C)CC[C@H]3C(C)(C)[C@@H](OC(=O)c4ccccc4[N+](=O)[O-])CC[C@]23C)C(=O)O1
CHEMBL1163235,CC(C)=C[C@@H]1C[C@](O)([C@H]2CC[C@@H]3[C@@H]2CC[C@H]2[C@@]3(C)CC[C@H]3C(C)(C)[C@@H](OC(=O)c4cccc([N+](=O)[O-])c4)CC[C@]23C)C(=O)O1
CHEMBL1164947,CC(C)=C[C@@H]1C[C@](O)([C@H]2CC[C@@H]3[C@@H]2CC[C@H]2[C@@]3(C)CC[C@H]3C(C)(C)[C@@H](OC(=O)c4ccc([N+](=O)[O-])cc4)CC[C@]23C)C(=O)O1
CHEMBL1164948,CC(C)=C[C@@H]1C[C@](O)([C@H]2CC[C@@H]3[C@@H]2CC[C@H]2[C@@]3(C)CC[C@H]3C(C)(C)[C@@H](OC(=O)c4ccc([N+](=O)[O-])cc4[N+](=O)[O-])CC[C@]23C)C(=O)O1
CHEMBL1163236,CC(C)=C[C@@H]1C[C@](O)([C@H]2CC[C@@H]3[C@@H]2CC[C@H]2[C@@]3(C)CC[C@H]3C(C)(C)[C@@H](OC(=O)c4cccc(C(=O)O)c4)CC[C@]23C)C(=O)O1
CHEMBL1163239,CC(C)=C[C@@H]1C[C@](O)([C@H]2CC[C@@H]3[C@@H]2CC[C@H]2[C@@]3(C)CC[C@H]3C(C)(C)[C@@H](OC(=O)c4ccc(C(=O)O)cc4)CC[C@]23C)C(=O)O1
CHEMBL1163240,CC(C)=C[C@@H]1C[C@](O)([C@H]2CC[C@@H]3[C@@H]2CC[C@H]2[C@@]3(C)CC[C@H]3C(C)(C)[C@@H](OC(=O)c4ccc(C(=O)O)c([N+](=O)[O-])c4)CC[C@]23C)C(=O)O1
CHEMBL1164263,CC(C)=C[C@@H]1C[C@](O)([C@H]2CC[C@@H]3[C@@H]2CC[C@H]2[C@@]3(C)CC[C@H]3C(C)(C)C(=O)CC[C@]23C)C(=O)O1
CHEMBL1163241,CC(C)=C[C@@H]1C[C@](O)([C@H]2CC[C@@H]3[C@@H]2CC[C@H]2[C@@]3(C)CC[C@H]3C(C)(C)C(NCc4cc(F)cc(F)c4)CC[C@]23C)C(=O)O1
CHEMBL1163220,CC(C)=C[C@@H]1C[C@](O)([C@H]2CC[C@@H]3[C@@H]2CC[C@H]2[C@@]3(C)CC[C@H]3C(C)(C)C(NCc4ccc([N+](=O)[O-])cc4)CC[C@]23C)C(=O)O1
CHEMBL1164260,CC(C)=C[C@@H]1C[C@](O)([C@H]2CC[C@@H]3[C@@H]2CC[C@H]2[C@@]3(C)CC[C@H]3C(C)(C)[C@@H](O)CC[C@]23C)C(=O)O1
CHEMBL1163827,CC1(C)CC(=O)C2=C(C1)NC(c1ccccc1)=CC2c1ccc(F)cc1
CHEMBL1165715,COc1ccc(C2C=C(c3ccccc3)NC3=C2C(=O)CC(C)(C)C3)cc1
CHEMBL1164873,O=C1CCCC2=C1C(c1ccc(F)cc1)C=C(c1ccccc1)N2
CHEMBL1164874,Cc1ccc(C2=CC(c3ccccc3)C3=C(CC(C)(C)CC3=O)N2)cc1
CHEMBL1163709,CC1(C)CC(=O)C2=C(C1)NC(c1ccccc1)=CC2c1ccco1
CHEMBL1223582,COc1c(CC=C(C)C)c(O)cc(O)c1-c1oc2cc(O)ccc2c1C
CHEMBL301982,CC1=C(O)C(=O)C=C2C1=CC=C1[C@@]2(C)CC[C@@]2(C)[C@@H]3C[C@](C)(C(=O)O)CC[C@]3(C)CC[C@]12C
CHEMBL206710,O=C(OC[C@H]1O[C@H](OC(=O)c2cc(O)c(O)c(O)c2)[C@H](OC(=O)c2cc(O)c(O)c(O)c2)[C@@H](OC(=O)c2cc(O)c(O)c(O)c2)[C@@H]1OC(=O)c1cc(O)c(O)c(O)c1)c1cc(O)c(O)c(O)c1
CHEMBL230006,CC1(C)[C@@H](O)CC[C@]2(C)[C@H]3C(=O)C=C4[C@@H]5C[C@@](C)(C(=O)O)CC[C@]5(C)CC[C@@]4(C)[C@]3(C)CC[C@@H]12
CHEMBL491515,CC(C)=CCc1cc(-c2coc3cc(O)cc(O)c3c2=O)cc(O)c1O
CHEMBL508583,CC(C)[C@@H](CC[C@@H](C)[C@H]1CC[C@H]2[C@@H]3[C@H](O)C[C@H]4C[C@@H](NCCCNCCCCNCCCN)CC[C@]4(C)[C@H]3CC[C@]12C)OS(=O)(=O)O
CHEMBL506929,CC(C)=CCc1cc2c(=O)cc(-c3ccc(O)cc3)oc2cc1O
CHEMBL1756,C[C@]12CC[C@@H]3c4ccc(OC(=O)N(CCCl)CCCl)cc4CC[C@H]3[C@@H]1CC[C@@H]2OP(=O)(O)O
CHEMBL611368,COc1c(CC=C(C)C)c(O)cc2oc(-c3ccc(O)cc3O)cc12
CHEMBL1223641,COc1cc(O)cc2occ(-c3cc(O)c(O)c(CC=C(C)C)c3)c(=O)c12
CHEMBL1223642,COc1c(CC=C(C)C)c(O)cc2oc(=O)c(-c3ccc(O)cc3O)cc12
CHEMBL1232829,CCc1oc2cc(S(=O)(=O)Nc3ccc(S(=O)(=O)Nc4nccs4)cc3)ccc2c1C(=O)c1cc(Br)c(O)c(Br)c1
CHEMBL1240534,O=C(O)C(=O)c1ccc(OCc2ccc(COc3ccc(C(=O)C(=O)O)cc3)c(C(=O)Nc3ccc(Oc4ccc(-c5ccccc5)cc4)cc3)c2)cc1
CHEMBL1240789,O=C(O)C(=O)c1ccc(OCc2ccc(COc3ccc(C(=O)C(=O)O)cc3)c(C(=O)Nc3ccc(Oc4ccc(SC(F)(F)F)cc4)cc3)c2)cc1
CHEMBL1240790,CCc1ccc(Oc2ccc(NC(=O)c3cc(COc4ccc(C(=O)C(=O)O)cc4)ccc3COc3ccc(C(=O)C(=O)O)cc3)cc2)cc1
CHEMBL1240791,CCCCCCc1ccc(Oc2ccc(NC(=O)c3cc(COc4ccc(C(=O)C(=O)O)cc4)ccc3COc3ccc(C(=O)C(=O)O)cc3)cc2)cc1
CHEMBL1241314,O=C(O)c1cccc2c1oc1ccc(-c3csc(-c4cc(Br)c(C(=O)[C@H](Cc5ccccc5)C(=O)O)c(Br)c4)n3)cc12
CHEMBL1241315,CCc1cc(C[C@H]2NC(=O)CN(CCCCOc3cccc(O)c3C(=O)OC)C2=O)ccc1N(C(=O)C(=O)O)c1ccccc1C(=O)O
CHEMBL1241469,O=C(O)/C=C/c1cccc(-c2nc(-c3ccc4oc5c(C(=O)O)cccc5c4c3)cs2)c1
CHEMBL1241658,Cc1nc(-c2ccc(Cl)cc2)sc1OCCc1cc(C(O)(C(=O)O)C(F)(F)F)ccc1OCc1ccccc1
CHEMBL1242362,O=C(O)c1cccc2c1oc1ccc(-c3csc(-c4ccc(N5CCCC5)cc4)n3)cc12
CHEMBL1242363,CN(C)c1ccc(-c2nc(-c3ccc4oc5c(C(=O)O)cccc5c4c3)cs2)cc1
CHEMBL1242457,Nc1ccc(-c2nc(-c3ccc4oc5c(C(=O)O)cccc5c4c3)cs2)cc1
CHEMBL1242458,Cc1ccc(-c2nc(-c3ccc4oc5c(C(=O)O)cccc5c4c3)cs2)cc1
CHEMBL1242552,O=C(O)c1cccc2c1oc1ccc(-c3csc(-c4ccc([N+](=O)[O-])cc4)n3)cc12
CHEMBL1242553,O=C(O)c1cccc2c1oc1ccc(-c3csc(-c4ccc(N5CCCCC5)cc4)n3)cc12
CHEMBL1242642,O=C(O)c1cccc2c1oc1ccc(-c3csc(-c4ccc(N5CCOCC5)cc4)n3)cc12
CHEMBL1242643,CC1CN(c2ccc(-c3nc(-c4ccc5oc6c(C(=O)O)cccc6c5c4)cs3)cc2)CC(C)O1
CHEMBL1242735,O=C(O)c1ccc(-c2nc(-c3ccc4oc5c(C(=O)O)cccc5c4c3)cs2)cc1
CHEMBL1242736,O=C(O)c1cccc2c1oc1ccc(-c3csc(-c4ccc(I)cc4)n3)cc12
CHEMBL1242826,O=C(O)c1cccc2c1oc1ccc(-c3csc(-c4cccc(I)c4)n3)cc12
CHEMBL1242827,O=C(O)/C=C/c1ccc(-c2nc(-c3ccc4oc5c(C(=O)O)cccc5c4c3)cs2)cc1
CHEMBL1631839,CC1(C)CC[C@]2(COC(=O)CC(=O)O)CC[C@]3(C)C(=CC[C@@H]4[C@@]5(C)CCC(=O)C(C)(C)[C@@H]5CC[C@]43C)[C@@H]2C1
CHEMBL1631840,CC1(C)CC[C@]2(COC(=O)CCC(=O)O)CC[C@]3(C)C(=CC[C@@H]4[C@@]5(C)CCC(=O)C(C)(C)[C@@H]5CC[C@]43C)[C@@H]2C1
CHEMBL1631841,CC1(C)CC[C@]2(COC(=O)CCCC(=O)O)CC[C@]3(C)C(=CC[C@@H]4[C@@]5(C)CCC(=O)C(C)(C)[C@@H]5CC[C@]43C)[C@@H]2C1
CHEMBL1631844,CC1(C)CC[C@]2(COC(=O)c3ccccc3C(=O)O)CC[C@]3(C)C(=CC[C@@H]4[C@@]5(C)CCC(=O)C(C)(C)[C@@H]5CC[C@]43C)[C@@H]2C1
CHEMBL1650889,COc1ccc(-c2oc3cc(O)c(C(=O)O)cc3c2-c2cn(CCCC(=O)Nc3cccc4ccccc34)nn2)cc1
CHEMBL1650891,Cc1ccc(-c2oc3cc(O)c(C(=O)O)cc3c2-c2cn(CCCC(=O)Nc3ccc(Cl)c4ccccc34)nn2)cc1
CHEMBL1650892,Cc1ccc(-c2oc3cc(O)c(C(=O)O)cc3c2-c2cn(CCCC(=O)Nc3cccc4ccccc34)nn2)cc1
CHEMBL1650893,COc1ccc2nc(NC(=O)CCCn3cc(-c4c(-c5cccc(C)c5)oc5cc(O)c(C(=O)O)cc45)nn3)sc2c1
CHEMBL1650918,COC(=O)c1cc2c(-c3cn(CCCC(=O)Nc4ccc(Cl)c5ccccc45)nn3)c(-c3ccccc3)oc2cc1O
CHEMBL1667953,O=C(O)[C@H](CO)n1cc(CO[C@@H]2O[C@H](COCc3ccccc3)[C@@H](OCc3ccccc3)[C@H](OCc3ccccc3)[C@H]2OCc2ccccc2)nn1
CHEMBL1667954,C[C@@H](O)[C@@H](CO)n1cc(CO[C@@H]2O[C@H](COCc3ccccc3)[C@@H](OCc3ccccc3)[C@H](OCc3ccccc3)[C@H]2OCc2ccccc2)nn1
CHEMBL1667955,O=C(O)[C@H](CO)n1cc(CO[C@@H]2O[C@H](COCc3ccccc3)[C@H](OCc3ccccc3)[C@H](OCc3ccccc3)[C@H]2OCc2ccccc2)nn1
CHEMBL1667956,C[C@@H](O)[C@@H](C(=O)O)n1cc(CO[C@@H]2O[C@H](COCc3ccccc3)[C@H](OCc3ccccc3)[C@H](OCc3ccccc3)[C@H]2OCc2ccccc2)nn1
CHEMBL1667957,O=C(O)[C@H](Cc1ccccc1)n1cc(CO[C@@H]2O[C@H](COCc3ccccc3)[C@@H](OCc3ccccc3)[C@H](OCc3ccccc3)[C@H]2OCc2ccccc2)nn1
CHEMBL1667958,O=C(O)[C@H](Cc1ccc(O)cc1)n1cc(CO[C@@H]2O[C@H](COCc3ccccc3)[C@@H](OCc3ccccc3)[C@H](OCc3ccccc3)[C@H]2OCc2ccccc2)nn1
CHEMBL1667959,O=C(O)[C@H](Cc1ccccc1)n1cc(CO[C@@H]2O[C@H](COCc3ccccc3)[C@H](OCc3ccccc3)[C@H](OCc3ccccc3)[C@H]2OCc2ccccc2)nn1
CHEMBL1667960,O=C(O)[C@H](Cc1ccc(O)cc1)n1cc(CO[C@@H]2O[C@H](COCc3ccccc3)[C@H](OCc3ccccc3)[C@H](OCc3ccccc3)[C@H]2OCc2ccccc2)nn1
CHEMBL1765346,CN(CCCCCl)P(=O)(OCc1cc([N+](=O)[O-])co1)C(F)(F)c1ccc(CC(=O)N[C@@H](CC(=O)O)C(=O)N[C@@H](Cc2ccc(C(F)(F)P(=O)(OCc3ccc([N+](=O)[O-])o3)N(C)CCCCCl)cc2)C(N)=O)cc1
CHEMBL1765347,CCCCCNC(=O)[C@H](Cc1ccc([C@@H]2CC(=O)NS2(=O)=O)cc1)NC(=O)[C@H](Cc1ccccc1)NC(=O)Cc1ccc(OC)cc1
CHEMBL19332,O=C(O)C(=O)CC(=O)c1ccccc1
CHEMBL18927,O=C(O)C(=O)CC(=O)c1cccc(OCc2ccccc2)c1
CHEMBL145280,O=C(O)C(=O)CC(=O)c1cccc(Cc2ccccc2F)c1
CHEMBL364328,O=C(O)C(=O)CC(=O)c1ccccc1F
CHEMBL1234135,O=C(O)C(=O)CC(=O)c1cccc(N(Cc2ccccc2)Cc2ccccc2)c1
CHEMBL1765348,O=C(O)C(=O)CC(=O)c1ccc(C(F)(F)F)cc1
CHEMBL1765349,O=C(O)c1ccc(COc2cccc(/C=C3\S/C(=N\c4ccccc4)N(Cc4ccc(C(=O)O)cc4)C3=O)c2)cc1
CHEMBL1765350,CCCC(CCC)c1ccc(OCc2ccc(-c3csc(CN(CC(=O)O)Cc4ncc(C(C)(C)C)s4)n3)cc2)cc1
CHEMBL1765359,C/C(=C1\C=CC=N1)c1ccc(-c2ccc[nH]2)o1
CHEMBL1766712,O=C(O)c1ccc(/C=N/OCc2ccc(-c3cccc(C(F)(F)P(=O)(O)O)c3)cc2)o1
CHEMBL1778898,COc1cc(O)c(Br)cc1/C=C/C(=O)c1ccc(O)cc1
CHEMBL1778899,COc1ccc(C(=O)/C=C/c2cc(Br)c(O)cc2OC)cc1
CHEMBL1778900,COc1cccc(C(=O)/C=C/c2cc(Br)c(O)cc2OC)c1
CHEMBL1778901,CCCCOc1ccc(C(=O)/C=C/c2cc(Br)c(O)cc2OC)cc1
CHEMBL1778902,COc1cc(O)c(Br)cc1/C=C/C(=O)c1ccc(OCC=C(C)C)cc1
CHEMBL1778903,COc1cc(O)c(Br)cc1/C=C/C(=O)c1ccc(OCc2ccccc2)cc1
CHEMBL1778904,CCOC(=O)COc1ccc(C(=O)/C=C/c2cc(Br)c(O)cc2OC)cc1
CHEMBL1778905,CCOC(=O)CCCOc1ccc(C(=O)/C=C/c2cc(Br)c(O)cc2OC)cc1
CHEMBL1778907,COc1cc(O)c(Br)cc1/C=C/C(=O)c1ccc(OCCCC(=O)O)cc1
CHEMBL1778908,COc1cc(O)c(Br)cc1/C=C/C(=O)c1ccc(OC(=O)c2ccccc2)cc1
CHEMBL1778909,COc1cc(O)c(Br)cc1/C=C/C(=O)c1ccc(OC(=O)c2ccc(Br)cc2)cc1
CHEMBL1778910,COc1cc(O)c(Br)cc1/C=C/C(=O)c1ccc(OC(=O)c2ccc(C(C)(C)C)cc2)cc1
CHEMBL1778911,COc1cc(O)c(Br)cc1/C=C/C(=O)c1ccc(OS(=O)(=O)c2ccc(C)cc2)cc1
CHEMBL1778912,COc1cc(O)c(Br)cc1/C=C/C(=O)c1ccc(OS(C)(=O)=O)cc1
CHEMBL1778913,COc1cc(O)c(Br)cc1/C=C/C(=O)c1ccc(N)cc1
CHEMBL1778914,COc1cc(O)c(Br)cc1/C=C/C(=O)c1cccc(N)c1
CHEMBL1778916,COc1cc(O)c(Br)cc1/C=C/C(=O)c1ccccc1N(C)C
CHEMBL1778917,COc1cc(O)c(Br)cc1/C=C/C(=O)c1cccc(N(C)C)c1
CHEMBL1778918,COc1cc(O)c(Br)cc1/C=C/C(=O)c1cc2c(cc1N(C)C)OCO2
CHEMBL1778919,C=CCN(CC=C)c1ccc(C(=O)/C=C/c2cc(Br)c(O)cc2OC)cc1
CHEMBL1778920,C=CCN(CC=C)c1ccccc1C(=O)/C=C/c1cc(Br)c(O)cc1OC
CHEMBL1778921,C=CCN(CC=C)c1cccc(C(=O)/C=C/c2cc(Br)c(O)cc2OC)c1
CHEMBL1778922,COc1cc(O)c(Br)cc1/C=C/C(=O)c1ccc(N2CCCCC2)cc1
CHEMBL1778923,COc1cc(O)c(Br)cc1/C=C/C(=O)c1ccccc1N1CCCCC1
CHEMBL1778924,COc1cc(O)c(Br)cc1/C=C/C(=O)c1cccc(N2CCCCC2)c1
CHEMBL1778925,COc1cc(O)c(Br)cc1/C=C/C(=O)c1ccc(-n2cccn2)cc1
CHEMBL1778926,COc1cc(O)c(Br)cc1/C=C/C(=O)c1ccc(N2CCOCC2)cc1
CHEMBL1778927,COc1cc(O)c(Br)cc1/C=C/C(=O)c1cccc(NS(C)(=O)=O)c1
CHEMBL1778928,COc1cc(O)c(Br)cc1/C=C/C(=O)c1ccc(NC(=O)c2ccc(C(C)(C)C)cc2)cc1
CHEMBL1778929,C=CCc1cc(C(=O)/C=C/c2cc(Br)c(O)cc2OC)ccc1O
CHEMBL1778930,COc1cc(O)c(Br)cc1/C=C/C(=O)c1ccc(O)c(CC=C(C)C)c1
CHEMBL1778931,C=C(C)C(C)c1cc(C(=O)/C=C/c2cc(Br)c(O)cc2OC)ccc1O
CHEMBL1779050,C=CCc1cc(C(=O)/C=C/c2cc(Br)c(O)cc2OC)ccc1OC
CHEMBL1779051,COc1cc(O)c(Br)cc1/C=C/C(=O)c1ccc(OC)c(CC=C(C)C)c1
CHEMBL1779052,C=C(C)C(C)c1cc(C(=O)/C=C/c2cc(Br)c(O)cc2OC)ccc1OC
CHEMBL1779053,C=C(C)C(C)c1cc(C(=O)/C=C/c2cc(Br)c(O)cc2OC)ccc1OCC=C(C)C
CHEMBL1779054,C=C(C)C(C)c1cc(C(=O)/C=C/c2cc(Br)c(O)cc2O)ccc1OC
CHEMBL1779055,C=C(C)C(C)c1cc(C(=O)/C=C/c2cc(Br)c(OC3CCCCO3)cc2OC)ccc1O
CHEMBL1779056,C=C(C)C(C)c1cc(C(=O)/C=C/c2cc(Br)c(OC3CCCCO3)cc2O)ccc1OC
CHEMBL1779057,C=C(C)[C@H](C)c1cc(/C=C/C(=O)c2ccc(O)cc2)c(OC)cc1O
CHEMBL1783767,COc1ccc(-c2cc(-c3ccccc3)no2)c(OCCCC(=O)O)c1
CHEMBL1783771,COc1ccc(-c2cc(-c3ccccc3)no2)c(O)c1
CHEMBL1783772,COc1ccc(-c2cc(-c3ccccc3)no2)c(OCCN(C)C)c1
CHEMBL1783773,CCN(CC)CCOc1cc(OC)ccc1-c1cc(-c2ccccc2)no1
CHEMBL1783774,COc1ccc(-c2cc(-c3ccccc3)no2)c(OCCN(C(C)C)C(C)C)c1
CHEMBL1783775,COc1ccc(-c2cc(-c3ccccc3)no2)c(OCCN2CCOCC2)c1
CHEMBL1783776,COc1ccc(-c2cc(-c3ccccc3)no2)c(OCCN2CCCC2)c1
CHEMBL1783777,COc1ccc(-c2cc(-c3ccccc3)no2)c(OCCN2CCCCC2)c1
CHEMBL1783778,COc1ccc(-c2cc(-c3ccccc3)no2)c(OCCCCl)c1
CHEMBL1783779,COc1ccc(-c2cc(-c3ccccc3)no2)c(OCCCN(C)C)c1
CHEMBL1783780,CCN(CC)CCCOc1cc(OC)ccc1-c1cc(-c2ccccc2)no1
CHEMBL1783781,CCCCN(C)CCCOc1cc(OC)ccc1-c1cc(-c2ccccc2)no1
CHEMBL1783782,COc1ccc(-c2cc(-c3ccccc3)no2)c(OCCCN2CCCC2)c1
CHEMBL1783783,COc1ccc(-c2cc(-c3ccccc3)no2)c(OCCCN2CCCCC2)c1
CHEMBL1783784,CCOC(=O)COc1cc(OC)ccc1-c1cc(-c2ccccc2)no1
CHEMBL1783785,CCOC(=O)CCCOc1cc(OC)ccc1-c1cc(-c2ccccc2)no1
CHEMBL1783786,COc1ccc(-c2cc(-c3ccccc3)no2)c(OCC(=O)O)c1
CHEMBL1783787,COc1ccc(-c2cc(-c3ccccc3)no2)c(OCC2CO2)c1
CHEMBL1783788,CCN(CC)CC(O)COc1cc(OC)ccc1-c1cc(-c2ccccc2)no1
CHEMBL1783789,COc1ccc(-c2cc(-c3ccccc3)no2)c(OCC(O)CN2CCCC2)c1
CHEMBL1783790,COc1ccc(-c2cc(-c3ccccc3)no2)c(OCC(O)CN2CCCCC2)c1
CHEMBL1782082,CC(C)=CCC/C(C)=C/CC/C(C)=C/CCC1=CC[C@H]([C@@H]2CC(=O)NC2=O)O[C@@H]1O
CHEMBL1784622,CO[C@H]1O[C@@H]([C@@H]2CC(=O)NC2=O)CC=C1CC/C=C(\C)CC/C=C(\C)CCC=C(C)C
CHEMBL1795944,CO[C@H]1O[C@H](Cn2cc(COC[C@H](NC(=O)OC(C)(C)C)C(=O)O)nn2)[C@@H](OCc2ccccc2)[C@H](OCc2ccccc2)[C@H]1OCc1ccccc1
CHEMBL1795945,CO[C@H]1O[C@H](Cn2cc(CO[C@@H](C)[C@H](NC(=O)OC(C)(C)C)C(=O)O)nn2)[C@@H](OCc2ccccc2)[C@H](OCc2ccccc2)[C@H]1OCc1ccccc1
CHEMBL1795946,CO[C@H]1O[C@H](Cn2cc(COC[C@H](NC(=O)OC(C)(C)C)C(=O)O)nn2)[C@H](OCc2ccccc2)[C@H](OCc2ccccc2)[C@H]1OCc1ccccc1
CHEMBL1795947,CO[C@H]1O[C@H](Cn2cc(CO[C@@H](C)[C@H](NC(=O)OC(C)(C)C)C(=O)O)nn2)[C@H](OCc2ccccc2)[C@H](OCc2ccccc2)[C@H]1OCc1ccccc1
CHEMBL1795948,CO[C@H]1O[C@H](Cn2cc(COC[C@H](NC(=O)OC(C)(C)C)C(=O)O)nn2)[C@@H](OCc2ccccc2)[C@H](OCc2ccccc2)[C@@H]1OCc1ccccc1
CHEMBL1795949,CO[C@H]1O[C@H](Cn2cc(CO[C@@H](C)[C@H](NC(=O)OC(C)(C)C)C(=O)O)nn2)[C@@H](OCc2ccccc2)[C@H](OCc2ccccc2)[C@@H]1OCc1ccccc1
CHEMBL1795950,CC(C)(C)OC(=O)N[C@@H](COCc1cn([C@@H]2O[C@H](COCc3ccccc3)[C@@H](OCc3ccccc3)[C@H](OCc3ccccc3)[C@H]2OCc2ccccc2)nn1)C(=O)O
CHEMBL1795951,C[C@H](OCc1cn([C@@H]2O[C@H](COCc3ccccc3)[C@@H](OCc3ccccc3)[C@H](OCc3ccccc3)[C@H]2OCc2ccccc2)nn1)[C@H](NC(=O)OC(C)(C)C)C(=O)O
CHEMBL1796989,CCCCOc1ccc(-c2ccc(Cn3ccc4c3C(=O)NCCC4=O)cc2)cc1
CHEMBL1796995,COc1ccc(-c2ccc(Cn3ccc4c3C(=O)NCC/C4=N\Nc3ccccn3)cc2)cc1
CHEMBL1796996,COc1ccc(-c2ccc(Cn3c4c(c5ccccc53)C(=O)CCNC4=O)cc2)cc1
CHEMBL1801400,O=C1NC(=O)/C(=C/c2ccc(OCc3ccccc3)cc2OCc2ccccc2)S1
CHEMBL1801401,O=C1NC(=O)/C(=C/c2ccc(OCc3ccc(C(F)(F)F)cc3)cc2OCc2ccc(C(F)(F)F)cc2)S1
CHEMBL1801402,O=C1NC(=O)/C(=C/c2ccc(OCc3ccc(F)cc3)cc2OCc2ccc(F)cc2)S1
CHEMBL1801403,Cc1ccc(S(=O)(=O)Oc2ccc(/C=C3\SC(=O)NC3=O)c(OS(=O)(=O)c3ccc(C)cc3)c2)cc1
CHEMBL1801404,O=C1NC(=O)/C(=C/c2ccc(OCc3ccccc3)cc2OCc2ccc(C(F)(F)F)cc2)S1
CHEMBL1801405,O=C1NC(=O)/C(=C/c2ccc(OCc3ccccc3)cc2OCc2ccc(F)cc2)S1
CHEMBL1801406,O=C1NC(=O)/C(=C/c2ccc(OCc3ccc(F)cc3)cc2OCc2ccccc2)S1
CHEMBL1801407,O=C1NC(=O)/C(=C/c2ccc(OCc3ccc(F)cc3)cc2OCc2ccc(C(F)(F)F)cc2)S1
CHEMBL1801408,O=C(O)COc1cc(OCc2ccccc2)ccc1/C=C1\SC(=O)NC1=O
CHEMBL1801409,O=C1NC(=O)/C(=C/c2ccc(OCc3ccc(NC(=O)c4cccc(C(F)(F)F)c4)cc3)cc2OCc2ccc(C(F)(F)F)cc2)S1
CHEMBL1801410,O=C1NC(=O)/C(=C/c2ccc(OCc3ccc(S(=O)(=O)N4CCOCC4)cc3)cc2OCc2ccc(C(F)(F)F)cc2)S1
CHEMBL1801432,O=C1NC(=O)/C(=C/c2ccc(OCc3ccccn3)cc2OCc2ccc(C(F)(F)F)cc2)S1
CHEMBL1801433,O=C1NC(=O)/C(=C/c2ccc(OCc3cccnc3)cc2OCc2ccc(C(F)(F)F)cc2)S1
CHEMBL1801434,Cc1ccc(S(=O)(=O)Oc2ccc(/C=C3\SC(=O)NC3=O)c(OCc3ccc(C(F)(F)F)cc3)c2)cc1
CHEMBL1801435,O=C1NC(=O)/C(=C/c2ccc(OS(=O)(=O)c3ccc(Br)cc3)cc2OCc2ccc(C(F)(F)F)cc2)S1
CHEMBL1801436,CC(=O)Nc1ccc(COc2cc(OS(=O)(=O)c3ccc(C)cc3)ccc2/C=C2\SC(=O)NC2=O)cc1
CHEMBL454077,CC(C)=CCc1cc([C@@H]2CC(=O)c3ccc(O)cc3O2)cc2c1OC(C)(C)C=C2
CHEMBL579363,CC(=O)c1c(C)oc2ccc(NS(=O)(=O)c3cccc(C(=O)O)c3)cc12
CHEMBL1800272,CC(=O)N(c1ccc2oc3c(c2c1)CCCC3)S(=O)(=O)c1ccc(C(=O)O)cc1
CHEMBL1800273,Cc1cc(S(=O)(=O)O)c(S(=O)(=O)O)cc1N1N=C(C(=O)O)CC1=O
CHEMBL1801411,O=C1NC(=O)/C(=C/c2cc(Br)c(OCc3ccc(C(F)(F)F)cc3)cc2OCc2ccc(C(F)(F)F)cc2)S1
CHEMBL1801437,Cc1ccc(S(=O)(=O)Oc2ccc(/C=C3\SC(=O)NC3=O)c(OCc3ccc(NC(=O)c4cccc(C(F)(F)F)c4)cc3)c2)cc1
CHEMBL1801438,O=C1NC(=O)/C(=C/c2ccc(OS(=O)(=O)c3ccc(Br)cc3)cc2OCc2ccc(S(=O)(=O)N3CCOCC3)cc2)S1
CHEMBL1801439,Cc1ccc(S(=O)(=O)Oc2cc(OCc3cc(C(F)(F)F)cc(C(F)(F)F)c3)c(/C=C3\SC(=O)NC3=O)cc2Br)cc1
CHEMBL1801440,Cc1ccc(S(=O)(=O)Oc2cc(OCc3ccc(C(F)(F)F)cc3)c(/C=C3\SC(=O)NC3=O)cc2Br)cc1
CHEMBL1811965,COc1cc(OC)c([C@H]2COc3cc(O)ccc3C2=O)cc1CC=C(C)C
CHEMBL1811967,COc1cc(O)c(C2COc3cc(O)ccc3C2=O)cc1CC=C(C)C
CHEMBL1811968,CC(C)=CCc1cc([C@@H]2CC(=O)c3ccc(O)cc3O2)cc2c1OC(C)(C)C(O)C2
CHEMBL1811969,COc1cc([C@@H]2CC(=O)c3ccc(O)cc3O2)ccc1O
CHEMBL1811971,COc1cc(O)c([C@]2(O)COc3cc(O)ccc3C2=O)cc1CC=C(C)C
CHEMBL1822602,CO[C@H]1O[C@H](COCc2cn(CCCOc3cccc(C(=O)O)c3)nn2)[C@@H](OC(=O)c2ccccc2)[C@H](OC(=O)c2ccccc2)[C@H]1OC(=O)c1ccccc1
CHEMBL1822603,CO[C@H]1O[C@H](COCc2cn(CCCCOc3cccc(C(=O)O)c3)nn2)[C@@H](OC(=O)c2ccccc2)[C@H](OC(=O)c2ccccc2)[C@H]1OC(=O)c1ccccc1
CHEMBL1822604,CO[C@H]1O[C@H](COCc2cn(CCCCCOc3cccc(C(=O)O)c3)nn2)[C@@H](OC(=O)c2ccccc2)[C@H](OC(=O)c2ccccc2)[C@H]1OC(=O)c1ccccc1
CHEMBL1822605,CO[C@H]1O[C@H](COCc2cn(CCCOc3ccc(O)c(C(=O)O)c3)nn2)[C@@H](OC(=O)c2ccccc2)[C@H](OC(=O)c2ccccc2)[C@H]1OC(=O)c1ccccc1
CHEMBL1822606,CO[C@H]1O[C@H](COCc2cn(CCCCOc3ccc(O)c(C(=O)O)c3)nn2)[C@@H](OC(=O)c2ccccc2)[C@H](OC(=O)c2ccccc2)[C@H]1OC(=O)c1ccccc1
CHEMBL1822607,CO[C@H]1O[C@H](COCc2cn(CCCCCOc3ccc(O)c(C(=O)O)c3)nn2)[C@@H](OC(=O)c2ccccc2)[C@H](OC(=O)c2ccccc2)[C@H]1OC(=O)c1ccccc1
CHEMBL1822608,CO[C@H]1O[C@H](COCc2cn(CCCOc3cc(O)cc(C(=O)O)c3)nn2)[C@@H](OC(=O)c2ccccc2)[C@H](OC(=O)c2ccccc2)[C@H]1OC(=O)c1ccccc1
CHEMBL1822609,CO[C@H]1O[C@H](COCc2cn(CCCCOc3cc(O)cc(C(=O)O)c3)nn2)[C@@H](OC(=O)c2ccccc2)[C@H](OC(=O)c2ccccc2)[C@H]1OC(=O)c1ccccc1
CHEMBL1822610,CO[C@H]1O[C@H](COCc2cn(CCCCCOc3cc(O)cc(C(=O)O)c3)nn2)[C@@H](OC(=O)c2ccccc2)[C@H](OC(=O)c2ccccc2)[C@H]1OC(=O)c1ccccc1
CHEMBL1823749,O=C(NC(Cc1ccc2cc(OCc3ccccc3F)ccc2c1)C(=O)O)c1ccccc1
CHEMBL1823750,COc1ccc(COc2ccc3cc(CC(NC(=O)c4ccccc4)C(=O)O)ccc3c2)cc1
CHEMBL1823751,O=C(NC(Cc1ccc2cc(OCc3ccc(Cl)cc3)ccc2c1)C(=O)O)c1ccccc1
CHEMBL1823753,CC(C)(C)OC(=O)NC(Cc1ccc2cc(OCc3ccccc3F)ccc2c1)C(=O)O
CHEMBL1823754,NC(Cc1ccc2cc(OCc3ccccc3F)ccc2c1)C(=O)O
CHEMBL1823755,O=C(Cc1ccc(Cl)cc1)NC(Cc1ccc2cc(OCc3ccccc3F)ccc2c1)C(=O)O
CHEMBL1823756,O=C(COc1ccc(Cl)cc1)NC(Cc1ccc2cc(OCc3ccccc3F)ccc2c1)C(=O)O
CHEMBL1823757,O=C(CCc1ccccc1)NC(Cc1ccc2cc(OCc3ccccc3F)ccc2c1)C(=O)O
CHEMBL1823758,O=C(/C=C/c1ccccc1)NC(Cc1ccc2cc(OCc3ccccc3F)ccc2c1)C(=O)O
CHEMBL1823759,O=C(/C=C/c1ccccc1F)NC(Cc1ccc2cc(OCc3ccccc3F)ccc2c1)C(=O)O
CHEMBL1823760,O=C(/C=C/c1cccc(F)c1)NC(Cc1ccc2cc(OCc3ccccc3F)ccc2c1)C(=O)O
CHEMBL1823761,O=C(/C=C/c1ccc(F)cc1)NC(Cc1ccc2cc(OCc3ccccc3F)ccc2c1)C(=O)O
CHEMBL1823762,O=C(/C=C/c1ccccc1Cl)NC(Cc1ccc2cc(OCc3ccccc3F)ccc2c1)C(=O)O
CHEMBL1823763,O=C(/C=C/c1cccc(Cl)c1)NC(Cc1ccc2cc(OCc3ccccc3F)ccc2c1)C(=O)O
CHEMBL1823956,O=C(/C=C/c1ccc(Cl)cc1)NC(Cc1ccc2cc(OCc3ccccc3F)ccc2c1)C(=O)O
CHEMBL1823957,O=C(/C=C/c1ccccc1Br)NC(Cc1ccc2cc(OCc3ccccc3F)ccc2c1)C(=O)O
CHEMBL1823958,O=C(/C=C/c1ccc(Br)cc1)NC(Cc1ccc2cc(OCc3ccccc3F)ccc2c1)C(=O)O
CHEMBL1823959,O=C(/C=C/c1ccc(Cl)cc1Cl)NC(Cc1ccc2cc(OCc3ccccc3F)ccc2c1)C(=O)O
CHEMBL1823960,O=C(/C=C/c1ccc(Cl)c(Cl)c1)NC(Cc1ccc2cc(OCc3ccccc3F)ccc2c1)C(=O)O
CHEMBL1823961,COc1cccc(/C=C/C(=O)NC(Cc2ccc3cc(OCc4ccccc4F)ccc3c2)C(=O)O)c1
CHEMBL1823962,COc1ccc(/C=C/C(=O)NC(Cc2ccc3cc(OCc4ccccc4F)ccc3c2)C(=O)O)cc1
CHEMBL1823963,COc1ccc(/C=C/C(=O)NC(Cc2ccc3cc(OCc4ccccc4F)ccc3c2)C(=O)O)cc1OC
CHEMBL1823964,Cc1ccc(/C=C/C(=O)NC(Cc2ccc3cc(OCc4ccccc4F)ccc3c2)C(=O)O)cc1
CHEMBL1910883,O=C(O)c1sccc1OCc1ccc(Cl)c(Cl)c1
CHEMBL1910887,O=C(NS(=O)(=O)c1ccccc1)c1sccc1SCc1ccc(Cl)c(Cl)c1
CHEMBL1910888,Nc1cccc(S(=O)(=O)NC(=O)c2sccc2SCc2ccc(Cl)c(Cl)c2)c1
CHEMBL1910962,COC(=O)c1cc(S(=O)(=O)NC(=O)c2sccc2SCc2ccc(Cl)c(Cl)c2)ccc1OC
CHEMBL1923781,CC1(C)C[C@]2(O)O[C@@H]3C[C@@]4(C)[C@@H]5CC=C6[C@@H](C=C(O[C@@H]7O[C@H](CO)[C@@H](O)[C@H](O)[C@H]7O)C(=O)C6(C)C)[C@]5(C)C(=O)C[C@]4(C)[C@H]3[C@@](C)(O)[C@]2(O)O1
CHEMBL1923782,CC1(C)C(=O)C(O[C@@H]2O[C@H](CO)[C@@H](O)[C@H](O)[C@H]2O)=C[C@@H]2C1=CC[C@@H]1[C@@]2(C)C(=O)C[C@]2(C)[C@@H]3[C@@H](C[C@@]12C)O[C@H](C(C)(C)O)CC(=O)[C@]3(C)O
CHEMBL1923783,CC1(C)C(=O)C(O[C@@H]2O[C@H](CO)[C@@H](O)[C@H](O)[C@H]2O)=C[C@@H]2C1=CC[C@@H]1[C@@]2(C)C(=O)C[C@]2(C)[C@@H]([C@@](C)(O)C(=O)C[C@H]3NC(=O)OC3(C)C)[C@H](O)C[C@@]12C
CHEMBL1935491,C/C=C/C=C/C(=O)N1Cc2cc(OCCc3nc(/C(=C/C)CC)oc3C)ccc2C[C@H]1C(=O)O.CC(C)(C)N
CHEMBL1935492,C/C=C/C=C/C(=O)N1Cc2cc(OCCc3nc(/C(C)=C/CC)oc3C)ccc2C[C@H]1C(=O)O.CC(C)(C)N
CHEMBL1935493,C/C=C/C=C/C(=O)N1Cc2cc(OCCc3nc(/C=C/C(C)C)oc3C)ccc2C[C@H]1C(=O)O.CC(C)(C)N
CHEMBL1935494,C/C=C/C=C/C(=O)N1Cc2cc(OCCc3nc(/C=C/C(C)(C)C)oc3C)ccc2C[C@H]1C(=O)O.CC(C)(C)N
CHEMBL1935495,C/C=C/C=C/C(=O)N1Cc2cc(OCCc3nc(/C=C/CC(C)C)oc3C)ccc2C[C@H]1C(=O)O.CC(C)(C)N
CHEMBL1935496,C/C=C/C=C/C(=O)N1Cc2cc(OCCc3nc(/C=C/C(C)(C)CC)oc3C)ccc2C[C@H]1C(=O)O.CC(C)(C)N
CHEMBL1935497,C/C=C/C=C/C(=O)N1Cc2cc(OCCc3nc(/C=C/CC(C)(C)C)oc3C)ccc2C[C@H]1C(=O)O.CC(C)(C)N
CHEMBL1935498,C/C=C/C=C/C(=O)N1Cc2cc(OCCc3nc(/C=C/C(CC)CC)oc3C)ccc2C[C@H]1C(=O)O.CC(C)(C)N
CHEMBL1935499,C/C=C/C=C/C(=O)N1Cc2cc(OCCc3nc(/C=C/CCC(C)C)oc3C)ccc2C[C@H]1C(=O)O.CC(C)(C)N
CHEMBL1935500,C/C=C/C=C/C(=O)N1Cc2cc(OCCc3nc(/C=C/C(C)CCC)oc3C)ccc2C[C@H]1C(=O)O.CC(C)(C)N
CHEMBL1935501,C/C=C/C=C/C(=O)N1Cc2cc(OCCc3nc(/C(C)=C/CCC(C)C)oc3C)ccc2C[C@H]1C(=O)O.CC(C)(C)N
CHEMBL1935607,C/C=C/C=C/C(=O)N1Cc2cc(OCCc3nc(CCCCC(C)C)oc3C)ccc2C[C@H]1C(=O)O.CC(C)(C)N
CHEMBL1935608,CC(C)(C)N.CC(C)=C/C=C/C(=O)N1Cc2cc(OCCc3nc(/C=C/CCC(C)C)oc3C)ccc2C[C@H]1C(=O)O
CHEMBL1935609,C/C=C/C=C(\C)C(=O)N1Cc2cc(OCCc3nc(/C=C/CCC(C)C)oc3C)ccc2C[C@H]1C(=O)O.CC(C)(C)N
CHEMBL1935610,CC(C)(C)N.CCC/C=C/C(=O)N1Cc2cc(OCCc3nc(/C=C/CCC(C)C)oc3C)ccc2C[C@H]1C(=O)O
CHEMBL1935611,CC(C)(C)N.CCCCCC(=O)N1Cc2cc(OCCc3nc(/C=C/CCC(C)C)oc3C)ccc2C[C@H]1C(=O)O
CHEMBL1935612,C=CCCCC(=O)N1Cc2cc(OCCc3nc(/C=C/CCC(C)C)oc3C)ccc2C[C@H]1C(=O)O.CC(C)(C)N
CHEMBL1935613,C=CCCC(=O)N1Cc2cc(OCCc3nc(/C=C/CCC(C)C)oc3C)ccc2C[C@H]1C(=O)O.CC(C)(C)N
CHEMBL1935614,CC(C)(C)N.Cc1oc(/C=C/CCC(C)C)nc1CCOc1ccc2c(c1)CN(C(=O)/C=C/C1CC1)[C@H](C(=O)O)C2
CHEMBL1935615,CC(C)(C)N.Cc1oc(/C=C/CCC(C)C)nc1CCOc1ccc2c(c1)CN(C(=O)/C=C/C=C/CO)[C@H](C(=O)O)C2
CHEMBL1935616,CC(C)(C)N.CCC(O)/C=C/C(=O)N1Cc2cc(OCCc3nc(/C=C/CCC(C)C)oc3C)ccc2C[C@H]1C(=O)O
CHEMBL1935617,CC(C)(C)N.CCOC/C=C/C(=O)N1Cc2cc(OCCc3nc(/C=C/CCC(C)C)oc3C)ccc2C[C@H]1C(=O)O
CHEMBL1935618,CC(C)(C)N.CCO/C=C/C(=O)N1Cc2cc(OCCc3nc(/C=C/CCC(C)C)oc3C)ccc2C[C@H]1C(=O)O
CHEMBL1935619,CC(C)(C)N.CCOCCC(=O)N1Cc2cc(OCCc3nc(/C=C/CCC(C)C)oc3C)ccc2C[C@H]1C(=O)O
CHEMBL1933093,CC(C)(C)N.Cc1oc(/C=C/CCC(C)C)nc1CCOc1ccc2c(c1)CN(C(=O)/C=C/c1ccco1)[C@H](C(=O)O)C2
CHEMBL1935620,CC(C)(C)N.Cc1oc(/C=C/CCC(C)C)nc1CCOc1ccc2c(c1)CN(C(=O)/C=C/c1cccs1)[C@H](C(=O)O)C2
CHEMBL1938814,O=C(c1ccccc1)C(Cc1ccc2cc(Br)c(C(F)(F)P(=O)(O)O)cc2c1)(Cc1ccc2cc(Br)c(C(F)(F)P(=O)(O)O)cc2c1)n1nnc2ccccc21
CHEMBL1938815,O=C(O)COc1ccc(S(=O)(=O)N(Cc2ccc(-c3csnn3)cc2)Cc2ccc(Br)c(C(F)(F)P(=O)(O)O)c2)cc1
CHEMBL1938816,O=C(O)COc1ccc(S(=O)(=O)N(Cc2ccc(-c3csnn3)cc2)Cc2ccc(C(F)(F)P(=O)(O)O)c(F)c2)cc1
CHEMBL1938817,O=C(O)COc1ccc(S(=O)(=O)N(Cc2ccc(-c3csnn3)cc2)Cc2ccc(F)c(C(F)(F)P(=O)(O)O)c2)cc1
CHEMBL1938818,NS(=O)(=O)C(F)(F)c1ccc(CN(Cc2ccc(-c3csnn3)cc2)S(=O)(=O)c2ccc(OCC(=O)O)cc2)cc1Br
CHEMBL1938819,NS(=O)(=O)C(F)(F)c1ccc(CN(Cc2ccc(-c3csnn3)cc2)S(=O)(=O)c2ccc(OCC(=O)O)cc2)cc1F
CHEMBL1938820,O=C(O)COc1ccc(S(=O)(=O)N(Cc2ccc(-c3csnn3)cc2)Cc2ccc(C3CC(=O)NS3(=O)=O)cc2)cc1
CHEMBL1938821,Cc1cc(CN(Cc2ccc(-c3csnn3)cc2)S(=O)(=O)c2ccc(OCC(=O)O)cc2)ccc1C1CC(=O)NS1(=O)=O
CHEMBL1938822,O=C(O)COc1ccc(S(=O)(=O)N(Cc2ccc(-c3csnn3)cc2)Cc2ccc(C3CC(=O)NS3(=O)=O)c(Br)c2)cc1
CHEMBL1938823,O=C(O)COc1ccc(S(=O)(=O)N(Cc2ccc(-c3csnn3)cc2)Cc2ccc(C3CC(=O)NS3(=O)=O)c(F)c2)cc1
CHEMBL1938824,O=C(O)COc1ccc(S(=O)(=O)N(Cc2ccc(-c3csnn3)cc2)Cc2ccc3cc(Br)c(C(F)(F)P(=O)(O)O)cc3c2)cc1
CHEMBL1938825,O=C(O)COc1ccc(S(=O)(=O)N(Cc2ccc(-c3csnn3)cc2)Cc2ccc3cc(Br)c(C(F)(F)P(=O)(O)O)cc3n2)cc1
CHEMBL1938826,NS(=O)(=O)C(F)(F)c1cc2cc(CN(Cc3ccc(-c4csnn4)cc3)S(=O)(=O)c3ccc(OCC(=O)O)cc3)ccc2cc1Br
CHEMBL1938827,NS(=O)(=O)C(F)(F)c1cc2nc(CN(Cc3ccc(-c4csnn4)cc3)S(=O)(=O)c3ccc(OCC(=O)O)cc3)ccc2cc1Br
CHEMBL1938828,O=C(O)COc1ccc(S(=O)(=O)N(Cc2ccc(-c3csnn3)cc2)Cc2ccc3cc(F)c(C(F)(F)P(=O)(O)O)cc3c2)cc1
CHEMBL1938829,O=C(O)COc1ccc(S(=O)(=O)N(Cc2ccc(-c3csnn3)cc2)Cc2ccc3cc(F)c(C(F)(F)P(=O)(O)O)cc3n2)cc1
CHEMBL1938830,NS(=O)(=O)C(F)(F)c1cc2cc(CN(Cc3ccc(-c4csnn4)cc3)S(=O)(=O)c3ccc(OCC(=O)O)cc3)ccc2cc1F
CHEMBL1938831,NS(=O)(=O)C(F)(F)c1cc2nc(CN(Cc3ccc(-c4csnn4)cc3)S(=O)(=O)c3ccc(OCC(=O)O)cc3)ccc2cc1F
CHEMBL1946243,CCOP(=O)(OCC)[C@H](Nc1ccc(Cl)cc1)c1ccccc1O
CHEMBL1946244,CCOP(=O)(OCC)[C@H](Nc1ccc(Br)cc1)c1ccccc1O
CHEMBL1946245,CCOP(=O)(OCC)[C@H](Nc1ccc([N+](=O)[O-])cc1)c1ccccc1O
CHEMBL374829,Oc1c(O)c(Br)c(Cc2c(Br)c(O)c(O)c(Br)c2Br)c(Br)c1Br
CHEMBL253690,Oc1cc(Cc2cc(O)c(O)c(Br)c2Br)c(Br)c(Br)c1O
CHEMBL519069,O=C(/C=C/c1ccc2ccccc2c1)c1ccc(Br)cc1
CHEMBL455469,O=C(/C=C/c1ccc2c(c1)OCO2)c1cccc([N+](=O)[O-])c1
CHEMBL455453,O=C(/C=C/c1ccc2c(c1)OCO2)c1ccc([N+](=O)[O-])cc1
CHEMBL523622,C[C@H]1[C@H](C)CC[C@]2(C(=O)O)CC[C@]3(C)C(=CC[C@@H]4[C@@]5(C)CC[C@H](O)[C@@](C)(CO)[C@@H]5CC[C@]43C)[C@H]12
CHEMBL1271052,C[C@@H]1CC[C@]2(C(=O)O)CC[C@]3(C)C(=CC[C@@H]4[C@@]5(C)CC[C@H](O)[C@@](C)(CO)[C@@H]5CC[C@]43C)[C@@H]2[C@]1(C)O
CHEMBL1290156,COc1cc(C(=O)c2c(Br)c(Br)c(OC)c(OC)c2Br)c(Br)c(Br)c1OC
CHEMBL1945186,COc1ccc(C(=O)/C=C/c2ccc(OCc3ccccc3)c(OC)c2)c(OC)c1
CHEMBL1946246,CCOP(=O)(OCC)[C@H](Nc1ccccc1Cl)c1ccccc1O
CHEMBL1946247,O=P(O)(O)[C@H](Nc1ccc(O)cc1)c1ccccc1O
CHEMBL1946248,CCOP(=O)(O)C(N[C@@H](CO)C(=O)[O-])c1ccccc1O.[Na+]
CHEMBL1946249,CCOP(=O)(O)C(N[C@@H](Cc1cnc[nH]1)C(=O)[O-])c1ccccc1O.[Na+]
CHEMBL1946281,O=C(/C=C/c1ccc2ccccc2c1)c1ccc(Cl)s1
CHEMBL1946998,O=C(O)c1ccc(/C=C/C(=O)c2ccc3ccccc3c2)cc1
CHEMBL2002784,CCOC(=O)C(=O)Nc1nc2ccc(C)cc2s1
CHEMBL2011698,O=C(O)c1ccc(CN2C(=O)/C(=C/c3cccc(Oc4ccccc4)c3)S/C2=N\c2ccc(C(F)(F)F)cc2)cc1
CHEMBL2011699,O=C(O)c1ccc(CN2C(=O)/C(=C/c3ccc(Oc4ccccc4)cc3)S/C2=N\c2ccc(C(F)(F)F)cc2)cc1
CHEMBL2011700,O=C(O)c1ccc(CN2C(=O)/C(=C/c3cccc(OCc4ccccc4)c3)S/C2=N\c2ccc(C(F)(F)F)cc2)cc1
CHEMBL2011701,O=C(O)c1ccc(CN2C(=O)/C(=C/c3ccc(OCc4ccccc4)cc3)S/C2=N\c2ccc(C(F)(F)F)cc2)cc1
CHEMBL2011702,O=C(O)c1ccc(CN2C(=O)/C(=C/c3ccc4ccccc4c3)S/C2=N\c2ccc(C(F)(F)F)cc2)cc1
CHEMBL2011703,COc1ccc(/N=C2\S/C(=C\c3cccc(Oc4ccccc4)c3)C(=O)N2Cc2ccc(C(=O)O)cc2)cc1
CHEMBL2011704,COc1ccc(/N=C2\S/C(=C\c3ccc(Oc4ccccc4)cc3)C(=O)N2Cc2ccc(C(=O)O)cc2)cc1
CHEMBL2011705,COc1ccc(/N=C2\S/C(=C\c3cccc(OCc4ccccc4)c3)C(=O)N2Cc2ccc(C(=O)O)cc2)cc1
CHEMBL2011706,COc1ccc(/N=C2\S/C(=C\c3ccc(OCc4ccccc4)cc3)C(=O)N2Cc2ccc(C(=O)O)cc2)cc1
CHEMBL2011707,COc1ccc(/N=C2\S/C(=C\c3ccc4ccccc4c3)C(=O)N2Cc2ccc(C(=O)O)cc2)cc1
CHEMBL2016657,COc1c(Br)c(Br)c(C(=O)c2c(Br)c(Br)c(OC)c(OC)c2Br)c(Br)c1OC
CHEMBL2016662,O=C(c1cc(O)c(O)c(Br)c1Br)c1c(Br)c(O)c(O)c(Br)c1Br
CHEMBL2035961,CCOC(=O)C(=O)Nc1nc2ccc(Cl)cc2s1
CHEMBL2035962,CCOC(=O)C(=O)Nc1nc2ccc(F)cc2s1
CHEMBL2062593,CCCCCCCCCCCCCCCC(NCc1cccc(F)c1)=C1C(=O)OC(CO)C1=O
CHEMBL2062707,CCCCCCCCCCCCCCCC(NCc1ccc(O)cc1)=C1C(=O)OC(CO)C1=O
CHEMBL2063149,CC(C)[C@@H]1C[C@@H](O)[C@H]2[C@@]1(CO)CC[C@@]1(C)[C@H]3C(=CC[C@]21C)C1=C(C[C@@H]3O)C(C)(C)[C@@H](O)CC1
CHEMBL2063150,CC(C)[C@@H]1[C@H](O)[C@@H](O)[C@H]2[C@@]1(CO)CC[C@@]1(C)[C@H]3C(=CC[C@]21C)C1=C(C[C@@H]3O)C(C)(C)[C@@H](O)CC1
CHEMBL2063151,CC(C)[C@@H]1CC(=O)[C@H]2[C@@]1(CO)CC[C@@]1(C)[C@H]3C(=CC[C@]21C)C1=C(C[C@@H]3O)C(C)(C)[C@@H](O)CC1
CHEMBL2063152,CC(C)[C@@H]1C[C@@H](O)[C@H]2[C@@]1(CO)CC[C@@]1(C)[C@H]3C(=CC[C@]21C)C1=C(C[C@@H]3O)[C@](C)(CO)[C@@H](O)CC1
CHEMBL2063153,CC(C)[C@@H]1C[C@@H](O)[C@H]2[C@@]1(CO)CC[C@@]1(C)[C@H]3C(=CC[C@]21C)C1=CC[C@H](O)C(C)(C)[C@H]1C[C@@H]3O
CHEMBL2087689,CCOS(=O)(=O)/C=C/c1ccc(OCCCCNc2nc(-c3ccc(-c4ccccc4)cc3)cs2)cc1
CHEMBL2087691,CCOS(=O)(=O)/C=C/c1ccc(OCCCCNc2nc(-c3ccccn3)cs2)cc1
CHEMBL2087692,CCOS(=O)(=O)/C=C/c1ccc(OCCCCNc2nc(-c3cccc4ccccc34)cs2)cc1
CHEMBL2087693,CCOS(=O)(=O)/C=C/c1ccc(OCCCCNc2nc(-c3cccc(OC)c3)cs2)cc1
CHEMBL2087695,CCOS(=O)(=O)/C=C/c1ccc(OCCCCNc2nc(-c3ccc(Br)cc3)cs2)cc1
CHEMBL2087696,CCOS(=O)(=O)/C=C/c1ccc(OCCCCNc2nc(-c3ccccc3Cl)cs2)cc1
CHEMBL2087697,CCOS(=O)(=O)/C=C/c1ccc(OCCCCNc2nc(-c3ccccc3F)cs2)cc1
CHEMBL2087698,CCOS(=O)(=O)/C=C/c1ccc(OCCCCNc2nc(-c3ccc(F)cc3)cs2)cc1
CHEMBL2086414,C=C1CC[C@]2(C(=O)O)CC[C@]3(C)C(=CC[C@@H]4[C@@]5(C)CC[C@H](O)[C@@](C)(CO)[C@@H]5CC[C@]43C)[C@@H]2[C@H]1C
CHEMBL2088611,C=C1CC[C@]2(C(=O)O)CC[C@]3(C)C(=CC[C@@H]4[C@@]5(C)C[C@@H](O)[C@@H](O)[C@@](C)(CO)[C@@H]5CC[C@]43C)[C@@H]2[C@H]1C
CHEMBL2088612,C=C1CC[C@]2(C(=O)O)CC[C@]3(C)C(=CC[C@@H]4[C@@]5(C)C[C@@H](O)[C@H](O)[C@@](C)(CO)[C@@H]5CC[C@]43C)[C@@H]2[C@H]1C
CHEMBL1478,C[C@H](CCC(=O)O)[C@H]1CC[C@H]2[C@@H]3CC[C@@H]4C[C@H](O)CC[C@]4(C)[C@H]3CC[C@]12C
CHEMBL463665,CC1(C)C=C2[C@H]3CC[C@@H]4[C@@]5(C)CC[C@H](O)C(C)(C)[C@@H]5CC[C@@]4(C)[C@]3(C)CC[C@@]2(C(=O)O)CC1
CHEMBL472646,CC1(C)C=C2[C@H]3CC[C@@H]4[C@@]5(C)CCC(=O)C(C)(C)[C@@H]5CC[C@@]4(C)[C@]3(C)CC[C@@]2(C(=O)O)CC1
CHEMBL2087380,COS(=O)(=O)/C=C/c1ccc(OCc2ccccc2)cc1OCCc1nc(-c2ccccc2)oc1C
CHEMBL2087674,CCOS(=O)(=O)/C=C/c1ccc(OCc2ccccc2)cc1OCCc1csc(-c2ccccc2)n1
CHEMBL2087676,CCOS(=O)(=O)/C=C/Cc1cc2ccc(OCCc3nc(-c4ccccc4)oc3C)cc2o1
CHEMBL2087678,CCOc1ccc(-c2cc(COc3ccc(/C=C/S(=O)(=O)OCC)cc3)no2)cc1
CHEMBL2087680,CCOS(=O)(=O)/C=C/c1ccc(OCCCNc2nc(-c3ccccc3)cs2)cc1
CHEMBL2087681,CCOS(=O)(=O)/C=C/c1ccc(OCCCCNc2nc(-c3ccccc3)cs2)cc1
CHEMBL2087682,CCOS(=O)(=O)/C=C/c1ccc(OCCCCNc2nc(-c3ccccc3)c(C)s2)c(OC)c1
CHEMBL2087683,CCOS(=O)(=O)/C=C/c1ccc(OCCCCNc2nc(-c3ccccc3)c(-c3ccccc3)s2)c(OC)c1
CHEMBL2087684,CCOS(=O)(=O)/C=C/c1ccc(OC)c(OCCCCNc2nc(-c3ccccc3)cs2)c1
CHEMBL2087685,CCOS(=O)(=O)/C=C/c1ccc(OC)c(OCCCCNc2nc(-c3ccccc3)c(-c3ccccc3)s2)c1
CHEMBL2087686,CCOS(=O)(=O)/C=C/c1ccc(OC)c(OCCCCNc2nc(-c3ccccc3)c(C)s2)c1
CHEMBL2087687,CCOS(=O)(=O)/C=C/c1ccc(OCCCCNc2nc(-c3ccccc3)c(C)s2)cc1
CHEMBL2087688,CCOS(=O)(=O)/C=C/c1ccc(OCCCCNc2nc(-c3ccccc3)c(-c3ccccc3)s2)cc1
CHEMBL2087690,CCOS(=O)(=O)/C=C/c1ccc(OCCCCNc2nc(-c3cccs3)cs2)cc1
CHEMBL2087694,CCOS(=O)(=O)/C=C/c1ccc(OCCCCNc2nc(-c3ccc(OC)cc3)cs2)cc1
CHEMBL2087699,CNC(=O)C1Cc2ccc(NS(=O)(=O)O)cc2CN1C(=O)CCc1cccc(NS(=O)(=O)O)c1
CHEMBL2087700,O=S(=O)(O)C(F)(F)c1ccc(-c2cccc(F)c2)cc1
CHEMBL2158214,O=C(O)c1ccc(COc2ccc(/C=C3\S/C(=N\c4ccccc4)N(Cc4ccc(C(=O)O)cc4)C3=O)cc2)cc1
CHEMBL2159045,CC(C)=CCc1cc(-c2coc3c(CC=C(C)C)c(O)ccc3c2=O)ccc1O
CHEMBL2159046,COc1cc2c(cc1[C@H]1COc3cc(O)cc(O)c3C1=O)C=CC(C)(C)O2
CHEMBL2159047,COc1ccc([C@H]2COc3cc(O)cc(O)c3C2=O)cc1CC=C(C)C
CHEMBL2159048,CC(C)=CCc1cc2c(=O)c(-c3ccc(O)cc3O)coc2c(CC=C(C)C)c1O
CHEMBL2159049,CC(C)=CCc1c2c(c(O)c3c(=O)c(-c4ccc(O)cc4)coc13)CC(C(C)(C)O)O2
CHEMBL2205883,C[C@H](CCC(=O)O)[C@H]1CC[C@H]2[C@@H]3CC=C4C(C)(C)C(=O)CC[C@]4(C)[C@H]3CC[C@]12C
CHEMBL2205884,C[C@H](CCC(=O)O)[C@H]1CC[C@H]2[C@@H]3CC=C4C(C)(C)c5[nH]nc(C(=O)O)c5C[C@]4(C)[C@H]3CC[C@]12C
CHEMBL2205885,COC(=O)CC[C@@H](C)[C@H]1CC[C@H]2[C@@H]3CC=C4C(C)(C)c5nc(N)sc5C[C@]4(C)[C@H]3CC[C@]12C
CHEMBL2205886,C[C@H](CCC(=O)O)[C@H]1CC[C@H]2[C@@H]3CC=C4C(C)(C)c5nc(N)sc5C[C@]4(C)[C@H]3CC[C@]12C
CHEMBL2205887,C[C@H](CCC(=O)O)[C@H]1CC[C@H]2[C@@H]3CC=C4C(C)(C)c5nnsc5C[C@]4(C)[C@H]3CC[C@]12C
CHEMBL2205888,C[C@H](CCC(=O)O)[C@H]1CC[C@H]2[C@@H]3CC=C4C(C)(C)c5nccnc5C[C@]4(C)[C@H]3CC[C@]12C
CHEMBL2205889,COC(=O)CC[C@@H](C)[C@H]1CC[C@H]2[C@@H]3CC=C4C(C)(C)c5nccnc5C[C@]4(C)[C@H]3CC[C@]12C
CHEMBL2205890,C[C@H](CCC(=O)O)[C@H]1CC[C@H]2[C@@H]3CC=C4C(C)(C)c5nc(N)ncc5C[C@]4(C)[C@H]3CC[C@]12C
CHEMBL2205892,Cc1ncc2c(n1)C(C)(C)C1=CC[C@H]3[C@@H]4CC[C@H]([C@H](C)CCC(=O)O)[C@@]4(C)CC[C@@H]3[C@@]1(C)C2
CHEMBL2205893,C[C@H](CCC(=O)O)[C@H]1CC[C@H]2[C@@H]3CC=C4C(C)(C)c5ncncc5C[C@]4(C)[C@H]3CC[C@]12C
CHEMBL2205894,C[C@H](CCC(=O)O)[C@H]1CC[C@H]2[C@@H]3CC=C4C(C)(C)c5oncc5C[C@]4(C)[C@H]3CC[C@]12C
CHEMBL2205895,C[C@H](CCC(=O)O)[C@H]1CC[C@H]2[C@@H]3CC=C4C(C)(C)c5c(cnn5-c5ccccc5)C[C@]4(C)[C@H]3CC[C@]12C
CHEMBL2205896,C[C@H](CCC(=O)O)[C@H]1CC[C@H]2[C@@H]3CC=C4C(C)(C)c5[nH]ncc5C[C@]4(C)[C@H]3CC[C@]12C
CHEMBL2205897,CCOC(=O)CC[C@@H](C)[C@H]1CC[C@H]2[C@@H]3CC=C4C(C)(C)c5[nH]ncc5C[C@]4(C)[C@H]3CC[C@]12C
CHEMBL2205898,COC(=O)CC[C@@H](C)[C@H]1CC[C@H]2[C@@H]3CC=C4C(C)(C)C(=O)CC[C@]4(C)[C@H]3CC[C@]12C
CHEMBL2203315,CNc1nc(N)nc2nc(-c3ccccc3C(F)(F)F)c(C)cc12
CHEMBL2206070,CCCc1cc2c(NC)nc(N)nc2nc1-c1ccccc1C(F)(F)F
CHEMBL2206071,CNc1nc(N)nc2nc(-c3ccccc3C(F)(F)F)c(C(=O)O)cc12
CHEMBL2206072,CNc1nc(N)nc2nc(-c3ccccc3C(F)(F)F)c(S(C)(=O)=O)cc12
CHEMBL2206340,CCCCNCCCOc1cccc(O)c1C(=O)CC
CHEMBL2206341,CCC(=O)c1c(O)cccc1OCCCNc1ccc(C)cc1
CHEMBL2206342,CCC(=O)c1c(O)cccc1OCCCNc1ccc(OC)cc1
CHEMBL2206347,CCOC(=O)C(CCCOc1cccc(OCCN(C)C)c1C(=O)CC)C(=O)OCC
CHEMBL2206831,CCOC(=O)C(CCCOc1cccc(OCCN2CCCC2)c1C(=O)CC)C(=O)OCC
CHEMBL2205512,CNc1nc(N)nc2nc(-c3ccccc3OC)ccc12
CHEMBL2205513,CNc1nc(N)nc2nc(-c3ccccc3[N+](=O)[O-])ccc12
CHEMBL2205514,CNc1nc(N)nc2nc(-c3ccccc3C(=O)O)ccc12
CHEMBL2205515,CNc1nc(N)nc2nc(-c3ccccc3Br)ccc12
CHEMBL2205516,CNc1nc(N)nc2nc(-c3ccccc3Cl)ccc12
CHEMBL2205517,CNc1nc(N)nc2nc(-c3cccc(Cl)c3Cl)ccc12
CHEMBL2205518,CNc1nc(N)nc2nc(-c3ccc(Cl)cc3Cl)ccc12
CHEMBL2205519,CNc1nc(N)nc2nc(-c3cc(Cl)ccc3Cl)ccc12
CHEMBL2205520,CNc1nc(N)nc2nc(-c3c(Cl)cccc3Cl)ccc12
CHEMBL2205521,CNc1nc(N)nc2nc(-c3c(F)cccc3C(F)(F)F)ccc12
CHEMBL2205522,CNc1nc(N)nc2nc(-c3c(OC)cccc3C(F)(F)F)ccc12
CHEMBL2206063,CNc1nc(N)nc2nc(-c3c(SC)cccc3C(F)(F)F)ccc12
CHEMBL2206064,CNc1nc(N)nc2nc(-c3c(Oc4ccccc4)cccc3C(F)(F)F)ccc12
CHEMBL2206065,CNc1nc(N)nc2nc(-c3c(N4CCOCC4)cccc3C(F)(F)F)ccc12
CHEMBL2206066,CNc1nc(N)nc2nc(-c3c(N4CCCCC4)cccc3C(F)(F)F)ccc12
CHEMBL2206067,CNc1nc(N)nc2nc(-c3c(N4CCCC4)cccc3C(F)(F)F)ccc12
CHEMBL2206068,CNc1nc(N)nc2nc(-c3c(Cl)cccc3N3CCCC3)ccc12
CHEMBL2206069,CNc1nc(N)nc2nc(-c3c(F)cccc3N3CCCC3)ccc12
CHEMBL2206073,CNc1nc(N)nc2nc(-c3ccccc3C(F)(F)F)ccc12
CHEMBL2206074,CCNc1nc(N)nc2nc(-c3ccccc3C(F)(F)F)ccc12
CHEMBL2206075,CCCNc1nc(N)nc2nc(-c3ccccc3C(F)(F)F)ccc12
CHEMBL2206076,Nc1nc(NCCO)c2ccc(-c3ccccc3C(F)(F)F)nc2n1
CHEMBL2206077,CNc1nc(N)nc2nc(-c3ccccc3C)ccc12
CHEMBL2206732,O=C1N=C(NCCCCCCCNC2=NC(=O)/C(=C/c3cc(Br)c(O)c(Br)c3)S2)S/C1=C\c1cc(Br)c(O)c(Br)c1
CHEMBL2206734,O=C1N=C(NCCCCCCCNC2=NC(=O)/C(=C/c3ccc(O)c(O)c3)S2)S/C1=C\c1ccc(O)c(O)c1
CHEMBL2206735,O=C1N=C(NCCCCCCCNC2=NC(=O)/C(=C/c3ccccc3)S2)S/C1=C\c1ccccc1
CHEMBL2206736,O=C(O)/C=C/c1ccc(/C=C2\SC(NCCCCCCCNC3=NC(=O)/C(=C/c4ccc(/C=C/C(=O)O)cc4)S3)=NC2=O)cc1
CHEMBL2206751,O=C1N=C(NCCCCNC2=NC(=O)/C(=C/c3ccc(O)cc3)S2)S/C1=C\c1ccc(O)cc1
CHEMBL2206752,O=C1N=C(NCCCCCNC2=NC(=O)/C(=C/c3ccc(O)cc3)S2)S/C1=C\c1ccc(O)cc1
CHEMBL2206753,O=C1N=C(NCCCCCCNC2=NC(=O)/C(=C/c3ccc(O)cc3)S2)S/C1=C\c1ccc(O)cc1
CHEMBL2206754,O=C1N=C(NCCCCCCCNC2=NC(=O)/C(=C/c3ccc(O)cc3)S2)S/C1=C\c1ccc(O)cc1
CHEMBL2206755,O=C1N=C(NCCCCCCCCNC2=NC(=O)/C(=C/c3ccc(O)cc3)S2)S/C1=C\c1ccc(O)cc1
CHEMBL2206756,O=C1N=C(NCCCCCCCCCNC2=NC(=O)/C(=C/c3ccc(O)cc3)S2)S/C1=C\c1ccc(O)cc1
CHEMBL2207335,O=C1N=C(NCC2CCCC(CNC3=NC(=O)/C(=C/c4ccc(O)cc4)S3)C2)S/C1=C\c1ccc(O)cc1
CHEMBL2207336,O=C1N=C(NCc2cccc(CNC3=NC(=O)/C(=C/c4ccc(O)cc4)S3)c2)S/C1=C\c1ccc(O)cc1
CHEMBL2207337,O=C1N=C(NCCN2CCN(CCNC3=NC(=O)/C(=C/c4ccc(O)cc4)S3)CC2)S/C1=C\c1ccc(O)cc1
CHEMBL2207339,C=CC(C)(O)C/C=C/[C@@]1(C)CC[C@@H](C(C)(O)CC(=O)C=C(C)C)O1
CHEMBL2208248,O=C1Nc2ccccc2/C1=C\c1ccc(CN2C(=O)C(=O)c3ccccc32)o1
CHEMBL2208249,O=C1Nc2ccc(Br)cc2/C1=C\c1ccc(CN2C(=O)C(=O)c3ccccc32)o1
CHEMBL2208250,Cc1ccc2c(c1)/C(=C\c1ccc(CN3C(=O)C(=O)c4ccccc43)o1)C(=O)N2
CHEMBL2208251,O=C1Nc2ccc([N+](=O)[O-])cc2/C1=C\c1ccc(CN2C(=O)C(=O)c3ccccc32)o1
CHEMBL2208252,O=C1Nc2ccc(Cl)cc2/C1=C\c1ccc(CN2C(=O)C(=O)c3ccccc32)o1
CHEMBL2208253,Cc1ccc2c(c1)C(=O)C(=O)N2Cc1ccc(/C=C2/C(=O)Nc3ccccc32)o1
CHEMBL2208254,Cc1ccc2c(c1)C(=O)C(=O)N2Cc1ccc(/C=C2/C(=O)Nc3ccc(Br)cc32)o1
CHEMBL2208255,Cc1ccc2c(c1)C(=O)C(=O)N2Cc1ccc(/C=C2/C(=O)Nc3ccc(C)cc32)o1
CHEMBL2208256,Cc1ccc2c(c1)C(=O)C(=O)N2Cc1ccc(/C=C2/C(=O)Nc3ccc(Cl)cc32)o1
CHEMBL2208257,O=C1Nc2ccccc2/C1=C\c1ccc(CN2C(=O)C(=O)c3cc(Cl)ccc32)o1
CHEMBL2208258,Cc1ccc2c(c1)/C(=C\c1ccc(CN3C(=O)C(=O)c4cc(Cl)ccc43)o1)C(=O)N2
CHEMBL2208259,O=C1Nc2ccc(Cl)cc2/C1=C\c1ccc(CN2C(=O)C(=O)c3cc(Cl)ccc32)o1
CHEMBL2216806,O=C(O)CN1C(=O)/C(=C/c2ccc(-c3ccc(OCc4ccccc4)cc3)cc2)SC1=S
CHEMBL2259730,COc1ccc(C2=NOC(n3ccnc3)C2)c(OC)c1
CHEMBL2259731,COC(=O)C1C(c2ccc(OC)cc2OC)=NOC1c1ccccc1
CHEMBL2259735,CC(=O)Oc1ccc(C2=NOC(c3ccccc3)C2)c(OC(C)=O)c1
CHEMBL2259737,COc1c(C2=NOC(c3ccccc3)C2)ccc2c1C=CC(C)(C)O2
CHEMBL2259738,COc1ccc(C2CC(c3ccc4c(c3OC)C=CC(C)(C)O4)=NO2)cc1
CHEMBL2259739,COc1c(C2=NOC(c3ccccn3)C2)ccc2c1C=CC(C)(C)O2
CHEMBL2259740,COc1ccc(C2=NOC(c3ccccc3)C2)c(OC)c1
CHEMBL2259741,COc1ccc(C2CC(c3ccc(OC)cc3OC)=NO2)cc1
CHEMBL2259742,COc1ccc(C2=NOC(c3ccccn3)C2)c(OC)c1
CHEMBL2259743,COc1ccc(C2=NOC(c3ccncc3)C2)c(OC)c1
CHEMBL2262826,CC1(C)CC[C@]2(C(=O)O)CC[C@]3(C)C(=CC[C@@H]4[C@@]5(C)CC[C@H](Cc6ccccc6)C(C)(C)[C@@H]5CC[C@]43C)[C@@H]2C1
CHEMBL2262827,CC1(C)CC[C@]2(C(=O)O)CC[C@]3(C)C(=CC[C@@H]4[C@@]5(C)CC[C@H](Cc6ccccc6C(=O)O)C(C)(C)[C@@H]5CC[C@]43C)[C@@H]2C1
CHEMBL2262828,CC1(C)CC[C@]2(CCCCC(=O)NC(Cc3ccccc3)C(=O)O)CC[C@]3(C)C(=CC[C@@H]4[C@@]5(C)CC[C@H](OCc6ccc(C(=O)O)cc6)C(C)(C)[C@@H]5CC[C@]43C)[C@@H]2C1
CHEMBL2262829,COc1ccc(CC(NC(=O)C[C@]23CCC(C)(C)C[C@H]2C2=CC[C@@H]4[C@@]5(C)CC[C@H](O)C(C)(C)[C@@H]5CC[C@@]4(C)[C@]2(C)CC3)C(=O)O)cc1OC
CHEMBL2262830,COc1cc(CC(NC(=O)C[C@]23CCC(C)(C)C[C@H]2C2=CC[C@@H]4[C@@]5(C)CC[C@H](O)C(C)(C)[C@@H]5CC[C@@]4(C)[C@]2(C)CC3)C(=O)O)cc(OC)c1
CHEMBL2262831,Cc1ccccc1CC(NC(=O)C[C@]12CCC(C)(C)C[C@H]1C1=CC[C@@H]3[C@@]4(C)CC[C@H](O)C(C)(C)[C@@H]4CC[C@@]3(C)[C@]1(C)CC2)C(=O)O
CHEMBL2262832,Cc1ccc(CC(NC(=O)C[C@]23CCC(C)(C)C[C@H]2C2=CC[C@@H]4[C@@]5(C)CC[C@H](O)C(C)(C)[C@@H]5CC[C@@]4(C)[C@]2(C)CC3)C(=O)O)cc1
CHEMBL2262833,COc1ccccc1CC(NC(=O)C[C@]12CCC(C)(C)C[C@H]1C1=CC[C@@H]3[C@@]4(C)CC[C@H](O)C(C)(C)[C@@H]4CC[C@@]3(C)[C@]1(C)CC2)C(=O)O
CHEMBL2262834,COc1cccc(CC(NC(=O)C[C@]23CCC(C)(C)C[C@H]2C2=CC[C@@H]4[C@@]5(C)CC[C@H](O)C(C)(C)[C@@H]5CC[C@@]4(C)[C@]2(C)CC3)C(=O)O)c1
CHEMBL2262835,COc1ccc(CC(NC(=O)C[C@]23CCC(C)(C)C[C@H]2C2=CC[C@@H]4[C@@]5(C)CC[C@H](O)C(C)(C)[C@@H]5CC[C@@]4(C)[C@]2(C)CC3)C(=O)O)cc1
CHEMBL2262836,CC1(C)CC[C@]2(CC(=O)NC(Cc3ccc4c(c3)OCO4)C(=O)O)CC[C@]3(C)C(=CC[C@@H]4[C@@]5(C)CC[C@H](O)C(C)(C)[C@@H]5CC[C@]43C)[C@@H]2C1
CHEMBL2262837,COc1cccc(CC(NC(=O)C[C@]23CCC(C)(C)C[C@H]2C2=CC[C@@H]4[C@@]5(C)CC[C@H](O)C(C)(C)[C@@H]5CC[C@@]4(C)[C@]2(C)CC3)C(=O)O)c1OC
CHEMBL2262838,CC1(C)CC[C@]2(C(=O)OCCCCCCCCCCCCC(=O)O)CC[C@]3(C)C(=CC[C@@H]4[C@@]5(C)CC[C@H](O)C(C)(C)[C@@H]5CC[C@]43C)[C@@H]2C1
CHEMBL2263107,CC1(C)CC[C@]2(CC(=O)NC(Cc3ccccc3)C(=O)O)CC[C@]3(C)C(=CC[C@@H]4[C@@]5(C)CC[C@H](O)C(C)(C)[C@@H]5CC[C@]43C)[C@@H]2C1
CHEMBL2263108,CC1(C)CC[C@]2(CC(=O)NC(Cc3cnc[nH]3)C(=O)O)CC[C@]3(C)C(=CC[C@@H]4[C@@]5(C)CC[C@H](O)C(C)(C)[C@@H]5CC[C@]43C)[C@@H]2C1
CHEMBL2263109,CC1(C)CC[C@]2(CC(=O)NC(CC3=CCc4ccccc43)C(=O)O)CC[C@]3(C)C(=CC[C@@H]4[C@@]5(C)CC[C@H](O)C(C)(C)[C@@H]5CC[C@]43C)[C@@H]2C1
CHEMBL2263110,CSCCC(NC(=O)C[C@]12CCC(C)(C)C[C@H]1C1=CC[C@@H]3[C@@]4(C)CC[C@H](O)C(C)(C)[C@@H]4CC[C@@]3(C)[C@]1(C)CC2)C(=O)O
CHEMBL2263111,CC1(C)CC[C@]2(CC(=O)NC(Cc3ccccc3Cl)C(=O)O)CC[C@]3(C)C(=CC[C@@H]4[C@@]5(C)CC[C@H](O)C(C)(C)[C@@H]5CC[C@]43C)[C@@H]2C1
CHEMBL2263112,CC1(C)CC[C@]2(CC(=O)NC(Cc3cccc(Cl)c3)C(=O)O)CC[C@]3(C)C(=CC[C@@H]4[C@@]5(C)CC[C@H](O)C(C)(C)[C@@H]5CC[C@]43C)[C@@H]2C1
CHEMBL2263113,CC1(C)CC[C@]2(CC(=O)NC(Cc3ccc(Cl)cc3)C(=O)O)CC[C@]3(C)C(=CC[C@@H]4[C@@]5(C)CC[C@H](O)C(C)(C)[C@@H]5CC[C@]43C)[C@@H]2C1
CHEMBL2263114,CC1(C)CC[C@]2(CC(=O)NC(Cc3ccc(F)cc3)C(=O)O)CC[C@]3(C)C(=CC[C@@H]4[C@@]5(C)CC[C@H](O)C(C)(C)[C@@H]5CC[C@]43C)[C@@H]2C1
CHEMBL2263115,CC1(C)CC[C@]2(CC(=O)NC(Cc3ccc([N+](=O)[O-])cc3)C(=O)O)CC[C@]3(C)C(=CC[C@@H]4[C@@]5(C)CC[C@H](O)C(C)(C)[C@@H]5CC[C@]43C)[C@@H]2C1
CHEMBL2263116,CC1(C)CC[C@]2(C(=O)OCCC(=O)O)CC[C@]3(C)C(=CC[C@@H]4[C@@]5(C)CC[C@H](O)C(C)(C)[C@@H]5CC[C@]43C)[C@@H]2C1
CHEMBL2263117,CC1(C)CC[C@]2(C(=O)OCCCCC(=O)O)CC[C@]3(C)C(=CC[C@@H]4[C@@]5(C)CC[C@H](O)C(C)(C)[C@@H]5CC[C@]43C)[C@@H]2C1
CHEMBL2263118,CC1(C)CC[C@]2(C(=O)OCCCCCCC(=O)O)CC[C@]3(C)C(=CC[C@@H]4[C@@]5(C)CC[C@H](O)C(C)(C)[C@@H]5CC[C@]43C)[C@@H]2C1
CHEMBL2263119,CC1(C)CC[C@]2(C(=O)OCCCCCCCCC(=O)O)CC[C@]3(C)C(=CC[C@@H]4[C@@]5(C)CC[C@H](O)C(C)(C)[C@@H]5CC[C@]43C)[C@@H]2C1
CHEMBL2263120,CC1(C)CC[C@]2(C(=O)OCCCCCCCCCCC(=O)O)CC[C@]3(C)C(=CC[C@@H]4[C@@]5(C)CC[C@H](O)C(C)(C)[C@@H]5CC[C@]43C)[C@@H]2C1
CHEMBL2263121,CC1(C)CC[C@]2(C(=O)NC(Cc3ccccc3)C(=O)O)CC[C@]3(C)C(=CC[C@@H]4[C@@]5(C)CC[C@H](O)C(C)(C)[C@@H]5CC[C@]43C)[C@@H]2C1
CHEMBL2263122,CC1(C)CC[C@]2(C(=O)NC(CCC(=O)O)C(=O)O)CC[C@]3(C)C(=CC[C@@H]4[C@@]5(C)CC[C@H](O)C(C)(C)[C@@H]5CC[C@]43C)[C@@H]2C1
CHEMBL2296750,CCCCCNC(=O)[C@H](Cc1ccc(C2=CS(=O)(=O)NC2=O)cc1)NC(=O)[C@H](Cc1ccccc1)NC(=O)Cc1ccc(OC)cc1
CHEMBL2296751,CCCCCNC(=O)[C@H](Cc1ccc(N2CC(=O)NS2(=O)=O)cc1)NC(=O)[C@H](Cc1ccccc1)NC(=O)Cc1ccc(OC)cc1
CHEMBL2296752,CCCCCNC(=O)[C@H](Cc1ccc([C@H]2CC(=O)NS2(=O)=O)cc1)NC(=O)[C@H](Cc1ccccc1)NC(=O)Cc1ccc(OC)cc1
CHEMBL2296753,CCCCCNC(=O)[C@H](Cc1ccc(C2=CC(=O)NS2(=O)=O)cc1)NC(=O)[C@H](Cc1ccccc1)NC(=O)Cc1ccc(OC)cc1
CHEMBL2297004,CC(C)(C)OC(=O)N[C@@H](Cc1ccc(C2CC(=O)NS2(=O)=O)cc1)C(N)=O
CHEMBL2297005,CC(=O)N[C@@H](Cc1ccc(C2CC(=O)NS2(=O)=O)cc1)C(N)=O
CHEMBL2297006,NC(=O)[C@@H](N)Cc1ccc(C2CC(=O)NS2(=O)=O)cc1
CHEMBL2297007,NC(=O)[C@H](Cc1ccc(C2CC(=O)NS2(=O)=O)cc1)NC(=O)[C@H](Cc1ccccc1)NC(=O)CCc1ccccc1
CHEMBL2297008,NC(=O)[C@H](Cc1ccc(C2CC(=O)NS2(=O)=O)cc1)NC(=O)[C@H](Cc1ccccc1)NC(=O)Cc1ccc(C(F)(F)F)cc1
CHEMBL2297009,COc1ccc(CC(=O)N[C@@H](Cc2ccccc2)C(=O)N[C@@H](Cc2ccc(C3CC(=O)NS3(=O)=O)cc2)C(N)=O)cc1
CHEMBL375563,CC(C)=CCC[C@](C)(O)[C@H]1CC[C@]2(C)[C@@H]1[C@H](O)C[C@@H]1[C@@]3(C)CC[C@H](O)C(C)(C)[C@@H]3CC[C@]12C
CHEMBL1951707,CC(C)=C1CC=C([C@H]2CC[C@]3(C)[C@@H]2CC[C@@H]2C4=C(CC[C@]23C)C(C)(C)[C@@H]2CC[C@H]4O2)C1=O
CHEMBL1951708,CC(C)=C1CC([C@H]2CC[C@]3(C)[C@@H]2CC[C@@H]2C4=C(CC[C@]23C)C(C)(C)[C@@H]2CC[C@H]4O2)=CC1=O
CHEMBL2297010,NC(=O)[C@H](Cc1ccc(C2CC(=O)NS2(=O)=O)cc1)NC(=O)[C@H](Cc1ccccc1)NC(=O)Cc1ccc(O)cc1
CHEMBL2297011,NC(=O)[C@H](Cc1ccc(C2CC(=O)NS2(=O)=O)cc1)NC(=O)[C@H](Cc1ccccc1)NC(=O)Cc1ccccc1
CHEMBL2297012,NC(=O)[C@H](Cc1ccc(C2CC(=O)NS2(=O)=O)cc1)NC(=O)[C@H](Cc1ccccc1)NC(=O)c1ccccc1
CHEMBL2297013,CC(=O)N[C@@H](Cc1ccccc1)C(=O)N[C@@H](Cc1ccc(C2CC(=O)NS2(=O)=O)cc1)C(N)=O
CHEMBL2297014,NC(=O)[C@H](Cc1ccc(C2CC(=O)NS2(=O)=O)cc1)NC(=O)[C@@H](N)Cc1ccccc1
CHEMBL2297015,NC(=O)[C@H](Cc1ccc(C2=CC(=O)NS2(=O)=O)cc1)NC(=O)[C@H](Cc1ccccc1)NC(=O)CCc1ccccc1
CHEMBL2295854,NC(=O)[C@H](Cc1ccc(C2=CC(=O)NS2(=O)=O)cc1)NC(=O)[C@H](Cc1ccccc1)NC(=O)Cc1ccc(C(F)(F)F)cc1
CHEMBL2297016,COc1ccc(CC(=O)N[C@@H](Cc2ccccc2)C(=O)N[C@@H](Cc2ccc(C3=CC(=O)NS3(=O)=O)cc2)C(N)=O)cc1
CHEMBL2297017,NC(=O)[C@H](Cc1ccc(C2=CC(=O)NS2(=O)=O)cc1)NC(=O)[C@H](Cc1ccccc1)NC(=O)Cc1ccc(O)cc1
CHEMBL2297018,NC(=O)[C@H](Cc1ccc(C2=CC(=O)NS2(=O)=O)cc1)NC(=O)[C@H](Cc1ccccc1)NC(=O)c1ccccc1
CHEMBL2297019,NC(=O)[C@H](Cc1ccc(C2=CC(=O)NS2(=O)=O)cc1)NC(=O)[C@@H](N)Cc1ccccc1
CHEMBL2297020,NC(=O)[C@H](Cc1ccc(C2=CC(=O)NS2(=O)=O)cc1)NC(=O)[C@H](Cc1ccccc1)NC(=O)Cc1ccccc1
CHEMBL2313414,CC(C)=CCC[C@@](O)(CO)[C@H]1CC[C@]2(C)[C@@H]1CC[C@@H]1[C@@]3(C)CC[C@H](O)C(C)(C)[C@@H]3CC[C@]12C
CHEMBL2313418,CC(C)=C[C@@H]1C[C@](O)([C@H]2CC[C@]3(C)[C@@H]2CC[C@@H]2[C@@]4(C)CC[C@H](O)C(C)(C)[C@@H]4CC[C@]23C)C(=O)O1
CHEMBL2313419,CC(C)=C[C@H]1C[C@@](O)([C@H]2CC[C@]3(C)[C@@H]2CC[C@@H]2[C@@]4(C)CC[C@H](O)C(C)(C)[C@@H]4CC[C@]23C)C(=O)O1
CHEMBL2313420,CC1(C)[C@@H](O)CC[C@]2(C)[C@H]3CC[C@@H]4[C@@H](C(=O)O)CC[C@@]4(C)[C@]3(C)CC[C@@H]12
CHEMBL2313421,CC(C)(O)C[C@H]1C=C([C@H]2CC[C@]3(C)[C@@H]2CC[C@@H]2[C@@]4(C)CC[C@H](O)C(C)(C)[C@@H]4CC[C@]23C)C(=O)O1
CHEMBL2313422,CC(C)(O)C[C@@H]1C=C([C@H]2CC[C@]3(C)[C@@H]2CC[C@@H]2[C@@]4(C)CC[C@H](O)C(C)(C)[C@@H]4CC[C@]23C)C(=O)O1
CHEMBL2313423,CC(=O)O[C@H]1CC[C@]2(C)[C@H]3CC[C@@H]4[C@@H](C5=C[C@H](CC(C)(C)O)OC5=O)CC[C@@]4(C)[C@]3(C)CC[C@H]2C1(C)C
CHEMBL2316894,O=C(O)c1cc2c(CCc3cccc(C(F)(F)F)c3)c(-c3ccccc3)oc2cc1O
CHEMBL2316895,O=C(O)c1cc2c(CCc3ccc(OC(F)(F)F)cc3)c(-c3ccccc3)oc2cc1O
CHEMBL2316896,O=C(O)c1cc2c(CCc3ccc(Oc4ccccc4)cc3)c(-c3ccccc3)oc2cc1O
CHEMBL2316897,O=C(O)c1cc2c(/C=C\c3ccc(OC(F)(F)F)cc3)c(-c3ccccc3)oc2cc1O
CHEMBL2316898,O=C(O)c1cc2c(CCc3cccc(F)c3)c(-c3ccccc3)oc2cc1O
CHEMBL2316902,O=C(O)c1cc2c(C#Cc3cccc(C(F)(F)F)c3)c(-c3ccccc3)oc2cc1O
CHEMBL2316903,O=C(O)c1cc2c(C#Cc3ccccc3)c(-c3ccccc3)oc2cc1O
CHEMBL2316904,O=C(O)c1cc2c(C#Cc3cccc(F)c3)c(-c3ccccc3)oc2cc1O
CHEMBL2316905,O=C(O)c1cc2c(C#Cc3cccc(Cl)c3)c(-c3ccccc3)oc2cc1O
CHEMBL2316906,O=C(O)c1cc2c(C#Cc3cc(F)cc(F)c3)c(-c3ccccc3)oc2cc1O
CHEMBL2316907,O=C(O)c1cc2c(C#Cc3ccc(OC(F)(F)F)cc3)c(-c3ccccc3)oc2cc1O
CHEMBL2316908,O=C(O)c1cc2c(C#Cc3ccc(Oc4ccccc4)cc3)c(-c3ccccc3)oc2cc1O
CHEMBL2311593,O=C(O)c1cc2c(/C=C\c3cc(F)cc(F)c3)c(-c3ccccc3)oc2cc1O
CHEMBL2316910,O=C(O)c1cc2c(C#Cc3ccc(F)cc3F)c(-c3ccccc3)oc2cc1O
CHEMBL2322191,C=C(CC[C@@H](C)[C@H]1CC[C@H]2[C@@H]3CCC4=CC(=O)CC[C@]4(C)[C@H]3CC[C@]12C)C(C)C
CHEMBL2322192,C=C(CC[C@@H](C)[C@H]1CC[C@H]2[C@@H]3CC[C@H]4[C@H](C)[C@@H](O)CC[C@]4(C)[C@H]3CC[C@]12C)C(C)C
CHEMBL2322193,C=C(CC[C@@H](C)[C@H]1CC[C@@H]2[C@]1(C)CC[C@@H]1[C@@]3(C)CC[C@H](OC(C)=O)[C@@H](C)[C@@H]3CC[C@@]21O)C(C)C
CHEMBL2332430,CC1=CC(=O)C(=C(C)C)C[C@H]2[C@H]1CC[C@]2(C)O
CHEMBL2332431,CC1=CC(=O)C(=C(C)C)C[C@@H]2[C@@](C)(O)CC[C@]12O
CHEMBL2332435,C=C1CC[C@H]2C(C)(C)CCC[C@]2(C)[C@H]1C/C=C(\C=O)CC(=O)O
CHEMBL2332436,C=C1CC[C@H]2C(C)(C)CCC[C@]2(C)[C@H]1/C=C/C(C)=O
CHEMBL2332437,CC(C)=C1C[C@@H](O)[C@@](C)(O)CC[C@H](O)/C(C)=C\C1=O
CHEMBL2332439,CC(C)=C1C[C@@H](O)[C@@](C)(O)CC[C@@H](O)/C(C)=C\C1=O
CHEMBL2332880,CC(C)=C1C[C@H]2[C@@H](CC[C@@]2(C)O)[C@@](C)(O)CC1=O
CHEMBL2347643,CC1=C[C@@H]2CC(C)(C)[C@H]1/C=C\c1ccoc12
CHEMBL2349150,Cc1ccc(C(=O)/C=C/c2ccc(C(=O)Nc3ccc(S(=O)(=O)Nc4nccs4)cc3)cc2)cc1
CHEMBL2349151,N#Cc1ccc(C(=O)/C=C/c2ccc(C(=O)Nc3ccc(S(=O)(=O)Nc4nccs4)cc3)cc2)cc1
CHEMBL2349152,COc1ccc(C(=O)CCc2ccc(C(=O)Nc3ccc(S(=O)(=O)Nc4nccs4)cc3)cc2)cc1
CHEMBL171632,CC1(C)C=C2C(=NN(c3ccccc3)C(N)=C2C#N)CO1
CHEMBL470654,COC(=O)/C1=C/C=C(/C(C)C)CCC2=CCC[C@](C)(OC2=O)C(=O)CC1
CHEMBL2375448,COC(=O)CCCCCNC(=O)[C@]12CCC(C)(C)C[C@H]1C1=CC[C@@H]3[C@@]4(C)CC[C@H](O[C@H]5O[C@H](C(=O)OC)[C@@H](O)[C@H](O)[C@@H]5O)C(C)(C)[C@@H]4CC[C@@]3(C)[C@]1(C)CC2
CHEMBL2375454,CC1(C)CC[C@]2(C(=O)NCCCCCC(=O)O)CC[C@]3(C)C(=CC[C@@H]4[C@@]5(C)CC[C@H](O[C@@H]6O[C@H](CO)[C@@H](O[C@@H]7O[C@H](CO)[C@H](O)[C@H](O)[C@H]7O)[C@H](O)[C@H]6O)C(C)(C)[C@@H]5CC[C@]43C)[C@@H]2C1
CHEMBL2375455,CC1(C)CC[C@]2(C(=O)NCCCCCC(=O)O)CC[C@]3(C)C(=CC[C@@H]4[C@@]5(C)CC[C@H](O[C@@H]6O[C@H](C(=O)O)[C@@H](O)[C@H](O)[C@H]6O)C(C)(C)[C@@H]5CC[C@]43C)[C@@H]2C1
CHEMBL2375456,CC1(C)CC[C@]2(C(=O)NCCCCCC(=O)O)CC[C@]3(C)C(=CC[C@@H]4[C@@]5(C)CC[C@H](O[C@H]6O[C@H](C(=O)O)[C@@H](O)[C@H](O)[C@@H]6O)C(C)(C)[C@@H]5CC[C@]43C)[C@@H]2C1
CHEMBL2375471,COC(=O)CCCCCNC(=O)[C@]12CCC(C)(C)C[C@H]1C1=CC[C@@H]3[C@@]4(C)CC[C@H](O[C@H]5O[C@H](C(=O)O)[C@@H](O)[C@H](O)[C@@H]5O)C(C)(C)[C@@H]4CC[C@@]3(C)[C@]1(C)CC2
CHEMBL2386063,Oc1cc(Cc2cc(Br)c(O)c(Br)c2Br)c(Br)c(Br)c1O
CHEMBL2386216,CCCOCc1cc(O)c(O)c(Br)c1Cc1cc(O)c(O)c(Br)c1Br
CHEMBL2386218,CC(C)COCc1cc(O)c(O)c(Br)c1Cc1cc(O)c(O)c(Br)c1Br
CHEMBL2396718,CCCNC(=O)COc1ccc(-c2oc3cc(O)c(C(=O)O)cc3c2C#Cc2cccc(Cl)c2)cc1
CHEMBL2396719,O=C(COc1ccc(-c2oc3cc(O)c(C(=O)O)cc3c2C#Cc2cccc(Cl)c2)cc1)NC1CC1
CHEMBL2414197,COC(=O)/C1=C\C=C(\C(C)C)CC/C(C)=C/CC/C(C)=C/CC1
CHEMBL2414202,C/C1=C\C=C(\C(C)C)CC/C(C)=C/CC/C(C)=C/CC1
CHEMBL2414204,COC(=O)/C1=C\C=C(\C(C)C)CCC2=CCC[C@](C)(OC2=O)C(=O)CC1
CHEMBL2414205,C/C1=C/C=C(/C(C)C)CCC2=CCC[C@](C)(OC2=O)C(=O)CC1
CHEMBL2419068,O=C(OC1CS[S+]([O-])C1)c1cccc(Br)c1
CHEMBL2419070,O=C(OC1CS[S+]([O-])C1)c1ccc(I)cc1
CHEMBL2419071,O=C(OC1CS[S+]([O-])C1)c1ccccc1I
CHEMBL2419072,O=C(OC1CS[S+]([O-])C1)c1cc(Br)ccc1Br
CHEMBL2419073,O=C(OC1CS[S+]([O-])C1)c1cc2ccccc2[nH]1
CHEMBL2419074,O=C(Cc1ccc(Br)cc1)OC1CS[S+]([O-])C1
CHEMBL2419076,O=C(OC1CSSC1)c1ccc(I)cc1
CHEMBL2419077,O=C(OC1CSSC1)c1ccccc1I
CHEMBL2419078,O=C(OC1CSSC1)c1cc(Br)ccc1Br
CHEMBL2419079,NS(=O)(=O)c1ccc(C(=O)OC2CSSC2)cc1
CHEMBL2419080,O=C(OC1CSSC1)c1ccc([N+](=O)[O-])cc1
CHEMBL2419083,O=C(OC1CSSC1)c1cc([N+](=O)[O-])cc([N+](=O)[O-])c1
CHEMBL2419087,O=C(OC1CSSC1)c1ccoc1
CHEMBL2419088,O=C(OC1CSSC1)c1ccco1
CHEMBL2419090,O=C(OC1CSSC1)c1cc2ccccc2[nH]1
CHEMBL2419093,O=C(OC1CSS(=O)(=O)C1)c1cccc(Br)c1
CHEMBL2419097,O=S1(=O)C[C@H](O)CS1
CHEMBL2419098,O=C(OC1CSSC1)c1ccc(Br)cc1
CHEMBL2424682,CC1(C)C=C2C(=NN(c3cccc(CO)c3)C(N)=C2C#N)CO1
CHEMBL2424683,CC1(C)C=C2C(=NN(c3ccccc3C(F)(F)F)C(N)=C2C#N)CO1
CHEMBL2424684,CC1(C)C=C2C(=NN(c3cccc(C(F)(F)F)c3)C(N)=C2C#N)CO1
CHEMBL2424685,CCOc1ccc(N2N=C3COC(C)(C)C=C3C(C#N)=C2N)cc1
CHEMBL2424686,CCOc1ccccc1N1N=C2COC(C)(C)C=C2C(C#N)=C1N
CHEMBL2424687,N#CC1=C(N)N(c2ccccc2)N=C2COCC=C21
CHEMBL2424688,COC(=O)c1cccc(N2N=C3COC(C)(C)C=C3C(C#N)=C2N)c1
CHEMBL2424707,CC1(C)C=C2C(=NN(c3cccc(Oc4ccccc4)c3)C(N)=C2C#N)CO1
CHEMBL2424708,CC(=O)Nc1ccc(N2N=C3COC(C)(C)C=C3C(C#N)=C2N)cc1
CHEMBL2424709,CC(=O)Nc1cccc(N2N=C3COC(C)(C)C=C3C(C#N)=C2N)c1
CHEMBL2424710,CC1(C)C=C2C(=NN(c3ccccc3[N+](=O)[O-])C(N)=C2C#N)CO1
CHEMBL2424711,CCc1ccc(N2N=C3COC(C)(C)C=C3C(C#N)=C2N)cc1
CHEMBL2424712,CCc1ccccc1N1N=C2COC(C)(C)C=C2C(C#N)=C1N
CHEMBL2424713,CCc1cccc(N2N=C3COC(C)(C)C=C3C(C#N)=C2N)c1
CHEMBL2424714,CC1(C)C=C2C(=NN(c3ccc(CO)cc3)C(N)=C2C#N)CO1
CHEMBL2424715,CC1(C)C=C2C(=NN(c3ccccc3CO)C(N)=C2C#N)CO1
CHEMBL364604,CC(C)c1ccc(N2N=C3CSCC=C3C(C#N)=C2N)cc1
CHEMBL187460,C[C@H]1COC2=C1C(=O)C(=O)c1c2ccc2c1CCCC2(C)C
CHEMBL611317,CCCOc1c2cccc1Cc1cc(C(P(=O)(O)O)P(=O)(O)O)cc(c1O)Cc1cccc(c1OCCC)Cc1cc(C(P(=O)(O)O)P(=O)(O)O)cc(c1O)C2
CHEMBL611611,CCCOc1c2cccc1Cc1cc(C(P(=O)(O)O)P(=O)(O)O)cc(c1O)Cc1cccc(c1OCCC)Cc1cccc(c1O)C2
CHEMBL2424689,N#CC1=C(N)N(c2ccccc2)N=C2CCCC=C21
CHEMBL2424690,CC(C)c1ccccc1N1N=C2CSCC=C2C(C#N)=C1N
CHEMBL2424691,N#CC1=C(N)N(c2ccc(F)cc2)N=C2CSCC=C21
CHEMBL2424692,N#CC1=C(N)N(c2ccccc2F)N=C2CSCC=C21
CHEMBL2424693,COc1ccc(N2N=C3CSCC=C3C(C#N)=C2N)cc1
CHEMBL2424661,N#CC1=C(N)N(c2ccccc2)N=C2CSCC=C21
CHEMBL2424694,CC1(C)C=C2C(=NN(c3ccccc3N3CCOCC3)C(N)=C2C#N)CO1
CHEMBL2424695,CC(C)c1cccc(N2N=C3COC(C)(C)C=C3C(C#N)=C2N)c1
CHEMBL2424696,CCCCc1ccc(N2N=C3COC(C)(C)C=C3C(C#N)=C2N)cc1
CHEMBL2424697,CCCCc1ccccc1N1N=C2COC(C)(C)C=C2C(C#N)=C1N
CHEMBL2424698,CC1(C)C=C2C(=NN(c3ccc(F)cc3)C(N)=C2C#N)CO1
CHEMBL2424699,CC1(C)C=C2C(=NN(c3ccccc3F)C(N)=C2C#N)CO1
CHEMBL2424700,CC1(C)C=C2C(=NN(c3cccc(F)c3)C(N)=C2C#N)CO1
CHEMBL2424701,CC1(C)C=C2C(=NN(c3ccc(CCO)cc3)C(N)=C2C#N)CO1
CHEMBL2424702,COc1ccc(N2N=C3COC(C)(C)C=C3C(C#N)=C2N)cc1
CHEMBL2424703,COc1ccccc1N1N=C2COC(C)(C)C=C2C(C#N)=C1N
CHEMBL2424704,COc1cccc(N2N=C3COC(C)(C)C=C3C(C#N)=C2N)c1
CHEMBL2424705,CC1(C)C=C2C(=NN(c3ccc(Oc4ccccc4)cc3)C(N)=C2C#N)CO1
CHEMBL2424706,CC1(C)C=C2C(=NN(c3ccccc3Oc3ccccc3)C(N)=C2C#N)CO1
CHEMBL2430577,CCCOc1c2cccc1Cc1cc(C(O)(P(=O)(O)O)P(=O)(O)O)cc(c1O)Cc1cccc(c1OCCC)Cc1cccc(c1O)C2
CHEMBL2430578,CCCOc1c2cccc1Cc1cc(C(O)(P(=O)(O)O)P(=O)(O)O)cc(c1O)Cc1cccc(c1OCCC)Cc1cc(C(O)(P(=O)(O)O)P(=O)(O)O)cc(c1O)C2
CHEMBL2436020,CCOC(=O)/C(C)=C\C(C)=C\c1nc([C@H](Cc2ccc(OCc3ccccc3)cc2)NC(=O)C2CCCCC2)sc1CC(C)C
CHEMBL2436021,CCOC(=O)/C(C)=C\C(C)=C\c1nc([C@H](Cc2ccc(OCc3ccccc3)cc2)NC(=O)C2CCCCC2)sc1-c1ccccc1
CHEMBL2436022,C/C(=C/C(C)=C/c1nc([C@H](Cc2ccc(OCc3ccccc3)cc2)NC(=O)C2CCCCC2)sc1-c1ccccc1)C(=O)O
CHEMBL2436023,COC(=O)c1ccccc1NC(=O)c1csc([C@H](Cc2ccc(OCc3ccccc3)cc2)NC(=O)C2CCCCC2)n1
CHEMBL2436024,COC(=O)c1cccc(NC(=O)c2csc([C@H](Cc3ccc(OCc4ccccc4)cc3)NC(=O)C3CCCCC3)n2)c1
CHEMBL2436025,COC(=O)c1ccc(NC(=O)c2csc([C@H](Cc3ccc(OCc4ccccc4)cc3)NC(=O)C3CCCCC3)n2)cc1
CHEMBL2436026,O=C(Nc1ccccc1C(=O)O)c1csc([C@H](Cc2ccc(OCc3ccccc3)cc2)NC(=O)C2CCCCC2)n1
CHEMBL2436027,O=C(O)c1cccc(NC(=O)c2csc([C@H](Cc3ccc(OCc4ccccc4)cc3)NC(=O)C3CCCCC3)n2)c1
CHEMBL2436028,O=C(O)c1ccc(NC(=O)c2csc([C@H](Cc3ccc(OCc4ccccc4)cc3)NC(=O)C3CCCCC3)n2)cc1
CHEMBL2436029,COC(=O)c1cccc(NC(=O)c2nc([C@H](Cc3ccc(OCc4ccccc4)cc3)NC(=O)C3CCCCC3)sc2-c2ccccc2)c1
CHEMBL2436030,O=C(O)c1cccc(NC(=O)c2nc([C@H](Cc3ccc(OCc4ccccc4)cc3)NC(=O)C3CCCCC3)sc2-c2ccccc2)c1
CHEMBL2436031,COC(=O)c1cccc(NC(=O)c2nc([C@H](Cc3ccc(OCc4ccccc4)cc3)NC(=O)CCc3c[nH]c4ccccc34)sc2-c2ccccc2)c1
CHEMBL2436032,O=C(CCc1c[nH]c2ccccc12)N[C@@H](Cc1ccc(OCc2ccccc2)cc1)c1nc(C(=O)Nc2cccc(C(=O)O)c2)c(-c2ccccc2)s1
CHEMBL2436033,O=C(CCc1c[nH]c2ccccc12)N[C@@H](Cc1ccc(OCc2ccccc2)cc1)c1nc(C(=O)Nc2ccccc2C(=O)O)c(-c2ccccc2)s1
CHEMBL2436034,O=C(CCc1c[nH]c2ccccc12)N[C@@H](Cc1ccc(OCc2ccccc2)cc1)c1nc(C(=O)Nc2ccc(C(=O)O)cc2)c(-c2ccccc2)s1
CHEMBL2436035,O=C(CCc1c[nH]c2ccccc12)N[C@@H](Cc1ccc(OCc2ccccc2)cc1)c1nc(C(=O)Nc2cccc(F)c2C(=O)O)c(-c2ccccc2)s1
CHEMBL2436036,O=C(CCc1c[nH]c2ccccc12)N[C@@H](Cc1ccc(OCc2ccccc2)cc1)c1nc(C(=O)Nc2ccc(F)cc2C(=O)O)c(-c2ccccc2)s1
CHEMBL2436037,O=C(CCc1c[nH]c2ccccc12)N[C@@H](Cc1ccc(OCc2ccccc2)cc1)c1nc(C(=O)Nc2cc(F)ccc2C(=O)O)c(-c2ccccc2)s1
CHEMBL2436038,O=C(CCc1c[nH]c2ccccc12)N[C@@H](Cc1ccc(OCc2ccccc2)cc1)c1nc(C(=O)Nc2cc(Cl)ccc2C(=O)O)c(-c2ccccc2)s1
CHEMBL2436039,O=C(CCc1c[nH]c2ccccc12)N[C@@H](Cc1ccc(OCc2ccccc2)cc1)c1nc(C(=O)Nc2cc(Br)ccc2C(=O)O)c(-c2ccccc2)s1
CHEMBL2436040,O=C(CCc1c[nH]c2ccccc12)N[C@@H](Cc1ccc(OCc2ccccc2)cc1)c1nc(C(=O)Nc2ccc(F)c(C(=O)O)c2)c(-c2ccccc2)s1
CHEMBL2436041,O=C(CCc1c[nH]c2ccccc12)N[C@@H](Cc1ccc(OCc2ccccc2)cc1)c1nc(C(=O)Nc2ccc(Cl)c(C(=O)O)c2)c(-c2ccccc2)s1
CHEMBL2436042,O=C(CCc1c[nH]c2ccccc12)N[C@@H](Cc1ccc(OCc2ccccc2)cc1)c1nc(C(=O)Nc2cc(C(=O)O)ccc2F)c(-c2ccccc2)s1
CHEMBL2436043,O=C(CCc1c[nH]c2ccccc12)N[C@@H](Cc1ccc(OCc2ccccc2)cc1)c1nc(C(=O)Nc2ccc(C(=O)O)cc2F)c(-c2ccccc2)s1
CHEMBL2436044,O=C(CCc1c[nH]c2ccccc12)N[C@@H](Cc1ccc(OCc2ccccc2)cc1)c1nc(C(=O)Nc2ccc(C(=O)O)c(F)c2)c(-c2ccccc2)s1
CHEMBL361362,COc1cc([C@H]2OC[C@H]3[C@@H]2CO[C@@H]3c2cc(OC)c(O)c(OC)c2)cc(OC)c1O
CHEMBL362378,CC1(C)C=Cc2c(ccc(C(=O)/C=C/c3ccc(O)cc3)c2O)O1
CHEMBL253467,CC(C)=CCc1c(O)ccc(C(=O)/C=C/c2ccc(O)cc2)c1O
CHEMBL256340,CC(C)=CCc1cc([C@@H]2CC(=O)c3c(O)cc(O)c(CC=C(C)C)c3O2)ccc1O
CHEMBL406596,Cc1ccc(C(=O)O)cc1NC(=O)CSc1nc2ccccc2s1
CHEMBL259888,COc1ccc2[nH]c(SCC(=O)Nc3cc(C(=O)O)ccc3C)nc2c1
CHEMBL469824,COc1ccc(-c2coc3cc(O)c(OC)cc3c2=O)cc1O
CHEMBL454592,COc1cc([C@H]2OC[C@H]3[C@@H]2CO[C@@H]3c2cc(OC)c(OC)c(OC)c2)cc(OC)c1OC
CHEMBL460862,COc1cc([C@@H]2OC[C@H]3[C@@H]2CO[C@H]3c2ccc(O)c(OC)c2)ccc1O
CHEMBL480477,CC1(C)C=Cc2c(ccc3c2OC[C@@H](c2ccc(O)cc2O)C3)O1
CHEMBL462721,CC(C)=CCc1cc([C@@H]2CC(=O)c3ccc(O)c(CC=C(C)C)c3O2)ccc1O
CHEMBL463947,CC(C)=CCc1cc([C@H]2Oc3c(ccc(O)c3CC=C(C)C)C(=O)[C@@H]2O)ccc1O
CHEMBL561840,CC1(C)C=Cc2cc(/C=C/C(=O)c3ccc(O)cc3O)ccc2O1
CHEMBL600457,CC1(C)C=Cc2c(ccc(-c3coc4cc(O)ccc4c3=O)c2O)O1
CHEMBL1688937,Oc1ccc([C@H]2OC[C@H]3[C@@H]2CO[C@H]3c2ccc(O)c(O)c2)cc1O
CHEMBL2436017,CCOC(=O)/C(C)=C\C(C)=C\c1csc([C@H](Cc2ccc(OCc3ccccc3)cc2)NC(=O)C2CCCCC2)n1
CHEMBL2436018,C/C(=C/C(C)=C/c1csc([C@H](Cc2ccc(OCc3ccccc3)cc2)NC(=O)C2CCCCC2)n1)C(=O)O
CHEMBL2436019,CCOC(=O)/C(C)=C\C(C)=C\c1nc([C@H](Cc2ccc(OCc3ccccc3)cc2)NC(=O)C2CCCCC2)sc1C
CHEMBL2437363,CC(C)=CCc1cc(C[C@@H](O)C(=O)c2cc(CC=C(C)C)c(O)cc2O)ccc1O
CHEMBL2437364,COc1c([C@H]2c3c(cc(O)c(O)c3OC)C=C(C(=O)c3ccc(O)cc3)[C@H]2C(=O)c2ccc(O)cc2)ccc(O)c1O
CHEMBL2437367,CC(C)=CCc1cc(C(=O)C2(c3cc(O)c(O)cc3/C=C3\Oc4c(ccc(O)c4CC=C(C)C)C3=O)Oc3cc(O)c(CC=C(C)C)cc3C2=O)ccc1O
CHEMBL2437368,CC(C)=CCc1cc([C@]23Oc4cc(O)c(CC=C(C)C)cc4C(=O)[C@H]2[C@H]2c4ccc(O)cc4O[C@@H]4Oc5c(ccc(O)c5CC=C(C)C)[C@@]42O3)ccc1O
CHEMBL2437369,CC(C)=CCc1c(O)ccc2c1O/C(=C\c1ccc(O)c(O)c1)C2=O
CHEMBL2437370,COc1c(/C=C/C(=O)c2ccc(O)c(O)c2)ccc(O)c1CC=C(C)C
CHEMBL2437373,CC(C)=CCc1cc(C(=O)CC(=O)c2cc(CC=C(C)C)c(O)cc2O)ccc1O
CHEMBL2437377,CC(C)=CCc1c(O)ccc2c1O[C@H](c1ccc3c(c1)CC(O)C(C)(C)O3)CC2=O
CHEMBL3087455,Cc1ccc(C(=O)O)cc1NC(=O)CSc1nnc(-c2ccc(O)cc2)o1
CHEMBL3087456,Cc1ccc(-c2nnc(SCC(=O)Nc3cc(C(=O)O)ccc3C)o2)cc1
CHEMBL3087457,COc1cc(-c2nnc(SCC(=O)Nc3cc(C(=O)O)ccc3C)o2)cc(OC)c1OC
CHEMBL3087459,Cc1ccc(C(=O)O)cc1NC(=O)CSc1nc2ccccc2[nH]1
CHEMBL3088130,COc1cc([C@H]2Oc3ccc(C(=O)O)cc3O[C@@H]2CO)ccc1O
CHEMBL3088252,O=C(O)CN(C(=O)Cc1ccccc1)c1ccc(CN(Cc2ccc3c(c2)OCO3)c2ccc(F)cc2)cc1
CHEMBL3088256,O=C(N[C@H](Cc1ccccc1)C(=O)O)c1ccc(CN(Cc2ccccc2)Cc2ccccc2)cc1
CHEMBL3088258,O=C(N[C@H](Cc1ccccc1)C(=O)O)c1ccc(CN(Cc2ccccc2)c2ccccc2)cc1
CHEMBL3088263,O=C(O)[C@@H](Cc1ccccc1)Oc1ccc(-n2c3ccccc3c3ccccc32)cc1
CHEMBL3088264,O=C(O)[C@@H](Cc1ccccc1)Oc1ccc(CN(Cc2ccc3c(c2)OCO3)c2ccc(F)cc2)cc1
CHEMBL3088268,O=C(O)CC(CC(=O)c1ccccc1)c1ccc(-n2c3ccccc3c3ccccc32)cc1
CHEMBL3088269,O=C(O)CC(CC(=O)c1ccccc1)c1ccc(Cn2c3ccccc3c3ccccc32)cc1
CHEMBL3098850,O=C(O)c1ccc(CN2C(=O)S/C(=C\c3ccc(OCc4ccccc4)c(F)c3)C2=O)cc1
CHEMBL3098851,O=C(O)c1ccc(CN2C(=O)/C(=C/c3cccc(OCCc4ccccc4)c3)S/C2=N\c2ccccc2)cc1
CHEMBL3098852,O=C(O)c1ccc(CN2C(=O)/C(=C/c3ccc(OCCc4ccccc4)cc3)S/C2=N\c2ccccc2)cc1
CHEMBL3098853,COc1ccc(/C=C2\S/C(=N\c3ccccc3)N(Cc3ccc(C(=O)O)cc3)C2=O)cc1OCCc1ccccc1
CHEMBL3098854,COc1cc(/C=C2\S/C(=N\c3ccccc3)N(Cc3ccc(C(=O)O)cc3)C2=O)ccc1OCCc1ccccc1
CHEMBL3098855,COc1ccc(/C=C2\S/C(=N\c3ccccc3)N(Cc3ccc(C(=O)O)cc3)C2=O)cc1OCc1ccccc1
CHEMBL3098856,COc1cc(/C=C2\S/C(=N\c3ccccc3)N(Cc3ccc(C(=O)O)cc3)C2=O)ccc1OCc1ccccc1
CHEMBL3098857,O=C(O)c1ccc(CN2C(=O)/C(=C/c3ccc(OCc4ccccc4)c(F)c3)S/C2=N\c2ccccc2)cc1
CHEMBL3098943,COc1ccc(/C=C2\SC(=O)N(Cc3ccc(C(=O)O)cc3)C2=O)cc1OCCc1ccccc1
CHEMBL3098944,COc1cc(/C=C2\SC(=O)N(Cc3ccc(C(=O)O)cc3)C2=O)ccc1OCCc1ccccc1
CHEMBL3098945,COc1ccc(/C=C2\SC(=O)N(Cc3ccc(C(=O)O)cc3)C2=O)cc1OCc1ccccc1
CHEMBL3098946,COc1cc(/C=C2\SC(=O)N(Cc3ccc(C(=O)O)cc3)C2=O)ccc1OCc1ccccc1
CHEMBL1765367,O=C(Cn1cc(-c2c(-c3ccccc3)oc3cc(O)c(C(=O)O)cc23)nn1)Nc1ccc(N2CCOCC2)cc1
CHEMBL1814100,O=C1C2C3C=CC(O3)C2C(=O)N1c1ccc(S(=O)(=O)N/N=C/c2ccc([N+](=O)[O-])cc2)cc1
CHEMBL1814103,CC12C=CC(O1)C1C(=O)N(c3ccc(S(=O)(=O)N/N=C/c4ccc(Cl)cc4)cc3)C(=O)C12
CHEMBL1829864,CN(CC(=O)N(Cc1ccc(C2CCCCC2)cc1)c1ccc(C(=O)O)c(O)c1)S(=O)(=O)c1cccc2cccnc12
CHEMBL1829871,CN(CC(=O)N(Cc1ccc(C2CCCCC2)cc1)c1ccc(C(=O)O)c(O)c1)S(=O)(=O)c1cccc2ccccc12
CHEMBL1829872,CN(C)c1cccc2c(S(=O)(=O)N(C)CC(=O)N(Cc3ccc(C4CCCCC4)cc3)c3ccc(C(=O)O)c(O)c3)cccc12
CHEMBL2023985,COC(=O)c1cccc(-c2ccc(-c3ccc(CN(C(=O)CN(C)S(=O)(=O)c4ccc(C)cc4)c4ccc(C(=O)O)c(O)c4)cc3)cc2)c1
CHEMBL3098941,O=C(O)c1ccc(CN2C(=O)S/C(=C\c3cccc(OCCc4ccccc4)c3)C2=O)cc1
CHEMBL3098942,O=C(O)c1ccc(CN2C(=O)S/C(=C\c3ccc(OCCc4ccccc4)cc3)C2=O)cc1
CHEMBL3218925,Cc1ccc(S(=O)(=O)N(C)CC(=O)N(Cc2ccc(-c3ccc(-c4cccc(C(N)=O)c4)cc3)cc2)c2ccc(C(=O)O)c(O)c2)cc1
CHEMBL3218926,Cc1ccc(S(=O)(=O)N(C)CC(=O)N(Cc2ccc(-c3ccc(-c4cccc(C#N)c4)cc3)cc2)c2ccc(C(=O)O)c(O)c2)cc1
CHEMBL3219331,CCOC(=O)/C(C)=C\C(C)=C\c1csc([C@H](Cc2ccc(OCc3ccccc3)cc2)NC(=O)C2CC2)n1
CHEMBL3219332,CCOC(=O)/C(C)=C\C(C)=C\c1csc([C@H](Cc2ccc(OCc3ccccc3)cc2)NC(=O)C2CCCC2)n1
CHEMBL3219333,CCOC(=O)/C(C)=C\C(C)=C\c1csc([C@H](Cc2ccc(OCc3ccccc3)cc2)NC(=O)c2ccc(F)cc2)n1
CHEMBL3219334,CCOC(=O)/C(C)=C\C(C)=C\c1csc([C@H](Cc2ccc(OCc3ccccc3)cc2)NC(=O)C(C)C)n1
CHEMBL3219335,CCCCC(=O)N[C@@H](Cc1ccc(OCc2ccccc2)cc1)c1nc(/C=C(C)/C=C(/C)C(=O)OCC)cs1
CHEMBL3219337,CCOC(=O)/C(C)=C\C(C)=C\c1csc([C@H](Cc2ccc(OCc3ccccc3)cc2)NC(=O)c2ccco2)n1
CHEMBL3219338,CCOC(=O)/C(C)=C\C(C)=C\c1csc([C@H](Cc2ccc(OCc3ccccc3)cc2)NC(=O)c2cc3ccccc3s2)n1
CHEMBL3219339,CCOC(=O)/C(C)=C/C(C)=C/c1csc([C@H](Cc2ccc(OCc3ccccc3)cc2)NC(=O)C2CCCCC2)n1
CHEMBL3219340,CCOC(=O)/C(C)=C/C(C)=C\c1csc([C@H](Cc2ccc(OCc3ccccc3)cc2)NC(=O)C2CCCCC2)n1
CHEMBL3219341,CCOC(=O)/C(C)=C\C(C)=C/c1csc([C@H](Cc2ccc(OCc3ccccc3)cc2)NC(=O)C2CCCCC2)n1
CHEMBL3219346,CCOC(=O)CNC(=O)/C(C)=C\C(C)=C\c1csc([C@H](Cc2ccc(OCc3ccccc3)cc2)NC(=O)OC(C)(C)C)n1
CHEMBL3219384,COC(c1ccc(C)cc1)c1cnn2c(-c3ccccc3)cc3c(Cl)cccc3c12
CHEMBL3219581,COC(=O)CCNC(=O)/C(C)=C\C(C)=C\c1csc([C@H](Cc2ccc(OCc3ccccc3)cc2)NC(=O)OC(C)(C)C)n1
CHEMBL3219582,CCOC(=O)COC(=O)/C(C)=C\C(C)=C\c1csc([C@H](Cc2ccc(OCc3ccccc3)cc2)NC(=O)OC(C)(C)C)n1
CHEMBL3219583,CCOC(=O)CCCOC(=O)/C(C)=C\C(C)=C\c1csc([C@H](Cc2ccc(OCc3ccccc3)cc2)NC(=O)OC(C)(C)C)n1
CHEMBL3219584,CCOC(=O)CCCCOC(=O)/C(C)=C\C(C)=C\c1csc([C@H](Cc2ccc(OCc3ccccc3)cc2)NC(=O)OC(C)(C)C)n1
CHEMBL3219585,CCOC(=O)COC(=O)/C(C)=C\C(C)=C\c1csc([C@H](Cc2ccc(OCc3ccccc3)cc2)NC(=O)[C@H](Cc2c[nH]c3ccccc23)NC(=O)OC(C)(C)C)n1
CHEMBL3219586,C/C(=C/C(C)=C/c1csc([C@H](Cc2ccc(OCc3ccccc3)cc2)NC(=O)[C@H](Cc2c[nH]c3ccccc23)NC(=O)OC(C)(C)C)n1)C(=O)OCC(=O)O
CHEMBL3219587,CCOC(=O)COC(=O)/C(C)=C\C(C)=C\c1csc([C@H](Cc2ccc(OCc3ccccc3)cc2)NC(=O)[C@H](Cc2c[nH]c3ccccc23)NC(C)=O)n1
CHEMBL3219588,CC(=O)N[C@@H](Cc1c[nH]c2ccccc12)C(=O)N[C@@H](Cc1ccc(OCc2ccccc2)cc1)c1nc(/C=C(C)/C=C(/C)C(=O)OCC(=O)O)cs1
CHEMBL3219589,CCOC(=O)COC(=O)/C(C)=C\C(C)=C\c1csc([C@H](Cc2ccc(OCc3ccccc3)cc2)NC(=O)Cc2c[nH]c3ccccc23)n1
CHEMBL3219590,C/C(=C/C(C)=C/c1csc([C@H](Cc2ccc(OCc3ccccc3)cc2)NC(=O)Cc2c[nH]c3ccccc23)n1)C(=O)OCC(=O)O
CHEMBL3219591,CCOC(=O)COC(=O)/C(C)=C\C(C)=C\c1csc([C@H](Cc2ccc(OCc3ccccc3)cc2)NC(=O)CCc2c[nH]c3ccccc23)n1
CHEMBL3219592,C/C(=C/C(C)=C/c1csc([C@H](Cc2ccc(OCc3ccccc3)cc2)NC(=O)CCc2c[nH]c3ccccc23)n1)C(=O)OCC(=O)O
CHEMBL3219593,CCOC(=O)COC(=O)/C(C)=C\C(C)=C\c1csc([C@H](Cc2ccc(OCc3ccccc3)cc2)NC(=O)CCCc2c[nH]c3ccccc23)n1
CHEMBL3219594,C/C(=C/C(C)=C/c1csc([C@H](Cc2ccc(OCc3ccccc3)cc2)NC(=O)CCCc2c[nH]c3ccccc23)n1)C(=O)OCC(=O)O
CHEMBL3219595,C=CCOC(=O)N[C@@H](COC(=O)/C(C)=C\C(C)=C\c1csc([C@H](Cc2ccc(OCc3ccccc3)cc2)NC(=O)OC(C)(C)C)n1)C(=O)N1CCC[C@H]1C(=O)OC(C)(C)C
CHEMBL3220065,COc1cc(OC)c(CNC(=O)NCc2ccccc2)c(OC)c1
CHEMBL3220069,CC(=O)Nc1ccc(CNC(=O)NCc2ccccc2)cc1
CHEMBL3220071,O=C(NCc1cccc([N+](=O)[O-])c1)NCc1ccccc1[N+](=O)[O-]
CHEMBL3220072,COc1cc(Cl)c(CNC(=O)NCc2cccc([N+](=O)[O-])c2)c(Cl)c1OC
CHEMBL3220078,O=C(NCc1cccc([N+](=O)[O-])c1)NCc1ccc(-c2ccc([N+](=O)[O-])cc2)o1
CHEMBL3220994,CC12C=CC(O1)C1C(=O)N(c3ccc(S(=O)(=O)N/N=C/c4ccccc4)cc3)C(=O)C12
CHEMBL3220995,CC12C=CC(O1)[C@@H]1C(=O)N(c3ccc(S(=O)(=O)N/N=C/c4ccc(Br)cc4)cc3)C(=O)[C@@H]12
CHEMBL3234641,CC1(C)CC[C@]2(C(=O)O[C@@H]3O[C@H](CNC(=O)c4ccccc4C(=O)O)[C@@H](O)[C@H](O)[C@H]3O)CC[C@]3(C)C(=CC[C@@H]4[C@@]5(C)CC[C@H](O[C@@H]6O[C@H](CO)[C@@H](O)[C@H](O)[C@H]6O)C(C)(C)[C@@H]5CC[C@]43C)[C@@H]2C1
CHEMBL3235601,CC1=CC(C)(C)N=C2C[C@@]3(C)CC(=O)C(C(C)C)=CC3=C12
CHEMBL3235602,CC1=CC(C)(C)N=C2C[C@@]3(C)CC(=O)C(C(C)C)=C3C=C12
CHEMBL3235603,CC1=CC(C)(C)N=C2C[C@]3(C(C)C)CC(=O)C(C(C)C)=C3C=C12
CHEMBL3235604,CC1=CC(C)(C)N=C2C[C@]3(C)C(=O)C(C)(C)N=C3C(C)=C12
CHEMBL189302,O=C(Nc1ccccc1)c1ccc(-c2ccc(C(=O)Nc3ccccc3)cc2)cc1
CHEMBL524098,C=C[C@@](O)(CC[C@@H](C)[C@H]1CC[C@H]2[C@@H]3CC=C4C[C@@H](O)CC[C@]4(C)[C@H]3CC[C@]12C)C(C)C
CHEMBL489548,C=C[C@](O)(CC[C@@H](C)[C@H]1CC[C@H]2[C@@H]3CC=C4C[C@@H](O)CC[C@]4(C)[C@H]3CC[C@]12C)C(C)C
CHEMBL1223852,CC1=C(C)C(=O)C(CC[C@](C)(O)CCC[C@H](C)CCC[C@H](C)CCCC(C)C)=C(C)C1=O
CHEMBL1644111,C/C(=C\CO)CCC[C@H](C)CCC[C@H](C)CCCC(C)C
CHEMBL3234642,CC1(C)CC[C@]2(C(=O)O[C@@H]3O[C@H](CNC(=O)c4ccccc4C(=O)O)[C@@H](O)[C@H](O)[C@H]3O)CC[C@]3(C)C(=CC[C@@H]4[C@@]5(C)CC[C@H](O[C@H]6O[C@H](CO)[C@@H](O)[C@H](O)[C@@H]6O)C(C)(C)[C@@H]5CC[C@]43C)[C@@H]2C1
CHEMBL3234643,CC1(C)CC[C@]2(C(=O)O[C@@H]3O[C@H](CNC(=O)c4ccccc4C(=O)O)[C@@H](O)[C@H](O)[C@H]3O)CC[C@]3(C)C(=CC[C@@H]4[C@@]5(C)CC[C@H](O[C@@H]6O[C@H](CO)[C@H](O)[C@H](O)[C@H]6O)C(C)(C)[C@@H]5CC[C@]43C)[C@@H]2C1
CHEMBL3234644,CC1(C)CC[C@]2(C(=O)O[C@@H]3O[C@H](CNC(=O)c4ccccc4C(=O)O)[C@@H](O)[C@H](O)[C@H]3O)CC[C@]3(C)C(=CC[C@@H]4[C@@]5(C)CC[C@H](O[C@@H]6OC[C@@H](O)[C@H](O)[C@H]6O)C(C)(C)[C@@H]5CC[C@]43C)[C@@H]2C1
CHEMBL3234645,CC1(C)CC[C@]2(C(=O)O[C@@H]3O[C@H](CNC(=O)c4ccccc4C(=O)O)[C@@H](O)[C@H](O)[C@H]3O)CC[C@]3(C)C(=CC[C@@H]4[C@@]5(C)CC[C@H](O[C@@H]6OC[C@H](O)[C@H](O)[C@H]6O)C(C)(C)[C@@H]5CC[C@]43C)[C@@H]2C1
CHEMBL3234646,C[C@@H]1O[C@@H](O[C@H]2CC[C@]3(C)[C@H]4CC=C5[C@@H]6CC(C)(C)CC[C@]6(C(=O)O[C@@H]6O[C@H](CNC(=O)c7ccccc7C(=O)O)[C@@H](O)[C@H](O)[C@H]6O)CC[C@@]5(C)[C@]4(C)CC[C@H]3C2(C)C)[C@H](O)[C@H](O)[C@H]1O
CHEMBL3234647,C[C@@H]1O[C@@H](O[C@H]2CC[C@]3(C)[C@H]4CC=C5[C@@H]6CC(C)(C)CC[C@]6(C(=O)O[C@@H]6O[C@H](CNC(=O)c7ccccc7C(=O)O)[C@@H](O)[C@H](O)[C@H]6O)CC[C@@]5(C)[C@]4(C)CC[C@H]3C2(C)C)[C@@H](O)[C@H](O)[C@@H]1O
CHEMBL3234648,CC1(C)CC[C@]2(C(=O)O[C@@H]3O[C@H](CNC(=O)c4ccccc4C(=O)O)[C@@H](O)[C@H](O)[C@H]3O)CC[C@]3(C)C(=CC[C@@H]4[C@@]5(C)CC[C@H](O[C@@H]6O[C@H](CO)[C@@H](O[C@@H]7O[C@H](CO)[C@H](O)[C@H](O)[C@H]7O)[C@H](O)[C@H]6O)C(C)(C)[C@@H]5CC[C@]43C)[C@@H]2C1
CHEMBL3234649,CC1(C)CC[C@]2(C(=O)O[C@@H]3O[C@H](CNC(=O)c4ccccc4C(=O)O)[C@@H](O)[C@H](O)[C@H]3O)CC[C@]3(C)C(=CC[C@@H]4[C@@]5(C)CC[C@H](O[C@@H]6O[C@H](CO)[C@@H](O[C@@H]7O[C@H](CO)[C@@H](O)[C@H](O)[C@H]7O)[C@H](O)[C@H]6O)C(C)(C)[C@@H]5CC[C@]43C)[C@@H]2C1
CHEMBL3234650,CC1(C)CC[C@]2(C(=O)O[C@@H]3O[C@H](CNC(=O)c4ccccc4C(=O)O)[C@@H](O)[C@H](O)[C@H]3O)CC[C@]3(C)C(=CC[C@@H]4[C@@]5(C)CC[C@H](O[C@@H]6O[C@H](CO[C@@H]7O[C@H](CO)[C@@H](O)[C@H](O)[C@H]7O)[C@@H](O)[C@H](O)[C@H]6O)C(C)(C)[C@@H]5CC[C@]43C)[C@@H]2C1
CHEMBL3234651,CC1(C)CC[C@]2(C(=O)O[C@@H]3O[C@H](CNC(=O)c4ccccc4C(=O)O)[C@@H](O)[C@H](O)[C@H]3O)CC[C@]3(C)C(=CC[C@@H]4[C@@]5(C)CC[C@H](O)C(C)(C)[C@@H]5CC[C@]43C)[C@@H]2C1
CHEMBL3238181,O=C(Nc1ccc(-c2ccc(NC(=O)c3ccco3)cc2)cc1)c1ccco1
CHEMBL3238183,O=C(Nc1ccc(-c2ccc(NC(=O)c3ccccc3)cc2)cc1)c1ccccc1
CHEMBL3238186,O=C(Nc1ccc(-c2ccc(NC(=O)c3ccc(F)cc3)cc2)cc1)c1ccc(F)cc1
CHEMBL3238187,O=C(Nc1ccc(-c2ccc(NC(=O)C3CCCCC3)cc2)cc1)C1CCCCC1
CHEMBL3238188,CC(C)CC(=O)Nc1ccc(-c2ccc(NC(=O)CC(C)C)cc2)cc1
CHEMBL3238191,CC(C)(C)OC(=O)N1CCC(C(=O)Nc2ccc(-c3ccc(NC(=O)C4CCN(C(=O)OC(C)(C)C)CC4)cc3)cc2)CC1
CHEMBL3238193,O=C(Nc1ccc(-c2ccc(NC(=O)C3CCN(C(=O)c4ccc(F)cc4)CC3)cc2)cc1)C1CCN(C(=O)c2ccc(F)cc2)CC1
CHEMBL3238194,O=C(Nc1ccc(-c2ccc(NC(=O)C3CCN(C(=O)c4ccccc4)CC3)cc2)cc1)C1CCN(C(=O)c2ccccc2)CC1
CHEMBL3238195,O=C(Nc1ccc(-c2ccc(NC(=O)C3CCN(C(=O)c4ccco4)CC3)cc2)cc1)C1CCN(C(=O)c2ccco2)CC1
CHEMBL3238196,O=C(Nc1ccc(-c2ccc(NC(=O)C3CCN(C(=O)C4CCCCC4)CC3)cc2)cc1)C1CCN(C(=O)C2CCCCC2)CC1
CHEMBL3238197,CC(C)CC(=O)N1CCC(C(=O)Nc2ccc(-c3ccc(NC(=O)C4CCN(C(=O)CC(C)C)CC4)cc3)cc2)CC1
CHEMBL3238200,COC(=O)c1ccc(-c2ccc(NC(=O)c3ccccc3)cc2)cc1
CHEMBL3238201,O=C(Nc1ccc(-c2ccc(C(=O)Nc3ccccc3)cc2)cc1)c1ccccc1
CHEMBL3238202,O=C(Nc1ccc(-c2ccc(NC(=O)c3ccco3)cn2)cc1)c1ccco1
CHEMBL3238203,O=C(Nc1ccc(-c2ccc(NC(=O)c3ccccc3)cn2)cc1)c1ccccc1
CHEMBL3238204,O=C(Nc1ccc(-c2ccc(NC(=O)c3ccc(F)cc3)cn2)cc1)c1ccc(F)cc1
CHEMBL3238205,O=C(Nc1ccc(-c2ccc(NC(=O)C3CCCCC3)cn2)cc1)C1CCCCC1
CHEMBL3238206,CC(C)CC(=O)Nc1ccc(-c2ccc(NC(=O)CC(C)C)cn2)cc1
CHEMBL3309976,COc1cc(O)ccc1/C=C1\SC(=O)NC1=O
CHEMBL3310427,COc1cc(O)c(Br)cc1/C=C1\SC(=O)NC1=O
CHEMBL3310428,COc1cc(OC)c(/C=C2\SC(=O)NC2=O)cc1Br
CHEMBL3310429,C=CCOc1cc(OC)c(/C=C2\SC(=O)NC2=O)cc1Br
CHEMBL3310430,COc1cc(OCC=C(C)C)c(Br)cc1/C=C1\SC(=O)NC1=O
CHEMBL3310431,CCCCOc1cc(OC)c(/C=C2\SC(=O)NC2=O)cc1Br
CHEMBL3310432,COc1cc(OCc2ccccc2)c(Br)cc1/C=C1\SC(=O)NC1=O
CHEMBL3310433,COc1cc(OC)c(/C=C2\SC(=O)N(C)C2=O)cc1Br
CHEMBL3310434,COc1cc(OCc2ccccc2)c(Br)cc1/C=C1\SC(=O)N(C)C1=O
CHEMBL3310435,COc1cc(OCC=C(C)C)c(Br)cc1/C=C1\SC(=O)N(C)C1=O
CHEMBL3353035,Cc1ccc2c(c1/C=C/C=C/C(=O)O)[C@H](C)C[C@H](C)C2
CHEMBL3353037,C[C@H]1C[C@@H](C)[C@@H]2[C@@H](/C=C/C=C/C(=O)O)[C@@H](C)C=C[C@H]2C1
CHEMBL3356396,CC1=C(CCC(=O)OC/C=C(\C)CCC[C@H](C)CCC[C@H](C)CCCC(C)C)C(=O)NC1=O
CHEMBL3356397,CC(=O)OC/C=C(\C)CCC[C@H](C)CCC[C@H](C)CCCC(C)C
CHEMBL3356398,CC1=C(C)C(=O)[C@@]2(CC[C@@](C)(CCC[C@H](C)CCC[C@H](C)CCCC(C)C)O2)[C@@](C)(O)C1=O
CHEMBL3356399,CC(=O)/C(=C/C[C@@H](C)[C@H]1CC[C@H]2[C@@H]3CC=C4C[C@@H](O)CC[C@]4(C)[C@H]3CC[C@]12C)C(C)C
CHEMBL3356400,CC(C)C(=O)/C=C/[C@@H](C)[C@H]1CC[C@H]2[C@@H]3CC=C4C[C@@H](O)CC[C@]4(C)[C@H]3CC[C@]12C
CHEMBL400074,CC1(C)CC[C@]2(CO)CC[C@]3(C)C(=CC[C@@H]4[C@@]5(C)CC[C@H](O)C(C)(C)[C@@H]5CC[C@]43C)[C@@H]2C1
CHEMBL508649,COc1cc2nccc3c4ccccc4n(c1=O)c23
CHEMBL486822,CC(=O)O[C@H]1CC[C@]2(C)[C@H]3CC=C4[C@@H]5CC(C)(C)CC[C@]5(C(=O)O)CC[C@@]4(C)[C@]3(C)CC[C@H]2C1(C)C
CHEMBL1774309,COc1ccc(Sc2cccc(CN(C)c3cc(C(=O)O)nc4cc(Cl)cc(Cl)c34)c2)cc1
CHEMBL3126477,CC1(C)CC[C@]2(C(=O)O)CC[C@]3(C)C(=CC[C@@H]4[C@@]5(C)CC[C@H](OC(=O)c6ccccc6)C(C)(C)[C@@H]5CC[C@]43C)[C@@H]2C1
CHEMBL3309766,O=C(/C=C(\O)C(=O)N1CCN(C(=O)/C(O)=C\C(=O)c2cccc(N(Cc3ccccc3)Cc3ccccc3)c2)CC1)c1cccc(N(Cc2ccccc2)Cc2ccccc2)c1
CHEMBL3309767,O=C(O)/C(O)=C/C(=O)c1cccc(CN(Cc2ccccc2)Cc2ccccc2)c1
CHEMBL3310436,C=CCN1C(=O)S/C(=C\c2cc(Br)c(OCC=C(C)C)cc2OC)C1=O
CHEMBL3310437,COc1cc(OCC=C(C)C)c(Br)cc1/C=C1\SC(=O)N(C(C)C)C1=O
CHEMBL3310438,CCCCN1C(=O)S/C(=C\c2cc(Br)c(OCC=C(C)C)cc2OC)C1=O
CHEMBL3310439,COc1cc(OCC=C(C)C)c(Br)cc1/C=C1\SC(=O)N(CC=C(C)C)C1=O
CHEMBL3310440,COc1cc(OCC=C(C)C)c(Br)cc1/C=C1\SC(=O)N(Cc2ccccc2)C1=O
CHEMBL3310441,CCCCOc1cc(OC)c(/C=C2\SC(=O)N(C)C2=O)cc1Br
CHEMBL3310442,C=CCN1C(=O)S/C(=C\c2cc(Br)c(OCCCC)cc2OC)C1=O
CHEMBL3310443,CCCCOc1cc(OC)c(/C=C2\SC(=O)N(C(C)C)C2=O)cc1Br
CHEMBL3310445,CCCCOc1cc(OC)c(/C=C2\SC(=O)N(Cc3ccccc3)C2=O)cc1Br
CHEMBL3310446,C=CCc1cc(/C=C2\SC(=O)NC2=O)c(OC)cc1OC1CCCCO1
CHEMBL3310450,C=CCc1cc(/C=C2\SC(=O)N(CC=C(C)C)C2=O)c(OC)cc1OC1CCCCO1
CHEMBL3310451,C=CCc1cc(/C=C2\SC(=O)N(CCCC)C2=O)c(OC)cc1OC1CCCCO1
CHEMBL3310454,C=CCc1cc(/C=C2\SC(=O)N(C(C)C)C2=O)c(OC)cc1O
CHEMBL3310865,C=CCc1cc(/C=C2\SC(=O)N(CC=C(C)C)C2=O)c(OC)cc1O
CHEMBL3310866,C=CCc1cc(/C=C2\SC(=O)N(CCCC)C2=O)c(OC)cc1O
CHEMBL3310867,C=CCc1cc(/C=C2\SC(=O)N(Cc3ccccc3)C2=O)c(OC)cc1O
CHEMBL3310868,C=CCc1cc(/C=C2\SC(=O)NC2=O)c(OC)cc1O
CHEMBL3317596,CCOC(=O)c1c(N)sc(/N=C/c2ccc([N+](=O)[O-])cc2)c1C(=O)OCC
CHEMBL3317599,CCOC(=O)c1c(N)sc(/N=C/c2ccc(Br)cc2)c1C(=O)OCC
CHEMBL3317602,CCOC(=O)c1c(N)sc(/N=C/c2ccc(N(C)C)cc2)c1C(=O)OCC
CHEMBL3317604,CCOC(=O)c1c(N)sc(/N=C/c2ccc([N+](=O)[O-])o2)c1C(=O)OCC
CHEMBL3317605,CCOC(=O)c1c(N)sc(/N=C/c2cccs2)c1C(=O)OCC
CHEMBL3319356,Cn1c(-c2cccc(NC(=O)C(=O)Nc3ccc(-c4ccsc4)cc3)c2)c(I)c2cc(C(=O)O)c(O)cc21
CHEMBL3343061,C/C=C/C(=O)O[C@H]1CC[C@]2(C)[C@H]3CC=C4[C@@H]5CC(C)(C)CC[C@]5(C(=O)O)CC[C@@]4(C)[C@]3(C)CC[C@H]2C1(C)C
CHEMBL3343062,CC1(C)CC[C@]2(C(=O)O)CC[C@]3(C)C(=CC[C@@H]4[C@@]5(C)CC[C@H](OC(=O)/C=C/c6ccccc6)C(C)(C)[C@@H]5CC[C@]43C)[C@@H]2C1
CHEMBL3343063,CO[C@H]1CC[C@]2(C)[C@H]3CC=C4[C@@H]5CC(C)(C)CC[C@]5(C(=O)O)CC[C@@]4(C)[C@]3(C)CC[C@H]2C1(C)C
CHEMBL3343064,CCO[C@H]1CC[C@]2(C)[C@H]3CC=C4[C@@H]5CC(C)(C)CC[C@]5(C(=O)O)CC[C@@]4(C)[C@]3(C)CC[C@H]2C1(C)C
CHEMBL3343065,CCCO[C@H]1CC[C@]2(C)[C@H]3CC=C4[C@@H]5CC(C)(C)CC[C@]5(C(=O)O)CC[C@@]4(C)[C@]3(C)CC[C@H]2C1(C)C
CHEMBL3360905,CCOC(=O)C1=C(C)N=c2s/c(=C/c3ccc(OCc4ccc(C(=O)O)cc4)cc3)c(=O)n2C1c1ccc(N(C)C)cc1
CHEMBL3360908,CCN1C(=O)N/C(=C/c2ccc(OCc3ccc(C(=O)O)cc3)c(I)c2)C1=O
CHEMBL3393517,CC[C@]12CCCC(C)(C)[C@@H]1CC[C@]1(C)[C@@H]2C[C@@H](O)[C@]2(C)C3=C(CC[C@@H]12)[C@@H](C)OC3=O
CHEMBL3393519,CC[C@@]1(C)CCC[C@]2(C)[C@H]3C[C@@H](O)[C@]4(C)C5=C(CC[C@H]4[C@]3(C)CC[C@@H]12)[C@@H](C)OC5=O
CHEMBL3394769,O=C1C=CC(=C(c2ccc(O)cc2)c2c(-c3ccc(O)cc3)ccc(CO)c2C#Cc2ccc(O)cc2)C=C1
CHEMBL3394770,COc1ccc(C(=C2C=CC(=O)C=C2)c2c(-c3ccc(O)cc3)ccc(CO)c2C#Cc2ccc(O)cc2)cc1
CHEMBL3394771,OCc1ccc(-c2ccc(O)cc2O)c(C(O)(c2ccc(O)cc2)c2ccc(O)cc2)c1C#Cc1ccc(O)cc1
CHEMBL3394772,COCc1ccc(-c2ccc(O)cc2O)c(C(O)(c2ccc(O)cc2)c2ccc(O)cc2)c1C#Cc1ccc(O)cc1
CHEMBL3394773,O=C(O)c1nnc(-c2ccc(-c3ccccc3)cc2)o1
CHEMBL3400663,Cn1ccc2c3n(c(=O)c(=O)cc1-3)c1ccccc21
CHEMBL3400664,Cc1c2n(C)ccc3c-2n(c(=O)c1=O)c1ccccc31
CHEMBL3400665,CCc1c2n(C)ccc3c-2n(c(=O)c1=O)c1ccccc31
CHEMBL3400666,COc1ccc2c3ccn(C)c4cc(=O)c(=O)n(c3-4)c2c1
CHEMBL3400667,CC(=O)Oc1cc2nccc3c4ccccc4n(c1=O)c23
CHEMBL3402408,O=C(OCCCCC#Cc1ccc(C(=O)OC2CSSC2)cc1)c1cccc(F)c1
CHEMBL63677,O=c1cc(-c2ccc(O)c(-c3c(O)cc4oc(-c5ccc(O)cc5)cc(=O)c4c3O)c2)oc2cc(O)cc(O)c12
CHEMBL63354,O=c1cc(-c2ccc(O)c(-c3c(O)cc(O)c4c(=O)cc(-c5ccc(O)cc5)oc34)c2)oc2cc(O)cc(O)c12
CHEMBL110642,C=C1OC(=O)C(C(=O)CCCCCCCCCCCCCCC)=C1O
CHEMBL233760,CCCCCCCCCCCCCCCC(=O)C1=C(O)C(CO)OC1=O
CHEMBL272861,O=c1cc(-c2ccc(O)c(-c3c(-c4ccc(O)cc4)oc4cc(O)cc(O)c4c3=O)c2)oc2cc(O)cc(O)c12
CHEMBL515252,O=c1c(-c2c(O)cc(O)c3c(=O)cc(-c4ccc(O)cc4)oc23)c(-c2ccc(O)cc2)oc2cc(O)cc(O)c12
CHEMBL1208973,O=c1cc(-c2ccc(O)cc2)oc2c(-c3c(O)cc(O)c4c(=O)cc(-c5ccc(O)cc5)oc34)c(O)cc(O)c12
CHEMBL3402404,COc1ccc(C(=O)OCCCCC#Cc2ccc(C(=O)OC3CSSC3)cc2)cc1
CHEMBL3402405,COc1cccc(C(=O)OCCCCC#Cc2ccc(C(=O)OC3CSSC3)cc2)c1
CHEMBL3402406,COc1ccccc1C(=O)OCCCCC#Cc1ccc(C(=O)OC2CSSC2)cc1
CHEMBL3402407,O=C(OC1CSSC1)c1ccc(C#CCCCCOC(=O)c2ccccc2F)cc1
CHEMBL3402409,O=C(OCCCCC#Cc1ccc(C(=O)OC2CSSC2)cc1)c1ccc(F)cc1
CHEMBL3402410,O=C(OC1CSSC1)c1ccc(C#CCCCCOC(=O)c2ccccc2[N+](=O)[O-])cc1
CHEMBL3402411,O=C(OCCCCC#Cc1ccc(C(=O)OC2CSSC2)cc1)c1cccc([N+](=O)[O-])c1
CHEMBL3402412,O=C(OCCCCC#Cc1ccc(C(=O)OC2CSSC2)cc1)c1ccc([N+](=O)[O-])cc1
CHEMBL3402413,O=C(OC1CSSC1)c1ccc(C#CCCCCOC(=O)c2cc(Br)ccc2Br)cc1
CHEMBL3402414,COc1ccc(C(=O)OCCCCC#Cc2ccc(C(=O)OC3CSSC3)cc2)c(OC)c1
CHEMBL3402415,O=C(OC1CSSC1)c1ccc(OCCOC(=O)c2cc(Br)ccc2Br)cc1
CHEMBL3402417,O=C(OC1CSSC1)c1ccc(OCCCCCCOC(=O)c2cc(Br)ccc2Br)cc1
CHEMBL3402418,O=C(OC1CSSC1)c1ccc(CCCCCCOC(=O)c2cc(Br)ccc2Br)cc1
CHEMBL3402419,O=C(OC1CSSC1)c1ccc(C#CCCOC(=O)c2cc(Br)ccc2Br)cc1
CHEMBL3410507,O=C(/C=C/c1ccco1)c1ccc(O)cc1O
CHEMBL3410508,O=C(/C=C/c1ccco1)c1cccc(Cl)c1
CHEMBL3426913,CCCCC(Oc1cc(O)c(C(=O)O)cc1C#Cc1ccccc1OC(F)(F)F)C(=O)NC1CCCCC1
CHEMBL3426931,CN1C(=O)/C(=C\c2ccc(OCc3ccc(C4CCCCC4)cc3)cc2)S/C1=N/c1ccc(CC(=O)O)cc1
CHEMBL3426991,Nc1cccc(-c2ccc3c(=O)[nH]c(Nc4ccccc4)cc3c2)c1
CHEMBL3427124,CCCCCCCCCCCCCCCC(=O)C1=C(O)C(COS(C)(=O)=O)OC1=O
CHEMBL3427125,CCCCCCCCCCCCCCCC(=O)C1=C(O)C(COC(C)=O)OC1=O
CHEMBL3427126,CCCCCCCCCCCCCCCC(=O)C1=C(O)C(COC(=O)c2ccc(C(=O)c3ccccc3)cc2)OC1=O
CHEMBL3427127,CCCCCCCCCCCCCCCC(=O)C1=C(O)C(COC(=O)c2ccccc2C(=O)c2ccccc2)OC1=O
CHEMBL3427128,CCCCCCCCCCCCCCCC(=O)OC1=CC(=O)OC(COCc2ccccc2)C1
CHEMBL3427129,CCCCCCCCCCCCCCCC(=O)C1=C(O)CC(COCc2ccccc2)OC1=O
CHEMBL3427130,CCCCCCCCCCCCCCCC(=O)C1=C(O)CC(CO)OC1=O
CHEMBL3427131,CCCCCCCCCCCCCCCC(=O)C1=C(O)OC(C)(C)OC1=O
CHEMBL3427132,CCCCCCCCCCCCCCCCCC(=O)C1=C(O)OC(C)(C)OC1=O
CHEMBL3427133,CCCCCCCCCC(=O)C1=C(O)OC(C)(C)OC1=O
CHEMBL3427134,CC(C)C(=O)C1=C(O)OC(C)(C)OC1=O
CHEMBL3427137,CCCCCCCCCCCCCCCC(=O)C1=C(O)OC(C)(CC)OC1=O
CHEMBL3427223,CCCCCCCCCCCCCCCC(=O)C1=C(O)OC(CC)(CC)OC1=O
CHEMBL3427224,CCCCCCCCCCCCCCCC(=O)C1=C(O)OC2(CCCC2)OC1=O
CHEMBL3581564,CC1=C2C(=O)[C@H]3[C@@H](CC=C4C[C@@H](OC=O)CC[C@@]43C)[C@@H]2CC[C@]12O[C@@H]1C[C@H](C)CN[C@H]1[C@H]2C
CHEMBL3581568,CC(=O)O[C@H]1CC[C@@]2(C)C(=CC[C@H]3c4ccc([C@H](C)[C@@H]5NC[C@@H](C)C[C@H]5O)c(C)c4C[C@@H]32)C1
CHEMBL3585579,O=C1NC(=O)/C(=C/c2ccc(-c3ccc(OCc4ccccc4)cc3)cc2)S1
CHEMBL3585679,O=C(O)c1c(-c2ccc(O)cc2)ccc(CO)c1C#Cc1ccc(O)cc1
CHEMBL3585680,O=C1C[C@@H](c2cc(-c3c(O)ccc4c(=O)cc(-c5ccc(O)cc5)oc34)c(O)cc2O)Oc2cc(O)cc(O)c21
CHEMBL3593818,CCOc1cc(NS(C)(=O)=O)c(OCC)cc1CNC(=O)Nc1ccc(Br)cc1
CHEMBL3593819,CCOc1cc(NS(C)(=O)=O)c(OCC)cc1CNC(=O)Nc1ccc(OC)cc1
CHEMBL3593820,CCOc1cc(NS(C)(=O)=O)c(OCC)cc1CNC(=O)Nc1cccc(OC)c1
CHEMBL3593821,CCOc1cc(NS(C)(=O)=O)c(OCC)cc1CNC(=O)Nc1ccc(OC)c(OC)c1
CHEMBL3593822,CCOc1cc(NS(C)(=O)=O)c(OCC)cc1CNC(=O)NCc1ccccc1
CHEMBL388381,C[C@@]12CC[C@@H]3[C@]4(CCC[C@]3(C)C(=O)OC4)[C@H]1CC[C@](C)(O)[C@H]2Cc1cc(O)ccc1O
CHEMBL466374,C[C@]12CCC[C@](C)(C(=O)O)[C@@H]1CC[C@]1(C)[C@@H]2CC[C@]2(C)Oc3ccc(O)cc3C[C@@H]12
CHEMBL3351077,NC(=O)c1cc[n+](CC2=C(C(=O)[O-])N3C(=O)[C@@H](NC(=O)[C@@H](c4ccccc4)S(=O)(=O)O)[C@H]3SC2)cc1
CHEMBL3581315,C[C@H]1OC(=O)c2c(O)cc3c(c2[C@H]1O)C[C@H]1[C@@]2(C)C=CC(=O)C(C)(C)[C@@H]2C[C@H](O)[C@]1(C)O3
CHEMBL3581318,C[C@@H]1Cc2c3c(cc(O)c2C(=O)O1)O[C@@]1(C)[C@@H](O)C[C@H]2C(C)(C)C(=O)CC[C@]2(C)[C@@H]1C3
CHEMBL3593816,CCOc1cc(NS(C)(=O)=O)c(OCC)cc1CNC(=O)Nc1ccccc1
CHEMBL3593817,CCOc1cc(NS(C)(=O)=O)c(OCC)cc1CNC(=O)Nc1ccc(C)cc1
CHEMBL3596431,O=C(O)c1cc2sc(Nc3cccc(Br)c3)nc2cc1O
CHEMBL3601068,C[C@@H]1Cc2c3c(cc(O)c2C(=O)O1)O[C@@]1(C)CC[C@H]2C(C)(C)C(=O)C=C[C@]2(C)[C@@H]1C3
CHEMBL3608571,CCO[C@H]1OC[C@]23CCC[C@]1(C)[C@@H]2CC[C@]1(C)[C@@H]3CC[C@](C)(O)[C@H]1Cc1cc(O)ccc1O
CHEMBL3608572,CO[C@H]1OC[C@]23CCC[C@]1(C)[C@@H]2CC[C@]1(C)[C@@H]3CC[C@]2(C)Oc3ccccc3C[C@@H]12
CHEMBL3608573,C[C@]12CCC[C@@]3(CO[C@@H]1O)[C@H]2CC[C@]1(C)[C@@H]3CC[C@]2(C)Oc3ccc(O)cc3C[C@@H]12
CHEMBL3608574,C[C@]1(CO)CCC[C@@]2(CO)[C@H]1CC[C@]1(C)[C@@H]2CC[C@]2(C)Oc3ccc(O)cc3C[C@@H]12
CHEMBL3609373,O=C(Nc1ccc(I)cc1)C(=O)Nc1ccc(NC(=O)C(c2ccccc2)S(=O)(=O)O)cc1
CHEMBL3609374,O=C(Nc1ccc(NC(=O)C(c2ccccc2)S(=O)(=O)O)cc1)C(=O)Nc1ccc(-c2ccccc2)cc1
CHEMBL3609375,CC(C)c1ccc(NC(=O)C(=O)Nc2ccc(NC(=O)C(c3ccccc3)S(=O)(=O)O)cc2)cc1
CHEMBL3628384,O=C1/C(=C\c2ccc(OCc3ccccc3Cl)cc2)N(Cc2ccccc2Cl)C(=O)N1Cc1ccccc1Cl
CHEMBL3628461,O=C(COc1ccc(/C=C2\C(=O)N(CC(=O)c3ccccc3)C(=O)N2CC(=O)c2ccccc2)cc1)c1ccccc1
CHEMBL3628462,COc1ccc(COc2ccc(/C=C3\C(=O)N(Cc4ccc(OC)cc4)C(=O)N3Cc3ccc(OC)cc3)cc2)cc1
CHEMBL3628463,O=C1/C(=C\c2ccc(OCc3ccc(Cl)cc3Cl)cc2)N(Cc2ccc(Cl)cc2Cl)C(=O)N1Cc1ccc(Cl)cc1Cl
CHEMBL3628464,O=C1/C(=C\c2ccc(OCc3ccc(Cl)c(Cl)c3)cc2)N(Cc2ccc(Cl)c(Cl)c2)C(=O)N1Cc1ccc(Cl)c(Cl)c1
CHEMBL3628465,O=C1NC(=O)N(Cc2ccccc2)/C1=C/c1ccc(OCc2ccccc2)cc1
CHEMBL3628466,CCOC(=O)COc1ccc(/C=C2\C(=O)NC(=O)N2CC(=O)OCC)cc1
CHEMBL3628467,O=C1NC(=O)N(Cc2ccc(Cl)cc2)/C1=C/c1ccc(OCc2ccc(Cl)cc2)cc1
CHEMBL3628468,O=C1NC(=O)N(Cc2ccc(Cl)c(Cl)c2)/C1=C/c1ccc(OCc2ccc(Cl)c(Cl)c2)cc1
CHEMBL3628469,O=C1NC(=O)N(Cc2ccc(Cl)cc2Cl)/C1=C/c1ccc(OCc2ccc(Cl)cc2Cl)cc1
CHEMBL3628470,COc1ccc(COc2ccc(/C=C3\C(=O)NC(=O)N3Cc3ccc(OC)cc3)cc2)cc1
CHEMBL3628471,O=C1NC(=O)/C(=C\c2ccc(OCc3ccccc3)cc2)N1
CHEMBL3628472,CCOC(=O)COc1ccc(/C=C2/NC(=O)NC2=O)cc1
CHEMBL3628473,O=C1NC(=O)/C(=C\c2ccc(OCC(=O)c3ccccc3)cc2)N1
CHEMBL3628474,O=C1NC(=O)/C(=C\c2ccc(OCc3ccccc3Cl)cc2)N1
CHEMBL3628475,O=C1NC(=O)/C(=C\c2ccc(OCc3ccc(Cl)cc3Cl)cc2)N1
CHEMBL3628477,O=C1NC(=O)/C(=C\c2ccc(OCCCc3ccccc3)cc2)N1
CHEMBL3628478,O=C1NC(=O)/C(=C\c2ccc(OCc3ccc(Cl)c(Cl)c3)cc2)N1
CHEMBL3628479,COC(=O)CN1C(=O)/C(=C\c2ccc(O)cc2)N(Cc2ccccc2)C1=O
CHEMBL3628480,COC(=O)c1ccc(CN2C(=O)/C(=C\c3ccc(O)cc3)N(Cc3ccccc3)C2=O)cc1
CHEMBL3628481,COC(=O)CN1C(=O)/C(=C\c2ccc(OCc3ccc(C(=O)OC)cc3)cc2)N(Cc2ccccc2)C1=O
CHEMBL3628483,COC(=O)CN1C(=O)/C(=C\c2ccc(OCc3ccccc3)cc2)N(Cc2ccccc2)C1=O
CHEMBL3628538,COC(=O)COc1ccc(/C=C2\C(=O)N(Cc3ccc(C(=O)OC)cc3)C(=O)N2Cc2ccccc2)cc1
CHEMBL3628540,CCOC(=O)CN1C(=O)/C(=C\c2ccc(OCc3ccccc3)cc2)N(Cc2ccccc2)C1=O
CHEMBL3628542,O=C(O)COc1ccc(/C=C2\C(=O)N(CC(=O)O)C(=O)N2Cc2ccccc2)cc1
CHEMBL3628543,O=C(O)CN1C(=O)/C(=C\c2ccc(OCc3ccccc3)cc2)N(Cc2ccccc2)C1=O
CHEMBL3628544,O=C(O)c1ccc(COc2ccc(/C=C3\C(=O)N(Cc4ccc(C(=O)O)cc4)C(=O)N3Cc3ccccc3)cc2)cc1
CHEMBL3628545,O=C(O)COc1ccc(/C=C2\C(=O)N(Cc3ccc(C(=O)O)cc3)C(=O)N2Cc2ccccc2)cc1
CHEMBL3627729,O=C(O)c1ccc(CN2C(=O)/C(=C\c3ccc(OCc4ccccc4)cc3)N(Cc3ccccc3)C2=O)cc1
CHEMBL3628546,O=C(O)CN1C(=O)/C(=C\c2ccc(O)cc2)N(Cc2ccccc2)C1=O
CHEMBL3628547,O=C(O)c1ccc(CN2C(=O)/C(=C\c3ccc(O)cc3)N(Cc3ccccc3)C2=O)cc1
CHEMBL3628548,COC(=O)c1ccc(COC(=O)CN2C(=O)/C(=C\c3ccc(OCc4ccc(C(=O)OC)cc4)cc3)N(Cc3ccccc3)C2=O)cc1
CHEMBL3628549,COC(=O)COC(=O)CN1C(=O)/C(=C\c2ccc(OCC(=O)OC)cc2)N(Cc2ccccc2)C1=O
CHEMBL3628550,COC(=O)COC(=O)c1ccc(CN2C(=O)/C(=C\c3ccc(OCC(=O)OC)cc3)N(Cc3ccccc3)C2=O)cc1
CHEMBL238188,CC(C)=CCc1c2c(c3occ(-c4ccc(O)cc4)c(=O)c3c1O)C=CC(C)(C)O2
CHEMBL472004,O=S(=O)(O)c1ccc2cc(/N=N/c3cc(S(=O)(=O)O)c4cccnc4c3O)ccc2c1
CHEMBL494252,CC(C)=CCc1c(O)c(CC=C(C)C)c2occ(-c3ccc(O)cc3)c(=O)c2c1O
CHEMBL457458,CC1=C[C@H]2[C@@H](CC1)[C@@](C)(N=C=S)CC[C@H]2C(C)C
CHEMBL459129,CC(C)=CCc1c2c(c(O)c3c(=O)c(-c4ccc(O)c(O)c4)coc13)C=CC(C)(C)O2
CHEMBL2442946,COc1cc(-c2coc3c(CC=C(C)C)c(O)c(CC=C(C)C)c(O)c3c2=O)ccc1O
CHEMBL2442947,CC(C)=CCc1c(O)c(CC=C(C)C)c2occ(-c3ccc(O)c(O)c3)c(=O)c2c1O
CHEMBL3628476,O=C1NC(=O)/C(=C\c2ccc(OCc3ccc(Cl)cc3)cc2)N1
CHEMBL3628482,COC(=O)COc1ccc(/C=C2\C(=O)N(CC(=O)OC)C(=O)N2Cc2ccccc2)cc1
CHEMBL3628484,COC(=O)c1ccc(COc2ccc(/C=C3\C(=O)N(Cc4ccc(C(=O)OC)cc4)C(=O)N3Cc3ccccc3)cc2)cc1
CHEMBL3628539,COC(=O)c1ccc(CN2C(=O)/C(=C\c3ccc(OCc4ccccc4)cc3)N(Cc3ccccc3)C2=O)cc1
CHEMBL3628541,O=C(O)CN1C(=O)/C(=C\c2ccc(OCc3ccc(C(=O)O)cc3)cc2)N(Cc2ccccc2)C1=O
CHEMBL3632912,O=C(Cn1cc(CN(CC(=O)N(Cc2ccc(C3CCCCC3)cc2)c2ccc(C(=O)O)c(O)c2)S(=O)(=O)c2cccc3cccnc23)nn1)Nc1ccc(C(=O)O)c(O)c1
CHEMBL3632913,O=C(CCn1cc(CN(CC(=O)N(Cc2ccc(C3CCCCC3)cc2)c2ccc(C(=O)O)c(O)c2)S(=O)(=O)c2cccc3cccnc23)nn1)Nc1ccc(C(=O)O)c(O)c1
CHEMBL3632914,O=C(CCCn1cc(CN(CC(=O)N(Cc2ccc(C3CCCCC3)cc2)c2ccc(C(=O)O)c(O)c2)S(=O)(=O)c2cccc3cccnc23)nn1)Nc1ccc(C(=O)O)c(O)c1
CHEMBL3633138,O=C(CCCCn1cc(CN(CC(=O)N(Cc2ccc(C3CCCCC3)cc2)c2ccc(C(=O)O)c(O)c2)S(=O)(=O)c2cccc3cccnc23)nn1)Nc1ccc(C(=O)O)c(O)c1
CHEMBL3633139,O=C(CCCCCn1cc(CN(CC(=O)N(Cc2ccc(C3CCCCC3)cc2)c2ccc(C(=O)O)c(O)c2)S(=O)(=O)c2cccc3cccnc23)nn1)Nc1ccc(C(=O)O)c(O)c1
CHEMBL3634590,COC(=O)CN(c1ccc(CN(c2ccc(CN(Cc3ccccc3)S(C)(=O)=O)cc2)S(=O)(=O)c2ccccc2)cc1)S(C)(=O)=O
CHEMBL3634591,COC(=O)CN(c1ccc(CN(c2ccc(CN(Cc3ccccc3)S(C)(=O)=O)cc2)S(=O)(=O)c2ccc(OC)cc2)cc1)S(C)(=O)=O
CHEMBL3634592,CCOc1ccc(S(=O)(=O)N(Cc2ccc(N(CC(=O)OC)S(C)(=O)=O)cc2)c2ccc(CN(Cc3ccccc3)S(C)(=O)=O)cc2)cc1
CHEMBL3634593,CCCOc1ccc(S(=O)(=O)N(Cc2ccc(N(CC(=O)OC)S(C)(=O)=O)cc2)c2ccc(CN(Cc3ccccc3)S(C)(=O)=O)cc2)cc1
CHEMBL3634594,CCCCOc1ccc(S(=O)(=O)N(Cc2ccc(N(CC(=O)OC)S(C)(=O)=O)cc2)c2ccc(CN(Cc3ccccc3)S(C)(=O)=O)cc2)cc1
CHEMBL3634679,COC(=O)CN(c1ccc(CN(c2ccc(CN(Cc3ccc(C)cc3)S(C)(=O)=O)cc2)S(=O)(=O)Cc2ccccc2)cc1)S(C)(=O)=O
CHEMBL3634681,COC(=O)CN(c1ccc(CN(c2ccc(N(Cc3ccccc3)S(C)(=O)=O)cc2)S(=O)(=O)Cc2ccccc2)cc1)S(C)(=O)=O
CHEMBL3634683,CCOc1ccc(S(=O)(=O)Nc2ccc(N(Cc3ccc(N(CC(=O)OC)S(=O)(=O)CC)cc3)S(=O)(=O)Cc3ccccc3)cc2)cc1
CHEMBL3634684,CCCCOc1ccc(S(=O)(=O)N(Cc2ccc(N(CC(=O)OC)S(C)(=O)=O)cc2)c2ccc(NS(=O)(=O)Cc3ccccc3)cc2)cc1
CHEMBL3746974,CC(C)=CCC[C@](C)(NC(=O)N[C@@](C)(CCC=C(C)C)[C@H]1CC=C(C)CC1)[C@H]1CC=C(C)CC1
CHEMBL3747361,O=C1C[C@@H](c2ccc(C[C@H](NS(=O)(=O)c3cccc(F)c3)c3nc(Cc4ccccc4F)c[nH]3)cc2)S(=O)(=O)N1
CHEMBL3746639,CO[C@@H](CC(C)C)c1ccc2cc(-c3ccc(C[C@](Cc4ccc(C(F)(F)P(=O)(O)O)cc4)(c4ccccc4)n4nnc5ccccc54)cc3)cc(P(=O)(O)O)c2n1
CHEMBL3753821,COc1ccc(CCC(=O)C2=C(O)C(CC=C(C)C)=C3OC(C)(C)C=CC3(CC=C(C)C)C2=O)cc1O
CHEMBL3754570,COc1ccc(CC/C(O)=C2\C(=O)C(CC=C(C)C)=C3OC(C)(C)C=CC3(CC=C(C)C)C2=O)cc1O
CHEMBL3754629,COc1ccc(CCC(=O)C2=C(O)C(CC=C(C)C)=C3OC(C)(C)C=CC3(CC=C(C)C)C2=O)cc1
CHEMBL3758203,Brc1ccc(-c2noc(Cc3c[nH]c4ccccc34)n2)s1
CHEMBL3758567,Brc1cccc(-c2noc(Cc3c[nH]c4ccccc34)n2)c1
CHEMBL3758446,Cc1ccccc1-c1ccc(-c2noc(Cc3c[nH]c4ccccc34)n2)s1
CHEMBL3758844,CCc1ccc(-c2ccc(-c3noc(Cc4c[nH]c5ccccc45)n3)s2)cc1
CHEMBL3758655,CCCc1ccc(-c2ccc(-c3noc(Cc4c[nH]c5ccccc45)n3)s2)cc1
CHEMBL3758490,CCCCc1ccc(-c2ccc(-c3noc(Cc4c[nH]c5ccccc45)n3)s2)cc1
CHEMBL3759414,CCOc1ccc(-c2ccc(-c3noc(Cc4c[nH]c5ccccc45)n3)s2)cc1
CHEMBL3759712,CCCOc1ccc(-c2ccc(-c3noc(Cc4c[nH]c5ccccc45)n3)s2)cc1
CHEMBL3759694,Oc1ccc(-c2cccc(-c3noc(Cc4c[nH]c5ccccc45)n3)c2)cc1
CHEMBL3759130,Cc1ccccc1-c1cccc(-c2noc(Cc3c[nH]c4ccccc34)n2)c1
CHEMBL3759304,Cc1cccc(-c2cccc(-c3noc(Cc4c[nH]c5ccccc45)n3)c2)c1
CHEMBL3760096,CCCCc1ccc(-c2cccc(-c3noc(Cc4c[nH]c5ccccc45)n3)c2)cc1
CHEMBL3758728,CCOc1ccc(-c2cccc(-c3noc(Cc4c[nH]c5ccccc45)n3)c2)cc1
CHEMBL3759036,CCCOc1ccc(-c2cccc(-c3noc(Cc4c[nH]c5ccccc45)n3)c2)cc1
CHEMBL3759827,Cc1cccc(-c2cccc(-c3noc(Cc4c[nH]c5ccccc45)n3)n2)c1
CHEMBL3758715,CCCCc1ccc(-c2cccc(-c3noc(Cc4c[nH]c5ccccc45)n3)n2)cc1
CHEMBL3759234,CCOc1ccc(-c2cccc(-c3noc(Cc4c[nH]c5ccccc45)n3)n2)cc1
CHEMBL3759405,CCCOc1ccc(-c2cccc(-c3noc(Cc4c[nH]c5ccccc45)n3)n2)cc1
CHEMBL184444,COC(=O)c1c(O)cccc1OC/C=C/c1cccc(-c2onc(C(=O)O)c2CO)c1
CHEMBL459814,CC1=CCC[C@H]2[C@](C)(Cc3cc(O)ccc3O)[C@@H](C)CC[C@]12C
CHEMBL464646,CC1=CCC[C@H]2[C@](C)(CC3=CC(=O)C=C(N)C3=O)[C@@H](C)CC[C@]12C
CHEMBL521017,CC(=O)Oc1ccc(O)cc1C[C@]1(C)[C@@H](C)CC[C@]2(C)C(C)=CCC[C@@H]12
CHEMBL516014,C=C1CCC[C@H]2[C@](C)(Cc3cc(OC(C)=O)ccc3O)[C@@H](C)CC[C@]12C
CHEMBL541953,CC(=O)N[C@H](Cc1ccc(N(C(=O)C(=O)O)c2ccccc2C(=O)O)c2ccccc12)C(=O)NCCCCCOc1cc2ccccc2cc1C(=O)O
CHEMBL1240800,O=C(O)C(=O)c1ccc(OCc2ccc(COc3ccc(C(=O)C(=O)O)cc3)c(C(=O)Nc3ccc(Oc4ccccc4)cc3)c2)cc1
CHEMBL2048004,C=C1CC[C@@H]2[C@](C)(CCC[C@]2(C)C(=O)O)[C@H]1CC[C@H](C)CCO
CHEMBL3760029,Cc1ccccc1-c1cccc(-c2noc(Cc3c[nH]c4ccccc34)n2)n1
CHEMBL3781453,C=C1CC[C@@H]2[C@](C)(CCC[C@]2(C)NC(N)=O)[C@H]1CC[C@H](C)CCO
CHEMBL3780639,C=C1CC[C@@H]2[C@](C)(CCC[C@]2(C)NC(N)=O)[C@H]1CC[C@H](C)CNC(N)=O
CHEMBL3782051,C=C1CC[C@@H]2[C@](C)(CCC[C@]2(C)NC(N)=O)[C@H]1CC[C@H](C)C/C=N/OC(C)=O
CHEMBL3781672,C=C1CC[C@@H]2[C@](C)(CCC[C@]2(C)NC(N)=O)[C@H]1CC[C@H](C)C/C=N/O
CHEMBL3787288,COC(=O)[C@]12CCC(C)(C)C=C1[C@H]1CC[C@@H]3[C@@]4(C)CCC(=O)C(C)(C)[C@@H]4CC[C@@]3(C)[C@]1(C)CC2
CHEMBL3786595,CC1(C)C=C2[C@H]3CC[C@@H]4[C@@]5(C)CCC6(OCCO6)C(C)(C)[C@@H]5CC[C@@]4(C)[C@]3(C)CC[C@@]2(CO)CC1
CHEMBL3809403,CC(C)=CCc1cc(-c2coc3cc(O)c(CC=C(C)C)c(O)c3c2=O)cc(O)c1O
CHEMBL3808919,CC(C)=CCc1c(O)ccc(-c2coc3cc(O)c(CC=C(C)C)c(O)c3c2=O)c1O
CHEMBL3818449,CO[C@H]1O[C@H](Cn2cc(NC(=O)c3cccc(C(=O)Nc4cn(C[C@H]5O[C@H](OC)[C@H](OCc6ccccc6)[C@H](OCc6ccccc6)[C@@H]5OCc5ccccc5)nn4)c3)nn2)[C@@H](OCc2ccccc2)[C@@H](OCc2ccccc2)[C@H]1OCc1ccccc1
CHEMBL3818087,CO[C@H]1O[C@H](COCc2ccccc2)[C@@H](OCc2ccccc2)[C@H](OCc2cn(CCCOc3ccc(O)c(C(=O)O)c3)nn2)[C@H]1OCc1cn(CCCOc2ccc(O)c(C(=O)O)c2)nn1
CHEMBL3817887,COC(=O)c1ccc(C(C/C=C/c2ccccc2)(Cc2ccc(C(F)(F)P(=O)(O)O)cc2)n2nnc3ccccc32)cc1
CHEMBL3818251,Cc1noc(-c2ccc(C(C/C=C/c3ccccc3)(Cc3ccc(C(F)(F)P(=O)(O)O)cc3)C(=O)c3ccc(F)cc3)cc2)n1
CHEMBL3818579,COC(=O)[C@H](Cc1ccc(O)cc1)n1cc(CO[C@H]2[C@@H](OCc3ccccc3)[C@@H](OC)O[C@H](COCc3ccccc3)[C@H]2OCc2cn([C@@H](Cc3ccc(O)cc3)C(=O)OC)nn2)nn1
CHEMBL3824236,COC(=O)CN(c1ccc(CN(c2ccc(OCc3ccccc3)c(C(=O)OC)c2)S(=O)(=O)Cc2ccccc2)cc1)S(C)(=O)=O
CHEMBL3824253,COC(=O)CN(c1ccc(CN(c2ccc(OCc3ccccc3)cc2)S(=O)(=O)Cc2ccccc2)cc1)S(C)(=O)=O
CHEMBL3822923,CCCCOc1ccc(N(Cc2ccc(N(CC(=O)OC)S(C)(=O)=O)cc2)S(=O)(=O)Cc2ccccc2)cc1C(=O)OC
CHEMBL3823340,CCCOc1ccc(N(Cc2ccc(N(CC(=O)OC)S(C)(=O)=O)cc2)S(=O)(=O)Cc2ccccc2)cc1C(=O)OC
CHEMBL3822604,COC(=O)CN(c1ccc(CN(c2ccc(OCc3ccc(C)cc3)c(C(=O)OC)c2)S(=O)(=O)Cc2ccccc2)cc1)S(C)(=O)=O
CHEMBL3892140,CC1=CCC[C@H]2[C@]3(C)Cc4cc(O)ccc4O[C@]3(C)CC[C@]12C
CHEMBL3893783,CC(=O)Oc1ccc(O)c(C[C@]2(C)[C@@H](C)CC[C@]3(C)C(C)=CCC[C@@H]23)c1
CHEMBL3899171,O=C(COc1ccc2cc(C(O)(C(F)(F)F)C(F)(F)F)c(O)cc2c1)NC12CC3CC(CC(C3)C1)C2
CHEMBL3900333,CC(C)c1ccc(NC(=O)COc2ccc3cc(C(O)(C(F)(F)F)C(F)(F)F)c(O)cc3c2)cc1
CHEMBL3903731,CC(C)C[C@@H](c1c(O)c(C=O)c(O)c(C=O)c1O)[C@H]1CC[C@@H](C)[C@@]2(C)C1=CC[C@@H]1[C@H]2C1(C)C
CHEMBL3907420,CC1=C2CC[C@](C)([C@@H](CC(C)C)c3c(O)c(C=O)c(O)c(C=O)c3O)[C@H]2[C@H]2[C@@H](CC1)C2(C)C
CHEMBL3909342,O=C(COc1ccc2cc(C(O)(C(F)(F)F)C(F)(F)F)c(O)cc2c1)NC1c2ccccc2-c2ccccc21
CHEMBL3910462,Oc1cc2ccccc2cc1C(O)(C(F)(F)F)C(F)(F)F
CHEMBL3916388,CC(C)C[C@H](c1c(O)c(C=O)c(O)c(C=O)c1O)[C@@]1(C)CC=C2[C@H](C)CC[C@@H]3[C@H]([C@@H]21)C3(C)C
CHEMBL3919081,C=C1CCC[C@H]2[C@](C)(Cc3cc(O)ccc3OC(C)=O)[C@@H](C)CC[C@]12C
CHEMBL3928298,Cc1ccc(O)c(C(O)(C(F)(F)F)C(F)(F)F)c1
CHEMBL3931387,C=C(C)[C@@H]1C=C2[C@@H](C)CC[C@@H]([C@@H](CC(C)C)c3c(O)c(C=O)c(O)c(C=O)c3O)[C@]2(C)CC1
CHEMBL3935360,CC(C)C[C@@H](c1c(O)c(C=O)c(O)c(C=O)c1O)[C@@]1(C)CCC2=C1[C@H]1[C@@H](CC[C@H]2C)C1(C)C
CHEMBL3938397,Oc1c(-c2ccccc2)cccc1C(O)(C(F)(F)F)C(F)(F)F
CHEMBL3944321,CC(C)C[C@@H](c1c(O)c(C=O)c(O)c(C=O)c1O)[C@@]1(C)CC=C2[C@H](C)CC[C@@H]3[C@H]([C@@H]21)C3(C)C
CHEMBL3954985,CO[C@]1(C)CC[C@@H]2[C@H]([C@H]3[C@H]1CC[C@]3(C)[C@@H](CC(C)C)c1c(O)c(C=O)c(O)c(C=O)c1O)C2(C)C
CHEMBL3962935,C=C1CCC[C@H]2[C@](C)(Cc3cc(OC(=O)CC)ccc3OC(=O)CC)[C@@H](C)CC[C@]12C
CHEMBL3971802,CCC(=O)Oc1ccc(OC(=O)CC)c(C[C@]2(C)[C@@H](C)CC[C@]3(C)C(C)=CCC[C@@H]23)c1
CHEMBL3973897,C=C1CCC[C@H]2[C@](C)(Cc3cc(OC(C)=O)ccc3OC(C)=O)[C@@H](C)CC[C@]12C
CHEMBL3974642,CC(C)C[C@H](c1c(O)c(C=O)c(O)c(C=O)c1O)[C@H]1CC[C@@H](C)[C@@]2(C)C1=CC[C@@H]1[C@H]2C1(C)C
CHEMBL3979554,O=C(COc1ccc2cc(C(O)(C(F)(F)F)C(F)(F)F)c(O)cc2c1)NCCc1ccc(Cl)cc1Cl
CHEMBL3982631,CC(C)CC(=O)c1c(O)c(C=O)c(O)c(C[C@@]2(C)CC[C@H]3C2=C[C@H](C(C)(C)O)CC[C@H]3C)c1O
CHEMBL3983611,CC(C)C[C@@H](c1c(O)c(C=O)c(O)c(C=O)c1O)[C@@]1(C)CC[C@@H]2[C@@H]1[C@H]1[C@@H](CC[C@]2(C)O)C1(C)C
CHEMBL326115,NC(=O)[C@H](Cc1ccc(C(F)(F)P(=O)(O)O)cc1)NC(=O)[C@H](CC(=O)O)NC(=O)Cc1ccc(C(F)(F)P(=O)(O)O)cc1
CHEMBL341103,COC(=O)c1c(O)cccc1OCCCCNC(=O)[C@H](Cc1ccc(OCC(=O)O)c(O)c1)NC(C)=O
CHEMBL444695,CCCCCCCC(C)CCC/C(O)=C1\C(=O)C(C)N(C)C1=O
CHEMBL464276,CC1=C(O)/C(=C/[C@@H](C)CCC/C(C)=C/CC/C(C)=C/CCc2ccoc2)OC1=O
CHEMBL464651,CC1=C(O)/C(=C/[C@@H](C)CCC/C(C)=C/CCC(C)(O)CCCc2ccoc2)OC1=O
CHEMBL1802229,C/C(=C\CCc1ccoc1)C[C@H](O)C[C@@H](C)CCCc1ccoc1
CHEMBL3901092,O=C1CC(c2ccc(CC(Nc3nc4ccccc4s3)c3nc4ccccc4[nH]3)cc2)S(=O)(=O)N1
CHEMBL3903987,CCOC(=O)c1c(C)[nH]c(/C=C2\S/C(=N\c3ccccc3)N(c3ccccc3)C2=O)c1C
CHEMBL3905288,Cc1cc(I)cc2c1NC(c1cccc(N)c1)C1CC=CC21
CHEMBL3917014,CC(=O)NC(Cc1ccc(C(F)(F)P(=O)(O)O)cc1)C(=O)NC(CCCNC(=O)c1cccc(I)c1)C(N)=O
CHEMBL3942718,CCc1ccc(C(=O)NCCCCC(NC(=O)C(Cc2ccc(C(F)(F)P(=O)(O)O)cc2)NC(=O)C(Cc2ccccc2)NC(C)=O)C(N)=O)cc1
CHEMBL3942806,CCOC(=O)c1c(C)[nH]c(/C=C2\S/C(=N\c3ccc(F)cc3)N(c3ccc(F)cc3)C2=O)c1C
CHEMBL3944187,CCOC(=O)c1c(C)[nH]c(/C=C2\S/C(=N\c3cccc(F)c3)N(c3cccc(F)c3)C2=O)c1C
CHEMBL3949280,Cc1ccc(C(=O)NC(Cc2ccc(C(F)(F)P(=O)(O)O)cc2)C(=O)NC(CCCNC(=O)c2cccc(I)c2)C(N)=O)cc1Br
CHEMBL3978384,COc1cc(CC(=O)NCC(NC(=O)C(CCCNC(=O)c2cccc(I)c2)NC(=O)C(Cc2ccc(C(F)(F)P(=O)(O)O)cc2)NC(=O)c2ccc(C)c(Br)c2)C(N)=O)ccc1O
CHEMBL3982169,CC(=O)NCCCCC(NC(=O)C(Cc1ccc(C(F)(F)P(=O)(O)O)cc1)NC(C)=O)C(N)=O
CHEMBL3985776,O=C(COc1ccc2cc(C(O)(C(F)(F)F)C(F)(F)F)c(O)cc2c1)N1c2ccccc2Sc2ccccc21
CHEMBL4059717,COc1ccccc1[C@H]1[C@]23NC(=O)C[C@H]2Oc2c(OC)cccc2[C@@H]3O[C@@]12C(=O)N(Cc1ccccc1)c1ccccc12
CHEMBL4060736,COc1cccc2c1O[C@@H]1CC(=O)N[C@]13[C@H]2O[C@@]1(C(=O)N(Cc2ccccc2)c2ccccc21)[C@H]3c1ccc(Br)cc1
CHEMBL4061225,O=C(O)c1ccc(CN2C(=O)/C(=C/c3ccc(OCCc4ccccc4)cc3)S/C2=N\c2ccc(F)cc2)cc1
CHEMBL4062661,O=C(O)c1ccc(CN2C(=O)/C(=C/c3ccc(Oc4ccccc4)cc3)S/C2=N\c2ccc(F)cc2)cc1
CHEMBL4063387,COC(=O)/C=C/Oc1ccc(OC)cc1[C@@H]1O[C@@]2(C(=O)N(Cc3ccccc3)c3ccccc32)[C@@H](c2ccc(C)cc2)[C@@H]1[N+](=O)[O-]
CHEMBL4063512,Cc1ccc([C@H]2[C@]34NC(=O)C[C@H]3Oc3ccc(C)cc3[C@@H]4O[C@@]23C(=O)N(Cc2ccccc2)c2ccccc23)cc1
CHEMBL4064443,COC(=O)C[C@H]1Oc2ccc(OC)cc2[C@@H]2O[C@@]3(C(=O)N(Cc4ccccc4)c4ccccc43)[C@@H](c3ccc(Br)cc3)[C@]12[N+](=O)[O-]
CHEMBL4067159,COC(=O)C[C@H]1Oc2ccc(OC)cc2[C@@H]2O[C@@]3(C(=O)N(Cc4ccccc4)c4ccccc43)[C@@H](c3ccc(C)cc3)[C@]12[N+](=O)[O-]
CHEMBL4067593,Cc1ccc2c(c1)[C@@H]1O[C@@]3(C(=O)N(Cc4ccccc4)c4ccccc43)[C@@H](c3ccccc3)[C@@]13NC(=O)C[C@H]3O2
CHEMBL4069413,O=C1C[C@H]2Oc3ccc(Cl)cc3[C@@H]3O[C@@]4(C(=O)N(Cc5ccccc5)c5ccccc54)[C@@H](c4ccc(Br)cc4)[C@]23N1
CHEMBL4069888,O=C(O)c1ccc(CN2C(=O)/C(=C/c3ccc(Oc4ccccc4)cc3)SC2=S)cc1
CHEMBL4070916,O=C(O)c1ccc(CN2C(=O)/C(=C/c3cccc(OCc4ccccc4)c3)SC2=S)cc1
CHEMBL4072175,O=C(O)c1ccc(CN2C(=O)/C(=C/c3cccc(Oc4ccccc4)c3)S/C2=N\c2ccc(F)cc2)cc1
CHEMBL4073026,COC(=O)C[C@H]1Oc2c(OC)cccc2[C@@H]2O[C@@]3(C(=O)N(Cc4ccccc4)c4ccccc43)[C@@H](c3ccc(C)cc3)[C@]12[N+](=O)[O-]
CHEMBL4073317,C/C(=C\Cc1c(O)cc(O)c2c1C[C@@H](C)OC2=O)CC/C=C(\C)CC[C@H](O)C(C)(C)O
CHEMBL4078493,COc1ccc2c(c1)[C@@H]1O[C@@]3(C(=O)N(Cc4ccccc4)c4ccccc43)[C@@H](c3ccc(C)cc3)[C@@]13NC(=O)C[C@H]3O2
CHEMBL4080177,O=C(O)c1ccc(CN2C(=O)/C(=C/c3ccc(OCc4ccccc4)cc3)S/C2=N\c2ccc(F)cc2)cc1
CHEMBL4081501,O=C(O)c1ccc(CN2C(=O)/C(=C/c3cccc(OCCc4ccccc4)c3)SC2=S)cc1
CHEMBL4082611,COc1ccc2c(c1)[C@@H]1O[C@@]3(C(=O)N(Cc4ccccc4)c4ccccc43)[C@@H](c3ccc(Br)cc3)[C@@]13NC(=O)C[C@H]3O2
CHEMBL4083453,COC(=O)/C=C/Oc1c(OC)cccc1[C@@H]1O[C@@]2(C(=O)N(Cc3ccccc3)c3ccccc32)[C@@H](c2ccc(C)cc2)[C@@H]1[N+](=O)[O-]
CHEMBL4085709,COC(=O)/C=C/Oc1c(OC)cccc1[C@@H]1O[C@@]2(C(=O)N(Cc3ccccc3)c3ccccc32)[C@@H](c2ccc(Br)cc2)[C@@H]1[N+](=O)[O-]
CHEMBL4085978,COC(=O)C[C@H]1Oc2c(OC)cccc2[C@@H]2O[C@@]3(C(=O)N(Cc4ccccc4)c4ccccc43)[C@@H](c3ccc(Br)cc3)[C@]12[N+](=O)[O-]
CHEMBL4088006,COC(=O)C[C@H]1Oc2c(OC)cccc2[C@@H]2O[C@@]3(C(=O)N(Cc4ccccc4)c4ccccc43)[C@@H](c3ccccc3OC)[C@]12[N+](=O)[O-]
CHEMBL4089378,O=C(O)c1ccc(CN2C(=O)/C(=C/c3cccc(OCCc4ccccc4)c3)S/C2=N\c2ccc(F)cc2)cc1
CHEMBL4089985,CC(=O)O[C@@H](C/C(C)=C/CCc1ccoc1)C[C@@H](C)CCCc1ccoc1
CHEMBL4090444,COc1cccc2c1O[C@@H]1CC(=O)N[C@]13[C@H]2O[C@@]1(C(=O)N(Cc2ccccc2)c2ccccc21)[C@H]3c1ccc(C)cc1
CHEMBL4091359,Cc1ccc([C@H]2[C@]34NC(=O)C[C@H]3Oc3ccc(Cl)cc3[C@@H]4O[C@@]23C(=O)N(Cc2ccccc2)c2ccccc23)cc1
CHEMBL4091784,O=C(O)c1ccc(CN2C(=O)/C(=C/c3ccc(OCc4ccccc4)cc3)SC2=S)cc1
CHEMBL4093726,COC(=O)C[C@H]1Oc2ccc(Cl)cc2[C@@H]2O[C@@]3(C(=O)N(Cc4ccccc4)c4ccccc43)[C@@H](c3ccc(Br)cc3)[C@]12[N+](=O)[O-]
CHEMBL4097088,O=C(O)c1ccc(CN2C(=O)/C(=C/c3cccc(Oc4ccccc4)c3)SC2=S)cc1
CHEMBL4098207,O=C(O)c1ccc(CN2C(=O)/C(=C/c3cccc(OCc4ccccc4)c3)S/C2=N\c2ccc(F)cc2)cc1
CHEMBL4099233,COC(=O)/C=C/Oc1ccc(OC)cc1[C@@H]1O[C@@]2(C(=O)N(Cc3ccccc3)c3ccccc32)[C@@H](c2ccc(Br)cc2)[C@@H]1[N+](=O)[O-]
CHEMBL4099520,O=C(O)c1ccc(CN2C(=O)/C(=C/c3ccc(OCCc4ccccc4)cc3)SC2=S)cc1
CHEMBL446246,C[C@@H]1O[C@@H](OC[C@H]2O[C@@H](Oc3cc(O)c4c(c3)O[C@H](c3ccc(O)cc3)CC4=O)[C@H](O)[C@@H](O)[C@@H]2O)[C@H](O)[C@H](O)[C@H]1O
CHEMBL469654,O=C1C[C@@H](c2ccc(O)cc2)Oc2cc(O[C@@H]3O[C@H](CO)[C@@H](O)[C@H](O)[C@H]3O)cc(O)c21
CHEMBL471799,CC(C)=CCc1cc([C@@H]2CC(=O)c3c(cc(O)c(CC=C(C)C)c3O)O2)ccc1O
CHEMBL590122,CCc1cc(C[C@H](NC(C)=O)C(=O)NCCCCOc2cccc(O)c2C(=O)OC)ccc1N(C(=O)C(=O)O)c1ccccc1C(=O)O
CHEMBL1644933,CC(C)=CCc1cc(/C=C/C(=O)c2ccc(O)c(CC=C(C)C)c2O)ccc1O
CHEMBL2205166,CC(C)=CCC/C(C)=C/Cc1c(O)c(CC=C(C)C)c2c(c1O)C(=O)C1=C[C@@H]3C[C@H]4C(C)(C)O[C@@](C/C=C(/C)C(=O)O)(C3=O)[C@@]14O2
CHEMBL3810262,CC(C)=CCc1c(O)ccc(-c2coc3c(CC=C(C)C)c(O)cc(O)c3c2=O)c1O
CHEMBL4059800,COC1=C2C(=O)c3c(O)c4c(c(CC=C(C)C)c3O[C@@]23[C@H]2C[C@@H]1C(=O)[C@]3(CC=C(C)C)OC2(C)C)O[C@](C)(CCC=C(C)C)C=C4
CHEMBL4061417,CC(C)=CCc1cc(-c2cc(=O)c3c(O)c(CC=C(C)C)c(O)cc3o2)ccc1O
CHEMBL4062183,COC(=O)c1scc(-c2ccc(NC(=O)c3ccc(C(F)(F)F)nc3)cc2)c1OC
CHEMBL4064095,COc1cc(C(=O)OCC(COC(=O)c2cc(Br)c(O)c(OC)c2)OC(=O)c2cc(Br)c(O)c(OC)c2)cc(Br)c1O
CHEMBL4064140,COC(=O)c1scc(-c2ccc(NC(=O)c3ccc(C#N)nc3)cc2)c1OC
CHEMBL4064802,CC(C)=CCc1c(O)ccc([C@H]2COc3cc(O)c(CC=C(C)C)c(O)c3C2=O)c1O
CHEMBL4064889,COc1cc(C(=O)OC[C@H]2OC(OC(=O)c3cc(Br)c(O)c(OC)c3)[C@H](OC(=O)c3cc(Br)c(O)c(OC)c3)[C@@H]2OC(=O)c2cc(Br)c(O)c(OC)c2)cc(Br)c1O
CHEMBL4067061,COC(=O)c1scc(-c2ccc(NC(=O)c3ccc(F)c(Cl)n3)cc2)c1OC
CHEMBL4067813,CC/C=C\C/C=C\C/C=C\CCCCCCCC1(O)CC(=O)c2c(O)c(C)c(O)c(C)c2O1
CHEMBL4068000,CC(C)=CCc1cc(-c2coc3c(CC=C(C)C)c(O)cc(O)c3c2=O)cc(O)c1O
CHEMBL4068458,CC(C)=CCc1c2c(c(O)c3c1O[C@]14C(=C[C@@H]5C[C@H]1C(C)(C)O[C@@]4(/C=C(/C)CO)C5=O)C3=O)C=CC(C)(C)O2
CHEMBL4068566,CC(C)=CCc1c2c(c(O)c3c1O[C@]14C(=C[C@@H]5C[C@H]1C(C)(C)O[C@@]4(/C=C(/C)C(=O)O)C5=O)C3=O)C=CC(C)(C)O2
CHEMBL4068962,O=C(OCC(COC(=O)c1cc(O)c(O)c(Br)c1)OC(=O)c1cc(O)c(O)c(Br)c1)c1cc(O)c(O)c(Br)c1
CHEMBL4069859,CO[C@@H]1C2C(=O)c3c(O)c(C/C=C(\C)CCC=C(C)C)c(O)c(CC=C(C)C)c3O[C@@]23[C@H]2C[C@@H]1C(=O)[C@]3(C/C=C(/C)C(=O)O)OC2(C)C
CHEMBL4070801,COC(=O)c1scc(-c2ccc(NC(=O)c3cccc(I)c3)cc2)c1OC
CHEMBL4073994,COc1cc(C(=O)OC[C@H]2OC(OC(=O)c3cc(Br)c(OC)c(OC)c3)[C@H](OC(=O)c3cc(Br)c(OC)c(OC)c3)[C@@H]2OC(=O)c2cc(Br)c(OC)c(OC)c2)cc(Br)c1OC
CHEMBL4074642,COC(=O)c1scc(-c2ccc(NC(=O)c3cc(I)ccc3F)cc2)c1OC
CHEMBL4078699,CCCCC/C=C\C/C=C\CCCCCCCC1(O)CC(=O)c2c(O)c(C)c(O)c(C)c2O1
CHEMBL4079730,O=C(O[C@@H]1OC[C@@H](OC(=O)c2cc(O)c(O)c(Br)c2)[C@H](OC(=O)c2cc(O)c(O)c(Br)c2)[C@H]1OC(=O)c1cc(O)c(O)c(Br)c1)c1cc(O)c(O)c(Br)c1
CHEMBL4080452,COC(=O)c1scc(-c2ccc(NC(=O)c3ccc4ccccc4c3)cc2)c1OC
CHEMBL4081395,COC(=O)c1scc(-c2ccc(NC(=O)c3cccs3)cc2)c1OC
CHEMBL4085304,O=C(OC[C@H]1OC(OC(=O)c2ccc(O)c(O)c2)[C@H](OC(=O)c2ccc(O)c(O)c2)[C@@H]1OC(=O)c1ccc(O)c(O)c1)c1ccc(O)c(O)c1
CHEMBL4086351,COc1cc(C(=O)O[C@@H]2OC[C@@H](OC(=O)c3cc(Br)c(O)c(OC)c3)[C@H](OC(=O)c3cc(Br)c(O)c(OC)c3)[C@H]2OC(=O)c2cc(Br)c(O)c(OC)c2)cc(Br)c1O
CHEMBL4086544,CCCC/C=C\CCCCCCCCCC1(O)CC(=O)c2c(O)c(C)c(O)c(C)c2O1
CHEMBL4087528,CC/C=C\C/C=C\C/C=C\CCCCCCCC1(O)CC(=O)c2c(O)cc(O)cc2O1
CHEMBL4088099,CC(C)=CCc1c(O)cc2occ(-c3cc(O)c4c(c3)C=CC(C)(C)O4)c(=O)c2c1O
CHEMBL4089269,COC(=O)c1scc(-c2ccc(NC(=O)c3ccc(OC)nc3)cc2)c1OC
CHEMBL4090200,COC(=O)c1scc(-c2ccc(NC(=O)c3ccc(C(F)(F)F)cc3Br)cc2)c1OC
CHEMBL4090412,CO[C@@H]1C2C(=O)c3c(O)c4c(c(CC=C(C)C)c3O[C@@]23[C@H]2C[C@@H]1C(=O)[C@]3(C/C=C(/C)C(=O)O)OC2(C)C)OC(C)(C)C=C4
CHEMBL4090749,COC(=O)c1scc(-c2ccc(NC(=O)c3cccc(C(F)(F)F)c3)cc2)c1OC
CHEMBL4091173,CC1(N)CCN(c2nc(-c3ccc4cc(Br)ccc4c3)cs2)CC1
CHEMBL4094529,COC(=O)c1scc(-c2ccc(NC(=O)c3ccc(C(F)(F)F)cc3)cc2)c1OC
CHEMBL4095023,COc1cc(C(=O)OC2OC[C@@H](OC(=O)c3cc(Br)c(OC)c(OC)c3)[C@H](OC(=O)c3cc(Br)c(OC)c(OC)c3)[C@H]2OC(=O)c2cc(Br)c(OC)c(OC)c2)cc(Br)c1OC
CHEMBL4095096,COC(=O)c1scc(-c2ccc(NC(=O)c3ccccn3)cc2)c1OC
CHEMBL4095230,CCCCC/C=C\C/C=C\CCCCCCCC1(O)CC(=O)c2c(O)cc(O)cc2O1
CHEMBL4095475,O=C(OCC(COC(=O)c1ccc(O)c(O)c1)OC(=O)c1ccc(O)c(O)c1)c1ccc(O)c(O)c1
CHEMBL4095800,CO[C@@H]1C2C(=O)c3c(O)c4c(c(CC=C(C)C)c3O[C@@]23[C@H]2C[C@@H]1C(=O)[C@]3(C/C=C(/C)C(=O)O)OC2(C)C)O[C@](C)(CCC=C(C)C)C=C4
CHEMBL4097758,O=C(OC[C@H]1OC(OC(=O)c2cc(O)c(O)c(Br)c2)[C@H](OC(=O)c2cc(O)c(O)c(Br)c2)[C@@H]1OC(=O)c1cc(O)c(O)c(Br)c1)c1cc(O)c(O)c(Br)c1
CHEMBL4097912,COC(=O)c1scc(-c2ccc(NC(=O)c3ncc(Cl)cc3Br)cc2)c1OC
CHEMBL4098471,COC(=O)c1scc(-c2ccc(NC(=O)c3cccc(OC(F)(F)F)c3)cc2)c1OC
CHEMBL4102979,CCCCCCCCCCCCCCCC1(O)CC(=O)c2c(O)cc(O)cc2O1
CHEMBL4103235,O=C(OC1OC[C@@H](OC(=O)c2ccc(O)c(O)c2)[C@H](OC(=O)c2ccc(O)c(O)c2)[C@H]1OC(=O)c1ccc(O)c(O)c1)c1ccc(O)c(O)c1
CHEMBL4105655,COC(=O)c1scc(-c2ccc(NC(=O)Cc3c(Cl)cccc3Cl)cc2)c1OC
CHEMBL389166,O=c1c2cc(O)ccc2oc2cccc(O)c12
CHEMBL464581,CC(C)=CCc1c(O)ccc([C@@H]2COc3c(ccc4c3C=CC(C)(C)O4)C2)c1O
CHEMBL555017,CC(C)=CCC[C@]1(C)C=Cc2c(O)c3c(c(CC=C(C)C)c2O1)O[C@]12C(=C[C@@H]4C[C@H]1C(C)(C)O[C@@]2(C/C=C(/C)C(=O)O)C4=O)C3=O
CHEMBL590635,CC(C)=CCc1cc([C@@H]2CC(=O)c3ccc4c(c3O2)C=CC(C)(C)O4)ccc1O
CHEMBL2437376,CC(C)=CCc1c(O)ccc2c1O[C@H](c1ccc3c(c1)C=CC(C)(C)O3)CC2=O
CHEMBL3586411,C/C(=C\Cn1c[n+](C)c2ncnc(N)c21)CC[C@]1(C)[C@@H](C)CC[C@@]2(C)C(COC(=O)c3cc(Br)c[nH]3)=CCC[C@@H]12
CHEMBL4059520,C=CC(C)(C)c1cc(O)c(O)c2c(=O)c3cc4ccoc4c(O)c3oc12
CHEMBL4059903,CC(C)=CCc1cc(/C=C/C(=O)c2ccc3c(c2O)C=CC(C)(C)O3)ccc1O
CHEMBL4062445,CCOS(=O)(=O)/C=C/c1ccc(OCc2ccc(COc3ccc(/C=C/S(=O)(=O)OCC)cc3)c(C(=O)Nc3ccc(OC)cc3)c2)cc1
CHEMBL4064092,CCOS(=O)(=O)/C=C/c1ccc(OCCOc2ccc(/C=C/S(=O)(=O)OCC)cc2)cc1
CHEMBL4065796,CCOS(=O)(=O)/C=C/c1ccc(OCc2ccc(COc3ccc(/C=C/S(=O)(=O)OCC)cc3)c(C(=O)Nc3ccc(Oc4cccc(-c5ccccc5)c4)cc3)c2)cc1
CHEMBL4066472,CCOS(=O)(=O)/C=C/c1ccc(OCc2ccc(COc3ccc(/C=C/S(=O)(=O)OCC)cc3)c(C(=O)Nc3ccc(Oc4ccc(Br)cc4Cl)cc3)c2)cc1
CHEMBL4066707,CCOS(=O)(=O)/C=C/c1ccc(Oc2ccc(/C=C/S(=O)(=O)OCC)cc2)cc1
CHEMBL4067572,C=C(C)C1=CC[C@@]2(C)[C@H]1[C@H]1CC[C@@H]3[C@@]4(C)CC[C@H](OC(=O)CCCCCCCCCCCCCCC)C(C)(C)[C@@H]4CC[C@@]3(C)[C@]1(C)C[C@@H]2O
CHEMBL4068177,C=CC(C)(C)c1cc(O)c(O)c2c(=O)c3cccc(O)c3oc12
CHEMBL4069603,C=CC(C)(C)c1cc(O)c(O)c2c(=O)c3cc4c(c(O)c3oc12)OC(C)(C)C=C4
CHEMBL4070572,CCOS(=O)(=O)/C=C/c1ccc(OCc2ccc(COc3ccc(/C=C/S(=O)(=O)OCC)cc3)c(C(=O)Nc3ccc(Oc4ccccc4F)cc3)c2)cc1
CHEMBL4071698,CCCc1cc(O)cc(OC(=O)c2c(O)cc(O)cc2CCC)c1
CHEMBL4073032,O=c1c2cc(O)ccc2oc2ccc(O)c(O)c12
CHEMBL4074416,CCOS(=O)(=O)/C=C/c1ccc(OCc2ccc(COc3ccc(/C=C/S(=O)(=O)OCC)cc3)c(C(=O)Nc3ccc(Oc4ccc(C(C)(C)C)cc4)cc3)c2)cc1
CHEMBL4075069,CCOS(=O)(=O)/C=C/c1ccc(OCc2ccc(COc3ccc(/C=C/S(=O)(=O)OCC)cc3)c(C(=O)Nc3ccc(Oc4cccc(C(F)(F)F)c4)cc3)c2)cc1
CHEMBL4076737,CCOS(=O)(=O)/C=C/c1ccc(OCc2ccc(COc3ccc(/C=C/S(=O)(=O)OCC)cc3)c(C(=O)Nc3ccc(Oc4ccc(C(C)C)cc4)cc3)c2)cc1
CHEMBL4077091,CCOS(=O)(=O)/C=C/c1ccc(OCc2cccc(COc3ccc(/C=C/S(=O)(=O)OCC)cc3)c2)cc1
CHEMBL4078186,CCOS(=O)(=O)/C=C/c1ccc(OCc2ccc(COc3ccc(/C=C/S(=O)(=O)OCC)cc3)c(C(=O)Nc3ccc(C(C)C)cc3)c2)cc1
CHEMBL4079916,CCOS(=O)(=O)/C=C/c1ccc(OCc2ccc(COc3ccc(/C=C/S(=O)(=O)OCC)cc3)c(C(=O)Nc3ccc(Oc4ccccc4)cc3)c2)cc1
CHEMBL4081488,O=c1c2cccc(O)c2oc2c(O)ccc(O)c12
CHEMBL4082589,CCOS(=O)(=O)/C=C/c1ccc(OCc2ccc(COc3ccc(/C=C/S(=O)(=O)OCC)cc3)c(C(=O)OC)c2)cc1
CHEMBL4085118,CCOS(=O)(=O)/C=C/c1ccc(OC2CCC(Oc3ccc(/C=C/S(=O)(=O)OCC)cc3)CC2)cc1
CHEMBL4086154,COc1c(O)cc2oc3cc4occc4c(O)c3c(=O)c2c1C/C=C(\C)CCC=C(C)C
CHEMBL4086737,CCOS(=O)(=O)/C=C/c1ccc(OCc2ccc(COc3ccc(/C=C/S(=O)(=O)OCC)cc3)c(C(=O)Nc3ccc(Oc4ccc(C(F)(F)F)cc4)cc3)c2)cc1
CHEMBL4086905,C=CC(C)(C)c1cc(O)c2oc3c(O)c4c(cc3c(=O)c2c1O)C=CC(C)(C)O4
CHEMBL4087216,CCOS(=O)(=O)/C=C/c1ccc(OCc2ccc(COc3ccc(/C=C/S(=O)(=O)OCC)cc3)c(C(=O)Nc3ccc(Oc4ccc5ccccc5c4)cc3)c2)cc1
CHEMBL4087311,CC1(C)C[C@@H]2C[C@](C)(O)C(=O)C=C1O2
CHEMBL4087797,CCOS(=O)(=O)/C=C/c1ccc(OCc2ccc(COc3ccc(/C=C/S(=O)(=O)OCC)cc3)c(C(=O)Nc3ccc(Oc4ccc(Cl)cc4)cc3)c2)cc1
CHEMBL4089362,C=CC(C)(C)c1cc(O)c2oc3c(O)c4occc4cc3c(=O)c2c1O
CHEMBL4090827,CCOS(=O)(=O)/C=C/c1ccc(OCCCOc2ccc(/C=C/S(=O)(=O)OCC)cc2)cc1
CHEMBL4092866,CCOS(=O)(=O)/C=C/c1ccc(OCc2ccc(COc3ccc(/C=C/S(=O)(=O)OCC)cc3)cc2)cc1
CHEMBL4093732,C=CC(C)(C)c1cc(O)c(O)c2c(=O)c3ccc(O)c(O)c3oc12
CHEMBL4094237,CCOS(=O)(=O)/C=C/c1ccc(OCOc2ccc(/C=C/S(=O)(=O)OCC)cc2)cc1
CHEMBL4094898,CCOS(=O)(=O)/C=C/c1ccc(OCc2ccc(COc3ccc(/C=C/S(=O)(=O)OCC)cc3)c(C(=O)Nc3ccc(Oc4ccc(-c5ccccc5)cc4)cc3)c2)cc1
CHEMBL4095504,CCOS(=O)(=O)/C=C/c1ccc(OCc2ccc(COc3ccc(/C=C/S(=O)(=O)OCC)cc3)c(C(=O)Nc3ccc(Oc4ccccc4C(F)(F)F)cc3)c2)cc1
CHEMBL4096240,CCOS(=O)(=O)/C=C/c1ccc(OCc2ccc(COc3ccc(/C=C/S(=O)(=O)OCC)cc3)c(C(=O)Nc3ccc(F)cc3)c2)cc1
CHEMBL4098189,CCOS(=O)(=O)/C=C/c1ccc(OCc2ccc(COc3ccc(/C=C/S(=O)(=O)OCC)cc3)c(C(=O)Nc3ccccc3)c2)cc1
CHEMBL4098715,CCCc1cc(OC(=O)c2c(O)cc(OC(=O)c3c(O)cc(O)cc3CCC)cc2CCC)cc(O)c1C(=O)O
CHEMBL4100601,CCOS(=O)(=O)/C=C/c1ccc(OCc2ccc(COc3ccc(/C=C/S(=O)(=O)OCC)cc3)c(C(=O)O)c2)cc1
CHEMBL4102541,CCOS(=O)(=O)/C=C/c1ccc(OCc2ccc(COc3ccc(/C=C/S(=O)(=O)OCC)cc3)c(C(=O)Nc3ccc(Oc4ccc(CC)cc4)cc3)c2)cc1
CHEMBL4104006,C=CC(C)(C)c1cc(O)c2oc3c(O)c(O)ccc3c(=O)c2c1O
CHEMBL4104154,CCOS(=O)(=O)/C=C/c1ccc(OCc2ccc(COc3ccc(/C=C/S(=O)(=O)OCC)cc3)c(C(=O)Nc3ccc(Oc4ccc(F)cc4)cc3)c2)cc1
CHEMBL4104518,CC1(C)[C@@H]2CC(=O)[C@@]1(C)C[C@@H]2O
CHEMBL4105170,C=C1CC/C=C(\COC(C)=O)CC[C@@H](C(C)C)[C@@H](O)[C@@H]1O
CHEMBL289191,C=C(C)[C@@H]1CC[C@]2(C)CC[C@]3(C)[C@H](CC[C@@H]4[C@@]5(C)CC[C@H](O)C(C)(C)[C@@H]5CC[C@]43C)[C@@H]12
CHEMBL455357,C[C@H]1[C@H](C)CC[C@]2(C)CC[C@]3(C)C(=CC[C@@H]4[C@@]5(C)CC[C@H](O)C(C)(C)[C@@H]5CC[C@]43C)[C@H]12
CHEMBL518227,CC1(C)C[C@H](O)[C@]2(CO)[C@H](O)[C@H](O)[C@]3(C)C(=CC[C@@H]4[C@@]5(C)CC[C@H](O)C(C)(C)[C@@H]5CC[C@]43C)[C@@H]2C1
CHEMBL3632935,C/C=C(/C)C(=O)O[C@H]1CC(C)(C)C[C@H]2C3=CC[C@@H]4[C@@]5(C)CC[C@H](O)C(C)(C)[C@@H]5CC[C@@]4(C)[C@]3(C)[C@@H](O)[C@@H](O)[C@@]12CO
CHEMBL3770020,CCCc1cc(O)cc(O)c1C(=O)O
CHEMBL4075516,CCC/C=C/C=C/CCc1cc(O)cc(O)c1C(=O)O
CHEMBL4084018,CCCc1cc(OC(=O)c2c(O)cc(O)cc2CCC)cc(O)c1C(=O)O
CHEMBL4128743,CC1(C)C(/C=C/C=C2/N(CCCCS(=O)(=O)O)c3ccc([As]4SCCS4)cc3C2(C)C)=[N+](CCCCS(=O)(=O)O)c2ccc([As]3SCCS3)cc21
CHEMBL4159436,Cc1ccc(Oc2ccc(-c3cnc(-c4ccc(O)c(O)c4)o3)cc2)cc1
CHEMBL4159470,CC(C)(O)[C@@H]1CC[C@]2(C)CC[C@]3(C)C(CC[C@@H]4[C@@]5(C)CC[C@H](O)C(C)(C)[C@@H]5CC[C@]43C)[C@H]12
CHEMBL4159605,O=C(CSc1nnc(-c2ccc(O)c(O)c2)o1)Oc1ccc(Br)cc1
CHEMBL4159828,Cc1ccc(Oc2ccc(OC(=O)CSc3nnc(-c4ccc(O)c(O)c4)o3)cc2)cc1
CHEMBL4159885,COCCc1ccc(Oc2ccc(-c3cnc(-c4ccc(O)c(O)c4)o3)cc2)cc1
CHEMBL4159975,CC(=O)O[C@@H]1[C@H](O)[C@]2(C)C(=CC[C@@H]3[C@@]4(C)CC[C@H](O)C(C)(C)[C@@H]4CC[C@]32C)[C@@H]2CC(C)(C)C[C@H](O)[C@]12CO
CHEMBL4160013,CCOc1ccc(OC(=O)CSc2nnc(-c3ccc(O)c(O)c3)o2)cc1
CHEMBL4160903,COCCc1ccc(Oc2ccc(OC(=O)CSc3nnc(-c4ccc(O)c(O)c4)o3)cc2)cc1
CHEMBL4161056,CC1(C)CC[C@]2(CO)[C@H](O)[C@H](O)[C@]3(C)C(=CC[C@@H]4[C@@]5(C)CC[C@H](O)C(C)(C)[C@@H]5CC[C@]43C)[C@@H]2C1
CHEMBL4161085,COC(=O)CSc1nnc(-c2ccc(O)c(O)c2)o1
CHEMBL4161384,CC1(C)CC[C@]2(C)CC[C@@]3(C)[C@]4(C)CC[C@H]5C(C)(C)[C@@H](O)CC[C@]5(C)[C@H]4[C@H](O)C(=O)[C@]3(O)[C@@H]2C1
CHEMBL4161470,C/C=C(/C)C(=O)OC[C@@]12[C@H](O)[C@H](O)[C@]3(C)C(=CC[C@@H]4[C@@]5(C)CC[C@H](O)C(C)(C)[C@@H]5CC[C@]43C)[C@@H]1CC(C)(C)C[C@@H]2O
CHEMBL4161770,CC1(C)C[C@H](O)[C@]2(CO)[C@H](O)[C@H](O)[C@]3(C)C(=CC[C@@H]4[C@@]5(C)CCC(=O)C(C)(C)[C@@H]5CC[C@]43C)[C@@H]2C1
CHEMBL4163256,COc1ccc(Oc2ccc(-c3cnc(-c4ccc(O)c(O)c4)o3)cc2)cc1
CHEMBL4163370,Cc1ccc(OC(=O)CSc2nnc(-c3ccc(O)c(O)c3)o2)cc1
CHEMBL4163552,COC(=O)c1c(SC)cc(-c2ccc(C)cc2)c2c1-c1cn(-c3ccccc3)nc1CC2
CHEMBL4164305,O=C(CSc1nnc(-c2ccc(O)c(O)c2)o1)Oc1ccc(Oc2ccccc2)cc1
CHEMBL4164960,CCOc1cc(NS(C)(=O)=O)c(OCC)cc1CNC(=O)Nc1ccc(OCC)c(C(=O)OC)c1
CHEMBL4165207,CC1(C)C[C@H](O)[C@]2(CO)[C@H](O)C[C@]3(C)C(=CC[C@@H]4[C@@]5(C)CC[C@H](O)C(C)(C)[C@@H]5CC[C@]43C)[C@@H]2C1
CHEMBL4166697,Oc1ccc(-c2ncc(-c3ccc(Oc4ccc(-c5ccccc5)cc4)cc3)o2)cc1O
CHEMBL4167136,CCOc1ccc(Oc2ccc(-c3cnc(-c4ccc(O)c(O)c4)o3)cc2)cc1
CHEMBL4167747,CC(C)c1ccc(Oc2ccc(OC(=O)CSc3nnc(-c4ccc(O)c(O)c4)o3)cc2)cc1
CHEMBL4167892,C/C=C(/C)C(=O)O[C@H]1CC(C)(C)C[C@H]2C3=CC[C@@H]4[C@@]5(C)CC[C@H](O)C(C)(C)[C@@H]5CC[C@@]4(C)[C@]3(C)[C@@H](O)[C@@H](OC(C)=O)[C@@]12CO
CHEMBL4167930,COc1ccc(OC(=O)CSc2nnc(-c3ccc(O)c(O)c3)o2)cc1
CHEMBL4168176,CCOc1ccc(Oc2ccc(OC(=O)CSc3nnc(-c4ccc(O)c(O)c4)o3)cc2)cc1
CHEMBL4168321,C/C=C(/C)C(=O)O[C@H]1CC(C)(C)C[C@H]2C3=CC[C@@H]4[C@@]5(C)CC[C@H](O)C(C)(C)[C@@H]5CC[C@@]4(C)[C@]3(C)[C@@H](OC(C)=O)[C@@H](O)[C@@]12CO
CHEMBL4169701,CC(=O)O[C@@H]1C[C@]2(C)C(=CC[C@@H]3[C@@]4(C)CC[C@H](O)C(C)(C)[C@@H]4CC[C@]32C)[C@@H]2CC(C)(C)C[C@H](O)[C@]12CO
CHEMBL4170059,Oc1ccc(-c2ncc(-c3ccc(Oc4ccccc4)cc3)o2)cc1O
CHEMBL4170229,O=C(CSc1nnc(-c2ccc(O)c(O)c2)o1)Oc1ccc(C(F)(F)F)cc1
CHEMBL4171276,O=C(CSc1nnc(-c2ccc(O)c(O)c2)o1)c1ccccc1
CHEMBL4171514,CC(C)(C)c1ccc(Oc2ccc(OC(=O)CSc3nnc(-c4ccc(O)c(O)c4)o3)cc2)cc1
CHEMBL4171661,CC(=O)O[C@@H]1[C@H](O)[C@]2(C)C(=CC[C@@H]3[C@@]4(C)CCC(=O)C(C)(C)[C@@H]4CC[C@]32C)[C@@H]2CC(C)(C)C[C@H](O)[C@]12CO
CHEMBL4171689,O=C(CSc1nnc(-c2ccc(O)c(O)c2)o1)Oc1ccccc1
CHEMBL4172149,CCCOc1ccc(NC(=O)NCc2cc(OCC)c(NS(C)(=O)=O)cc2OCC)cc1C(=O)OC
CHEMBL4173968,CC(C)(C)c1ccc(Oc2ccc(-c3cnc(-c4ccc(O)c(O)c4)o3)cc2)cc1
CHEMBL4174432,C=C1CCC[C@H]2[C@](C)(Cc3c(O)c(O)cc4nc(C)oc34)[C@@H](C)CC[C@]12C
CHEMBL4174951,O=C(CSc1nnc(-c2ccc(O)c(O)c2)o1)Oc1ccc(OCc2ccccc2)cc1
CHEMBL4175013,CCC(C)(C)c1ccc(Oc2ccc(-c3cnc(-c4ccc(O)c(O)c4)o3)cc2)cc1
CHEMBL4175133,Oc1ccc(-c2nnc(SCc3ccccc3)o2)cc1O
CHEMBL4176026,O=C(CSc1nnc(-c2ccc(O)c(O)c2)o1)Oc1ccc(Oc2ccc(OCc3ccccc3)cc2)cc1
CHEMBL4176168,CC(=O)O[C@H]1[C@@H](O)[C@@]2(CO)[C@@H](O)CC(C)(C)C[C@H]2C2=CC[C@@H]3[C@@]4(C)CCC(=O)C(C)(C)[C@@H]4CC[C@@]3(C)[C@@]21C
CHEMBL4177329,CC(C)c1ccc(Oc2ccc(-c3cnc(-c4ccc(O)c(O)c4)o3)cc2)cc1
CHEMBL265502,Cc1ccc(C(=O)Nc2ccc(S(=O)(=O)O)c3cc(S(=O)(=O)O)cc(S(=O)(=O)O)c23)cc1NC(=O)c1cccc(NC(=O)Nc2cccc(C(=O)Nc3cc(C(=O)Nc4ccc(S(=O)(=O)O)c5cc(S(=O)(=O)O)cc(S(=O)(=O)O)c45)ccc3C)c2)c1
CHEMBL284616,O=C(/C=C/c1ccc(O)c(O)c1)O[C@@H]1C[C@](O)(C(=O)O)C[C@@H](O)[C@H]1O
CHEMBL133541,COC(=O)c1c(O)cccc1OC/C=C/c1cccc(-c2cc(C(=O)O)no2)c1
CHEMBL177126,O=C(/C=C/c1ccc(O)c(O)c1)O[C@H]1[C@H](O)C[C@](O)(C(=O)O)C[C@H]1OC(=O)/C=C/c1ccc(O)c(O)c1
CHEMBL249447,O=C(/C=C/c1ccc(O)c(O)c1)O[C@@H]1C[C@](O)(C(=O)O)C[C@@H](OC(=O)/C=C/c2ccc(O)c(O)c2)[C@H]1O
CHEMBL249448,O=C(/C=C/c1ccc(O)c(O)c1)O[C@@H]1[C@H](O)C[C@@](O)(C(=O)O)C[C@H]1OC(=O)/C=C/c1ccc(O)c(O)c1
CHEMBL249450,O=C(/C=C/c1ccc(O)c(O)c1)O[C@@H]1C[C@@](O)(C(=O)O)C[C@@H](O)[C@@H]1O
CHEMBL487804,CC(C)=CCC/C(C)=C/CC/C(C)=C/Cc1c(O)cc(C)cc1O
CHEMBL463337,COC(=O)[C@]1(O)C[C@@H](OC(=O)/C=C/c2ccc(O)c(O)c2)[C@@H](O)[C@H](OC(=O)/C=C/c2ccc(O)c(O)c2)C1
CHEMBL464371,COC(=O)[C@]1(O)C[C@@H](O)[C@@H](OC(=O)/C=C/c2ccc(O)c(O)c2)[C@H](OC(=O)/C=C/c2ccc(O)c(O)c2)C1
CHEMBL478574,O=C(/C=C/c1ccc(O)c(O)c1)O[C@@H]1C[C@](OC(=O)/C=C/c2ccc(O)c(O)c2)(C(=O)O)C[C@@H](O)[C@H]1O
CHEMBL563581,CCCCCc1cc(O)cc(O)c1Oc1cc(OC)cc2c1C(=O)OC2(O)CCCC
CHEMBL1782240,CC(C)=CCc1c(O)c(CC=C(C)C)c2oc3ccc(O)cc3c(=O)c2c1O
CHEMBL1782241,CC(C)=CCC/C(C)=C/Cc1c(O)c(CC=C(C)C)c(O)c2c(=O)c3cc(O)ccc3oc12
CHEMBL4161546,CCCCOc1ccc(NC(=O)NCc2cc(OCC)c(NS(C)(=O)=O)cc2OCC)cc1C(=O)OC
CHEMBL4161709,CCOc1cc(NS(C)(=O)=O)c(OCC)cc1CNC(=O)Nc1ccc(OCC)c(C(=O)Nc2ccc(C)cc2)c1
CHEMBL4163641,CCC/C=C1\OC(=O)c2c(Oc3c(O)cc(O)c(C(=O)O)c3CCCCC)cc(OC)cc21
CHEMBL4163860,CCOc1cc(NS(C)(=O)=O)c(OCC)cc1CNC(=O)Nc1ccc(OCC)c(C(=O)NC)c1
CHEMBL4165140,CCOc1cc(NS(C)(=O)=O)c(OCC)cc1CNC(=O)Nc1ccc(OCC)c(C(=O)Nc2cccc(OC)c2)c1
CHEMBL4171742,CCNC(=O)c1cc(NC(=O)NCc2cc(OCC)c(NS(C)(=O)=O)cc2OCC)ccc1OCC
CHEMBL4174317,CCCCCc1c(Oc2cc(OC)cc3c2C(=O)OC3(O)CCCC)c(O)cc(O)c1C(=O)O
CHEMBL4175748,CCOc1cc(NS(C)(=O)=O)c(OCC)cc1CNC(=O)Nc1ccc(OCC)c(C(=O)Nc2ccc(OC)c(OC)c2)c1
CHEMBL4176838,CCCNC(=O)c1cc(NC(=O)NCc2cc(OCC)c(NS(C)(=O)=O)cc2OCC)ccc1OCC
CHEMBL4202638,Nc1cc2nsnc2cc1C#CCCCCCl
CHEMBL4202640,C=C(C)C(O)CC/C(C)=C/COc1ccc2oc3cc(O)cc(O)c3c(=O)c2c1
CHEMBL4203265,C=C(CCC=C(C)C)C(O)Cc1c(O)c(CC=C(C)C)c(O)c2c(=O)c3cc(O)ccc3oc12
CHEMBL4203706,O=C(/C=C/c1ccc(O)c(O)c1)O[C@H]1[C@H](O)C[C@](O)(C(=O)O)C[C@H]1O
CHEMBL4203788,CC1=CC(=O)C=C2O[C@@]3(C)CC[C@H](C(C)(C)O)[C@H]3[C@H]3O[C@@]123
CHEMBL4204587,Nc1cc2nsnc2cc1C#Cc1ccccc1
CHEMBL4206678,C=C(C)[C@@H]1CC[C@]2(C)Oc3cc(O)cc(C)c3[C@H]1[C@H]2O
CHEMBL4207543,O=C(O)c1noc(-c2ccccc2)c1-c1cccc(-c2cc(Cl)cc(Cl)c2)c1
CHEMBL4208135,CC(C)=CCCC(C)(O)C1Cc2c(c(CC=C(C)C)c(O)c3c(=O)c4cc(O)ccc4oc23)O1
CHEMBL4209032,O=C(O)c1noc(-c2ccccc2)c1-c1ccccc1
CHEMBL4209191,CC(C)=CCC/C(C)=C/COc1ccc2oc3cc(O)cc(O)c3c(=O)c2c1
CHEMBL4210458,COc1cc(/C=C/C(=O)O[C@H]2[C@H](O)C[C@](O)(C(=O)O)C[C@H]2OC(=O)/C=C/c2ccc(O)c(OC)c2)ccc1O
CHEMBL4211055,C=C(C)[C@@H]1CC[C@]2(C)Oc3cc(O)cc(C)c3C[C@H]12
CHEMBL4211060,O=C(O)c1noc(-c2ccccc2)c1-c1cccc(-c2ccc(O)c(Cl)c2)c1
CHEMBL4211556,C=C(C)[C@H]1CC[C@@]2(C)Oc3cc(O)cc(C)c3[C@@H]1[C@@H]2O
CHEMBL4211682,C=C(C)C(O)Cc1c(O)c(C/C=C(\C)CCC=C(C)C)c2oc3ccc(O)cc3c(=O)c2c1O
CHEMBL4213123,c1csc(CNc2ccc3nsnc3c2)c1
CHEMBL4214128,C#Cc1cc2nsnc2cc1N
CHEMBL4214309,CC(C)=CCC/C(C)=C/COc1cc2oc3ccc(O)cc3c(=O)c2c(O)c1CC=C(C)C
CHEMBL4215463,Cc1cc(O)cc2c1O[C@H]1OC(C)(C)[C@@H]3CC[C@@](C)(O2)[C@@H]13
CHEMBL4215472,O=C(O)c1noc(-c2ccccc2)c1-c1cccc(-c2cc(Cl)c(O)c([N+](=O)[O-])c2)c1
CHEMBL4216013,Cc1cc(O)cc2c1[C@H]1[C@@H]3[C@@H](CC[C@]3(C)O2)C1(C)C
CHEMBL4217110,O=C(O[C@@H]1[C@@H](O)[C@H](Oc2cc(O)cc(O)c2C(=O)CCc2ccc(O)c(O)c2)O[C@@H]2COC(=O)c3cc(O)c(O)c(O)c3-c3c(cc(O)c(O)c3O)C(=O)O[C@@H]12)c1cc(O)c(O)c(O)c1
CHEMBL4217205,c1ccc(CNc2ccc3nsnc3c2)cc1
CHEMBL4217308,O=C(O)c1noc(-c2ccccc2)c1-c1cccc(-c2cc(Cl)c(O)c(Cl)c2)c1
CHEMBL4217516,COc1c(O)cc2oc3cc(O)c(CCC(C)(C)O)c(O)c3c(=O)c2c1CC=C(C)C
CHEMBL4218731,COc1c(O)ccc2c(=O)c3c(O)cc4c(c3oc12)C(C)(C)C(CO)O4
CHEMBL43065,Oc1cc(O)cc(/C=C/c2ccc(O)cc2O)c1
CHEMBL295124,COc1ccc2cc3[n+](cc2c1OC)CCc1cc2c(cc1-3)OCO2
CHEMBL81421,Cc1c(C)c2c(c(C)c1OC(=O)CCC(=O)O)CC[C@@](C)(CCC[C@H](C)CCC[C@H](C)CCCC(C)C)O2
CHEMBL206106,COc1cc2c(cc1OC)-c1cc3ccc(OC)c(OC)c3c[n+]1CC2
CHEMBL220746,CC(C)=CCc1c(O)cc2c(c1O)C(=O)C[C@@H](c1cc3c(cc1O)OC(C)(C)C=C3)O2
CHEMBL221415,Cc1ccc(-c2nn(-c3ccccc3)cc2/C=C2\SC(=S)N(CC(=O)O)C2=O)cc1
CHEMBL388590,CCc1oc2ccccc2c1C(=O)c1cc(Br)c(O)c(Br)c1
CHEMBL226156,O=C(O)CCCN1C(=O)/C(=C/c2cn(-c3ccccc3)nc2-c2ccc(Cl)cc2)SC1=S
CHEMBL464006,CC(C)=CCc1c(-c2ccc(O)cc2O)oc2c3c(cc(O)c2c1=O)OC(C)(C)C=C3
CHEMBL510229,O=C(O[C@@H]1[C@@H](O)[C@H](Oc2cc(O)c(C(=O)CCc3ccccc3)c(O)c2)O[C@@H]2COC(=O)c3cc(O)c(O)c(O)c3-c3c(cc(O)c(O)c3O)C(=O)O[C@@H]12)c1cc(O)c(O)c(O)c1
CHEMBL509123,O=C1OC[C@H]2O[C@@H](Oc3cc(O)c(C(=O)CCc4ccccc4)c(O)c3)[C@H](O)[C@@H](O)[C@@H]2OC(=O)c2cc(O)c(O)c(O)c2-c2c1cc(O)c(O)c2O
CHEMBL463145,O=c1cc(-c2ccc(O)cc2O)oc2cc(O)cc(O)c12
CHEMBL1523279,CCCCc1oc2ccccc2c1C(=O)c1ccc(O)cc1
CHEMBL1808155,CC(C)=CCc1c(O)ccc(C(=O)[C@H]2[C@@H](c3c(O)cc(-c4cc5ccc(O)cc5o4)cc3O)C=C(C)C[C@@H]2c2ccc(O)cc2O)c1O
CHEMBL1935325,O=C(O)CN1C(=O)/C(=C/c2cn(-c3ccccc3)nc2-c2cccc(Cl)c2)SC1=S
CHEMBL1935327,O=C(O)CN1C(=O)/C(=C/c2cn(-c3ccccc3)nc2-c2cccc(Br)c2)SC1=S
CHEMBL1935332,O=C(O)CN1C(=O)/C(=C/c2cn(-c3ccccc3)nc2-c2ccc(Br)cc2)SC1=S
CHEMBL1935335,O=C(O)CN1C(=O)/C(=C/c2cn(-c3ccccc3)nc2-c2ccc([N+](=O)[O-])cc2)SC1=S
CHEMBL1935337,O=C(O)CN1C(=O)/C(=C/c2cn(-c3ccccc3)nc2-c2ccc3ccccc3c2)SC1=S
CHEMBL1935339,COc1ccccc1-c1nn(-c2ccccc2)cc1/C=C1\SC(=S)N(CC(=O)O)C1=O
CHEMBL1935340,O=C(O)CCN1C(=O)/C(=C/c2cn(-c3ccccc3)nc2-c2ccc(Cl)cc2)SC1=S
CHEMBL1935341,O=C(O)CCN1C(=O)/C(=C/c2cn(-c3ccccc3)nc2-c2ccc(Cl)cc2Cl)SC1=S
CHEMBL1935342,O=C(O)CCCN1C(=O)/C(=C/c2cn(-c3ccccc3)nc2-c2ccc(Cl)cc2Cl)SC1=S
CHEMBL1935343,O=C(O)CCCCN1C(=O)/C(=C/c2cn(-c3ccccc3)nc2-c2ccc(Cl)cc2)SC1=S
CHEMBL1935344,O=C(O)CCCCN1C(=O)/C(=C/c2cn(-c3ccccc3)nc2-c2ccc(Cl)cc2Cl)SC1=S
CHEMBL1935345,O=C(O)CCCCCN1C(=O)/C(=C/c2cn(-c3ccccc3)nc2-c2ccc(Cl)cc2)SC1=S
CHEMBL1935346,O=C(O)CCCCCN1C(=O)/C(=C/c2cn(-c3ccccc3)nc2-c2ccc(Cl)cc2Cl)SC1=S
CHEMBL2153058,O=C(O)[C@@H](Cc1ccccc1)N1C(=O)/C(=C/c2cn(-c3ccccc3)nc2-c2ccc(Cl)cc2)SC1=S
CHEMBL2153059,O=C(O)[C@@H](Cc1ccccc1)N1C(=O)/C(=C/c2cn(-c3ccccc3)nc2-c2ccc(Cl)cc2Cl)SC1=S
CHEMBL2153196,O=C(O)[C@@H](Cc1ccccc1)N1C(=O)/C(=C/c2cn(-c3ccccc3)nc2-c2cccc(Br)c2)SC1=S
CHEMBL2153203,O=C(O)[C@@H](Cc1ccccc1)N1C(=O)/C(=C/c2cn(-c3ccccc3)nc2-c2ccccc2Cl)SC1=S
CHEMBL4206454,O=C(O[C@@H]1[C@@H](O)[C@H](Oc2cc(O)cc(O)c2C(=O)CCc2ccc(O)cc2)O[C@@H]2COC(=O)c3cc(O)c(O)c(O)c3-c3c(cc(O)c(O)c3O)C(=O)O[C@@H]12)c1cc(O)c(O)c(O)c1
CHEMBL4216540,CC(=O)CC[C@@H]1C[C@@]2(OC1(C)C)C(=O)CC[C@@]2(C)O
CHEMBL4218184,O=C1OC[C@H]2O[C@@H](Oc3cc(O)c(C(=O)CCc4ccc(O)cc4)c(O)c3)[C@H](O)[C@@H](O)[C@@H]2OC(=O)c2cc(O)c(O)c(O)c2-c2c1cc(O)c(O)c2O
CHEMBL4278170,FC(F)(F)Sc1ccc(CNCc2ccc(SC(F)(F)F)cc2)cc1
CHEMBL4279417,CC(C)=CCc1c(-c2ccc(O)cc2O)oc2c([C@@H]3C=C(C)C[C@H](c4ccc(O)cc4O)[C@H]3C(=O)c3ccc(O)cc3O)c(O)cc(O)c2c1=O
CHEMBL4282817,Cc1ccc(NC(=S)N/N=C/c2ccc(-c3cc(C(F)(F)F)ccc3Cl)o2)cc1
CHEMBL4288744,FC(F)(F)c1ccc(Cl)c(-c2ccc(/C=N/NC(=S)Nc3cccc4ccccc34)o2)c1
CHEMBL4290098,CC(C)=CCc1c(O)ccc(C(=O)[C@@H]2[C@@H](c3ccc(O)cc3O)CC(C)=C[C@H]2c2c(O)cc(O)c3c(=O)c(CC=C(C)C)c(-c4ccc(O)cc4O)oc23)c1O
CHEMBL4291588,CC1=C[C@@H](c2c(O)ccc([C@@H]3CC(=O)c4c(O)cc(O)cc4O3)c2O)[C@H](C(=O)c2ccc(O)cc2O)[C@@H](c2ccc(O)cc2O)C1
CHEMBL4292242,O=[N+]([O-])c1ccc(/C=N/NC(=S)Nc2cccc3ccccc23)cc1
CHEMBL4293314,FC(F)(F)Sc1ccc(NCc2ccccc2)cc1
CHEMBL4454821,CO[C@@H]1O[C@H]2O[C@@H]3C[C@]45C[C@@](C)(O)[C@H](CC[C@H]4[C@@](C)(O3)[C@H]2CC1(C)C)[C@H]5O
CHEMBL4456769,C=C1[C@H]2C[C@H](O)C(C)(C)[C@@]2(O)[C@H](O)C[C@]23C[C@@](C)(O)[C@H](CC[C@@H]12)[C@H]3O
CHEMBL4465814,C=C1[C@H]2C[C@H](O)C(C)(C)[C@@]2(O)[C@H](O)C[C@]23C=C(C)[C@H](CC[C@@H]12)[C@H]3O
CHEMBL4468481,CO[C@H]1C[C@]23C[C@@](C)(O)[C@H](CC[C@H]2[C@](C)(C2=CO[C@H](OC)C(C)(C)C2=O)O1)[C@H]3O
CHEMBL4472610,Cc1cccc(C[C@H]2O[C@]3(C)O[C@@]24[C@@H]([C@@H](O)[C@H](O)C4(C)C)[C@H]3C)c1
CHEMBL4526745,CC1=C[C@@H]2O[C@@]3(C)[C@@H]4C[C@H](O)[C@H]1[C@]24C[C@@H](O)[C@@]1(O)[C@H]3[C@@H]2O[C@@H]2C1(C)C
CHEMBL4551943,Cc1cccc(C[C@H]2O[C@]3(C)O[C@@]24[C@@H]([C@@H](O)[C@H](O)C4(C)C)[C@@H]3C)c1
CHEMBL4567977,CO[C@@H]1C[C@]23C[C@@](C)(O)[C@H](CC[C@H]2[C@](C)(C2=CO[C@H](OC)C(C)(C)C2=O)O1)[C@H]3O
CHEMBL185623,O=C(O)CN1C(=O)/C(=C/c2ccc(OCc3ccccc3)cc2)SC1=S
CHEMBL184768,O=C(O)CN1C(=O)/C(=C/c2cccc(OCc3ccccc3)c2)SC1=S
CHEMBL1172417,O=C(O)CN1C(=O)/C(=C/c2cccc(Oc3ccccc3)c2)SC1=S
CHEMBL1384494,O=C(O)CN1C(=O)/C(=C/C=C/c2ccccc2)SC1=S
CHEMBL1645387,O=C(O)CN1C(=O)/C(=C/c2ccc(Oc3ccccc3)cc2)SC1=S
CHEMBL1782238,CC(C)=CC[C@]12OC(C)(C)[C@H]3C[C@H](C=C4C(=O)c5c(O)cc(O)cc5O[C@@]431)C2=O
CHEMBL2153194,Cc1ccc(-c2nn(-c3ccccc3)cc2/C=C2\SC(=S)N([C@H](Cc3ccccc3)C(=O)O)C2=O)cc1
CHEMBL2153195,O=C(O)[C@@H](Cc1ccccc1)N1C(=O)/C(=C/c2cn(-c3ccccc3)nc2-c2ccccc2)SC1=S
CHEMBL2153198,O=C(O)[C@@H](Cc1ccccc1)N1C(=O)/C(=C/c2cn(-c3ccccc3)nc2-c2ccc(Br)cc2)SC1=S
CHEMBL2153199,O=C(O)[C@@H](Cc1ccccc1)N1C(=O)/C(=C/c2cn(-c3ccccc3)nc2-c2ccc3ccccc3c2)SC1=S
CHEMBL2153200,O=C(O)[C@@H](Cc1ccccc1)N1C(=O)/C(=C/c2cn(-c3ccccc3)nc2-c2ccc([N+](=O)[O-])cc2)SC1=S
CHEMBL2153201,COc1ccccc1-c1nn(-c2ccccc2)cc1/C=C1\SC(=S)N([C@H](Cc2ccccc2)C(=O)O)C1=O
CHEMBL2153202,COc1ccc(-c2nn(-c3ccccc3)cc2/C=C2\SC(=S)N([C@H](Cc3ccccc3)C(=O)O)C2=O)cc1
CHEMBL2153204,COc1cccc(-c2nn(-c3ccccc3)cc2/C=C2\SC(=S)N([C@H](Cc3ccccc3)C(=O)O)C2=O)c1
CHEMBL3262475,NC(=O)COc1cccc(/C=C2\SC(=S)N(CC(=O)O)C2=O)c1
CHEMBL3262477,COc1ccc(/C=C2\SC(=S)N(CC(=O)O)C2=O)cc1OCC(N)=O
CHEMBL3262478,COc1cc(/C=C2\SC(=S)N(CC(=O)O)C2=O)ccc1OCC(N)=O
CHEMBL4434712,O=C(O)C(Cc1c[nH]c2ccccc12)N1C(=O)/C(=C/c2ccc3cc(OCc4ccc(Cl)cc4)ccc3c2)SC1=S
CHEMBL4436037,O=C(O)CN1C(=O)/C(=C/c2ccc(OCCc3ccccc3)cc2)SC1=S
CHEMBL4436047,COc1cccc(COc2ccc3cc(/C=C4\SC(=S)N(C(Cc5c[nH]c6ccccc56)C(=O)O)C4=O)ccc3c2)c1
CHEMBL4445331,O=C(O)C(Cc1c[nH]c2ccccc12)N1C(=O)/C(=C/c2ccc3cc(OCc4ccccc4)ccc3c2)SC1=S
CHEMBL4445382,O=C(O)C(Cc1c[nH]c2ccccc12)N1C(=O)/C(=C/c2cccc(OCc3ccc(Br)cc3)c2)SC1=S
CHEMBL4445615,O=C(O)C(Cc1c[nH]c2ccccc12)N1C(=O)/C(=C/c2ccc3cc(OCc4ccc(F)cc4)ccc3c2)SC1=S
CHEMBL4448571,O=C(O)CN1C(=O)S/C(=C\c2cccc(OCCc3ccccc3)c2)C1=O
CHEMBL4450252,O=C(O)C(Cc1c[nH]c2ccccc12)N1C(=O)/C(=C/c2ccc3cc(OCc4ccc(Cl)cc4Cl)ccc3c2)SC1=S
CHEMBL4455326,COc1cc(/C=C2\SC(=O)N(CC(=O)O)C2=O)ccc1OCc1ccccc1
CHEMBL4459307,O=C(O)CN1C(=O)/C(=C/c2cccc(OCCc3ccccc3)c2)SC1=S
CHEMBL4459804,Cc1ccc(COc2ccc(/C=C3\SC(=S)N(C(Cc4c[nH]c5ccccc45)C(=O)O)C3=O)cc2)cc1
CHEMBL4462172,O=C(O)C(Cc1c[nH]c2ccccc12)N1C(=O)/C(=C/c2ccc(OCc3ccccc3)cc2)SC1=S
CHEMBL4462926,O=C(O)C(Cc1c[nH]c2ccccc12)N1C(=O)/C(=C/c2ccc(OCc3ccc(Cl)cc3)cc2)SC1=S
CHEMBL4464385,O=C(O)C(Cc1c[nH]c2ccccc12)N1C(=O)/C(=C/c2ccc(OCc3ccc(Br)cc3)cc2)SC1=S
CHEMBL4468447,COc1cc(/C=C2\SC(=S)N(C(Cc3c[nH]c4ccccc34)C(=O)O)C2=O)ccc1OCc1ccc(C)cc1
CHEMBL4473627,O=C(O)C(Cc1c[nH]c2ccccc12)N1C(=O)/C(=C/c2ccc(OCc3ccc(Cl)cc3Cl)cc2)SC1=S
CHEMBL4474570,O=C(O)C(Cc1c[nH]c2ccccc12)N1C(=O)/C(=C/c2ccc3cc(OCc4ccccc4Cl)ccc3c2)SC1=S
CHEMBL4475724,O=C(O)C(Cc1c[nH]c2ccccc12)N1C(=O)/C(=C/c2ccc3cc(OCc4ccc(Br)cc4)ccc3c2)SC1=S
CHEMBL4476728,Cc1ccc(COc2ccc3cc(/C=C4\SC(=S)N(C(Cc5c[nH]c6ccccc56)C(=O)O)C4=O)ccc3c2)cc1
CHEMBL4483615,O=C(O)CN1C(=O)S/C(=C\c2ccc(OCCc3ccccc3)cc2)C1=O
CHEMBL4483785,COc1cc(/C=C2\S/C(=N\c3ccccc3)N(CC(=O)O)C2=O)ccc1OCc1ccccc1
CHEMBL4515217,COc1ccccc1COc1ccc2cc(/C=C3\SC(=S)N(C(Cc4c[nH]c5ccccc45)C(=O)O)C3=O)ccc2c1
CHEMBL4535547,O=C(O)C(Cc1c[nH]c2ccccc12)N1C(=O)/C(=C/c2ccc3cc(OCc4cccc(Cl)c4)ccc3c2)SC1=S
CHEMBL4536619,COc1cc(/C=C2\SC(=S)N(C(Cc3c[nH]c4ccccc34)C(=O)O)C2=O)ccc1OCc1ccc(Cl)cc1
CHEMBL4544579,O=C(O)C(Cc1c[nH]c2ccccc12)N1C(=O)/C(=C/c2cccc(OCc3ccc(Cl)cc3Cl)c2)SC1=S
CHEMBL4545897,COc1cc(/C=C2\SC(=S)N(C(Cc3c[nH]c4ccccc34)C(=O)O)C2=O)ccc1OCc1ccc(Br)cc1
CHEMBL4546939,O=C(O)C(Cc1c[nH]c2ccccc12)N1C(=O)/C(=C/c2cccc(OCc3ccccc3)c2)SC1=S
CHEMBL4554837,COc1cc(/C=C2\SC(=S)N(CC(=O)O)C2=O)ccc1OCc1ccccc1
CHEMBL4562962,COc1ccc(COc2ccc3cc(/C=C4\SC(=S)N(C(Cc5c[nH]c6ccccc56)C(=O)O)C4=O)ccc3c2)cc1
CHEMBL4571252,O=C(O)C(Cc1c[nH]c2ccccc12)N1C(=O)/C(=C/c2cccc(OCc3ccc(Cl)cc3)c2)SC1=S
CHEMBL4580548,COc1cc(/C=C2\SC(=S)N(C(Cc3c[nH]c4ccccc34)C(=O)O)C2=O)ccc1OCc1ccc(Cl)cc1Cl
CHEMBL4592291,COc1cc(/C=C2\SC(=S)N(C(Cc3c[nH]c4ccccc34)C(=O)O)C2=O)ccc1OCc1ccccc1
CHEMBL1205536,O=S(=O)(O)C(F)(F)c1cccc(-c2ccccc2)c1
CHEMBL1389174,Cc1ccc(S(=O)(=O)Nc2ccc(-c3nc4cc(NS(=O)(=O)c5ccc(C)cc5)ccc4o3)cc2)cc1
CHEMBL3115908,Cc1ccc(S(=O)(=O)Nc2ccc(-c3nc4ccc(NS(=O)(=O)c5ccc(C)cc5)cc4[nH]3)cc2)cc1
CHEMBL3890411,Cc1cccc(S(=O)(=O)Nc2ccc(-c3nc4cc(NS(=O)(=O)c5cccc(C)c5)ccc4o3)cc2)c1
CHEMBL3894879,O=S(=O)(Nc1ccc(-c2nc3cc(NS(=O)(=O)c4cccc(F)c4)ccc3o2)cc1)c1cccc(F)c1
CHEMBL3899371,O=S(=O)(Nc1ccc(-c2nc3cc(NS(=O)(=O)c4ccccc4C(F)(F)F)ccc3o2)cc1)c1ccccc1C(F)(F)F
CHEMBL3903813,O=S(=O)(Nc1ccc(-c2nc3cc(NS(=O)(=O)c4ccccc4)ccc3o2)cc1)c1ccccc1
CHEMBL3904891,O=S(=O)(Nc1ccc(-c2nc3cc(NS(=O)(=O)c4cccc(Cl)c4)ccc3o2)cc1)c1cccc(Cl)c1
CHEMBL3906378,N#Cc1ccc(S(=O)(=O)Nc2ccc(-c3nc4cc(NS(=O)(=O)c5ccc(C#N)cc5)ccc4o3)cc2)cc1
CHEMBL3908434,O=S(=O)(Nc1ccc(-c2nc3cc(NS(=O)(=O)c4ccc(C(F)(F)F)cc4)ccc3o2)cc1)c1ccc(C(F)(F)F)cc1
CHEMBL3910488,O=S(=O)(Nc1ccc(-c2nc3cc(NS(=O)(=O)c4ccccc4O)ccc3o2)cc1)c1ccccc1O
CHEMBL3912547,O=S(=O)(Nc1ccc(-c2nc3cc(NS(=O)(=O)c4cccc5nsnc45)ccc3o2)cc1)c1cccc2nsnc12
CHEMBL3913878,O=S(=O)(Nc1ccc(-c2nc3cc(NS(=O)(=O)c4ccc(F)cc4)ccc3o2)cc1)c1ccc(F)cc1
CHEMBL3915348,N#Cc1ccccc1S(=O)(=O)Nc1ccc(-c2nc3cc(NS(=O)(=O)c4ccccc4C#N)ccc3o2)cc1
CHEMBL3919336,O=S(=O)(Cc1ccccc1)Nc1ccc(-c2nc3cc(NS(=O)(=O)Cc4ccccc4)ccc3o2)cc1
CHEMBL3919412,COc1cccc(S(=O)(=O)Nc2ccc(-c3nc4cc(NS(=O)(=O)c5cccc(OC)c5)ccc4o3)cc2)c1
CHEMBL3922861,O=S(=O)(Nc1ccc(-c2nc3cc(NS(=O)(=O)c4ccccc4F)ccc3o2)cc1)c1ccccc1F
CHEMBL3924724,O=c1ccc2cc(S(=O)(=O)Nc3ccc(-c4nc5cc(NS(=O)(=O)c6ccc7oc(=O)ccc7c6)ccc5o4)cc3)ccc2o1
CHEMBL3928317,O=[N+]([O-])c1cccc(S(=O)(=O)Nc2ccc(-c3nc4cc(NS(=O)(=O)c5cccc([N+](=O)[O-])c5)ccc4o3)cc2)c1
CHEMBL3933283,COC(=O)c1cccc(S(=O)(=O)Nc2ccc(-c3nc4cc(NS(=O)(=O)c5cccc(C(=O)OC)c5)ccc4o3)cc2)c1
CHEMBL3934352,N#Cc1cccc(S(=O)(=O)Nc2ccc(-c3nc4cc(NS(=O)(=O)c5cccc(C#N)c5)ccc4o3)cc2)c1
CHEMBL3934460,O=S(=O)(Nc1ccc(-c2nc3cc(NS(=O)(=O)c4cccc5ccccc45)ccc3o2)cc1)c1cccc2ccccc12
CHEMBL3938421,O=S(=O)(Nc1ccc(-c2nc3cc(NS(=O)(=O)c4cccc(O)c4)ccc3o2)cc1)c1cccc(O)c1
CHEMBL3942054,O=S(=O)(Nc1ccc(-c2nc3cc(NS(=O)(=O)c4cccc(Br)c4)ccc3o2)cc1)c1cccc(Br)c1
CHEMBL3943318,Nc1ccc(S(=O)(=O)Nc2ccc(-c3nc4cc(NS(=O)(=O)c5ccc(N)cc5)ccc4o3)cc2)cc1
CHEMBL3947125,O=S(=O)(Nc1ccc(-c2nc3cc(NS(=O)(=O)c4cccc5nonc45)ccc3o2)cc1)c1cccc2nonc12
CHEMBL3947198,COc1ccc(S(=O)(=O)Nc2ccc(-c3nc4cc(NS(=O)(=O)c5ccc(OC)cc5)ccc4o3)cc2)cc1
CHEMBL3950773,Cc1ccccc1S(=O)(=O)Nc1ccc(-c2nc3cc(NS(=O)(=O)c4ccccc4C)ccc3o2)cc1
CHEMBL3951335,O=S(=O)(Nc1ccc(-c2nc3cc(NS(=O)(=O)c4ccc5ncsc5c4)ccc3o2)cc1)c1ccc2ncsc2c1
CHEMBL3952045,COC(=O)c1ccc(S(=O)(=O)Nc2ccc(-c3nc4cc(NS(=O)(=O)c5ccc(C(=O)OC)cc5)ccc4o3)cc2)cc1
CHEMBL3954893,Nc1ccccc1S(=O)(=O)Nc1ccc(-c2nc3cc(NS(=O)(=O)c4ccccc4N)ccc3o2)cc1
CHEMBL3955935,O=[N+]([O-])c1ccc(S(=O)(=O)Nc2ccc(-c3nc4cc(NS(=O)(=O)c5ccc([N+](=O)[O-])cc5)ccc4o3)cc2)cc1
CHEMBL3960743,COC(=O)c1ccccc1S(=O)(=O)Nc1ccc(-c2nc3cc(NS(=O)(=O)c4ccccc4C(=O)OC)ccc3o2)cc1
CHEMBL3967047,O=[N+]([O-])c1ccccc1S(=O)(=O)Nc1ccc(-c2nc3cc(NS(=O)(=O)c4ccccc4[N+](=O)[O-])ccc3o2)cc1
CHEMBL3970551,O=S(=O)(Nc1ccc(-c2nc3cc(NS(=O)(=O)c4cccc(C(F)(F)F)c4)ccc3o2)cc1)c1cccc(C(F)(F)F)c1
CHEMBL3975456,O=S(=O)(Nc1ccc(-c2nc3cc(NS(=O)(=O)c4cccs4)ccc3o2)cc1)c1cccs1
CHEMBL3975683,O=S(=O)(Nc1ccc(-c2nc3cc(NS(=O)(=O)c4ccc(Cl)cc4)ccc3o2)cc1)c1ccc(Cl)cc1
CHEMBL3978830,COc1ccccc1S(=O)(=O)Nc1ccc(-c2nc3cc(NS(=O)(=O)c4ccccc4OC)ccc3o2)cc1
CHEMBL3979736,O=S(=O)(Nc1ccc(-c2nc3cc(NS(=O)(=O)c4ccc(Br)cc4)ccc3o2)cc1)c1ccc(Br)cc1
CHEMBL3980253,O=S(=O)(Nc1ccc(-c2nc3cc(NS(=O)(=O)c4ccc5nsnc5c4)ccc3o2)cc1)c1ccc2nsnc2c1
CHEMBL3983061,O=S(=O)(Nc1ccc(-c2nc3cc(NS(=O)(=O)c4ccccc4Br)ccc3o2)cc1)c1ccccc1Br
CHEMBL3983712,O=S(=O)(Nc1ccc(-c2nc3cc(NS(=O)(=O)c4ccccc4Cl)ccc3o2)cc1)c1ccccc1Cl
CHEMBL3986320,O=S(=O)(Nc1ccc(-c2nc3cc(NS(=O)(=O)c4ccc(O)cc4)ccc3o2)cc1)c1ccc(O)cc1
CHEMBL4162794,O=S(=O)(Nc1ccc(-c2nc3cc(NS(=O)(=O)c4ccc(Cl)s4)ccc3o2)cc1)c1ccc(Cl)s1
CHEMBL4171392,O=S(=O)(Nc1ccc(-c2nc3cc(NS(=O)(=O)c4ccc5ccccc5c4)ccc3o2)cc1)c1ccc2ccccc2c1
CHEMBL4446055,O=S(=O)(Nc1ccc(-c2nc3cc(NS(=O)(=O)c4ccc(Cl)s4)ccc3o2)cc1)c1cccs1
CHEMBL4476665,Nc1ccc(NC(=O)C(=O)O)cc1
CHEMBL4521813,O=S(=O)(Nc1ccc(-c2nc3cc(NS(=O)(=O)c4ccc(Cl)s4)ccc3o2)cc1)c1ccccc1
CHEMBL4573394,CS(=O)(=O)Nc1ccc(-c2nc3cc(NS(=O)(=O)c4ccc(Cl)s4)ccc3o2)cc1
CHEMBL4592897,CCCCCCCCCCCCCCCC(=O)N[C@H](C(=O)N[C@@H](C)C(=O)N[C@@H](CCC(N)=O)C(=O)N[C@@H](CCC(=O)O)C(=O)N[C@@H](CC(C)C)C(=O)N[C@@H](CCCNC(=N)N)C(=O)N[C@@H](CCCNC(=N)N)C(=O)N[C@H](C(=O)NCC(=O)N[C@@H](CC(=O)O)C(=O)N[C@@H](CCC(=O)O)C(=O)N[C@@H](Cc1ccccc1)C(N)=O)[C@@H](C)CC)[C@@H](C)CC
CHEMBL1587605,O=S(=O)(Nc1ccc(-c2nc3ccccc3o2)cc1)c1ccccc1
CHEMBL4160098,O=S(=O)(Nc1ccc(-c2nc3cc(NS(=O)(=O)c4ccc(Cl)s4)ccc3o2)cc1)c1cccc(C(F)(F)F)c1
CHEMBL4161487,O=S(=O)(Nc1ccc(-c2nc3cc(NS(=O)(=O)c4ccc(Cl)s4)ccc3o2)cc1)c1ccc(Cl)c(C(F)(F)F)c1
CHEMBL4161583,O=[N+]([O-])c1cc(S(=O)(=O)Nc2ccc3oc(-c4ccc(NS(=O)(=O)c5ccc(Cl)s5)cc4)nc3c2)ccc1Cl
CHEMBL4166077,O=S(=O)(Nc1ccc2oc(-c3ccc(NS(=O)(=O)c4ccc(Cl)s4)cc3)nc2c1)c1ccc(Cl)c(Cl)c1
CHEMBL4167333,O=[N+]([O-])c1cc(S(=O)(=O)Nc2ccc(-c3nc4cc(NS(=O)(=O)c5ccc(Cl)s5)ccc4o3)cc2)ccc1Cl
CHEMBL4168023,O=S(=O)(Nc1ccc2oc(-c3ccc(NS(=O)(=O)c4cccc5nonc45)cc3)nc2c1)c1ccc(Cl)s1
CHEMBL4168415,NCc1ccc(S(=O)(=O)Nc2ccc3oc(-c4ccc(NS(=O)(=O)c5ccc(Cl)s5)cc4)nc3c2)cc1
CHEMBL4169499,O=S(=O)(Nc1ccc2oc(-c3ccc(NS(=O)(=O)c4ccc(Cl)s4)cc3)nc2c1)c1ccc(Cl)c(C(F)(F)F)c1
CHEMBL4176281,NCc1ccc(S(=O)(=O)Nc2ccc(-c3nc4cc(NS(=O)(=O)c5ccc(Cl)s5)ccc4o3)cc2)cc1
CHEMBL4176697,O=S(=O)(Nc1ccc2oc(-c3ccc(NS(=O)(=O)c4ccc(Cl)s4)cc3)nc2c1)c1cccc(C(F)(F)F)c1
CHEMBL4437169,O=S(=O)(Nc1ccc2oc(-c3ccc(NS(=O)(=O)c4ccc(Cl)s4)cc3)nc2c1)c1ccccc1
CHEMBL4440705,O=S(=O)(Nc1ccc(-c2nc3ccccc3o2)cc1)c1ccc(Cl)cc1
CHEMBL4441394,O=S(=O)(Nc1ccc(-c2nc3cc(NS(=O)(=O)c4cccc5nonc45)ccc3o2)cc1)c1ccc(Cl)s1
CHEMBL4446756,O=S(=O)(Nc1ccc(-c2nc3ccccc3o2)cc1)c1ccccc1Cl
CHEMBL4447455,COc1ccc(Cl)cc1S(=O)(=O)Nc1ccc(-c2nc3cc(NS(=O)(=O)c4ccc(Cl)s4)ccc3o2)cc1
CHEMBL4449196,CCc1ccc(S(=O)(=O)Nc2ccc(-c3nc4cc(NS(=O)(=O)c5ccc(Cl)s5)ccc4o3)cc2)cc1
CHEMBL4449221,O=[N+]([O-])c1cc(S(=O)(=O)Nc2ccc(-c3nc4ccccc4o3)cc2)ccc1Cl
CHEMBL4449994,O=c1ccc2cc(S(=O)(=O)Nc3ccc4oc(-c5ccc(NS(=O)(=O)c6ccc(Cl)s6)cc5)nc4c3)ccc2o1
CHEMBL4453551,O=S(=O)(Nc1ccc(-c2nc3cc(NS(=O)(=O)c4cccc5ccccc45)ccc3o2)cc1)c1ccc(Cl)s1
CHEMBL4461747,O=S(=O)(Nc1ccc(-c2nc3ccccc3o2)cc1)c1cccc(C(F)(F)F)c1
CHEMBL4461900,O=S(=O)(Nc1ccc(-c2nc3ccccc3o2)cc1)c1ccc(F)c(C(F)(F)F)c1
CHEMBL4462640,O=S(=O)(Nc1ccc(-c2nc3ccccc3o2)cc1)c1ccccc1C(F)(F)F
CHEMBL4463085,O=S(=O)(Nc1ccc2oc(-c3ccc(NS(=O)(=O)c4ccc(Cl)s4)cc3)nc2c1)c1cccs1
CHEMBL4467368,O=c1ccc2cc(S(=O)(=O)Nc3ccc(-c4nc5cc(NS(=O)(=O)c6ccc(Cl)s6)ccc5o4)cc3)ccc2o1
CHEMBL4513591,O=S(=O)(Nc1ccc(-c2nc3ccccc3o2)cc1)c1cccc(Cl)c1
CHEMBL4513892,O=S(=O)(Nc1ccc(-c2nc3cc(NS(=O)(=O)c4ccc(Cl)s4)ccc3o2)cc1)c1ccc(Br)cc1
CHEMBL4518473,O=S(=O)(Nc1ccc(-c2nc3cc(NS(=O)(=O)c4ccc(Cl)s4)ccc3o2)cc1)c1ccc2ccccc2c1
CHEMBL4522496,COc1ccc(S(=O)(=O)Nc2ccc3oc(-c4ccc(NS(=O)(=O)c5ccc(Cl)s5)cc4)nc3c2)cc1
CHEMBL4526007,COc1ccc(Cl)cc1S(=O)(=O)Nc1ccc2oc(-c3ccc(NS(=O)(=O)c4ccc(Cl)s4)cc3)nc2c1
CHEMBL4531228,O=S(=O)(Nc1ccc2oc(-c3ccc(NS(=O)(=O)c4ccc(Cl)s4)cc3)nc2c1)c1ccc(F)c(C(F)(F)F)c1
CHEMBL4531689,O=S(=O)(Nc1ccc2oc(-c3ccc(NS(=O)(=O)c4ccc(Cl)s4)cc3)nc2c1)c1ccc2ccccc2c1
CHEMBL4531772,COc1ccc(S(=O)(=O)Nc2ccc(-c3nc4cc(NS(=O)(=O)c5ccc(Cl)s5)ccc4o3)cc2)cc1
CHEMBL4533148,C=Cc1ccc(S(=O)(=O)Nc2ccc3oc(-c4ccc(NS(=O)(=O)c5ccc(Cl)s5)cc4)nc3c2)cc1
CHEMBL4533662,CS(=O)(=O)Nc1ccc2oc(-c3ccc(NS(=O)(=O)c4ccc(Cl)s4)cc3)nc2c1
CHEMBL4541977,O=S(=O)(Nc1ccc(-c2nc3ccccc3o2)cc1)c1ccccc1F
CHEMBL4542408,O=S(=O)(Nc1ccc(-c2nc3cc(NS(=O)(=O)c4ccc(Cl)s4)ccc3o2)cc1)c1ccc(Cl)c(Cl)c1
CHEMBL4545651,O=S(=O)(Nc1ccc2oc(-c3ccc(NS(=O)(=O)c4ccc(Cl)s4)cc3)nc2c1)c1ccc2ncsc2c1
CHEMBL4547546,O=S(=O)(Nc1ccc(-c2nc3cc(NS(=O)(=O)c4ccc(Cl)s4)ccc3o2)cc1)c1ccc(F)c(C(F)(F)F)c1
CHEMBL4548710,O=S(=O)(Nc1ccc2oc(-c3ccc(NS(=O)(=O)c4ccc(Cl)s4)cc3)nc2c1)c1ccc(Br)cc1
CHEMBL4561738,O=S(=O)(Nc1ccc(-c2nc3ccccc3o2)cc1)c1ccc(Cl)c(C(F)(F)F)c1
CHEMBL4562570,C=Cc1ccc(S(=O)(=O)Nc2ccc(-c3nc4cc(NS(=O)(=O)c5ccc(Cl)s5)ccc4o3)cc2)cc1
CHEMBL4562717,O=S(=O)(Nc1ccc(-c2nc3ccccc3o2)cc1)c1ccc(F)cc1
CHEMBL4563828,O=S(=O)(Nc1ccc(-c2nc3ccccc3o2)cc1)c1ccc(Cl)c(Cl)c1
CHEMBL4565061,O=S(=O)(Nc1ccc(-c2nc3ccccc3o2)cc1)c1cccc(F)c1
CHEMBL4565697,O=S(=O)(Nc1ccc(-c2nc3cc(NS(=O)(=O)c4ccc(Cl)s4)ccc3o2)cc1)c1ccc2ncsc2c1
CHEMBL4567343,O=S(=O)(Nc1ccc(-c2nc3ccccc3o2)cc1)c1ccc(Cl)s1
CHEMBL4583096,O=S(=O)(Nc1ccc(-c2nc3ccccc3o2)cc1)c1ccc(C(F)(F)F)cc1
CHEMBL4583291,CCc1ccc(S(=O)(=O)Nc2ccc3oc(-c4ccc(NS(=O)(=O)c5ccc(Cl)s5)cc4)nc3c2)cc1
CHEMBL4590591,O=S(=O)(Nc1ccc2oc(-c3ccc(NS(=O)(=O)c4cccc5ccccc45)cc3)nc2c1)c1ccc(Cl)s1
CHEMBL1448646,O=S(=O)(Nc1ccc2oc(-c3ccccc3)nc2c1)c1ccccc1
CHEMBL4434972,Cc1ccccc1S(=O)(=O)Nc1ccc(-c2nc3ccccc3o2)cc1
CHEMBL4434992,O=S(=O)(Nc1ccc2oc(-c3ccccc3)nc2c1)c1ccc(F)c(C(F)(F)F)c1
CHEMBL4440273,O=S(=O)(Nc1ccc2oc(-c3ccccc3)nc2c1)c1cccc(Cl)c1
CHEMBL4444550,Cc1ccc(S(=O)(=O)Nc2ccc3oc(-c4ccccc4)nc3c2)cc1
CHEMBL4447607,O=S(=O)(Nc1ccc2oc(-c3ccccc3)nc2c1)c1ccc(F)cc1
CHEMBL4447680,COc1cccc(S(=O)(=O)Nc2ccc(-c3nc4ccccc4o3)cc2)c1
CHEMBL4448007,O=S(=O)(Nc1ccc2oc(-c3ccccc3)nc2c1)c1ccc(C(F)(F)F)cc1
CHEMBL4449832,COc1cccc(S(=O)(=O)Nc2ccc3oc(-c4ccccc4)nc3c2)c1
CHEMBL4450124,COc1ccc(S(=O)(=O)Nc2ccc3oc(-c4ccccc4)nc3c2)cc1
CHEMBL4453288,C[C@@H]1C(=O)N[C@](O)(Cc2ccccc2)c2nc3c(c(=O)n21)C=CC=CO3
CHEMBL4454177,CC[C@@H](C)C1=C2N=C3OC=CC=C[C@]3(OC)C(=O)N2[C@@H](Cc2ccccc2)C(=O)N1
CHEMBL4454247,Cc1cccc(S(=O)(=O)Nc2ccc(-c3nc4ccccc4o3)cc2)c1
CHEMBL4454819,CCc1ccc(S(=O)(=O)Nc2ccc3oc(-c4ccccc4)nc3c2)cc1
CHEMBL4456802,C=Cc1ccc(S(=O)(=O)Nc2ccc(-c3nc4ccccc4o3)cc2)cc1
CHEMBL4457015,COc1ccccc1S(=O)(=O)Nc1ccc2oc(-c3ccccc3)nc2c1
CHEMBL4458229,O=S(=O)(Nc1ccc(-c2nc3ccccc3o2)cc1)c1ccc(O)cc1
CHEMBL4462237,Cc1cccc(S(=O)(=O)Nc2ccc3oc(-c4ccccc4)nc3c2)c1
CHEMBL4463791,O=S(=O)(Nc1ccc2oc(-c3ccccc3)nc2c1)c1ccc(Cl)s1
CHEMBL4464897,O=S(=O)(Nc1ccc2oc(-c3ccccc3)nc2c1)c1ccc(O)cc1
CHEMBL4464948,O=S(=O)(Nc1ccc2oc(-c3ccccc3)nc2c1)c1ccccc1F
CHEMBL4469657,O=S(=O)(Nc1ccc(-c2nc3ccccc3o2)cc1)c1ccccc1O
CHEMBL4471032,O=S(=O)(Nc1ccc2oc(-c3ccccc3)nc2c1)c1ccccc1C(F)(F)F
CHEMBL4472943,COCCc1ccc(Oc2ccc(-c3cnc(-c4cc(O)c(O)c(Br)c4)o3)cc2)cc1
CHEMBL4474009,CCOc1ccc(Oc2ccc(-c3cnc(-c4cc(O)c(O)c(Br)c4)o3)cc2)cc1
CHEMBL4513341,Cc1ccc(Oc2ccc(-c3cnc(-c4cc(O)c(O)c(Br)c4Br)o3)cc2)cc1
CHEMBL4514865,C[C@@H]1C(=O)N/C(=C\c2ccccc2)c2nc3c(O)cccc3c(=O)n21
CHEMBL4521507,O=S(=O)(Nc1ccc2oc(-c3ccccc3)nc2c1)c1cccc(C(F)(F)F)c1
CHEMBL4532359,CCc1ccc(S(=O)(=O)Nc2ccc(-c3nc4ccccc4o3)cc2)cc1
CHEMBL4536323,CC(C)c1ccc(Oc2ccc(-c3cnc(-c4cc(O)c(O)c(Br)c4Br)o3)cc2)cc1
CHEMBL4548732,Oc1cc(-c2ncc(-c3ccc(Oc4ccc(-c5ccccc5)cc4)cc3)o2)cc(Br)c1O
CHEMBL4548800,COc1ccc(Cl)cc1S(=O)(=O)Nc1ccc2oc(-c3ccccc3)nc2c1
CHEMBL4549691,O=S(=O)(Nc1ccc2oc(-c3ccccc3)nc2c1)c1ccccc1Cl
CHEMBL4553618,COc1ccc(Oc2ccc(-c3cnc(-c4cc(O)c(O)c(Br)c4)o3)cc2)cc1
CHEMBL4556062,O=[N+]([O-])c1cc(S(=O)(=O)Nc2ccc3oc(-c4ccccc4)nc3c2)ccc1Cl
CHEMBL4558646,COc1ccc(S(=O)(=O)Nc2ccc(-c3nc4ccccc4o3)cc2)cc1
CHEMBL4559209,COc1ccccc1S(=O)(=O)Nc1ccc(-c2nc3ccccc3o2)cc1
CHEMBL4564122,Cc1ccc(S(=O)(=O)Nc2ccc(-c3nc4ccccc4o3)cc2)cc1
CHEMBL4565368,O=S(=O)(Nc1ccc2oc(-c3ccccc3)nc2c1)c1ccc(Cl)c(Cl)c1
CHEMBL4565483,O=S(=O)(Nc1ccc2oc(-c3ccccc3)nc2c1)c1cccc(F)c1
CHEMBL4567660,COc1ccc(Cl)cc1S(=O)(=O)Nc1ccc(-c2nc3ccccc3o2)cc1
CHEMBL4570232,O=S(=O)(Nc1ccc2oc(-c3ccccc3)nc2c1)c1ccccc1O
CHEMBL4572554,O=S(=O)(Nc1ccc2oc(-c3ccccc3)nc2c1)c1ccc(Cl)c(C(F)(F)F)c1
CHEMBL4574391,C=Cc1ccc(S(=O)(=O)Nc2ccc3oc(-c4ccccc4)nc3c2)cc1
CHEMBL4579238,CCOc1ccc(Oc2ccc(-c3cnc(-c4cc(O)c(O)c(Br)c4Br)o3)cc2)cc1
CHEMBL4580396,Oc1cc(-c2ncc(-c3ccc(Oc4ccccc4)cc3)o2)c(Br)c(Br)c1O
CHEMBL4584952,O=S(=O)(Nc1ccc2oc(-c3ccccc3)nc2c1)c1ccc(Cl)cc1
CHEMBL4586199,Cc1ccccc1S(=O)(=O)Nc1ccc2oc(-c3ccccc3)nc2c1
CHEMBL4587328,COc1ccc(Oc2ccc(-c3cnc(-c4cc(O)c(O)c(Br)c4Br)o3)cc2)cc1
CHEMBL4588870,Oc1cc(-c2ncc(-c3ccc(Oc4ccc(-c5ccccc5)cc4)cc3)o2)c(Br)c(Br)c1O
CHEMBL401368,O=Cc1cc(O)c(O)c(Br)c1
CHEMBL510971,O=Cc1cc(O)c(O)c(Br)c1Br
CHEMBL4435026,CC1=C[C@@H](O)[C@@H]2[C@@H](CO)C(=O)O[C@]12CO
CHEMBL4436628,CCOS(=O)(=O)/C=C/c1ccc(O[C@@H]2CN(C(=O)C(=O)Nc3ccc(Oc4ccccc4)cc3)C[C@H]2Oc2ccc(/C=C/S(=O)(=O)OCC)cc2)cc1
CHEMBL4437237,CCOS(=O)(=O)/C=C/c1ccc(O[C@@H]2CN(C(=O)C(=O)Nc3ccc(Oc4ccc(C(C)C)cc4)cc3)C[C@H]2Oc2ccc(/C=C/S(=O)(=O)OCC)cc2)cc1
CHEMBL4439769,Oc1cc(-c2ncc(-c3ccc(OCc4ccccc4)cc3)o2)cc(Br)c1O
CHEMBL4440623,COc1ccc(-c2cnc(-c3cc(O)c(O)c(Br)c3)o2)cc1
CHEMBL4442464,CC(C)(O)[C@H]1O[C@H]2CC[C@@]3(C)[C@@](O)(CC[C@H]4C(=O)c5c([nH]c6ccccc56)[C@@]43C)C2=CC1=O
CHEMBL4443298,COc1ccc(-c2cnc(-c3cc(O)c(O)c(Br)c3Br)o2)cc1Br
CHEMBL4444045,CC1=CCC[C@H]2[C@](C)(Cc3cc(O)cc4ncoc34)[C@@H](C)CC[C@]12C
CHEMBL4444674,Oc1cc(-c2ncc(-c3ccccc3)o2)cc(Br)c1O
CHEMBL4445389,CCOS(=O)(=O)/C=C/c1ccc(O[C@@H]2CN(C(=O)C(=O)Nc3ccccc3)C[C@@H]2Oc2ccc(CCS(=O)(=O)OCC)cc2)cc1
CHEMBL4445427,C/C1=C/C[C@@H]2[C@H]([C@@H]3Oc4c(C=O)c(O)c(C=O)c(O)c4[C@H](c4ccccc4)[C@@]3(C)CC[C@@H]1O)C2(C)C
CHEMBL4446933,CC1=CCC[C@H]2[C@](C)(Cc3cc(O)cc4[nH]c(=O)oc34)[C@@H](C)CC[C@]12C
CHEMBL4447557,CC(C)c1ccc(Oc2ccc(-c3cnc(-c4cc(O)c(O)c(Br)c4)o3)cc2)cc1
CHEMBL4448247,C=C1CC[C@@H]2[C@H]([C@@H]3Oc4c(C=O)c(O)c(C=O)c(O)c4[C@H](c4ccccc4)[C@@]3(C)CC[C@H]1O)C2(C)C
CHEMBL4448902,O=S(=O)([O-])c1cc(Oc2cc(S(=O)(=O)[O-])cc(S(=O)(=O)[O-])c2O)c(O)c(S(=O)(=O)[O-])c1.[Na+].[Na+].[Na+].[Na+]
CHEMBL4449282,CCOS(=O)(=O)/C=C/c1ccc(O[C@@H]2CN(C(=O)Nc3ccc(Oc4ccc(C(C)C)cc4)cc3)C[C@H]2Oc2ccc(/C=C/S(=O)(=O)OCC)cc2)cc1
CHEMBL4451896,CCOS(=O)(=O)/C=C/c1ccc(O[C@@H]2CN(C(=O)C(=O)Nc3ccc(Oc4ccc(C(C)C)cc4)cc3)C[C@@H]2Oc2ccc(CCS(=O)(=O)OCC)cc2)cc1
CHEMBL4452781,CC1=CCC[C@H]2[C@](C)(Cc3cc(O)cc4nc5n(c34)CCC5)[C@@H](C)CC[C@]12C
CHEMBL4452883,C=C1CCC[C@H]2[C@](C)(Cc3cc(O)cc4nc5n(c34)CCC5)[C@@H](C)CC[C@]12C
CHEMBL4454352,C=C1CC[C@@H]2[C@H]([C@@H]3Oc4c(C=O)c(O)c(C=O)c(O)c4[C@H](c4ccccc4)[C@@]3(C)CC[C@@H]1O)C2(C)C
CHEMBL4456002,C=C1CC[C@@H]2[C@H](CC2(C)C)[C@@]2(CC[C@@H]1O)C[C@H](c1ccccc1)c1c(O)c(C=O)c(O)c(C=O)c1O2
CHEMBL4458849,CCOS(=O)(=O)/C=C/c1ccc(O[C@@H]2CN(C(=O)C(=O)Nc3ccc(Oc4ccc(C(C)(C)C)cc4)cc3)C[C@H]2Oc2ccc(CCS(=O)(=O)OCC)cc2)cc1
CHEMBL4461135,CCOS(=O)(=O)/C=C/c1ccc(O[C@@H]2CN(C(=O)C(=O)Nc3ccc(Oc4ccc(C(C)(C)C)cc4)cc3)C[C@@H]2Oc2ccc(CCS(=O)(=O)OCC)cc2)cc1
CHEMBL4462241,CCOS(=O)(=O)/C=C/c1ccc(O[C@@H]2CN(C(=O)C(=O)Nc3ccc(Oc4ccccc4)cc3)C[C@@H]2Oc2ccc(CCS(=O)(=O)OCC)cc2)cc1
CHEMBL4465505,CCOS(=O)(=O)/C=C/c1ccc(O[C@@H]2CN(C(=O)C(=O)Nc3ccc(Oc4ccc(F)cc4)cc3)C[C@H]2Oc2ccc(CCS(=O)(=O)OCC)cc2)cc1
CHEMBL4467782,CCOS(=O)(=O)/C=C/c1ccc(O[C@@H]2CN(C(=O)C(=O)Nc3ccc(Oc4ccc(CC)cc4)cc3)C[C@H]2Oc2ccc(CCS(=O)(=O)OCC)cc2)cc1
CHEMBL4468432,Oc1cc(-c2ncc(-c3ccc(Oc4ccccc4)cc3)o2)cc(Br)c1O
CHEMBL4469442,C=C1CC[C@@H]2[C@H](CC2(C)C)[C@@]2(CC[C@H]1O)C[C@H](c1ccccc1)c1c(O)c(C=O)c(O)c(C=O)c1O2
CHEMBL4470062,CC(C)(O)[C@H]1O[C@@]2(O)CC[C@@]3(C)C(=CC[C@H]4Cc5c([nH]c6ccccc56)[C@@]43C)C2=CC1=O
CHEMBL4472595,CC(C)[C@@H]1CC[C@@H](C)[C@]2(O)C[C@@H]3[C@H](c4ccccc4)c4c(O)c(C=O)c(O)c(C=O)c4O[C@]3(C)C=C12
CHEMBL4474641,CC(C)[C@@H]1CC[C@@H](C)[C@H]2C[C@@]3(O)[C@H](c4ccccc4)c4c(O)c(C=O)c(O)c(C=O)c4O[C@]3(C)C=C12
CHEMBL4476561,O=S(=O)([O-])c1cc(O)c2cccc(/N=N/c3cccc4c(O)cc(S(=O)(=O)[O-])cc34)c2c1.[Na+].[Na+]
CHEMBL4518867,CC1=C2COC(=O)[C@@H](CO)[C@H]2[C@H](O)C1
CHEMBL4525993,CCOS(=O)(=O)/C=C/c1ccc(O[C@@H]2CN(C(=O)Nc3ccc(Oc4ccccc4)cc3)C[C@H]2Oc2ccc(/C=C/S(=O)(=O)OCC)cc2)cc1
CHEMBL4530291,Oc1cc(-c2ncc(-c3ccc(OCc4ccccc4)cc3)o2)c(Br)c(Br)c1O
CHEMBL4531749,Oc1cc(-c2ncc(-c3ccccc3)o2)c(Br)c(Br)c1O
CHEMBL4537626,CCOS(=O)(=O)/C=C/c1ccc(O[C@@H]2CN(C(=O)C(=O)Nc3ccccc3)C[C@H]2Oc2ccc(/C=C/S(=O)(=O)OCC)cc2)cc1
CHEMBL4549795,COc1ccc(-c2cnc(-c3cc(O)c(O)c(Br)c3)o2)cc1Br
CHEMBL4553740,CC(C)[C@@H]1CC[C@@H](C)[C@]23C[C@@H]4[C@H](c5ccccc5)c5c(O)c(C=O)c(O)c(C=O)c5O[C@]4(C)[C@@H](O)[C@]12O3
CHEMBL4557312,C[C@]12CC[C@@H]3OCC(=O)C=C3[C@]1(O)CC[C@H]1Cc3c([nH]c4ccccc34)[C@@]12C
CHEMBL4560923,CC(C)[C@@H]1CC[C@@H](C)[C@H]2C[C@]34O[C@H]([C@@]21O)[C@@]3(C)Oc1c(C=O)c(O)c(C=O)c(O)c1[C@H]4c1ccccc1
CHEMBL4562591,C/C1=C/C[C@@H]2[C@H](CC2(C)C)[C@@]2(CC[C@H]1O)C[C@H](c1ccccc1)c1c(O)c(C=O)c(O)c(C=O)c1O2
CHEMBL4567120,COC(=O)C1=CO[C@@]2(C)C[C@@H](O)[C@H]1[C@@H]2CO
CHEMBL4569419,CC(C)(C)c1ccc(Oc2ccc(-c3cnc(-c4cc(O)c(O)c(Br)c4)o3)cc2)cc1
CHEMBL4576091,CCOS(=O)(=O)/C=C/c1ccc(O[C@@H]2CN(C(=O)C(=O)Nc3ccc(Oc4ccc(CC)cc4)cc3)C[C@@H]2Oc2ccc(CCS(=O)(=O)OCC)cc2)cc1
CHEMBL4577930,CC1(C)C[C@H]2[C@@H]3C(=O)CC[C@]4(C)[C@@]5(C)c6[nH]c7ccccc7c6C[C@@H]5CC[C@@]34O[C@@]2(O)[C@@H]1O
CHEMBL4582062,CCOS(=O)(=O)/C=C/c1ccc(O[C@@H]2CN(C(=O)C(=O)Nc3ccc(Oc4ccc(F)cc4)cc3)C[C@@H]2Oc2ccc(CCS(=O)(=O)OCC)cc2)cc1
CHEMBL4582106,CC1=C2COC(=O)[C@H](CO)[C@H]2[C@H](O)C1
CHEMBL4434766,C=CCc1cc(/C=C/C(=O)c2ccc(OCCCCC(=O)O)cc2)c(OC)cc1O
CHEMBL4437911,CCCCCCc1ccc(NC(=O)C(=O)N2C[C@H](Oc3ccc(CCS(=O)(=O)OCC)cc3)[C@H](Oc3ccc(/C=C/S(=O)(=O)OCC)cc3)C2)cc1
CHEMBL4439601,C=CCc1cc(/C=C/C(=O)c2cc3c(cc2N(C)C)OCO3)c(OC)cc1O
CHEMBL4440819,C=CCc1cc(/C=C/C(=O)c2ccc(OC)c(CC=C(C)C)c2)c(OC)cc1O
CHEMBL4442675,CCOS(=O)(=O)/C=C/c1ccc(O[C@@H]2CN(C(=O)C(=O)Nc3ccc(Oc4ccc(Br)cc4)cc3)C[C@@H]2Oc2ccc(CCS(=O)(=O)OCC)cc2)cc1
CHEMBL4445864,CCCCCCCCCCc1ccc(NC(=O)C(=O)N2C[C@H](Oc3ccc(CCS(=O)(=O)OCC)cc3)[C@H](Oc3ccc(/C=C/S(=O)(=O)OCC)cc3)C2)cc1
CHEMBL4447414,CCCCCCCCCCc1ccc(NC(=O)C(=O)N2C[C@@H](Oc3ccc(/C=C/S(=O)(=O)OCC)cc3)[C@H](Oc3ccc(CCS(=O)(=O)OCC)cc3)C2)cc1
CHEMBL4448672,C=CCc1cc(/C=C/C(=O)c2ccc(N3CCCCC3)cc2)c(OC)cc1O
CHEMBL4453634,CCOS(=O)(=O)/C=C/c1ccc(O[C@@H]2CN(C(=O)Nc3ccccc3)C[C@H]2Oc2ccc(/C=C/S(=O)(=O)OCC)cc2)cc1
CHEMBL4454054,C=CCc1cc(/C=C/C(=O)c2ccc(OC(=O)c3ccc(C(C)(C)C)cc3)cc2)c(OC)cc1O
CHEMBL4454728,C=CCc1cc(/C=C/C(=O)c2ccccc2N(C)C)c(OC)cc1O
CHEMBL4457655,CCOS(=O)(=O)/C=C/c1ccc(O[C@@H]2CN(C(=O)C(=O)Nc3ccc(Oc4ccc(Cl)cc4)cc3)C[C@H]2Oc2ccc(CCS(=O)(=O)OCC)cc2)cc1
CHEMBL4458983,C=CCc1cc(/C=C/C(=O)c2ccc(OCCCC(=O)O)cc2)c(OC)cc1O
CHEMBL4461246,C=CCc1cc(/C=C/C(=O)c2ccc(OC(=O)c3ccc(Br)cc3)cc2)c(OC)cc1O
CHEMBL4462140,CCOS(=O)(=O)/C=C/c1ccc(O[C@@H]2CN(C(=O)C(=O)Nc3ccc(Oc4ccc5ccccc5c4)cc3)C[C@@H]2Oc2ccc(CCS(=O)(=O)OCC)cc2)cc1
CHEMBL4463489,C=CCc1cc(/C=C/C(=O)c2cccc(N(C)C)c2)c(OCc2ccccc2)cc1O
CHEMBL4466086,CCOS(=O)(=O)/C=C/c1ccc(O[C@@H]2CN(C(=O)C(=O)Nc3ccc(Oc4ccc(-c5ccccc5)cc4)cc3)C[C@@H]2Oc2ccc(CCS(=O)(=O)OCC)cc2)cc1
CHEMBL4467981,C=CCc1cc(/C=C/C(=O)c2cccc(N3CCCCC3)c2)c(OC)cc1O
CHEMBL4471305,CCOS(=O)(=O)/C=C/c1ccc(O[C@@H]2CN(C(=O)C(=O)Nc3ccc(Oc4ccc(Br)cc4)cc3)C[C@H]2Oc2ccc(CCS(=O)(=O)OCC)cc2)cc1
CHEMBL4471595,C=CCc1cc(/C=C/C(=O)c2ccc(N(C)C)cc2)c(OC)cc1O
CHEMBL4471652,CCOS(=O)(=O)/C=C/c1ccc(O[C@@H]2CN(Cc3ccccc3)C[C@H]2Oc2ccc(/C=C/S(=O)(=O)OCC)cc2)cc1
CHEMBL4472239,C=CCc1cc(/C=C/C(=O)c2cccc(N(C)C)c2)c(OC(C)C)cc1O
CHEMBL4473317,CCOS(=O)(=O)/C=C/c1ccc(O[C@@H]2CN(Cc3ccc(Oc4ccc(C(C)C)cc4)cc3)C[C@H]2Oc2ccc(/C=C/S(=O)(=O)OCC)cc2)cc1
CHEMBL4473643,C=CCc1cc(/C=C/C(=O)c2ccc(OCCCC(=O)OCC)cc2)c(OC)cc1O
CHEMBL4473987,CCCCCCCCCCCCc1ccc(NC(=O)C(=O)N2C[C@@H](Oc3ccc(/C=C/S(=O)(=O)OCC)cc3)[C@H](Oc3ccc(CCS(=O)(=O)OCC)cc3)C2)cc1
CHEMBL4474228,C=CCc1cc(/C=C/C(=O)c2cccc(N(CC=C)CC=C)c2)c(OC)cc1O
CHEMBL4483521,C=CCc1cc(/C=C/C(=O)c2ccc(-n3cccn3)cc2)c(OC)cc1O
CHEMBL4516115,CCOS(=O)(=O)/C=C/c1ccc(O[C@@H]2CN(Cc3ccc(Oc4ccccc4)cc3)C[C@H]2Oc2ccc(/C=C/S(=O)(=O)OCC)cc2)cc1
CHEMBL4519783,C=CCc1cc(/C=C/C(=O)c2ccc(OCC(=O)OCC)cc2)c(OC)cc1O
CHEMBL4522606,C=CCc1cc(/C=C/C(=O)c2ccc(OCCCCC(=O)OCC)cc2)c(OC)cc1O
CHEMBL4528006,CCOS(=O)(=O)/C=C/c1ccc(O[C@@H]2CN(C(=O)C(=O)Nc3ccc(Oc4ccc(-c5ccccc5)cc4)cc3)C[C@H]2Oc2ccc(CCS(=O)(=O)OCC)cc2)cc1
CHEMBL4530344,O=P(O)(Cc1cc2c(O)c(c1)Cc1cc(CP(=O)(O)c3ccccc3)cc(c1O)Cc1cc(CP(=O)(O)c3ccccc3)cc(c1O)Cc1cc(CP(=O)(O)c3ccccc3)cc(c1O)C2)c1ccccc1
CHEMBL4533045,C=CCc1cc(/C=C/C(=O)c2cccc(N(C)C)c2)c(OC)cc1O
CHEMBL4533077,CCCCCCc1ccc(NC(=O)C(=O)N2C[C@@H](Oc3ccc(/C=C/S(=O)(=O)OCC)cc3)[C@H](Oc3ccc(CCS(=O)(=O)OCC)cc3)C2)cc1
CHEMBL4535654,C=CCc1cc(/C=C/C(=O)c2ccc(OC)c(C(C)C(=C)C)c2)c(OC)cc1O
CHEMBL4537041,CCOS(=O)(=O)/C=C/c1ccc(O[C@@H]2CNC[C@H]2Oc2ccc(/C=C/S(=O)(=O)OCC)cc2)cc1
CHEMBL4540813,O=P(O)(Cc1cc2c(O)c(c1)Sc1cc(CP(=O)(O)c3ccccc3)cc(c1O)Sc1cc(CP(=O)(O)c3ccccc3)cc(c1O)Sc1cc(CP(=O)(O)c3ccccc3)cc(c1O)S2)c1ccccc1
CHEMBL4546039,CCOS(=O)(=O)/C=C/c1ccc(O[C@@H]2CN(C(=O)c3ccc(Oc4ccccc4)cc3)C[C@H]2Oc2ccc(/C=C/S(=O)(=O)OCC)cc2)cc1
CHEMBL4549092,C=CCc1cc(/C=C/C(=O)c2ccc(OCC(=O)O)cc2)c(OC)cc1O
CHEMBL4551161,C=CCc1cc(/C=C/C(=O)c2ccccc2N2CCCCC2)c(OC)cc1O
CHEMBL4555184,CCOS(=O)(=O)/C=C/c1ccc(O[C@H]2CNC[C@H]2Oc2ccc(/C=C/S(=O)(=O)OCC)cc2)cc1
CHEMBL4555237,C=CCc1cc(/C=C/C(=O)c2ccc(N3CCOCC3)cc2)c(OC)cc1O
CHEMBL4556255,CCCCCCCCCCCCc1ccc(NC(=O)C(=O)N2C[C@H](Oc3ccc(CCS(=O)(=O)OCC)cc3)[C@H](Oc3ccc(/C=C/S(=O)(=O)OCC)cc3)C2)cc1
CHEMBL4556433,CCOS(=O)(=O)/C=C/c1ccc(O[C@@H]2CN(C(=O)c3ccc(Oc4ccc(C(C)C)cc4)cc3)C[C@H]2Oc2ccc(/C=C/S(=O)(=O)OCC)cc2)cc1
CHEMBL4569405,O=P(O)(Cc1cc2c(O)c(c1)S(=O)(=O)c1cc(CP(=O)(O)c3ccccc3)cc(c1O)S(=O)(=O)c1cc(CP(=O)(O)c3ccccc3)cc(c1O)S(=O)(=O)c1cc(CP(=O)(O)c3ccccc3)cc(c1O)S2(=O)=O)c1ccccc1
CHEMBL4569866,C=CCc1cc(/C=C/C(=O)c2ccc(N(CC=C)CC=C)cc2)c(OC)cc1O
CHEMBL4579462,CCOS(=O)(=O)/C=C/c1ccc(O[C@@H]2CN(C(=O)C(=O)Nc3ccc(Oc4ccc(Cl)cc4)cc3)C[C@@H]2Oc2ccc(CCS(=O)(=O)OCC)cc2)cc1
CHEMBL4584064,CCOS(=O)(=O)/C=C/c1ccc(O[C@@H]2CN(C(=O)c3ccccc3)C[C@H]2Oc2ccc(/C=C/S(=O)(=O)OCC)cc2)cc1
CHEMBL4587526,CCOS(=O)(=O)/C=C/c1ccc(O[C@@H]2CN(C(=O)C(=O)Nc3ccc(Oc4ccc5ccccc5c4)cc3)C[C@H]2Oc2ccc(CCS(=O)(=O)OCC)cc2)cc1
CHEMBL4588801,C=CCc1cc(/C=C/C(=O)c2ccc(OC(=O)c3ccccc3)cc2)c(OC)cc1O
CHEMBL1835376,C=C(CCC=C(C)C)[C@H]1CC[C@]2(C)CCCC(=C)[C@H]2C1
CHEMBL4435020,COC(=O)C1=C(C(C)(C)C)NC(=S)N[C@H]1/C=C/c1ccc(C)cc1
CHEMBL4435604,COC(=O)C1=C(C(C)C)NC(=S)N[C@H]1/C=C/c1ccc(Cl)cc1
CHEMBL4437498,C=CCc1cc(/C=C/C(=O)c2ccc(OCC=C(C)C)cc2O)c(OC)cc1O
CHEMBL4438100,C=CCOc1ccc(C(=O)/C=C/c2cc(CC=C)c(O)cc2OC)c(OC)c1
CHEMBL4440384,COC(=O)C1=C(C(C)(C)C)NC(=S)N[C@H]1/C=C/c1ccc(Cl)cc1
CHEMBL4441882,COC(=O)C1=C(C(C)C)NC(=S)N[C@H]1/C=C/c1ccc(C(F)(F)F)cc1
CHEMBL4454880,C=CCc1cc(/C=C/C(=O)c2ccc(OC)c(CC=C)c2)c(OC)cc1O
CHEMBL4456342,C=CCOc1ccc(C(=O)/C=C/c2cc(CC=C)c(O)cc2OC)c(O)c1
CHEMBL4457902,C=CCc1cc(/C=C/C(=O)c2ccc(O)cc2)c(OC)cc1O
CHEMBL4460100,COC(=O)C1=C(C(C)(C)C)NC(=S)N[C@H]1/C=C/c1ccc(Br)cc1
CHEMBL4461401,COC(=O)C1=C(C(C)C)NC(=S)N[C@H]1/C=C/c1ccccc1
CHEMBL4463474,C=CCc1cc(/C=C/C(=O)c2cccc(OC)c2)c(OC)cc1O
CHEMBL4466531,CCOC(=O)C1=C(C(C)C)NC(=S)N[C@H]1/C=C/c1ccc(C(F)(F)F)cc1
CHEMBL4467787,CCOC(=O)C1=C(C(C)C)NC(=S)N[C@H]1/C=C/c1ccc(C)cc1
CHEMBL4471590,CC(C)OCc1cc(O)c(O)c(Br)c1Cc1cc(O)c(O)c(Br)c1Br
CHEMBL4472074,COC(=O)C1=C(C(C)(C)C)NC(=S)N[C@H]1/C=C/c1ccc([N+](=O)[O-])cc1
CHEMBL4483388,CCCCCCCCCCCCCC[C@@H](OP(=O)(O)O)[C@@H](O)CCCO
CHEMBL4515470,CCOC(=O)C1=C(C(C)C)NC(=S)N[C@H]1/C=C/c1ccc(Cl)cc1
CHEMBL4518632,COC(=O)C1=C(C(C)(C)C)NC(=S)N[C@H]1/C=C/c1ccc(C(F)(F)F)cc1
CHEMBL4522937,C=CCc1cc(/C=C/C(=O)c2ccc(OCC)cc2)c(OC)cc1O
CHEMBL4524583,COc1cc(O)c2c3c1-c1ccc(O)cc1[C@@H]1Oc4ccccc4[C@@H](CC2=O)[C@@H]31
CHEMBL4527750,C=CCc1cc(/C=C/C(=O)c2ccc(OCC=C(C)C)cc2)c(OC)cc1O
CHEMBL4528277,CCCC(=O)OC[C@H](C)CCC[C@H](C)[C@@H]1CC[C@@H](C)c2c1cc(C(=O)O)c(O)c2O
CHEMBL4535279,C[C@@H](CO)CCC[C@H](C)[C@@H]1CC[C@@H](C)c2c1cc(C(=O)O)c(O)c2O
CHEMBL4541029,C[C@H](CCC[C@H](C)[C@@H]1CC[C@@H](C)c2c(O)cc(C(=O)O)cc21)COC(=O)/C=C/c1ccccc1
CHEMBL4542052,COC(CC(C)C)c1ccc2ccc(-c3ccc(CC(Cc4ccc(C(F)(F)P(=O)(O)O)cc4)(c4ccccc4)n4nnc5ccccc54)cc3)c(P(=O)(O)O)c2n1
CHEMBL4546363,COC(=O)C1=C(C(C)C)NC(=S)N[C@H]1/C=C/c1ccc(F)cc1
CHEMBL4551656,C=CCc1cc(/C=C/C(=O)c2ccc(O)cc2)c(OC)cc1OC1CCCCO1
CHEMBL4551737,C=CCOc1ccc(C(=O)/C=C/c2cc(CC=C)c(O)cc2OC)cc1
CHEMBL4554678,CC1=CCC[C@H]2[C@@H](C)[C@@](C)(CC3=C(O)C(=O)C=C(CCCS(=O)(=O)O)C3=O)CC[C@]12C
CHEMBL4561426,OC[C@H]1O[C@@H](O[C@@H]2c3ccccc3[C@H](O)C[C@H]2O)[C@H](O)[C@@H](O)[C@@H]1O
CHEMBL4566713,C=C1CC[C@@H]2[C@H]1[C@H]1[C@@H](C(C)CC(=O)C=C(C)C)CC[C@]12C
CHEMBL4567748,CC(C)CC(=O)OC[C@H](C)CCC[C@H](C)[C@@H]1CC[C@@H](C)c2c1cc(C(=O)O)c(O)c2O
CHEMBL4569363,CCCCCCCCCCCCCC[C@@H](OP(=O)(O)O)[C@@H](O)CC[C@@H](O)[C@@H](O)CC[C@@H](O)CCCCCCC(=O)NCC(=O)O
CHEMBL4583081,CCOC(=O)C1=C(C(C)C)NC(=S)N[C@H]1/C=C/c1ccc(Br)cc1
CHEMBL4583694,COC(=O)C1=C(C(C)(C)C)NC(=S)N[C@H]1/C=C/c1ccc(OC)cc1
CHEMBL4585267,C=CCc1cc(/C=C/C(=O)c2ccc(OC)cc2O)c(OC)cc1O
CHEMBL4586385,COC(=O)C1=C(C(C)C)NC(=S)N[C@H]1/C=C/c1ccc(Br)cc1
CHEMBL4586715,C=CCc1cc(/C=C/C(=O)c2ccc(OC)cc2)c(OC)cc1O
CHEMBL4589547,CCOC(=O)C1=C(C(C)C)NC(=S)N[C@H]1/C=C/c1ccc(OC)cc1
CHEMBL4589821,O=C(O)CNC(=O)CCCCCC[C@H](O)CCCO
CHEMBL4635708,O=C1Oc2cc(O)c3c(c2[C@@]12c1c(O)cc(O)cc1O[C@@H]2c1ccc(O)cc1)O[C@H](c1ccc(O)cc1)[C@H](O)C3
CHEMBL4636723,OC[C@H]1O[C@@H](Oc2c(O)cc(O)cc2/C=C/c2ccc3c(c2)[C@H](c2cc(O)cc(O)c2O[C@@H]2O[C@H](CO)[C@@H](O)[C@H](O)[C@H]2O)[C@@H](c2ccc(O)cc2)O3)[C@H](O)[C@@H](O)[C@@H]1O
CHEMBL4638367,Oc1ccc([C@@H]2Oc3ccc(/C=C/c4cc(O)cc(O)c4O)cc3[C@H]2c2cc(O)cc(O)c2O)cc1
CHEMBL4639409,COc1cc(/C=C/C(=O)O[C@@H]2[C@@H](O)[C@H](Oc3c(O)cc(O)cc3/C=C/c3ccc(O)cc3)O[C@H](CO)[C@H]2O)ccc1O
CHEMBL4639813,OC[C@H]1O[C@@H](Oc2c(O)cc(O)cc2/C=C/c2ccc3c(c2)[C@@H](c2cc(O)cc(O)c2O[C@@H]2O[C@H](CO)[C@@H](O)[C@H](O)[C@H]2O)[C@H](c2ccc(O)cc2)O3)[C@H](O)[C@@H](O)[C@@H]1O
CHEMBL4647374,CC(=O)O[C@@H]1[C@@H](O)[C@H](Oc2c(O)cc(O)cc2/C=C/c2ccc(O)cc2)O[C@H](CO)[C@H]1O
CHEMBL4647539,Oc1ccc(/C=C/c2cc(O)cc(O)c2O)cc1
CHEMBL4649760,Oc1ccc([C@H]2Oc3ccc(/C=C/c4cc(O)cc(O)c4O)cc3[C@@H]2c2cc(O)cc(O)c2O)cc1
CHEMBL46403,CCCCCCCCCCCCCCCCCC(=O)O
CHEMBL82293,CCCCCCCCCCCCCCCC(=O)O
CHEMBL481072,O=C1Oc2cc(O)c3c(c2[C@]12c1c(O)cc(O)cc1O[C@@H]2c1ccc(O)cc1)O[C@H](c1ccc(O)cc1)[C@H](O)C3
CHEMBL508749,CC1(C)c2[nH]c3cc(Cl)c(Cl)cc3c2C[C@@]23CN4CCC[C@]4(C[C@@H]12)C(=O)N3
CHEMBL453509,CCCCCC/C=C\CCCCCCCC(=O)O
CHEMBL1173381,CCCCCCCCCCCCCCCCCCCC(=O)O
CHEMBL1929043,COc1c(CC=C(C)C)c(O)cc2c1C[C@H](c1ccc(O)c(CC=C(C)C)c1O)CO2
CHEMBL3809337,COc1cc2occ(-c3ccc(O)cc3O)c(=O)c2c(O)c1CC=C(C)C
CHEMBL3810179,COc1c(-c2ccc(O)cc2)oc2cc(O)c(CC=C(C)C)c(O)c2c1=O
CHEMBL3808735,COc1cc2oc(-c3ccc(O)cc3O)cc2c(OC)c1CC=C(C)C
CHEMBL4453336,COc1cc(O)c(Cl)c(C)c1-c1cc(O)c(Cl)c2cc3c(c(O)c12)C(=O)c1c(O)c(Cl)c(O)c(Cl)c1C3(C)C
CHEMBL4458937,COc1cc(O)c(Cl)c(C)c1-c1cc(O)cc2cc3c(c(O)c12)C(=O)c1c(cc(O)c(Cl)c1O)C3(C)C
CHEMBL4461708,COc1cc(O)c(Cl)c(C)c1-c1cc(O)c(Cl)c2cc3c(c(O)c12)C(=O)c1c(cc(O)c(Cl)c1O)C3(C)C
CHEMBL4465327,COc1cc(O)c(Cl)c(C)c1-c1cc(O)cc2cc3c(c(O)c12)C(=O)c1c(O)cc(O)cc1C3(C)C
CHEMBL4471983,COc1cc(O)cc(C)c1-c1cc(O)cc2cc3c(c(O)c12)C(=O)c1c(cc(O)c(Cl)c1O)C3(C)C
CHEMBL4473832,COc1cc(O)c(Cl)c(C)c1-c1cc(O)c(Br)c2cc3c(c(O)c12)C(=O)c1c(O)cc(O)cc1C3(C)C
CHEMBL4475087,COc1cc(O)c(Cl)c(C)c1-c1cc(O)cc2cc3c(c(O)c12)C(=O)c1c(O)c(Cl)c(O)c(Cl)c1C3(C)C
CHEMBL4514758,COc1cc(O)c(Cl)c(C)c1-c1cc(O)c(Cl)c2cc3c(c(O)c12)C(=O)c1c(O)cc(O)cc1C3(C)C
CHEMBL4528755,COc1c(Cl)c(O)c(Cl)c(C)c1-c1cc(O)c(Cl)c2cc3c(c(O)c12)C(=O)c1c(O)c(Cl)c(O)c(Cl)c1C3(C)C
CHEMBL4532631,COc1cc(O)cc(C)c1-c1cc(O)cc2cc3c(c(O)c12)C(=O)c1c(O)cc(O)cc1C3(C)C
CHEMBL4633129,CCCCCCC/C=C/C(=C/C=C/C(=O)O)CO
CHEMBL4633514,CCCCCCC[C@H]1[C@H](/C(=C/C=C/C(=O)O)COC(C)=O)[C@@H](/C=C/C(=O)O)C(COC(C)=O)=C[C@H]1CCCCCCC
CHEMBL4634430,CCCCCCC[C@@H]1[C@@H](/C(=C/C=C/C(=O)O)CO)[C@@H](/C=C/C(=O)O)C(COC(C)=O)=C[C@H]1CCCCCCC
CHEMBL4634824,COc1cc2c(c(OC)c1CC=C(C)C)C[C@H](c1ccc(O)c3c1OC(C)(C)C=C3)CO2
CHEMBL4635432,CCCCCCC/C=C/C(=C\C=C\C(=O)O)COC(C)=O
CHEMBL4635749,O=C(Nc1ccccc1)c1ccc(-c2ccc(C(=O)Nc3ccccc3)o2)cc1
CHEMBL4636630,C=C(C)[C@@H](O)Cc1c(O)ccc([C@@H]2COc3cc(OC)c(CC=C(C)C)c(OC)c3C2)c1O
CHEMBL4637629,CCCCCCC/C=C/C(=C/[C@H]1[C@H](C(=O)O)[C@H](CCCCCCC)C=C(COC(C)=O)[C@@H]1/C=C/C(=O)O)COC(=O)O
CHEMBL4638022,C=C(/C=C/CCCCCCC)CCCC(=O)O
CHEMBL4638191,COc1cc2c(c(O)c1CC=C(C)C)C(=O)C(c1ccc(O)c(CC=C(C)C)c1O)CO2
CHEMBL4638414,COc1c(CC=C(C)C)c(O)cc2c1-c1oc3cc(O)ccc3c1CO2
CHEMBL4638626,O=C(Nc1ccc(F)cc1)c1ccc(-c2ccc(C(=O)Nc3ccc(F)cc3)o2)cc1
CHEMBL4638865,C=CC(C)(C)[C@@]12C[C@@H]3C(=O)N4[C@H](C[C@@]5(C(C)(C)C=C)c6ccccc6N[C@@H]45)C(=O)N3[C@@H]1Nc1ccccc12
CHEMBL4638927,COc1c(CC=C(C)C)c(O)cc2c1[C@@H]1Oc3cc4c(cc3[C@@H]1CO2)C=CC(C)(C)O4
CHEMBL4639007,COc1cc(O)ccc1-c1cc2c(OC)c(CC=C(C)C)c(O)cc2o1
CHEMBL4639237,CCCCCCC/C=C/C(C)=C/C=C/C(=O)O
CHEMBL4639637,CC(C)=CCc1c(O)cc2c(c1O)C(=O)[C@@](O)(c1ccc(O)c3c1OC(C)(C)C=C3)CO2
CHEMBL4639645,CCCCCCC/C=C/C(=C/C=C/C(=O)O)COC(C)=O
CHEMBL4640375,O=C1Oc2cc(O)c3c(c2[C@@]12c1c(O)cc(O)cc1O[C@H]2c1ccc(O)cc1)O[C@H](c1ccc(O)cc1)[C@@H](O)C3
CHEMBL4640620,CCCCCCCC/C=C\CCCCCCCCCC(=O)O
CHEMBL4640861,CCCCCCC[C@@H]1[C@@H](/C(=C/C=C/C(=O)O)COC(C)=O)[C@@H](/C=C/C(=O)O)C(COC(C)=O)=C[C@H]1CCCCCCC
CHEMBL4640921,O=C1Oc2cc(O)c3c(c2[C@]12c1c(O)cc(O)cc1O[C@H]2c1ccc(O)cc1)O[C@H](c1ccc(O)cc1)[C@@H](O)C3
CHEMBL4644049,CCCCCCC[C@@H]1[C@@H](/C(=C/C=C/C(=O)O)COC(C)=O)[C@@H](/C=C/C(=O)O)C(CO)=C[C@H]1CCCCCCC
CHEMBL4644603,O=C1Oc2cc(O)c3c(c2[C@]12c1c(O)cc(O)cc1O[C@@H]2c1ccc(O)cc1)O[C@H](c1ccc(O)cc1)[C@@H](O)C3
CHEMBL4646089,COC1CCC(=O)c2c(O)c(-c3cc(O)c4c(c3O)C(=O)CCC4OC)cc(O)c21
CHEMBL4646384,CCCCCCC[C@H]1[C@H](/C(=C/C=C/C(=O)O)CO)[C@@H](/C=C/C(=O)O)C(COC(C)=O)=C[C@H]1CCCCCCC
CHEMBL4646830,O=C1Oc2cc(O)c3c(c2[C@@]12c1c(O)cc(O)cc1O[C@@H]2c1ccc(O)cc1)O[C@H](c1ccc(O)cc1)[C@@H](O)C3
CHEMBL4646926,O=C(Nc1ccc(Cl)cc1)c1ccc(-c2ccc(C(=O)Nc3ccc(Cl)cc3)o2)cc1
CHEMBL4647021,COc1c(CC=C(C)C)c(O)cc2c1[C@@H]1Oc3cc(O)c(CC=C(C)C)cc3[C@@H]1CO2
CHEMBL4647463,CC(C)=CCc1ccc(O)c2c(=O)c3c(O)cc(C)c(O)c3oc12
CHEMBL1765357,O=C1/C(=N\Nc2ccc(S(=O)(=O)O)cc2)C(c2ccc([N+](=O)[O-])cc2)=NN1c1ccccc1
CHEMBL4632818,CN(C)c1cc(O)c(C(=O)O)cc1C#Cc1cccc(NC(=O)C(=O)O)c1
CHEMBL4634606,O=C(Nc1ccccc1)c1ccc(-c2ccc(C(=O)Nc3ccccc3)[nH]2)cc1
CHEMBL4634743,CC(C)(C)OC(=O)N[C@@H](Cc1ccc(OCc2nc3ccccc3[nH]2)cc1)C(=O)O
CHEMBL4635202,COc1cc(CC2SC(=O)NC2=O)ccc1OS(C)(=O)=O
CHEMBL4635765,O=C(O)C(=O)Nc1ccc(C#Cc2ccc(OCc3ccccc3)cc2)cc1
CHEMBL4635833,O=C(Nc1ccccc1)c1ccc(-c2ncc(C(=O)Nc3ccccc3)s2)cc1
CHEMBL4636119,CCOS(=O)(=O)/C=C/c1ccc(COc2cc(COc3ccc(C(=O)O)c(O)c3)ccc2C(=O)Nc2ccc(Oc3ccc(-c4ccccc4)cc3)cc2)cc1
CHEMBL4636382,O=C1/C(=C/c2ccc(-c3ccccc3)cc2)NC(=S)C1c1ccccc1
CHEMBL4637354,N=c1oc2ccccc2cc1C(=O)Nc1ccc(S(=O)(=O)Nc2ncccn2)cc1
CHEMBL4637373,O=C(O)C(=O)Nc1ccc(C#Cc2ccc(C(F)(F)F)cc2Br)cc1
CHEMBL4638054,O=C(O)c1ccc(/C=C/C(=O)c2cccc([N+](=O)[O-])c2)cc1
CHEMBL4639896,COc1cc(CC2SC(=O)NC2=O)ccc1OS(=O)(=O)c1ccccc1
CHEMBL4641106,N#Cc1cc(C(F)(F)F)ccc1C#Cc1ccc(NC(=O)C(=O)O)cc1
CHEMBL4641922,Cc1cc(C)n(-c2ccc(S(=O)(=O)Nc3ncccn3)cc2)c(=O)c1C#N
CHEMBL4641929,O=C(Nc1ccc(F)cc1)c1ccc(-c2ccc(C(=O)Nc3ccc(F)cc3)[nH]2)cc1
CHEMBL4642395,O=C(O)C(=O)Nc1ccc(-c2ccccc2)cc1
CHEMBL4642505,O=C(CSc1nc2cc(Cl)ccc2s1)Nc1cccc(-c2nnn[nH]2)c1
CHEMBL4646731,O=C(Nc1ccccc1)c1ccc(-c2ccc(C(=O)Nc3ccccc3)s2)cc1
CHEMBL4647377,O=C(O)C(=O)Nc1ccc(C#Cc2cccc(C(F)(F)F)c2)cc1
CHEMBL4648494,O=C(NC1CCCCC1)c1ccc(-c2ccc(C(=O)NC3CCCCC3)s2)cc1
CHEMBL4648808,CC(C)(C)OC(=O)N[C@@H](Cc1ccc(OCc2ccc(-c3ccccc3C#N)cc2)cc1)C(=O)O
CHEMBL4746515,O=C1/C(=N\Nc2ccc(S(=O)(=O)O)cc2)C(c2ccc([N+](=O)[O-])cc2)=NN1c1ccc(Cl)cc1
CHEMBL4748920,CC[C@H](C)[C@H](N)C(=O)N[C@H](C(=O)N[C@@H](CCCNC(=N)N)C(=O)N[C@@H](CC(N)=O)C(=O)N[C@H](C(=O)N[C@@H](C)C(=O)N[C@@H](CCCNC(=N)N)C(=O)N[C@@H](Cc1cnc[nH]1)C(=O)N[C@@H](CC(C)C)C(=O)N[C@@H](C)C(=O)N[C@@H](CCC(N)=O)C(=O)N[C@H](C(=O)NCC(=O)N[C@@H](CC(=O)O)C(=O)N[C@@H](CO)C(=O)N[C@@H](CCSC)C(=O)N[C@@H](CC(=O)O)C(=O)N[C@@H](CCCNC(=N)N)C(=O)N[C@@H](CO)C(=O)N[C@H](C(=O)O)[C@@H](C)CC)C(C)C)[C@@H](C)CC)[C@@H](C)CC
CHEMBL4750435,COc1ccc(-n2cc(-c3ccc4ccc(=O)oc4c3)c3cc(-c4ccc(C(=O)O)cc4)cnc32)cc1
CHEMBL4750975,O=C1/C(=N\Nc2ccc(S(=O)(=O)O)cc2)C(c2ccc([N+](=O)[O-])cc2)=NN1c1ccc(C(F)(F)F)cc1
CHEMBL4757579,CCOC(=O)c1ccc(N2N=C(c3ccc([N+](=O)[O-])cc3)/C(=N/Nc3ccc(S(=O)(=O)O)cc3)C2=O)cc1
CHEMBL4762771,O=C1/C(=N\Nc2ccc(S(=O)(=O)O)cc2)C(c2ccc([N+](=O)[O-])cc2)=NN1c1ccc([N+](=O)[O-])cc1
CHEMBL4763463,CC[C@H](C)[C@H](NC(=O)[C@H](CCCNC(=N)N)NC(=O)[C@H](CCCNC(=N)N)NC(=O)[C@H](CC(C)C)NC(=O)[C@H](CCC(=O)O)NC(=O)[C@H](CCC(N)=O)NC(=O)[C@H](C)NC(=O)[C@@H](NC(=O)[C@H](Cc1c[nH]c2ccccc12)NC(=O)[C@@H](NC(=O)[C@H](CCC(=O)O)NC(=O)[C@@H]1CCCN1)[C@@H](C)CC)[C@@H](C)CC)C(=O)NCC(=O)N[C@@H](CC(=O)O)C(=O)N[C@@H](CCC(=O)O)C(=O)N[C@@H](Cc1ccccc1)C(=O)N[C@@H](CC(N)=O)C(=O)N[C@@H](C)C(=O)N[C@@H](Cc1ccc(O)cc1)C(=O)N[C@@H](Cc1ccc(O)cc1)C(=O)O
CHEMBL4776707,CC(C)C(CC[C@@H](C)[C@H]1CC[C@H]2[C@@H]3[C@H](O)C[C@H]4C[C@@H](NCCCNCCCCNCCCN)CC[C@]4(C)[C@H]3CC[C@]12C)OS(=O)(=O)O
CHEMBL4776892,O=C(Nc1ccc(Oc2ccccc2)cc1)C1=CO[C@@H](O[C@@H]2O[C@H](CO)[C@@H](O)[C@H](O)[C@H]2O)[C@@H]2C(CO)=CC[C@H]12
CHEMBL4777827,CCc1ccccc1NC(=O)C1=CO[C@@H](O[C@@H]2O[C@H](CO)[C@@H](O)[C@H](O)[C@H]2O)[C@@H]2C(CO)=CC[C@H]12
CHEMBL4778434,CC[C@@H](C)C[C@@H](C)/C=C(C)/C=C/C=C/C=C(\C)C(=O)c1c(O)c(-c2ccc(O)cc2)cn(O)c1=O
CHEMBL4778849,CC(C)(C)c1ccc(Oc2ccc(NC(=O)C3=CO[C@@H](O[C@@H]4O[C@H](CO)[C@@H](O)[C@H](O)[C@H]4O)[C@@H]4C(CO)=CC[C@H]34)cc2)cc1
CHEMBL4780469,O=C(O)c1cccc2c1NC(c1ccc(F)cc1)C1CC(Sc3ccccc3[N+](=O)[O-])C(Cl)C21
CHEMBL4780471,COc1ccc(N2N=C(c3ccc([N+](=O)[O-])cc3)/C(=N/Nc3ccc(S(=O)(=O)O)cc3)C2=O)cc1
CHEMBL4782991,CC[C@H](C)[C@H](NC(=O)[C@H](CS)NC(=O)[C@H](C)NC(=O)[C@H](CC(C)C)NC(=O)[C@H](CCCNC(=N)N)NC(=O)[C@H](CC(C)C)NC(=O)[C@H](C)NC(=O)[C@H](CC(C)C)NC(=O)[C@H](C)NC(=O)[C@H](CC(=O)O)NC(=O)[C@H](CO)NC(=O)CN)C(=O)NCC(=O)N[C@@H](CC(=O)O)C(=O)N[C@@H](CCC(=O)O)C(=O)N[C@@H](CCSC)C(=O)N[C@@H](CC(=O)O)C(=O)N[C@H](C(=O)N[C@@H](CO)C(=O)N[C@@H](CC(C)C)C(=O)O)C(C)C
CHEMBL4784105,Cc1ccc(N2N=C(c3ccc([N+](=O)[O-])cc3)/C(=N/Nc3ccc(S(=O)(=O)O)cc3)C2=O)cc1
CHEMBL4785543,COC(=O)C1=CO[C@@H](O[C@@H]2O[C@H](COCc3ccccc3)[C@@H](OCc3ccccc3)[C@H](OCc3ccccc3)[C@H]2OCc2ccccc2)[C@@H]2C(COCc3ccccc3)=CC[C@H]12
CHEMBL4786441,O=C(O)C1=CO[C@@H](O[C@@H]2O[C@H](COCc3ccccc3)[C@@H](OCc3ccccc3)[C@H](OCc3ccccc3)[C@H]2OCc2ccccc2)[C@@H]2C(COCc3ccccc3)=CC[C@H]12
CHEMBL4786486,O=C(Nc1ccc(-c2ccccc2)cc1)C1=CO[C@@H](O[C@@H]2O[C@H](CO)[C@@H](O)[C@H](O)[C@H]2O)[C@@H]2C(CO)=CC[C@H]12
CHEMBL4788887,CCOS(=O)(=O)/C=C/c1ccc(CNC(=O)C2=CO[C@@H](O[C@@H]3O[C@H](COCc4ccccc4)[C@@H](OCc4ccccc4)[C@H](OCc4ccccc4)[C@H]3OCc3ccccc3)[C@@H]3C(COCc4ccccc4)=CC[C@H]23)cc1
CHEMBL4789031,CC[C@H](C)[C@H](NC(=O)[C@H](C)NC(=O)[C@H](CC(C)C)NC(=O)[C@H](CCC(N)=O)NC(=O)[C@H](CCCNC(=N)N)NC(=O)CNC(=O)[C@@H](NC(=O)[C@H](CCC(N)=O)NC(=O)CNC(=O)[C@H](CCSC)NC(=O)[C@@H](N)[C@@H](C)O)C(C)C)C(=O)N[C@H](C(=O)NCC(=O)N[C@@H](CC(=O)O)C(=O)N[C@@H](CC(=O)O)C(=O)N[C@H](C(=O)N[C@@H](CC(N)=O)C(=O)N[C@@H](CCCNC(=N)N)C(=O)N[C@@H](CCCNC(=N)N)C(=O)N[C@@H](Cc1ccc(O)cc1)C(=O)O)[C@@H](C)CC)[C@@H](C)CC
CHEMBL4789297,CC[C@H](C)[C@H](NC(=O)[C@H](CCCNC(=N)N)NC(=O)[C@H](CCCCN)NC(=O)[C@H](CC(C)C)NC(=O)[C@H](CS)NC(=O)[C@H](CCC(=O)O)NC(=O)[C@H](CO)NC(=O)[C@H](CC(C)C)NC(=O)[C@H](CCCCN)NC(=O)[C@H](CCCCN)NC(=O)[C@@H](NC(=O)[C@@H](N)CO)[C@@H](C)O)C(=O)NCC(=O)N[C@@H](CC(=O)O)C(=O)N[C@@H](CCC(=O)O)C(=O)N[C@@H](CC(C)C)C(=O)N[C@@H](CC(=O)O)C(=O)N[C@@H](CO)C(=O)N[C@@H](CC(N)=O)C(=O)N[C@@H](CCSC)C(=O)O
CHEMBL4790195,CC[C@H](C)[C@H](NC(=O)[C@H](CCC(=O)O)NC(=O)[C@H](CCCNC(=N)N)NC(=O)[C@H](C)NC(=O)[C@@H](N)Cc1c[nH]c2ccccc12)C(=O)NCC(=O)N[C@@H](C)C(=O)N[C@@H](CCC(N)=O)C(=O)N[C@@H](CC(C)C)C(=O)N[C@@H](CCCNC(=N)N)C(=O)N[C@@H](CCCNC(=N)N)C(=O)N[C@@H](CCSC)C(=O)N[C@@H](C)C(=O)N[C@@H](CC(=O)O)C(=O)N[C@@H](CC(=O)O)C(=O)N[C@@H](CC(C)C)C(=O)N[C@@H](CC(N)=O)C(=O)N[C@@H](C)C(=O)N[C@@H](CCC(N)=O)C(=O)N[C@@H](Cc1ccc(O)cc1)C(=O)O
CHEMBL4792019,COc1ccccc1NC(=O)C1=CO[C@@H](O[C@@H]2O[C@H](CO)[C@@H](O)[C@H](O)[C@H]2O)[C@@H]2C(CO)=CC[C@H]12
CHEMBL4792956,Cc1cc(C(=O)O)ccc1-c1ccc(C=C2C(=O)c3ccccc3C2=O)o1
CHEMBL4792963,O=C(O)c1cc(-c2ccc(/C=C3\Sc4ccccc4C3=O)o2)ccc1O
CHEMBL4794022,O=C(O)c1cccc2c1NC(c1cccc(Br)c1)C1CC(Sc3ccccc3[N+](=O)[O-])C(Cl)C21
CHEMBL4800515,O=C(Nc1ccccc1F)C1=CO[C@@H](O[C@@H]2O[C@H](CO)[C@@H](O)[C@H](O)[C@H]2O)[C@@H]2C(CO)=CC[C@H]12
CHEMBL269277,C=C(C)[C@@H]1CC[C@]2(C(=O)O)CC[C@]3(C)[C@H](CC[C@@H]4[C@@]5(C)CC[C@H](O)C(C)(C)[C@@H]5CC[C@]43C)[C@@H]12
CHEMBL221907,CC(C)=CCc1c(-c2ccc(O)cc2O)oc2cc3c(c(O)c2c1=O)C=CC(C)(C)O3
CHEMBL513978,CC(C)=CCC/C(C)=C/CC/C(C)=C/Cc1c(O)cc(C)c(C(=O)O)c1O
CHEMBL2018876,CC(C)=CCc1c(O)cc(-c2cc3ccc(O)cc3o2)cc1O
CHEMBL2310311,CC(C)=CCC/C(C)=C/CC[C@]1(C)C=Cc2c(cc(C)c(C(=O)O)c2O)O1
CHEMBL3288200,Cc1nc2ccccc2n2cccc12
CHEMBL4780652,CCO[C@@H]1OC=C(C(=O)OC)[C@H]2CC=C(CO)[C@@H]12
CHEMBL4781042,CCOS(=O)(=O)/C=C/c1ccc(OCC2=CC[C@@H]3C(C(=O)OC)=CO[C@@H](OCc4ccccc4)[C@H]23)cc1
CHEMBL4781365,O=C1C[C@@H](O[C@@H]2O[C@H](CO)[C@@H](O)[C@H](O)[C@H]2O)CO1
CHEMBL4782087,CCOS(=O)(=O)/C=C/c1ccc(OCC2=CC[C@@H]3C(C(=O)Nc4ccc(Oc5ccc(Br)cc5Cl)cc4)=CO[C@@H](OC)[C@H]23)cc1
CHEMBL4782460,CCOS(=O)(=O)/C=C/c1ccc(OCC2=CC[C@@H]3C(C(=O)Nc4ccc(Oc5ccccc5)cc4)=CO[C@@H](OC)[C@H]23)cc1
CHEMBL4787688,CCOS(=O)(=O)/C=C/c1ccc(OCC2=CC[C@@H]3C(C(=O)Nc4ccc(Oc5ccccc5)cc4)=CO[C@@H](OCc4ccccc4)[C@H]23)cc1
CHEMBL4788179,COC(=O)C1=CO[C@@H](OCc2ccccc2)[C@@H]2C(CO)=CC[C@H]12
CHEMBL4788294,CCOS(=O)(=O)/C=C/c1ccc(OCC2=CC[C@@H]3C(C(=O)Nc4ccc(Oc5ccc(-c6ccccc6)cc5)cc4)=CO[C@@H](OC)[C@H]23)cc1
CHEMBL4793462,CCOS(=O)(=O)/C=C/c1ccc(OCC2=CC[C@@H]3C(C(=O)Nc4ccc(Oc5ccc6ccccc6c5)cc4)=CO[C@@H](OC)[C@H]23)cc1
CHEMBL4793782,COC(=O)C1=CO[C@@H](OC)[C@@H]2C(CO)=CC[C@H]12
CHEMBL4798517,O=C(Nc1ccc(Oc2ccccc2)cc1)C1=CO[C@@H](O[C@@H]2O[C@H](COCc3ccccc3)[C@@H](OCc3ccccc3)[C@H](OCc3ccccc3)[C@H]2OCc2ccccc2)[C@@H]2C(COCc3ccccc3)=CC[C@H]12
CHEMBL4800140,CCOS(=O)(=O)/C=C/c1ccc(OCC2=CC[C@@H]3C(C(=O)Nc4ccc(Oc5ccc(Br)cc5Cl)cc4)=CO[C@@H](OCc4ccccc4)[C@H]23)cc1
CHEMBL4846983,Cc1c2cccn2c2cc(Cl)ccc2[n+]1C.[I-]
CHEMBL4847372,C=C(C/C=C/C(C)(C)O)[C@H](O)CC[C@]1(C)C=Cc2c(cc(C)c(C(=O)O)c2O)O1
CHEMBL4849561,C=C(C)[C@H](O)CCC(=C)[C@H](O)CC[C@]1(C)C=Cc2c(cc(C)c(C(=O)O)c2O)O1
CHEMBL4850859,CC1Nc2ccc(Cl)cc2-n2cccc21
CHEMBL4851997,Cc1nc2ccc(Cl)cc2n2cccc12
CHEMBL4854129,CO[C@@](C)(CCC=C(C)C)[C@H](O)CC[C@]1(C)C=Cc2c(cc(C)c(C(=O)O)c2O)O1
CHEMBL4856719,C=C(C)/C=C/C/C(C)=C/CC[C@]1(C)C=Cc2c(cc(C)c(C(=O)O)c2O)O1
CHEMBL4859368,C/C(=C\CC[C@]1(C)C=Cc2c(cc(C)c(C(=O)O)c2O)O1)C/C=C\C(C)(C)O
CHEMBL4861866,CC(C)=CCc1cc(-c2oc3c(CC=C(C)C)c(O)cc(O)c3c(=O)c2CC=C(C)C)c(O)cc1O
CHEMBL4861976,c1ccc(Cc2nc3ccccc3n3cccc23)cc1
CHEMBL4862506,CC(C)=CCC/C(C)=C/Cc1c(O)cc(O)c2c(=O)c(CC=C(C)C)c(-c3ccc(O)cc3O)oc12
CHEMBL4863246,CCCC[n+]1c(C)c2cccn2c2ccccc21.[I-]
CHEMBL4865928,CC1c2cccn2-c2ccccc2N1C
CHEMBL4866095,C=C(CCC=C(C)C)[C@H](O)CC[C@]1(C)C=Cc2c(cc(C)c(C(=O)O)c2O)O1
CHEMBL4866869,CC(C)=CCc1c(O)ccc(C(=O)Oc2cc(/C=C/c3ccc(O)cc3O)cc(O)c2-c2cc(C)cc(-c3ccc(O)cc3O)c2)c1O
CHEMBL4867070,CC(C)=CCc1c(O)ccc(C(=O)Oc2cc(-c3cc4ccc(O)cc4o3)cc(O)c2-c2cc(C)cc(-c3ccc(O)cc3O)c2)c1O
CHEMBL4867404,CC1(C)CC[C@]2(C(=O)O)CC[C@@H]3C(=CC[C@H]4[C@H]3CC[C@@H]3[C@@H]4CC[C@H](O[C@@H]4O[C@H](CO)[C@@H](O)[C@H](O)[C@H]4O)C3(C)C)[C@@H]2C1
CHEMBL4871707,Cc1cccc(Cc2c3cccn3c3ccc(C(F)(F)F)cc3[n+]2C)c1.[I-]
CHEMBL4872765,CC(C)=CCc1cc(-c2oc3cc(O)cc(O)c3c(=O)c2CC=C(C)C)c(O)cc1O
CHEMBL4874822,CC1Nc2ccccc2-n2cccc21
CHEMBL4876070,C=C(C)[C@H](O)CC/C(C)=C/CC[C@]1(C)C=Cc2c(cc(C)c(C(=O)O)c2O)O1
CHEMBL4876085,Cc1nc2cc(Cl)c(Cl)cc2n2cccc12
CHEMBL4876185,CCCCCCS(=O)(=O)NC(=O)c1ccc(CSCc2ccc(-c3ccccc3)cc2)cc1
CHEMBL4877026,CC1Nc2cc(Cl)c(Cl)cc2-n2cccc21
CHEMBL4877199,COc1ccc2c(c1)NC(C)c1cccn1-2
CHEMBL4877884,Cc1c2cccn2c2ccccc2[n+]1C.[I-]
CHEMBL5070507,O=C1CN(c2c(O)cc3ccc(C4CCN(S(=O)(=O)C5CC5)C4)cc3c2F)S(=O)(=O)N1
CHEMBL5070918,C=C1C(=O)O[C@@H]2/C=C(\C)CC/C=C(\C)C[C@@H](OC(=O)/C(=C\C)CO)[C@@H]12
CHEMBL5076419,O=C1CN(c2c(O)cc3ccc(NCCC4CC4)cc3c2F)S(=O)(=O)N1
CHEMBL5084733,C=C1C(=O)O[C@@H]2/C=C(\C)[C@@H](O)C/C=C(\C)C[C@@H](OC(=O)/C(=C\C)COC(C)=O)[C@@H]12
CHEMBL5085615,C[C@H](O)CCOc1ccc2cc(O)c(N3CC(=O)NS3(=O)=O)c(F)c2c1
CHEMBL5089751,CCCC/C=C/CCCCCCCCCC1(O)CC(=O)C2=C(O)C(C)C(O)C(C)=C2O1
CHEMBL487020,COc1cc(C)c(Oc2cc(C)cc(O)c2)c(O)c1
CHEMBL521162,C=C1C(=O)O[C@@H]2/C=C(\C)C[C@H](O)/C=C(\C)C[C@@H](OC(=O)/C(=C\C)CO)[C@@H]12
CHEMBL2152644,COc1cc(C)c(Oc2cc(C)cc(O)c2O)c(O)c1
CHEMBL4757140,C=C[C@@]1(C)C=C(C)[C@@H]2[C@@H]3[C@H](Oc4ccc(cc4)C[C@@H]4C(=O)NC(=O)[C@@H]4C(=O)[C@H]31)[C@@H]1[C@@H](C)C[C@@H](C)C[C@]12C
CHEMBL5079023,C=C1C(=O)O[C@@H]2/C=C(\C)CC/C=C(\CC(=O)O)C[C@@H](OC(=O)/C(C)=C/C)[C@@H]12
CHEMBL5175490,CO[C@@H]1C2Cc3ccc(cc3)O[C@H]3[C@@H]4[C@H]5C(=O)[C@@]1(C[C@H](O)[C@@]5(C)C=C(C)[C@H]4[C@]1(C)C[C@H](C)C[C@H](C)[C@@H]31)C(=O)N2
CHEMBL5177685,CC1(C)Oc2c(nc3c4c2C(=O)CC[C@]4(C)[C@@]2(C)c4[nH]c5ccccc5c4C[C@@H]2C3)[C@H]1O
CHEMBL5178243,CC(C)(O)[C@H]1OC2CC[C@@]3(C)[C@@](O)(CC[C@H]4C[C@]5(OCNc6ccccc65)C(=O)[C@@]43C)C2=CC1=O
CHEMBL5179597,O=C(O)c1cccc(/C=C/c2ccc(Oc3cnoc3-c3cccc(Cl)c3)cc2)c1
CHEMBL5181027,C=C[C@@]1(C)C=C(C)[C@@H]2[C@@H]3[C@@H](Oc4ccc(cc4)C[C@@]4(O)C/C(=C(/O)[C@H]31)C(=O)N4)[C@@H]1[C@@H](C)C[C@@H](C)C[C@]12C
CHEMBL5183150,CO[C@@H]1c2c3c(cc(O)c2C(=O)O[C@@H]1C)O[C@@]1(C)[C@@H](O)C[C@H]2C(C)(C)C(=O)C=C[C@]2(C)[C@@H]1C3
CHEMBL5185543,O=C(O)c1cccc(/C=C/c2ccc(Oc3cnoc3-c3cccc([N+](=O)[O-])c3)cc2)c1
CHEMBL5186891,COC(=O)[C@@]12Oc3ccc(-c4ccc5c(c4O)C(=O)C4=C(O)C[C@H](C)[C@H](O)[C@]4(C(=O)OC)O5)c(O)c3C(=O)C1=C(O)C[C@H](C)[C@H]2O
CHEMBL5190487,O=C(O)c1cccc(/C=C/c2ccc(Oc3cnoc3-c3ccccc3Cl)cc2)c1
CHEMBL5191899,C[C@@H]1Cc2c3c(c(Cl)c(O)c2C(=O)O1)O[C@@]1(C)[C@@H](O)C[C@H]2C(C)(C)C(=O)C(Cl)(Cl)C[C@]2(C)[C@@H]1C3
CHEMBL5192054,CC1=C[C@@]2(C)[C@@H]3C(=O)[C@@]4(C[C@@H]2O)C(=O)NC(Cc2ccc(cc2)O[C@H]2[C@H]3[C@@H]1[C@]1(C)C[C@H](C)C[C@H](C)[C@@H]21)[C@H]4O
CHEMBL5192236,CO[C@@H]1/C2=C3\O[C@@H](C)[C@@]4(C)C=C(C)[C@@H]5[C@H]([C@H](Oc6ccc(cc6)C[C@]1(O)NC2=O)[C@@H]1[C@@H](C)C[C@@H](C)C[C@]15C)[C@@H]34
CHEMBL5204172,COC(=O)[C@@]12Oc3ccc(Oc4cccc5c4C(=O)C4=C(O)C[C@H](C)[C@H](O)[C@]4(C(=O)OC)O5)c(O)c3C(=O)C1=C(O)C[C@H](C)[C@H]2O
CHEMBL5204780,CO[C@@]12Cc3ccc(cc3)O[C@H]3[C@H]([C@H]4C(=O)[C@](C[C@@H](O)[C@]4(C)C=O)(C1)C(=O)N2)[C@@H](C(C)=O)[C@]1(C)C[C@H](C)C[C@H](C)[C@@H]31
CHEMBL5206722,O=C(O)c1cccc(/C=C/c2ccc(Oc3cnoc3-c3ccc(Cl)c(Cl)c3)cc2)c1
CHEMBL5207225,CC(=O)O[C@@H]1c2c3c(cc(O)c2C(=O)O[C@@H]1C)O[C@@]1(C)[C@@H](O)C[C@H]2C(C)(C)[C@@H](O)C=C[C@]2(C)[C@@H]1C3
CHEMBL5207648,COC(=O)[C@@]12Oc3c(-c4ccc5c(c4O)C(=O)C4=C(O)C[C@H](C)[C@H](O)[C@]4(C(=O)OC)O5)ccc(O)c3C(=O)C1=C(O)C[C@H](C)[C@H]2O
CHEMBL5209090,CO[C@@H]1C2Cc3ccc(cc3)O[C@H]3[C@@H]4[C@H]5C(=O)[C@@]1(C[C@@H](O)[C@@]5(C)C=C(C)[C@H]4[C@]1(C)C[C@H](C)C[C@H](C)[C@@H]31)C(=O)N2
CHEMBL5218779,O=C1NC(=S)NC(=O)C1=Cc1ccc(OCc2ccc(Cl)cc2)cc1-c1cc(Cl)c(O)c(Cl)c1
CHEMBL5219015,COc1ccc2c(c1O)C(=O)c1cc(O[C@@H]3O[C@H](CO[C@@H]4OC[C@@H](O)[C@H](O)[C@H]4O)[C@@H](O)[C@H](O)[C@H]3O)c(C)c(O)c1C2=O
CHEMBL5219028,COc1ccc2c(c1O)C(=O)c1cc(O[C@@H]3O[C@H](CO)[C@@H](O)[C@H](O)[C@H]3O)c(CO)c(O)c1C2=O
CHEMBL5219224,COc1ccc2c(c1)C(=O)c1cc(O[C@@H]3O[C@H](CO)[C@@H](O)[C@H](O)[C@H]3O)c(CO)c(O)c1C2=O
CHEMBL5219421,COc1ccc2c(c1O)C(=O)c1cc(O[C@@H]3O[C@H](CO[C@@H]4OC[C@@H](O)[C@H](O)[C@H]4O)[C@@H](O)[C@H](O)[C@H]3O)c(CO)c(O)c1C2=O
CHEMBL5219572,O=C1NC(=S)NC(=O)C1=Cc1cc(-c2ccc(C(F)(F)F)cc2)ccc1OCc1ccc(Cl)cc1
CHEMBL5219988,COc1ccc2c(c1)C(=O)c1cc(O)c(CO[C@@H]3O[C@H](CO[C@@H]4OC[C@@H](O)[C@H](O)[C@H]4O)[C@@H](O)[C@H](O)[C@H]3O)c(O)c1C2=O
CHEMBL5220139,COc1ccc2c(c1)C(=O)c1cc(O[C@@H]3O[C@H](CO[C@@H]4OC[C@@H](O)[C@H](O)[C@H]4O)[C@@H](O)[C@H](O)[C@H]3O)c(C)c(O)c1C2=O
CHEMBL5220182,O=C1NC(=S)NC(=O)C1=Cc1cc(OCc2ccc(Cl)cc2)cc(-c2cc(Cl)c(O)c(Cl)c2)c1
CHEMBL5220318,O=C1NC(=S)NC(=O)C1=Cc1ccc(OCc2ccc(Cl)cc2)c(-c2cc(Cl)c(O)c(Cl)c2)c1
CHEMBL5220330,O=C1NC(=S)NC(=O)C1=Cc1cc(-c2cc(Cl)c(O)c(Cl)c2)ccc1OCc1ccccc1
CHEMBL5220392,Cc1c(O[C@@H]2O[C@H](CO[C@@H]3OC[C@@H](O)[C@H](O)[C@H]3O)[C@@H](O)[C@H](O)[C@H]2O)cc2c(c1O)C(=O)c1ccc(O)c(O)c1C2=O
CHEMBL5220490,O=C1NC(=S)NC(=O)C1=Cc1cc(-c2cc(Cl)c(O)c(Cl)c2)ccc1OCc1cc(F)cc(F)c1
CHEMBL5220593,O=C1c2ccccc2C(=O)c2c1cc(O)c(CO[C@@H]1O[C@H](CO)[C@@H](O)[C@H](O)[C@H]1O)c2O
CHEMBL5220608,COc1ccc2c(c1)C(=O)c1cc(O[C@@H]3O[C@H](CO[C@@H]4OC[C@@H](O)[C@H](O)[C@H]4O)[C@@H](O)[C@H](O)[C@H]3O)c(CO)c(O)c1C2=O
CHEMBL5220804,O=C1NC(=S)NC(=O)C1=Cc1cc(-c2cc(Cl)c(O)c(Cl)c2)ccc1OCc1ccc(Cl)cc1
CHEMBL5220938,O=C1c2ccccc2C(=O)c2c1cc(O[C@@H]1O[C@H](CO)[C@@H](O)[C@H](O)[C@H]1O)c(CO)c2O
CHEMBL5220958,Cc1c(O[C@@H]2O[C@H](CO[C@@H]3OC[C@@H](O)[C@H](O)[C@H]3O)[C@@H](O)[C@H](O)[C@H]2O)cc2c(c1O)C(=O)c1ccccc1C2=O
CHEMBL5269314,COc1cc(/C=C2\SC(=S)N(Cc3ccc(C(=O)O)cc3)C2=O)ccc1OCc1ccccc1
CHEMBL5270661,CCOC(=O)c1ccc(N2NC(c3ccc([N+](=O)[O-])cc3)/C(=N/Nc3ccc(S(=O)(=O)O)cc3)C2=O)cc1
CHEMBL5271990,COc1cccc(S(=O)(=O)N(Cc2ccc(NS(=O)(=O)O)cc2)c2nc(-c3ccccc3)cs2)c1
CHEMBL5275616,O=C(c1cccnc1Cl)N(Cc1ccc(NS(=O)(=O)O)cc1)c1nc(-c2ccccc2)cs1
CHEMBL5276767,O=C1/C(=N\Nc2ccc(S(=O)(=O)O)cc2)C(c2ccc([N+](=O)[O-])cc2)NN1c1ccccc1
CHEMBL5278722,CC(C)(C)OC(=O)N1CCC(C(=O)N(Cc2ccc(NS(=O)(=O)O)cc2)c2ccccc2)CC1
CHEMBL5287377,Cn1cc(-c2cn(CC(=O)Nc3nc4ccccc4s3)nn2)c2cc(C(=O)O)c(O)cc21
CHEMBL5289805,CC(C)=CCc1c(O)ccc2c1O/C(=C\c1ccc(O)cc1)C2=O
CHEMBL5291082,O=[N+]([O-])c1ccc(CNc2ccccc2)cc1
CHEMBL6510,CCCCCCCC/C(=C\Cn1oc(=O)[nH]c1=O)c1cccc(OCc2nc(-c3ccc(C(F)(F)F)cc3)oc2C)c1
CHEMBL7048,C/C(=C\Cn1oc(=O)[nH]c1=O)c1cccc(OCc2nc(-c3ccc(C(F)(F)F)cc3)oc2-c2ccccc2)c1
CHEMBL55243,CCc1cc(CC(NC(C)=O)C(=O)NCCCCC(=O)N[C@@H](CCSC)C(=O)O)ccc1N(C(=O)C(=O)O)c1ccccc1C(=O)O
CHEMBL187265,O=c1c2cc(O)c(O)cc2oc2cc(O)cc(O)c12
CHEMBL219553,COc1cc(O)cc(CCc2ccc(O)c(OC)c2)c1
CHEMBL471504,COc1cc(CCc2cc(O)cc(O)c2)ccc1O
CHEMBL1208413,COc1ccc2cc(O)c(N3CC(=O)NS3(=O)=O)cc2c1
CHEMBL3310464,Cc1cc(/C=C2/S/C(=N/c3ccc(Cl)cc3)NC2=O)c(C)n1-c1cc(C(=O)O)cc(C(=O)O)c1
CHEMBL5265859,O=C1CN(c2ccc(-c3ccc[nH]3)cc2O)S(=O)(=O)N1
CHEMBL5266281,Oc1cc(Cc2cc(O)c(Br)c(Br)c2Br)c(Br)c(Br)c1O
CHEMBL5266431,O=[N+]([O-])c1cc(S(=O)(=O)C(F)(F)F)ccc1Oc1ccc(S(=O)(=O)c2ccc(Oc3ccc(S(=O)(=O)C(F)(F)F)cc3[N+](=O)[O-])cc2)cc1
CHEMBL5267531,O=C(c1ccc(CN(Cc2ccc(C(=O)C(F)(F)P(=O)(O)O)cc2)S(=O)(=O)c2ccc(Br)cc2OC(F)(F)F)cc1)C(F)(F)P(=O)(O)O
CHEMBL5267772,CS(=O)(=O)Oc1c(Cl)cccc1Cc1ccc(N2CC(=O)NS2(=O)=O)c(O)c1
CHEMBL5268335,C[C@H](CCC(=O)O)[C@H]1CCC2C3CC=C4C(C)(C)c5c(cnn5-c5ccc(F)cc5)C[C@]4(C)C3CC[C@@]21C
CHEMBL5268430,O=C1CN(c2c(O)cc(CC3CCCCC3)cc2F)S(=O)(=O)N1
CHEMBL5268825,O=P(O)(O)C(F)(F)c1ccc(C[C@](/C=C/c2ccccc2)(c2nc3ccccc3s2)n2nnc3ccccc32)cc1
CHEMBL5269933,CCCCCCCCCCCCCCCCOc1ccccc1NC(=O)c1ncccc1C(=O)O
CHEMBL5271227,O=C(Cc1ccccc1)C(Cc1ccc(C(F)(F)P(=O)(O)O)cc1)(Cc1ccc(C(F)(F)P(=O)(O)O)cc1)C(=O)Cc1ccccc1
CHEMBL5271440,Cc1ccc(S(=O)(=O)N(Cc2ccc(C(=O)C(F)(F)P(=O)(O)O)cc2)Cc2ccc(C(=O)C(F)(F)P(=O)(O)O)cc2)cc1
CHEMBL5272037,O=C(O)C(=O)c1sc2c(c1C(=O)O)CCN[C@@H]2CNCc1ccc(O)cc1
CHEMBL5272219,CC(=O)c1cc2cc(-c3cccc(Cl)c3)oc2cc1O
CHEMBL5272799,CCCCCCCCCCCCCCOc1ccccc1NC(=O)c1c(C(=O)O)cc(Cl)c(Cl)c1Cl
CHEMBL5272918,CCCCCCCCCCCCCCOc1ccccc1NC(=O)c1cccc(F)c1C(=O)O
CHEMBL5273366,O=P(O)(O)C(F)(F)c1ccc(C[C@](c2ccc(C(F)(F)P(=O)(O)O)cc2)(c2ccc(F)c(F)c2)n2nnc3ccccc32)cc1
CHEMBL5274674,Cc1cc(OCc2ccc(C(=O)O)cc2)ccc1/C=C1\SC(=S)N(Cc2ccc(C(=O)O)cc2)C1=O
CHEMBL5275137,O=C(NCCCN1C[C@@H](O)[C@H](O)[C@H]1CO)c1ccc([N+](=O)[O-])cc1
CHEMBL5275241,O=C(c1ccccc1)C(Cc1ccc2cc(Br)c(C(F)(F)P(=O)(O)O)cc2c1)(c1ccc2cc(C(F)(F)P(=O)(O)O)c(Br)cc2c1)n1nnc2ccccc21
CHEMBL5276034,CC(C)=CCC[C@H](C)c1cccc2c(O)cc(C)cc12
CHEMBL5276727,CC(C)(C)OC(=O)COc1ccc(CC2=C(c3c[nH]c4ccccc34)c3ccccc3C(=O)C2=O)cc1
CHEMBL5277409,O=C1/C(=C/c2ccc(-c3ccccc3)cc2)NC(=S)N1c1ccccc1
CHEMBL5278919,Cc1noc(-c2ccc(C(C/C=C/c3ccccc3)(Cc3ccc(C(F)(F)P(=O)(O)O)cc3)n3nnc4ccccc43)cc2)n1
CHEMBL5281085,O=C(O)/C=C/c1ccc(-c2nc(-c3ccc(C(=O)O)cc3)[nH]c2-c2ccc(/C=C/C(=O)O)cc2)cc1
CHEMBL5281667,CC(C)=CCC[C@H](C)[C@@H]1C[C@H](O)[C@@H](C)c2c(O)cc(C)cc21
CHEMBL5282419,CCCCCCCCc1ccc(-n2c(C)ccc2-c2ccc(O[C@@H](Cc3ccccc3)C(=O)O)cc2)cc1
CHEMBL5283212,CCCCCNC(=O)[C@H](Cc1cccc(OCC(=O)O)c1C(=O)O)NC(=O)[C@H](Cc1ccccc1)NC(=O)Oc1ccccc1
CHEMBL5283970,Oc1c(Br)cc(-c2ncc(-c3ccccc3)s2)c(Br)c1O
CHEMBL5284602,Cc1cc(-c2c3ccccc3c(Br)c3sc(C)c(C)c23)cc(C)c1O[C@@H](Cc1ccccc1)C(=O)O
CHEMBL5285288,CC(C)OC(=O)c1cc(CC(Cc2ccc(C(F)(F)P(=O)(O)O)cc2)(C(=O)c2ccccc2)c2ccccc2)ccc1C(F)(F)P(=O)(O)O
CHEMBL5286861,CCc1cc(Br)ccc1S(=O)(=O)N(Cc1ccc(C(=O)C(F)(F)P(=O)(O)O)cc1)Cc1ccc(C(=O)C(F)(F)P(=O)(O)O)cc1
CHEMBL5287884,C[C@@]12CCC[C@](C)(C(=O)O)[C@H]1CCc1cc(OCC(=O)Oc3ccccc3C(=O)O)ccc12
CHEMBL5287985,CCCCCCCC/C(=C/Cn1oc(=O)[nH]c1=O)c1cccc(OCc2nc(-c3ccc(C(F)(F)F)cc3)oc2C)c1
CHEMBL5288250,O=C(c1ccc(CN(Cc2ccc(C(=O)C(F)(F)P(=O)(O)O)cc2)S(=O)(=O)c2cc(F)ccc2F)cc1)C(F)(F)P(=O)(O)O
CHEMBL5288882,CC(=C\c1csc([C@@H](Cc2ccc(OCc3ccccc3)cc2)NC(=O)CC2CCCCC2)n1)/C=C(\C)C(=O)O
CHEMBL5289453,O=P(O)(O)C(F)(F)c1ccc(C[C@@](c2ccccc2)(c2ccc(C(F)(F)P(=O)(O)O)cc2)n2nnc3ccccc32)cc1
CHEMBL5289564,COC(=O)C(O)c1ccc(NC(=O)CCCCn2cc(COc3ccc(-c4cc(C(=O)O)no4)cc3)nn2)cc1
CHEMBL5290130,C[C@@]12CC[C@@H]3[C@@](CC[C@H]4[C@@]3(C)CCC[C@@]4(C)C(=O)OCc3ccccc3I)(CC1=O)C2
CHEMBL5290331,O=c1c2cc(O)c(O)cc2oc2cc(OCc3cccc(Cl)c3F)cc(O)c12
CHEMBL5290371,CC(C)=CCC[C@H](C)[C@H]1c2cc(C)cc(O)c2[C@H](C)C[C@H]1O
CHEMBL5290531,CC(C)=CCC[C@H](C)[C@@H]1CC[C@@H](CO)c2c(O)cc(C)cc21
CHEMBL5290902,COC(CC(C)C)c1ccc2ccc(CC(Cc3ccc(C(F)(F)P(=O)(O)O)cc3)(c3ccccc3)n3nnc4ccccc43)c(P(=O)(O)O)c2n1
CHEMBL462653,C[C@@]12CC[C@@H]3[C@@](CC[C@H]4[C@@]3(C)CCC[C@@]4(C)C(=O)O)(CC1=O)C2
CHEMBL518780,CCOC(=O)[C@]1(C)CCC[C@@]2(C)[C@@H]3CC[C@@]4(C)C[C@]3(CC[C@@H]21)[C@H](Br)C4=O
CHEMBL3355409,CC(C)=CCC[C@@H](C)[C@H]1C2=C(C(=O)OC2)[C@H]2C[C@H]2[C@H](C)C[C@H]1O
CHEMBL4069998,CO[C@@]12c3c(C)cc(O)c4c3C(=C(O)[C@@H]1[C@]13COC(=O)c5c(O)cc(C)c(c51)C(=O)[C@H]2[C@@H]3OC(C)=O)C=NC4=O
CHEMBL4078208,CC(=O)O[C@H]1[C@@H]2C(=O)c3c(C)cc(O)c4c3[C@@]1(COC4=O)c1c(O)c(C=O)c3cc(O)cc(C)c3c12
CHEMBL4096260,CO[C@H]1OC(=O)c2c(O)cc(C)c3c4c(c(O)c1c23)[C@]12COC(=O)c3c(O)cc(C)c(c31)C(=O)[C@H]4[C@@H]2OC(C)=O
CHEMBL4645427,CO[C@@]12c3c(C)cc(O)c4c(=O)occ(c34)C(=O)[C@@H]1[C@]13COC(=O)c4c(O)cc(C)c(c41)C(=O)[C@H]2[C@@H]3OC(C)=O
CHEMBL5267587,C[C@@]12CC[C@@H]3[C@@](CC[C@H]4[C@@]3(C)CCC[C@@]4(C)C(=O)OCc3ccc(Br)cc3)(CC1=O)C2
CHEMBL5282928,C[C@@]12CC[C@@H]3[C@@](CC[C@H]4[C@@]3(C)CCC[C@@]4(C)C(=O)OCCN3CCNCC3)(CC1=O)C2
CHEMBL5289855,CCOC(=O)[C@]1(C)CCC[C@@]2(C)[C@@H]3CC[C@@]4(C)C[C@]3(CC[C@@H]21)C[C@H]4OC(=O)c1ccc(O)cc1
CHEMBL5393832,O=C(O)CCN1C(=O)/C(=C/c2ccc(OCCc3ccccc3)cc2)SC1=S
CHEMBL5394610,CC[C@H](C)[C@H](NC(=O)CCCCCCCCCCCCCCC(=O)O)C(=O)N[C@@H](C)C(=O)N[C@@H](CCC(N)=O)C(=O)N[C@@H](CCC(=O)O)C(=O)N[C@@H](CC(C)C)C(=O)N[C@@H](CCCNC(=N)N)C(=O)N[C@@H](CCCNC(=N)N)C(=O)N[C@H](C(=O)NCC(=O)N[C@@H](CC(=O)O)C(=O)N[C@@H](CCC(=O)O)C(=O)N[C@@H](Cc1ccccc1)C(=O)O)[C@@H](C)CC
CHEMBL5394614,CC(=O)O[C@@H]1[C@@H](OC(C)=O)[C@H](OC(=O)[C@]2(C)CCC[C@@]3(C)[C@@H]4[C@@H](O)C[C@@H]5C[C@@]4(CC[C@@H]32)C[C@@]5(O)CO)O[C@H](CO)[C@H]1O[C@@H]1OC[C@H](O)[C@H](O)[C@H]1O
CHEMBL5396275,CC[C@H](C)[C@H](NC(=O)CCCCCCCCCCCCCC(=O)O)C(=O)N[C@@H](C)C(=O)N[C@@H](CCC(N)=O)C(=O)N[C@@H](CCC(=O)O)C(=O)N[C@@H](CC(C)C)C(=O)N[C@@H](CCCNC(=N)N)C(=O)N[C@@H](CCCNC(=N)N)C(=O)N[C@H](C(=O)NCC(=O)N[C@@H](CC(=O)O)C(=O)N[C@@H](CCC(=O)O)C(=O)N[C@@H](Cc1ccccc1)C(=O)O)[C@@H](C)CC
CHEMBL5397867,CCCCCCCCCC(=O)N[C@H](C(=O)N[C@@H](C)C(=O)N[C@@H](CCC(N)=O)C(=O)N[C@@H](CCC(=O)O)C(=O)N[C@@H](CC(C)C)C(=O)N[C@@H](CCCNC(=N)N)C(=O)N[C@@H](CCCNC(=N)N)C(=O)N[C@H](C(=O)NCC(=O)N[C@@H](CC(=O)O)C(=O)N[C@@H](CCC(=O)O)C(=O)N[C@@H](Cc1ccccc1)C(=O)O)[C@@H](C)CC)[C@@H](C)CC
CHEMBL5399237,CCCCCCCCCCCCCCC(=O)N[C@H](C(=O)N[C@@H](C)C(=O)N[C@@H](CCC(N)=O)C(=O)N[C@@H](CCC(=O)O)C(=O)N[C@@H](CC(C)C)C(=O)N[C@@H](CCCNC(=N)N)C(=O)N[C@@H](CCCNC(=N)N)C(=O)N[C@H](C(=O)NCC(=O)N[C@@H](CC(=O)O)C(=O)N[C@@H](CCC(=O)O)C(=O)N[C@@H](Cc1ccccc1)C(=O)O)[C@@H](C)CC)[C@@H](C)CC
CHEMBL5400624,CC(=O)O[C@@H]1CC[C@]2(C)[C@H]3CCC4=C([C@@H](C)CCC=C(C)C)CC[C@@]4(C)[C@]3(C)CC[C@H]2C1(C)C
CHEMBL5400785,CCCCCCCCCCCCCCCCCC(=O)N[C@H](C(=O)N[C@@H](C)C(=O)N[C@@H](CCC(N)=O)C(=O)N[C@@H](CCC(=O)O)C(=O)N[C@@H](CC(C)C)C(=O)N[C@@H](CCCNC(=N)N)C(=O)NC(CCCNC(=N)N)C(=O)N[C@H](C(=O)NCC(=O)N[C@@H](CC(=O)O)C(=O)N[C@@H](CCC(=O)O)C(=O)N[C@@H](Cc1ccccc1)C(=O)O)[C@@H](C)CC)[C@@H](C)CC
CHEMBL5401343,CC[C@H](C)[C@H](NC(=O)CCCCCCCCCCCCCCCCCCCCC(=O)O)C(=O)N[C@@H](C)C(=O)N[C@@H](CCC(N)=O)C(=O)N[C@@H](CCC(=O)O)C(=O)N[C@@H](CC(C)C)C(=O)N[C@@H](CCCNC(=N)N)C(=O)NC(CCCNC(=N)N)C(=O)N[C@H](C(=O)NCC(=O)N[C@@H](CC(=O)O)C(=O)N[C@@H](CCC(=O)O)C(=O)N[C@@H](Cc1ccccc1)C(=O)O)[C@@H](C)CC
CHEMBL5401948,CCCCCCCCCCCCCCCCC(=O)N[C@H](C(=O)N[C@@H](C)C(=O)N[C@@H](CCC(N)=O)C(=O)N[C@@H](CCC(=O)O)C(=O)N[C@@H](CC(C)C)C(=O)N[C@@H](CCCNC(=N)N)C(=O)N[C@@H](CCCNC(=N)N)C(=O)N[C@H](C(=O)NCC(=O)N[C@@H](CC(=O)O)C(=O)N[C@@H](CCC(=O)O)C(=O)N[C@@H](Cc1ccccc1)C(=O)O)[C@@H](C)CC)[C@@H](C)CC
CHEMBL5402151,C=C1C[C@@]23CC[C@H]4[C@@](C)(CCC[C@@]4(C)C(=O)O[C@@H]4O[C@H](CO)[C@@H](O[C@@H]5OC[C@H](O)[C@H](O)[C@H]5O)[C@H](OC(C)=O)[C@H]4OC(C)=O)[C@@H]2[C@@H](O)[C@@H]1C(=O)C3
CHEMBL5403215,CCCCCCCCCCCC(=O)N[C@H](C(=O)N[C@@H](C)C(=O)N[C@@H](CCC(N)=O)C(=O)N[C@@H](CCC(=O)O)C(=O)N[C@@H](CC(C)C)C(=O)N[C@@H](CCCNC(=N)N)C(=O)N[C@@H](CCCNC(=N)N)C(=O)N[C@H](C(=O)NCC(=O)N[C@@H](CC(=O)O)C(=O)N[C@@H](CCC(=O)O)C(=O)N[C@@H](Cc1ccccc1)C(=O)O)[C@@H](C)CC)[C@@H](C)CC
CHEMBL5403486,CCCCCCCCCOc1ccc(-c2ccc(CC(=O)O)cc2)cc1C(=O)O
CHEMBL5404938,CCCCCCCCCCCCCCCC(=O)N[C@H](C(=O)N[C@@H](C)C(=O)N[C@@H](CCC(N)=O)C(=O)N[C@@H](CCC(=O)O)C(=O)N[C@@H](CC(C)C)C(=O)N[C@@H](CCCNC(=N)N)C(=O)N[C@@H](CCCNC(=N)N)C(=O)N[C@H](C(=O)NCC(=O)N[C@@H](CC(=O)O)C(=O)N[C@@H](CCC(=O)O)C(=O)N[C@@H](Cc1ccccc1)C(=O)O)[C@@H](C)CC)[C@@H](C)CC
CHEMBL5407062,C=C1[C@@H]2CC[C@H]3[C@]4(C)CCC[C@@](C)(C(=O)O[C@@H]5O[C@H](CO)[C@@H](O[C@@H]6OC[C@H](O)[C@H](O)[C@H]6O)[C@H](OC(C)=O)[C@H]5OC(C)=O)[C@H]4CC[C@]3(C2)[C@H]1O[C@@H]1O[C@H](CO)[C@@H](O)[C@H](O)[C@H]1O
CHEMBL5407344,CC[C@H](C)[C@H](NC(=O)CCCCCCCCCCCCCCCCCCC(=O)O)C(=O)N[C@@H](C)C(=O)N[C@@H](CCC(N)=O)C(=O)N[C@@H](CCC(=O)O)C(=O)N[C@@H](CC(C)C)C(=O)N[C@@H](CCCNC(=N)N)C(=O)NC(CCCNC(=N)N)C(=O)N[C@H](C(=O)NCC(=O)N[C@@H](CC(=O)O)C(=O)N[C@@H](CCC(=O)O)C(=O)N[C@@H](Cc1ccccc1)C(=O)O)[C@@H](C)CC
CHEMBL5410568,O=C(O)CN1C(=O)/C(=C/c2ccc(OCCCCc3ccccc3)cc2)SC1=S
CHEMBL5410633,O=C(O)CCN1C(=O)/C(=C/c2cccc(OCCCCc3ccccc3)c2)SC1=S
CHEMBL5415315,CC(=O)O[C@@H]1C[C@@H](C)[C@@H]2C[C@@H]2C2=C(CNC2=O)[C@@H]1[C@H](C)CCC=C(C)C
CHEMBL5416613,CC[C@H](C)[C@H](NC(=O)CCCCCCCCCCCCCCCCCC(=O)O)C(=O)N[C@@H](C)C(=O)N[C@@H](CCC(N)=O)C(=O)N[C@@H](CCC(=O)O)C(=O)N[C@@H](CC(C)C)C(=O)N[C@@H](CCCNC(=N)N)C(=O)NC(CCCNC(=N)N)C(=O)N[C@H](C(=O)NCC(=O)N[C@@H](CC(=O)O)C(=O)N[C@@H](CCC(=O)O)C(=O)N[C@@H](Cc1ccccc1)C(=O)O)[C@@H](C)CC
CHEMBL5416957,CO[C@@H]1OC(=O)c2c(O)cc(C)c3c4c(c(O)c1c23)[C@]12COC(=O)c3c(O)cc(C)c(c31)C(=O)[C@H]4[C@@H]2OC(C)=O
CHEMBL5417528,CCCCCCCCCCCCC(=O)N[C@H](C(=O)N[C@@H](C)C(=O)N[C@@H](CCC(N)=O)C(=O)N[C@@H](CCC(=O)O)C(=O)N[C@@H](CC(C)C)C(=O)N[C@@H](CCCNC(=N)N)C(=O)N[C@@H](CCCNC(=N)N)C(=O)N[C@H](C(=O)NCC(=O)N[C@@H](CC(=O)O)C(=O)N[C@@H](CCC(=O)O)C(=O)N[C@@H](Cc1ccccc1)C(=O)O)[C@@H](C)CC)[C@@H](C)CC
CHEMBL5420819,CC[C@H](C)[C@H](NC(=O)CCCCCCCCCCCCCCCC(=O)O)C(=O)N[C@@H](C)C(=O)N[C@@H](CCC(N)=O)C(=O)N[C@@H](CCC(=O)O)C(=O)N[C@@H](CC(C)C)C(=O)N[C@@H](CCCNC(=N)N)C(=O)NC(CCCNC(=N)N)C(=O)N[C@H](C(=O)NCC(=O)N[C@@H](CC(=O)O)C(=O)N[C@@H](CCC(=O)O)C(=O)N[C@@H](Cc1ccccc1)C(=O)O)[C@@H](C)CC
CHEMBL5421468,CC(=O)O[C@H]1[C@@H]2C(=O)c3c(C)cc(O)c4c3[C@@]1(COC4=O)c1c(O)c3c4c(c(O)cc(C)c4c12)C(=O)OC3=O
CHEMBL5421771,CCCCCCCCCCCCCCCCCCCC(=O)N[C@H](C(=O)N[C@@H](C)C(=O)N[C@@H](CCC(N)=O)C(=O)N[C@@H](CCC(=O)O)C(=O)N[C@@H](CC(C)C)C(=O)N[C@@H](CCCNC(=N)N)C(=O)NC(CCCNC(=N)N)C(=O)N[C@H](C(=O)NCC(=O)N[C@@H](CC(=O)O)C(=O)N[C@@H](CCC(=O)O)C(=O)N[C@@H](Cc1ccccc1)C(=O)O)[C@@H](C)CC)[C@@H](C)CC
CHEMBL5422167,CCCCCCCCCCCCCCCCCCCCCC(=O)N[C@H](C(=O)N[C@@H](C)C(=O)N[C@@H](CCC(N)=O)C(=O)N[C@@H](CCC(=O)O)C(=O)N[C@@H](CC(C)C)C(=O)N[C@@H](CCCNC(=N)N)C(=O)NC(CCCNC(=N)N)C(=O)N[C@H](C(=O)NCC(=O)N[C@@H](CC(=O)O)C(=O)N[C@@H](CCC(=O)O)C(=O)N[C@@H](Cc1ccccc1)C(=O)O)[C@@H](C)CC)[C@@H](C)CC
CHEMBL5422235,CC(=O)O[C@H]1[C@@H]2C(=O)c3c(C)cc(O)c4c3[C@@]1(COC4=O)c1c(O)c3c4c(c(O)cc(C)c4c12)C(=O)O3
CHEMBL5422813,CC(=O)O[C@@H]1C[C@@H](C)[C@@H]2C[C@@H]2C2=C(C(=O)NC2)[C@@H]1[C@H](C)CCC=C(C)C
CHEMBL5424323,CC1(C)c2[nH]c3ccc(C(F)(F)F)cc3c2C[C@]2(C)[C@H]3C(=O)C=C4[C@@H]5C[C@@](C)(C(=O)O)CC[C@]5(C)CC[C@@]4(C)[C@]3(C)CC[C@@H]12
CHEMBL5426958,CCO[C@@H]1C/C=C(\C)CC[C@@H]([C@H](C)CCC=C(C)C)C2=C1C(=O)N[C@H]2O
CHEMBL5428185,O=C(O)CN1C(=O)/C(=C/c2cccc(OCCCCc3ccccc3)c2)SC1=S
CHEMBL5432118,CC[C@H](C)[C@H](NC(=O)CCCCCCCCCCCCCCCCC(=O)O)C(=O)N[C@@H](C)C(=O)N[C@@H](CCC(N)=O)C(=O)N[C@@H](CCC(=O)O)C(=O)N[C@@H](CC(C)C)C(=O)N[C@@H](CCCNC(=N)N)C(=O)NC(CCCNC(=N)N)C(=O)N[C@H](C(=O)NCC(=O)N[C@@H](CC(=O)O)C(=O)N[C@@H](CCC(=O)O)C(=O)N[C@@H](Cc1ccccc1)C(=O)O)[C@@H](C)CC
CHEMBL5432267,O=C(O)CCN1C(=O)/C(=C/c2ccc(OCCCCc3ccccc3)cc2)SC1=S
CHEMBL5435535,CCCCCCCCCCCCCCCC(=O)N[C@@H](CCC(=O)N[C@H](C(=O)N[C@@H](C)C(=O)N[C@H](CCC(N)=O)C(=O)N[C@@H](CCC(=O)O)C(=O)N[C@@H](CC(C)C)C(=O)N[C@@H](CCCNC(=N)N)C(=O)N[C@@H](CCCNC(=N)N)C(=O)N[C@H](C(=O)NCC(=O)N[C@@H](CC(=O)O)C(=O)N[C@@H](CCC(=O)O)C(=O)N[C@@H](Cc1ccccc1)C(=O)O)[C@@H](C)CC)[C@@H](C)CC)C(=O)O
CHEMBL5436028,CCCCCCCCCCCCCC(=O)N[C@H](C(=O)N[C@@H](C)C(=O)N[C@@H](CCC(N)=O)C(=O)N[C@@H](CCC(=O)O)C(=O)N[C@@H](CC(C)C)C(=O)N[C@@H](CCCNC(=N)N)C(=O)NC(CCCNC(=N)N)C(=O)N[C@H](C(=O)NCC(=O)N[C@@H](CC(=O)O)C(=O)N[C@@H](CCC(=O)O)C(=O)N[C@@H](Cc1ccccc1)C(=O)O)[C@@H](C)CC)[C@@H](C)CC
CHEMBL5436090,CC(=O)O[C@@H]1[C@@H](OC(C)=O)[C@H](OC(=O)[C@]2(C)CCC[C@@]3(C)[C@@H]4[C@@H](O)[C@@H]5C(=O)C[C@]4(C=C5C)CC[C@@H]32)O[C@H](CO)[C@H]1O[C@@H]1OC[C@H](O)[C@H](O)[C@H]1O
CHEMBL5437352,COc1cc(/C=C2/NC(=O)N(Cc3ccccc3)C2=O)cc(Cl)c1OCc1cccc(C(=O)O)c1
CHEMBL5438848,COc1cc(/C=C2/NC(=O)N(Cc3ccc(C)cc3)C2=O)ccc1OCc1cccc(C(=O)O)c1
CHEMBL5439633,CCCCCCCCCCCCCCCCCCC(=O)N[C@H](C(=O)N[C@@H](C)C(=O)N[C@@H](CCC(N)=O)C(=O)N[C@@H](CCC(=O)O)C(=O)N[C@@H](CC(C)C)C(=O)N[C@@H](CCCNC(=N)N)C(=O)NC(CCCNC(=N)N)C(=O)N[C@H](C(=O)NCC(=O)N[C@@H](CC(=O)O)C(=O)N[C@@H](CCC(=O)O)C(=O)N[C@@H](Cc1ccccc1)C(=O)O)[C@@H](C)CC)[C@@H](C)CC
CHEMBL5440526,CC[C@H](C)C[C@H](C)[C@@H](O)[C@@H](C)/C=C(\C)[C@@H](O)[C@@H](C)/C=C(\C)[C@@H](O)[C@@H](C)/C=C(\C)C=O
CHEMBL51314,CC(C)(C)C(=O)Nc1ccc2c(c1)C(=O)C(=O)c1ccccc1-2
CHEMBL244695,O=C(O)c1ccc2c(c1)C1C=CCC1C(C(=O)O)N2
CHEMBL4447474,CC1=C[C@@]2(C)C(=C(C)[C@H]3[C@@H]4C[C@H](C)C[C@H](C)[C@H]4[C@@H]4Oc5ccc(cc5)C[C@@]5(O)C=C(C(=O)N5)C(=O)[C@@H]2[C@@H]43)[C@H]1C
CHEMBL4469905,CC1=C[C@@]2(C)C(=C(C)[C@H]3[C@@H]4C[C@H](C)C[C@H](C)[C@H]4[C@H]4Oc5ccc(cc5)C[C@]5(O)NC(=O)[C@]6(O[C@H]65)C(=O)[C@H]2[C@@H]43)[C@H]1C
CHEMBL5396728,CC(=O)O[C@H]1[C@@H]2C(=O)c3c(C)cc(O)c4c3[C@@]1(COC4=O)C1=C2c2c(C)cc(O)c3c(=O)n(-c4ccccc4)cc(c23)C1=O
CHEMBL5398996,CC(=O)O[C@H]1[C@@H]2C(=O)c3c(C)cc(O)c4c3[C@@]1(COC4=O)C1=C2c2c(C)cc(O)c3c(=O)n(-c4ccc(O)cc4)cc(c23)C1=O
CHEMBL5399128,CC(=O)O[C@H]1[C@@H]2C(=O)c3c(C)cc(O)c4c3[C@@]1(COC4=O)C1=C2c2c(C)cc(O)c3c(=O)n(-c4ccc(Br)cc4)cc(c23)C1=O
CHEMBL5400065,CC(=O)O[C@H]1[C@@H]2C(=O)c3c(C)cc(O)c4c3[C@@]1(COC4=O)C1=C2c2c(C)cc(O)c3c(=O)n(-c4ccc([N+](=O)[O-])cc4)cc(c23)C1=O
CHEMBL5401310,CC(=O)O[C@H]1[C@@H]2C(=O)c3c(C)cc(O)c4c3[C@@]1(COC4=O)C1=C2c2c(C)cc(O)c3c(=O)n(-c4ccccc4O)cc(c23)C1=O
CHEMBL5405091,CC(=O)O[C@H]1[C@@H]2C(=O)c3c(C)cc(O)c4c3[C@@]1(COC4=O)C1=C2c2c(C)cc(O)c3c(=O)n(-c4ccc(Cl)cc4)cc(c23)C1=O
CHEMBL5406102,CC(=O)O[C@H]1[C@@H]2C(=O)c3c(C)cc(O)c4c3[C@@]1(COC4=O)C1=C2c2c(C)cc(O)c3c(=O)n(-c4ccccn4)cc(c23)C1=O
CHEMBL5407129,CO[C@@]12c3c(C)cc(O)c4c(=O)n(-c5ccc(C)cc5)cc(c34)C(=O)[C@@H]1[C@]13COC(=O)c4c(O)cc(C)c(c41)C(=O)[C@H]2[C@@H]3OC(C)=O
CHEMBL5407381,CC(=O)O[C@H]1[C@@H]2C(=O)c3c(C)cc(O)c4c3[C@@]1(COC4=O)C1=C2c2c(C)cc(O)c3c(=O)n(-c4cnc5ccccc5c4)cc(c23)C1=O
CHEMBL5407467,CC(=O)O[C@H]1[C@@H]2C(=O)c3c(C)cc(O)c4c3[C@@]1(COC4=O)C1=C2c2c(C)cc(O)c3c(=O)n(-c4cccc5cccnc45)cc(c23)C1=O
CHEMBL5409363,CC(=O)O[C@H]1[C@@H]2C(=O)c3c(C)cc(O)c4c3[C@@]1(COC4=O)C1=C2c2c(C)cc(O)c3c(=O)n(-c4cc(C)ccn4)cc(c23)C1=O
CHEMBL5409746,CC(=O)O[C@H]1[C@@H]2C(=O)c3c(C)cc(O)c4c3[C@@]1(COC4=O)C1=C2c2c(C)cc(O)c3c(=O)n(-c4ccc5ncccc5c4)cc(c23)C1=O
CHEMBL5413026,CC(=O)O[C@H]1[C@@H]2C(=O)c3c(C)cc(O)c4c3[C@@]1(COC4=O)C1=C2c2c(C)cc(O)c3c(=O)n(-c4ccc(O)cc4[N+](=O)[O-])cc(c23)C1=O
CHEMBL5413042,CO[C@@]12c3c(C)cc(O)c4c(=O)n(-c5cccc(Cl)c5)cc(c34)C(=O)[C@@H]1[C@]13COC(=O)c4c(O)cc(C)c(c41)C(=O)[C@H]2[C@@H]3OC(C)=O
CHEMBL5413768,CC(=O)O[C@H]1[C@@H]2C(=O)c3c(C)cc(O)c4c3[C@@]1(COC4=O)C1=C2c2c(C)cc(O)c3c(=O)n(-c4cccc([N+](=O)[O-])c4)cc(c23)C1=O
CHEMBL5415020,CO[C@@]12c3c(C)cc(O)c4c(=O)n(-c5ccc([N+](=O)[O-])cc5)cc(c34)C(=O)[C@@H]1[C@]13COC(=O)c4c(O)cc(C)c(c41)C(=O)[C@H]2[C@@H]3OC(C)=O
CHEMBL5415903,O=C1CN(c2c(O)cc3ccc(Br)cc3c2F)S(=O)(=O)N1
CHEMBL5418216,CC(=O)O[C@H]1[C@@H]2C(=O)c3c(C)cc(O)c4c3[C@@]1(COC4=O)C1=C2c2c(C)cc(O)c3c(=O)n(-c4cccc5ncccc45)cc(c23)C1=O
CHEMBL5420456,CC1=C2[C@@H](C)[C@@]3(C)O[C@H]3[C@]2(C)[C@H]2C(=O)[C@]34O[C@H]3[C@](O)(Cc3ccc(cc3)O[C@@H]3[C@H]5[C@@H](C[C@H](C)C[C@@H]5C)[C@H]1[C@H]32)NC4=O
CHEMBL5421141,CC1=C[C@@]2(C)C(=C(C)[C@H]3[C@@H]4C[C@H](C)C[C@H](C)[C@H]4[C@H]4Oc5ccc(cc5)C[C@@H]5C(=O)NC(=O)[C@H]5C(=O)[C@H]2[C@@H]43)[C@H]1C
CHEMBL5421448,CC(=O)O[C@H]1[C@@H]2C(=O)c3c(C)cc(O)c4c3[C@@]1(COC4=O)C1=C2c2c(C)cc(O)c3c(=O)n(-c4ccc(C)cc4)cc(c23)C1=O
CHEMBL5422256,CO[C@@]12c3c(C)cc(O)c4c(=O)n(CC(=O)O)cc(c34)C(=O)[C@@H]1[C@]13COC(=O)c4c(O)cc(C)c(c41)C(=O)[C@H]2[C@@H]3OC(C)=O
CHEMBL5422468,CCOC(=O)[C@H](Cc1ccccc1)n1cc2c3c(c(C)cc(O)c3c1=O)C1=C(C2=O)[C@]23COC(=O)c4c(O)cc(C)c(c42)C(=O)[C@H]1[C@@H]3OC(C)=O
CHEMBL5422593,CC(=O)O[C@H]1[C@@H]2C(=O)c3c(C)cc(O)c4c3[C@@]1(COC4=O)C1=C2c2c(C)cc(O)c3c(=O)n(-c4ccccc4[N+](=O)[O-])cc(c23)C1=O
CHEMBL5423615,COc1cc(CC(=O)N[C@@H](Cc2ccccc2)C(=O)N[C@@H](Cc2ccc(C(F)(F)P(=O)(O)O)cc2)C(=O)N[C@@H](CCCCNC(=O)c2ccc(C)c(Br)c2)C(N)=O)ccc1O
CHEMBL5424485,CC(=O)O[C@H]1[C@@H]2C(=O)c3c(C)cc(O)c4c3[C@@]1(COC4=O)C1=C2c2c(C)cc(O)c3c(=O)n(-c4ccccc4Cl)cc(c23)C1=O
CHEMBL5425057,CO[C@@]12c3c(C)cc(O)c4c(=O)n(-c5ccc(Br)cc5)cc(c34)C(=O)[C@@H]1[C@]13COC(=O)c4c(O)cc(C)c(c41)C(=O)[C@H]2[C@@H]3OC(C)=O
CHEMBL5425450,CC(=O)O[C@H]1[C@@H]2C(=O)c3c(C)cc(O)c4c3[C@@]1(COC4=O)C1=C2c2c(C)cc(O)c3c(=O)n(-c4ccc(I)cc4)cc(c23)C1=O
CHEMBL5425610,CC(=O)O[C@H]1[C@@H]2C(=O)c3c(C)cc(O)c4c3[C@@]1(COC4=O)C1=C2c2c(C)cc(O)c3c(=O)n(-c4ccccc4F)cc(c23)C1=O
CHEMBL5425773,CO[C@@]12c3c(C)cc(O)c4c(=O)n(-c5cccc([N+](=O)[O-])c5)cc(c34)C(=O)[C@@H]1[C@]13COC(=O)c4c(O)cc(C)c(c41)C(=O)[C@H]2[C@@H]3OC(C)=O
CHEMBL5425817,CC(=O)O[C@H]1[C@@H]2C(=O)c3c(C)cc(O)c4c3[C@@]1(COC4=O)C1=C2c2c(C)cc(O)c3c(=O)n(-c4cccc(Cl)c4)cc(c23)C1=O
CHEMBL5431400,COc1ccc(-n2cc3c4c(c(C)cc(O)c4c2=O)C2=C(C3=O)[C@]34COC(=O)c5c(O)cc(C)c(c53)C(=O)[C@H]2[C@@H]4OC(C)=O)cc1
CHEMBL5431997,CC(=O)O[C@H]1[C@@H]2C(=O)c3c(C)cc(O)c4c3[C@@]1(COC4=O)C1=C2c2c(C)cc(O)c3c(=O)n(-c4ncccc4C)cc(c23)C1=O
CHEMBL5433930,CCOC(=O)[C@H](Cc1ccccc1)n1cc2c3c(c(C)cc(O)c3c1=O)[C@]1(OC)[C@H](C2=O)[C@]23COC(=O)c4c(O)cc(C)c(c42)C(=O)[C@H]1[C@@H]3OC(C)=O
CHEMBL5434320,COc1cc(-n2cc3c4c(c(C)cc(O)c4c2=O)C2=C(C3=O)[C@]34COC(=O)c5c(O)cc(C)c(c53)C(=O)[C@H]2[C@@H]4OC(C)=O)cc(OC)c1OC
CHEMBL5438921,COc1ccc(-n2cc3c4c(c(C)cc(O)c4c2=O)C2=C(C3=O)[C@]34COC(=O)c5c(O)cc(C)c(c53)C(=O)[C@H]2[C@@H]4OC(C)=O)cc1OC
CHEMBL5440067,CC(=O)O[C@H]1[C@@H]2C(=O)c3c(C)cc(O)c4c3[C@@]1(COC4=O)C1=C2c2c(C)cc(O)c3c(=O)n(-c4ccccc4I)cc(c23)C1=O
CHEMBL5440995,CC(=O)O[C@H]1[C@@H]2C(=O)c3c(C)cc(O)c4c3[C@@]1(COC4=O)C1=C2c2c(C)cc(O)c3c(=O)[nH]cc(c23)C1=O
CHEMBL5483071,CC(=O)O[C@H]1[C@@H]2C(=O)c3c(C)cc(O)c4c3[C@@]1(COC4=O)C1=C2c2c(C)cc(O)c3c(=O)n(-c4cccnc4)cc(c23)C1=O
CHEMBL5556670,O=C1NC(=O)/C(=C\c2ccc(C(=O)Nc3nnc(SCc4ccccc4)s3)cc2)S1
CHEMBL5556951,O=C1NC(=O)/C(=C\c2ccc(C(=O)Nc3nnc(SCc4ccc(Br)cc4)s3)cc2)S1
CHEMBL5559131,O=C1NC(=O)/C(=C\c2ccc(C(=O)Nc3nnc(SCc4cccc(Br)c4)s3)cc2)S1
CHEMBL5561387,O=C1NC(=O)/C(=C\c2ccc(C(=O)Nc3nnc(SCc4ccc(F)cc4)s3)cc2)S1
CHEMBL5561609,O=C1NC(=O)/C(=C\c2ccc(C(=O)Nc3nnc(SCc4ccccc4Br)s3)cc2)S1
CHEMBL5565261,O=C1NC(=O)/C(=C\c2ccc(C(=O)Nc3nnc(SCc4cccc(F)c4)s3)cc2)S1
CHEMBL5566069,O=C1NC(=O)/C(=C\c2ccc(C(=O)Nc3nnc(SCc4ccccc4F)s3)cc2)S1
CHEMBL57974,O=P(O)(O)C(F)(F)c1ccccc1
CHEMBL5095164,CC(C)CCN[C@@H]1CCc2cc(O)c(N3CC(=O)NS3(=O)=O)c(F)c2C1
CHEMBL5518105,O=C1NC(=O)/C(=C/c2ccc(C(=O)Nc3nnc(SCc4ccc(-c5ccccc5)cc4)s3)cc2)S1
CHEMBL5531981,O=C1NC(=O)/C(=C/c2ccc(C(=O)Nc3nnc(SCc4ccc(F)c(F)c4F)s3)cc2)S1
CHEMBL5532077,COC(=O)c1ccc(CSc2nnc(NC(=O)c3ccc(/C=C4/SC(=O)NC4=O)cc3)s2)cc1
CHEMBL5532562,O=C1NC(=O)/C(=C/c2ccc(C(=O)Nc3nnc(SCc4ccc5ncccc5c4)s3)cc2)S1
CHEMBL5537066,O=C1NC(=O)/C(=C\c2ccc(C(=O)Nc3nnc(SCc4cccc(C(F)(F)F)c4)s3)cc2)S1
CHEMBL5542548,O=C1NC(=O)/C(=C/c2ccc(C(=O)Nc3nnc(SCc4ccc(F)c(Cl)c4)s3)cc2)S1
CHEMBL5542780,O=C1NC(=O)/C(=C\c2ccc(C(=O)Nc3nnc(SCc4ccccc4Cl)s3)cc2)S1
CHEMBL5549781,O=C1NC(=O)/C(=C\c2ccc(C(=O)Nc3nnc(SCc4ccc(OC(F)(F)F)cc4)s3)cc2)S1
CHEMBL5555119,O=P(O)(O)C(F)(F)c1ccc2sccc2c1
CHEMBL5555356,CC(C)(C)c1ccc(CSc2nnc(NC(=O)c3ccc(/C=C4\SC(=O)NC4=O)cc3)s2)cc1
CHEMBL5555375,O=C1NC(=O)/C(=C\c2ccc(C(=O)Nc3nnc(SCc4ccccc4OC(F)(F)F)s3)cc2)S1
CHEMBL5555556,O=C1NC(=O)/C(=C/c2ccc(C(=O)Nc3nnc(SCc4ccc(F)cc4Cl)s3)cc2)S1
CHEMBL5555685,O=C1NC(=O)/C(=C/c2ccc(C(=O)Nc3nnc(SCc4ccc5ccccc5c4)s3)cc2)S1
CHEMBL5556146,CS(=O)(=O)c1ccc(CSc2nnc(NC(=O)c3ccc(/C=C4\SC(=O)NC4=O)cc3)s2)cc1
CHEMBL5556233,O=C1NC(=O)/C(=C/c2ccc(C(=O)Nc3nnc(SCc4cc(C(F)(F)F)cc(C(F)(F)F)c4)s3)cc2)S1
CHEMBL5556693,N#Cc1ccccc1CSc1nnc(NC(=O)c2ccc(/C=C3/SC(=O)NC3=O)cc2)s1
CHEMBL5556892,O=P(O)(O)C(F)(F)c1ccc2c(c1)C(F)(F)c1cc(Br)ccc1-2
CHEMBL5557123,COC(=O)c1cccc(CSc2nnc(NC(=O)c3ccc(/C=C4/SC(=O)NC4=O)cc3)s2)c1
CHEMBL5559145,Cc1ccccc1CSc1nnc(NC(=O)c2ccc(/C=C3/SC(=O)NC3=O)cc2)s1
CHEMBL5559440,Cc1ccc(CSc2nnc(NC(=O)c3ccc(/C=C4/SC(=O)NC4=O)cc3)s2)cc1
CHEMBL5559660,CCN1CCc2cc(O)c(N3CC(=O)NS3(=O)=O)c(F)c2CC1
CHEMBL5559860,O=C1NC(=O)/C(=C/c2ccc(C(=O)Nc3nnc(SCc4ccc(C(F)(F)F)cc4)s3)cc2)S1
CHEMBL5560013,Cc1cccc(CSc2nnc(NC(=O)c3ccc(/C=C4/SC(=O)NC4=O)cc3)s2)c1
CHEMBL5560087,O=P(O)(O)C(F)(F)c1ccc2sc3ccc(Br)cc3c2c1
CHEMBL5560557,O=C1NC(=O)/C(=C\c2ccc(C(=O)Nc3nnc(SCc4ccccc4C(F)(F)F)s3)cc2)S1
CHEMBL5560637,N#Cc1cccc(CSc2nnc(NC(=O)c3ccc(/C=C4/SC(=O)NC4=O)cc3)s2)c1
CHEMBL5561953,O=C1NC(=O)/C(=C/c2ccc(C(=O)Nc3nnc(SCc4ccc(F)cc4F)s3)cc2)S1
CHEMBL5562671,O=C1NC(=O)/C(=C/c2ccc(C(=O)Nc3nnc(SCc4ccc(F)c(F)c4)s3)cc2)S1
CHEMBL5562778,O=C1NC(=O)/C(=C\c2ccc(C(=O)Nc3nnc(SCc4ccccc4-c4ccccc4)s3)cc2)S1
CHEMBL5563559,COC(=O)c1ccccc1CSc1nnc(NC(=O)c2ccc(/C=C3/SC(=O)NC3=O)cc2)s1
CHEMBL5564167,O=C1NC(=O)/C(=C\c2ccc(C(=O)Nc3nnc(SCc4cccc([N+](=O)[O-])c4)s3)cc2)S1
CHEMBL5565151,C[C@@H]1CC[C@@H]([C@@H](c2ccccc2)c2c(O)c(C=O)c(O)c(C=O)c2O)[C@]2(C)CC[C@@H](C(C)(C)O)C=C12
CHEMBL5566801,COc1cccc(CSc2nnc(NC(=O)c3ccc(/C=C4/SC(=O)NC4=O)cc3)s2)c1
CHEMBL5567073,O=C1NC(=O)/C(=C\c2ccc(C(=O)Nc3nnc(SCc4ccccc4[N+](=O)[O-])s3)cc2)S1
CHEMBL5567776,N#Cc1ccc(CSc2nnc(NC(=O)c3ccc(/C=C4/SC(=O)NC4=O)cc3)s2)cc1
CHEMBL5567799,O=C1NC(=O)/C(=C\c2ccc(C(=O)Nc3nnc(SCc4cccc(OC(F)(F)F)c4)s3)cc2)S1
CHEMBL5567930,O=C1NC(=O)/C(=C\c2ccc(C(=O)Nc3nnc(SCc4cccc(Cl)c4)s3)cc2)S1
CHEMBL5567968,C=C(c1ccccc1)c1ccc(C(F)(F)P(=O)(O)O)c2c1oc1ccccc12
CHEMBL5568353,O=C1NC(=O)/C(=C\c2ccc(C(=O)Nc3nnc(SCc4ccc(Cl)cc4)s3)cc2)S1
CHEMBL5568550,O=C1NC(=O)/C(=C\c2ccc(C(=O)Nc3nnc(SCc4ccc([N+](=O)[O-])cc4)s3)cc2)S1
CHEMBL5570631,CC1(C)[C@H]2[C@H]3[C@@H](CC[C@]3(C)[C@@H](c3ccccc3)c3c(O)c(C=O)c(O)c(C=O)c3O)[C@](C)(O)CC[C@H]21
CHEMBL5572657,C=C1CC[C@@H]2[C@H](c3ccccc3)c3c(O)c(C=O)c(O)c(C=O)c3O[C@@]2(C)CC[C@H]2[C@H]1CC2(C)C
CHEMBL5618838,O=C1CN(c2c(O)cc3c(c2F)C[C@H](NCCC(F)F)N3)S(=O)(=O)N1
CHEMBL5619195,O=C1CN(c2c(O)cc3ccc(NCC4CC4)cc3c2F)S(=O)(=O)N1
CHEMBL5619222,COc1cc(CC(=O)NC(Cc2ccccc2)C(=O)NC(Cc2ccc(C(F)(F)P(=O)(O)O)cc2)C(=O)N[C@@H](CCCCNC(=O)c2ccc(C)c(Br)c2)C(N)=O)ccc1O
CHEMBL5619806,CC(C)(O)CCOc1ccc2cc(O)c(N3CC(=O)NS3(=O)=O)c(F)c2c1
CHEMBL5630980,O=C(O)[C@H](C1CCCCC1)N1C(=O)/C(=C/c2ccc(-c3ccc(F)c(C(F)(F)F)c3)cc2)SC1=S
CHEMBL5631051,CCCC[C@@H](C(=O)O)N1C(=O)/C(=C/c2ccc(-c3ccc(F)c(C(F)(F)F)c3)cc2)SC1=S
CHEMBL5624476,O=C(Nc1ccc(/C=C2\SC(=O)N(C(=O)CN3CCN(S(=O)(=O)c4ccccc4)CC3)C2=O)cc1)c1cc(O)c(O)c(O)c1
CHEMBL5624477,O=C1c2ccccc2C(=O)N1CC(=O)N1C(=O)S/C(=C\c2ccc([N+](=O)[O-])cc2)C1=O
CHEMBL5624504,O=C(O)[C@H](C1CCCCC1)N1C(=O)/C(=C/c2ccc(-c3cccc(Cl)c3)cc2)SC1=S
CHEMBL5624515,O=C(CN1CCN(S(=O)(=O)c2ccccc2)CC1)N1C(=O)S/C(=C\c2ccc(OCc3ccccc3)cc2)C1=O
CHEMBL5624535,O=C(Nc1ccc(/C=C2\SC(=O)N(C(=O)CN3C(=O)c4ccccc4C3=O)C2=O)cc1)c1cc(O)c(O)c(O)c1
CHEMBL5624539,CS(=O)(=O)N1CCN(CC(=O)N2C(=O)S/C(=C\c3ccc(NC(=O)c4cc(O)c(O)c(O)c4)cc3)C2=O)CC1
CHEMBL5624568,O=C(O)[C@H](C1CCCCC1)N1C(=O)/C(=C/c2ccc(-c3cccc(C(F)(F)F)c3)cc2)SC1=S
CHEMBL5624636,CCCC[C@@H](C(=O)O)N1C(=O)/C(=C/c2ccc(-c3cccc(Cl)c3)s2)SC1=S
CHEMBL5624654,CS(=O)(=O)N1CCN(CC(=O)N2C(=O)S/C(=C\c3ccc(F)c(F)c3)C2=O)CC1
CHEMBL5624831,CCCC[C@@H](C(=O)O)N1C(=O)/C(=C/c2ccc(-c3ccc(Cl)cc3)cc2)SC1=S
CHEMBL5624847,O=C1c2ccccc2C(=O)N1CC(=O)N1C(=O)S/C(=C\c2ccc(OCc3ccccc3)cc2)C1=O
CHEMBL5624932,CCCC[C@@H](C(=O)O)N1C(=O)/C(=C/c2ccc(-c3cccc(C(F)(F)F)c3)cc2)SC1=S
CHEMBL5624938,CS(=O)(=O)n1cc2c(n1)CN(CC(=O)N1C(=O)S/C(=C\c3ccc(F)c(F)c3)C1=O)C2
CHEMBL5624951,O=C(O)c1cc2cc(N(Cc3ccc(OCc4ccccc4)cc3)S(=O)(=O)c3ccc(-c4ccccc4)cc3)ccc2o1
CHEMBL5625012,CCCC[C@@H](C(=O)O)N1C(=O)/C(=C/c2ccc(-c3ccc(OC)cc3)cc2)SC1=S
CHEMBL5625090,CCCC[C@@H](C(=O)O)N1C(=O)/C(=C/c2ccc(-c3ccc(F)c(C(F)(F)F)c3)c3ccccc23)SC1=S
CHEMBL5625121,CCCC[C@@H](C(=O)O)N1C(=O)/C(=C/c2ccc(-c3cccc(Cl)c3)c(Cl)c2)SC1=S
CHEMBL5625142,CCCC[C@@H](C(=O)O)N1C(=O)/C(=C/c2ccc(-c3cccc(C(F)(F)F)c3)c(Cl)c2)SC1=S
CHEMBL5629878,COc1ccc(-c2ccc(CN(c3ccc4oc(C(=O)O)cc4c3)S(=O)(=O)c3ccc(Cl)c([N+](=O)[O-])c3)cc2)cc1
CHEMBL5629890,O=C(CN1CCn2c(nnc2C(F)(F)F)C1)N1C(=O)S/C(=C\c2ccc(F)c(F)c2)C1=O
CHEMBL5629904,O=C(O)c1cc2cc(N(Cc3cccc(-c4ccccc4)c3)S(=O)(=O)c3ccc(-c4ccccc4)cc3)ccc2o1
CHEMBL5630180,CS(=O)(=O)N1CCN(CC(=O)N2C(=O)S/C(=C\c3ccc(OCc4ccccc4)cc3)C2=O)CC1
CHEMBL5630201,CCCC[C@@H](C(=O)O)N1C(=O)/C(=C/c2ccc(-c3cccc(Cl)c3)c3ccccc23)SC1=S
CHEMBL5630282,CS(=O)(=O)n1cc2c(n1)CN(CC(=O)N1C(=O)S/C(=C\c3ccc([N+](=O)[O-])cc3)C1=O)C2
CHEMBL5630329,CC(=O)C1=C(C)N=c2s/c(=C/c3ccc(OCc4ccc(C(=O)O)cc4)cc3)c(=O)n2C1c1ccc(N(C)C)cc1
CHEMBL5630372,CCCC[C@@H](C(=O)O)N1C(=O)/C(=C/c2ccc(-c3cccc(C(F)(F)F)c3)c3ccccc23)SC1=S
CHEMBL5630400,O=C(CN1CCn2c(nnc2C(F)(F)F)C1)N1C(=O)S/C(=C\c2ccc([N+](=O)[O-])cc2)C1=O
CHEMBL5630421,CCCC[C@@H](C(=O)O)N1C(=O)/C(=C/c2ccc(-c3cccc(OC)c3)cc2)SC1=S
CHEMBL5630431,CCCC[C@@H](C(=O)O)N1C(=O)/C(=C/c2ccc(-c3ccc(Cl)s3)cc2)SC1=S
CHEMBL5630538,O=C(O)c1cc2cc(N(Cc3ccc(-c4ccccc4)cc3)S(=O)(=O)c3ccc(-c4cccc(O)c4)cc3)ccc2o1
CHEMBL5630566,O=C(CN1CCn2c(nnc2C(F)(F)F)C1)N1C(=O)S/C(=C\c2ccc(OCc3ccccc3)cc2)C1=O
CHEMBL5630676,CS(=O)(=O)n1cc2c(n1)CN(CC(=O)N1C(=O)S/C(=C\c3ccc(NC(=O)c4cc(O)c(O)c(O)c4)cc3)C1=O)C2
CHEMBL5630679,O=C(CN1CCN(S(=O)(=O)c2ccccc2)CC1)N1C(=O)S/C(=C\c2ccc(F)c(F)c2)C1=O
CHEMBL5630729,COc1cc(/C=C2\SC(=O)N(C(=O)CN3CCOCC3)C2=O)ccc1O
CHEMBL5630776,O=C(O)[C@H](C1CCCCC1)N1C(=O)/C(=C/c2ccc(-c3ccccc3C(F)(F)F)cc2)SC1=S
CHEMBL5630820,O=C(CN1CCN(S(=O)(=O)c2ccccc2)CC1)N1C(=O)S/C(=C\c2ccc([N+](=O)[O-])cc2)C1=O
CHEMBL5630847,CS(=O)(=O)N1CCN(CC(=O)N2C(=O)S/C(=C\c3ccc([N+](=O)[O-])cc3)C2=O)CC1
CHEMBL5630876,CCCC[C@@H](C(=O)O)N1C(=O)/C(=C/c2ccc(-c3cccc(Cl)c3)cn2)SC1=S
CHEMBL5630880,O=C1c2ccccc2C(=O)N1CC(=O)N1C(=O)S/C(=C\c2ccc(F)c(F)c2)C1=O
CHEMBL5631021,CS(=O)(=O)n1cc2c(n1)CN(CC(=O)N1C(=O)S/C(=C\c3ccc(OCc4ccccc4)cc3)C1=O)C2
CHEMBL5631059,CCCC[C@@H](C(=O)O)N1C(=O)/C(=C/c2ccc(-c3cccc(Cl)c3)cc2)SC1=S
CHEMBL5631075,O=C(Nc1ccc(/C=C2\SC(=O)N(C(=O)CN3CCn4c(nnc4C(F)(F)F)C3)C2=O)cc1)c1cc(O)c(O)c(O)c1
CHEMBL5631198,CCCC[C@@H](C(=O)O)N1C(=O)/C(=C/c2ccc(-c3ccc(C(F)(F)F)cc3)cc2)SC1=S
CHEMBL5811295,CC(=O)Oc1ccc(C)c(C)c1OCc1ccccc1
CHEMBL5848347,CC1(C)C=Cc2c(ccc(C=O)c2OC(=O)c2ccccc2)O1
CHEMBL5875339,COCOc1c(C)cccc1OC(C)=O
CHEMBL5912516,CCCOc1ccc(C2COc3c(ccc4c3CCC(C)(C)O4)C2)c(O)c1
CHEMBL5946660,CCC1(CC)C=Cc2c(ccc(C=O)c2OC(=O)c2ccccc2)O1
CHEMBL5978005,CCCCOc1ccc(C2COc3c(ccc4c3CCC(C)(C)O4)C2)c(O)c1
CHEMBL6004394,CCCCCOc1ccc(C2COc3c(ccc4c3CCC(C)(C)O4)C2)c(O)c1
CHEMBL28626,O=c1c(O)c(-c2ccc(O)cc2O)oc2cc(O)cc(O)c12
CHEMBL481657,CC1(C)Oc2cc3oc(=O)ccc3cc2C[C@@H]1O
CHEMBL1586775,CC(C)c1cc2cc3ccc(=O)oc3cc2o1
CHEMBL5776864,COCOc1ccc(C2COc3c(ccc4c3CCC(C)(C)O4)C2)c(O)c1
CHEMBL6078022,COc1c(C)c(O)c(C=O)c(O)c1C(=O)[C@@H]1CC(CCC=C(C)C)=CC[C@H]1c1ccccc1
CHEMBL6078029,COc1ccccc1C#Cc1c(-c2ccc(OCC(=O)NC3CC3)cc2)oc2cc(O)c(C(=O)O)cc12
CHEMBL6078100,COc1c(C)c(O)c(C=O)c(O)c1C(=O)[C@H]1CC(CCC=C(C)C)=CC[C@@H]1c1ccccc1
CHEMBL6078598,O=C(COc1ccc(-c2oc3cc(O)c(C(=O)O)cc3c2C#Cc2ccccc2Cl)cc1)NC1CC1
CHEMBL6082988,COc1cccc(C#Cc2c(-c3ccc(OCC(=O)NC4CC4)cc3)oc3cc(O)c(C(=O)O)cc23)c1
CHEMBL6082989,COc1c(C)c(O)c(C)c(O)c1C(=O)[C@H]1CC=C(CCC=C(C)C)C[C@@H]1c1ccccc1
CHEMBL6083009,CC1=C2O[C@]34OC(c5ccccc5)CC(O)=C3C(=O)C(C)(C)C(=O)[C@]4(C)CC2=C(O)C(C(=O)/C=C/c2ccccc2)C1=O
CHEMBL6101831,COc1c(C)c(O)c(C=O)c(O)c1C(=O)/C=C/c1ccccc1
CHEMBL6102688,Fc1ccc(NC(=S)Nc2ccccc2I)c(F)c1
CHEMBL6102893,COc1ccccc1-c1cc(-c2ccc(Br)cc2)nc(NC(=S)N[C@@H]2O[C@H](COC(C)=O)[C@@H](OC(C)=O)[C@H](OC(C)=O)[C@H]2OC(C)=O)n1
CHEMBL6103211,CC(=O)OC[C@H]1O[C@@H](NC(=S)Nc2nc(-c3ccc(Br)cc3)cc(-c3ccccc3Cl)n2)[C@H](OC(C)=O)[C@@H](OC(C)=O)[C@@H]1OC(C)=O
CHEMBL6103296,O=C(COc1ccc(-c2oc3cc(O)c(C(=O)O)cc3c2/C=C/c2cccc(Cl)c2)cc1)NC1CC1
CHEMBL6103357,C/C=C\C(=O)O[C@H]1[C@H](O)c2cc3ccc(=O)oc3cc2OC1(C)C
CHEMBL6103417,COc1ccc(-c2cc(-c3ccc(Br)cc3)nc(NC(=S)N[C@@H]3O[C@H](COC(C)=O)[C@@H](OC(C)=O)[C@H](OC(C)=O)[C@H]3OC(C)=O)n2)cc1
CHEMBL6103444,O=C(COc1ccc(-c2oc3cc(O)c(C(=O)O)cc3c2C#Cc2cccc(F)c2)cc1)NC1CC1
CHEMBL6120725,CC(=O)OC[C@H]1O[C@@H](NC(=S)Nc2nc(-c3ccc(Cl)cc3)cc(-c3ccc(Br)cc3)n2)[C@H](OC(C)=O)[C@@H](OC(C)=O)[C@@H]1OC(C)=O
CHEMBL6120825,Cc1cccc(C#Cc2c(-c3ccc(OCC(=O)NC4CC4)cc3)oc3cc(O)c(C(=O)O)cc23)c1
CHEMBL6132720,CC(=O)OC[C@H]1O[C@@H](NC(=S)Nc2nc(-c3ccc(Br)cc3)cc(-c3ccc(C(C)C)cc3)n2)[C@H](OC(C)=O)[C@@H](OC(C)=O)[C@@H]1OC(C)=O
CHEMBL6133106,CC(=O)OC[C@H]1O[C@@H](NC(=S)Nc2nc(-c3ccc(F)cc3)cc(-c3ccc(Br)cc3)n2)[C@H](OC(C)=O)[C@@H](OC(C)=O)[C@@H]1OC(C)=O
CHEMBL6133179,CCOc1ccc(Oc2ccc(C(=O)/C=C/c3cc(O)c(O)c(Br)c3Br)cc2)cc1
CHEMBL6133319,COc1ccc(C(=O)/C=C/c2cc(O)c(O)c(Br)c2)cc1Br
CHEMBL6133408,O=C(COc1ccc(-c2oc3cc(O)c(C(=O)O)cc3c2C#Cc2ccccc2)cc1)NC1CC1
CHEMBL6133545,COc1c(C)c(O)c(C)c(O)c1C(=O)[C@@H]1CC=C(CCC=C(C)C)C[C@H]1c1ccccc1
CHEMBL6133607,O=C(COc1ccc(-c2oc3cc(O)c(C(=O)O)cc3c2/C=C/c2cccc(C(F)(F)F)c2)cc1)NC1CC1
CHEMBL6133787,O=C(/C=C/c1cc(O)c(O)c(Br)c1Br)c1ccc(Cl)c(Cl)c1
CHEMBL6133883,CO[C@@H]1c2cc3ccc(=O)oc3cc2OC(C)(C)[C@H]1OC(=O)C=C(C)C
CHEMBL6142024,CC(=O)OC[C@H]1O[C@@H](NC(=S)Nc2nc(-c3ccc(Br)cc3)cc(-c3cccc(Cl)c3)n2)[C@H](OC(C)=O)[C@@H](OC(C)=O)[C@@H]1OC(C)=O
CHEMBL6142357,O=C(COc1ccc(-c2oc3cc(O)c(C(=O)O)cc3c2C#Cc2cccc(Cl)c2)c(F)c1)NC1CC1
CHEMBL6146280,O=C(COc1ccc(-c2oc3cc(O)c(C(=O)O)cc3c2C#Cc2cccc(Cl)c2)cc1F)NC1CC1
CHEMBL6146407,COc1cccc(-c2cc(-c3ccc(Br)cc3)nc(NC(=S)N[C@@H]3O[C@H](COC(C)=O)[C@@H](OC(C)=O)[C@H](OC(C)=O)[C@H]3OC(C)=O)n2)c1
CHEMBL6146623,O=C(O)c1cc2ccc(=O)oc2cc1O
CHEMBL6146824,CC(=O)OC[C@H]1O[C@@H](NC(=S)Nc2nc(-c3ccc(Br)cc3)cc(-c3ccc(N(C)C)cc3)n2)[C@H](OC(C)=O)[C@@H](OC(C)=O)[C@@H]1OC(C)=O
CHEMBL6147688,Cc1c(C)c2c(C)cc(OCCOC(=O)/C=C/c3ccc(Cl)cc3Cl)cc2oc1=O
CHEMBL6148148,O=C(COc1ccc(-c2oc3cc(O)c(C(=O)O)cc3c2C#Cc2cccc(O)c2)cc1)NC1CC1
CHEMBL6148292,CC(=O)OC[C@H]1O[C@@H](NC(=S)Nc2nc(-c3ccc(C)cc3)cc(-c3ccc(Br)cc3)n2)[C@H](OC(C)=O)[C@@H](OC(C)=O)[C@@H]1OC(C)=O
CHEMBL6148652,Cc1ccc(C(=O)/C=C/c2cc(O)c(O)c(Br)c2Br)cc1
CHEMBL6152164,CC(C)=CC(=O)O[C@@H]1c2cc3ccc(=O)oc3cc2OC(C)(C)[C@H]1OC(=O)C=C(C)C
CHEMBL6152690,O=C(O)CN1C(=O)S/C(=C\c2cn(Cc3ccc(Cl)cc3Cl)c3ccccc23)C1=O
CHEMBL6160058,COc1ccc(C(=O)/C=C/c2cc(O)c(O)c(Br)c2Br)cc1Br
CHEMBL6160120,O=C(/C=C/c1cc(O)c(O)c(Br)c1)c1cc(Br)c(O)c(Br)c1
CHEMBL6160148,CC(=O)OC[C@H]1O[C@@H](NC(=S)Nc2nc(-c3ccccc3)cc(-c3ccc(Br)cc3)n2)[C@H](OC(C)=O)[C@@H](OC(C)=O)[C@@H]1OC(C)=O
CHEMBL6160382,O=C(/C=C/c1cc(O)c(O)c(Br)c1Br)c1cccc(C(F)(F)F)c1
CHEMBL6160623,O=C(O)c1ccc(-c2ccc(/C=C3\C(=O)c4cccc([N+](=O)[O-])c4C3=O)o2)c(Cl)c1
CHEMBL6161147,O=C(O)CN1C(=O)S/C(=C\c2cn(Cc3ccccc3)c3ccccc23)C1=O
CHEMBL6161198,CC(=O)OC[C@H]1O[C@@H](NC(=S)Nc2nc(-c3ccc(Br)cc3)cc(-c3ccc(Br)cc3)n2)[C@H](OC(C)=O)[C@@H](OC(C)=O)[C@@H]1OC(C)=O
CHEMBL6170577,CCOc1ccc(C(=O)/C=C/c2cc(O)c(O)c(Br)c2Br)cc1
CHEMBL452770,CC1(C)[C@@H](O)CC[C@@]2(C)[C@H]1CC[C@@]1(C)CC3=CC[C@H]4C(C)(C)[C@H](O)CC[C@]4(C)[C@H]3CC[C@@H]12
CHEMBL510572,CC1(C)[C@@H](O)CC[C@@]2(C)[C@H]1CC[C@@]1(C)CC3=CC[C@H]4C(C)(C)[C@@H](O)CC[C@]4(C)[C@H]3CC[C@@H]12
CHEMBL1230611,CCc1oc2cc(S(=O)(=O)Nc3ccc(S(N)(=O)=O)cc3)ccc2c1C(=O)c1cc(Br)c(O)c(Br)c1
CHEMBL3103433,OC1C2CC3CC1CC(C2)C3(Cc1nnn[nH]1)c1ccc(-c2ccc(F)cc2)cc1
CHEMBL5268667,C=CC(=O)Nc1ccnc2ccccc12
CHEMBL5314543,COc1ccc2cc(O)c(N3CC(=O)NS3(=O)=O)c(F)c2c1
CHEMBL6142333,O=C1CN(c2c(O)cc3ccccc3c2F)S(=O)(=O)N1
CHEMBL6144157,CCCCCCCCCCCCCCCC(=O)N[C@H](C(=O)N[C@H](C)C(=O)N[C@@H](CCC(N)=O)C(=O)N[C@@H](CCC(=O)O)C(=O)N[C@@H](CC(C)C)C(=O)N[C@@H](CCCNC(=N)N)C(=O)N[C@@H](CCCNC(=N)N)C(=O)N[C@H](C(=O)NCC(=O)N[C@@H](CC(=O)O)C(=O)N[C@@H](CCC(=O)O)C(=O)N[C@@H](Cc1ccccc1)C(=O)O)[C@@H](C)CC)[C@@H](C)CC
CHEMBL6144248,COC(=O)c1nc2c(-c3ccc(O)c(O)c3)c(O)c(O)c(-c3ccc(O)cc3)c2s1
CHEMBL6144994,CCCCCCCCCCCCCCCC(=O)N[C@H](C(=O)N[C@@H](C(=O)N[C@@H](CCC(N)=O)C(=O)N[C@@H](CCC(=O)O)C(=O)N[C@@H](CC(C)C)C(=O)N[C@@H](CCCNC(=N)N)C(=O)N[C@@H](CCCNC(=N)N)C(=O)N[C@H](C(=O)NCC(=O)N[C@@H](CC(=O)O)C(=O)N[C@@H](CCC(=O)O)C(=O)N[C@@H](Cc1ccccc1)C(=O)O)[C@@H](C)CC)C(C)C)[C@@H](C)CC
CHEMBL6145406,CCCCCCCCCCCCCCCC(=O)N[C@H](C(=O)N[C@@H](C)C(=O)N[C@H](CCC(N)=O)C(=O)N[C@@H](CCC(=O)O)C(=O)N[C@@H](CC(C)C)C(=O)N[C@@H](CCCNC(=N)N)C(=O)N[C@@H](CCCNC(=N)N)C(=O)N[C@H](C(=O)NCC(=O)N[C@@H](CC(=O)O)C(=O)N[C@@H](CCC(=O)O)C(=O)N[C@@H](Cc1ccccc1)C(=O)O)[C@@H](C)CC)[C@@H](C)CC
CHEMBL6147388,NC(=O)c1cc(OCc2ccc(-c3cccnc3)cc2)c2sc(C(F)(F)P(=O)(O)O)c(Br)c2c1
CHEMBL6148594,CC1(C)[C@@H](OC(=O)CCc2ccc(O)cc2)CC[C@@]2(C)[C@H]1CC[C@@]1(C)C[C@@]3(O)CC[C@H]4C(C)(C)[C@@H](O)CC[C@]4(C)[C@H]3CC[C@@H]12
CHEMBL6149009,O=C(/C=C/c1cc(O)c(O)c(Br)c1Br)c1ccc(Cl)cc1
CHEMBL6150529,[2H]ON1C(=O)c2cccc3c([N+](=O)[O-])ccc(c23)C1=O
CHEMBL6151961,Oc1ccc(-c2c(O)c(O)c(-c3ccc(O)cc3)c3scnc23)cc1
CHEMBL6152154,CCCCCCCCCCCCCCCC(=O)N[C@H](C(=O)N[C@@H](C)C(=O)N[C@@H](CCC(N)=O)C(=O)N[C@@H](CCC(=O)O)C(=O)N[C@@H](CC(C)C)C(=O)N[C@@H](CCCNC(=N)N)C(=O)N[C@H](CCCNC(=N)N)C(=O)N[C@H](C(=O)NCC(=O)N[C@@H](CC(=O)O)C(=O)N[C@@H](CCC(=O)O)C(=O)N[C@@H](Cc1ccccc1)C(=O)O)[C@@H](C)CC)[C@@H](C)CC
CHEMBL6152261,O=C(/C=C/c1cc(O)c(O)c(Br)c1Br)c1ccccc1Cl
CHEMBL6152530,Cc1ccc(-c2ccc(NC(=O)CBr)cc2)cc1N1CC(=O)NS1(=O)=O
CHEMBL6152734,O=c1c2ccccc2nnn1O
CHEMBL6160993,CCCCCCCCCCCCCCCC(=O)N[C@H](C(=O)N[C@H](CCC(N)=O)C(=O)N[C@@H](CCC(N)=O)C(=O)N[C@@H](CCC(=O)O)C(=O)N[C@@H](CC(C)C)C(=O)N[C@@H](CCCNC(=N)N)C(=O)N[C@@H](CCCNC(=N)N)C(=O)N[C@H](C(=O)NCC(=O)N[C@@H](CC(=O)O)C(=O)N[C@@H](CCC(=O)O)C(=O)N[C@@H](Cc1ccccc1)C(=O)O)[C@@H](C)CC)[C@@H](C)CC
CHEMBL6161146,COc1ccc(-c2ccc[nH]2)cc1N1CC(=O)NS1(=O)=O
CHEMBL6162107,OCc1nc2c(-c3ccc(O)cc3)c(O)c(O)c(-c3ccc(O)cc3)c2s1
CHEMBL6162659,OCc1nc2c(-c3ccc(O)c(O)c3)c(O)c(O)c(-c3ccc(O)cc3)c2s1
CHEMBL6162922,CCCCCCCCCCCCCCCC(=O)N[C@H](C(=O)N[C@H](Cc1ccc(O)cc1)C(=O)N[C@@H](CCC(N)=O)C(=O)N[C@@H](CCC(=O)O)C(=O)N[C@@H](CC(C)C)C(=O)N[C@@H](CCCNC(=N)N)C(=O)N[C@@H](CCCNC(=N)N)C(=O)N[C@H](C(=O)NCC(=O)N[C@@H](CC(=O)O)C(=O)N[C@@H](CCC(=O)O)C(=O)N[C@@H](Cc1ccccc1)C(=O)O)[C@@H](C)CC)[C@@H](C)CC
CHEMBL6164764,Oc1ccc(-c2c(O)c(O)c(-c3ccc(O)c(O)c3)c3ncsc23)cc1
CHEMBL6165237,NC(=O)c1cc(OCc2ccc(-c3ccccc3)cc2)c2sc(C(F)(F)P(=O)(O)O)c(Br)c2c1
CHEMBL6165307,CCOC(=O)c1nc2c(-c3ccc(O)cc3)c(O)c(O)c(-c3ccc(O)cc3)c2s1
CHEMBL6165415,CC(=O)O[C@H]1CC[C@@]2(C)[C@@H](CC[C@@]3(C)C[C@@]4(O)CC[C@H]5C(C)(C)[C@@H](O)CC[C@]5(C)[C@H]4CC[C@@H]32)C1(C)C
CHEMBL6166048,Nc1nc2c(s1)c(-c1ccc(O)cc1)c(O)c1oc3cc(O)c(O)cc3c12
CHEMBL6166652,COC(=O)c1nc2c(-c3ccc(O)cc3)c(O)c(O)c(-c3ccc(O)cc3)c2s1
CHEMBL6166874,O=C(/C=C/c1cc(O)c(O)c(Br)c1Br)c1cccc(Cl)c1
CHEMBL6167409,CCCCCCCCCCCCCCCC(=O)N[C@H](C(=O)N[C@H](CO)C(=O)N[C@@H](CCC(N)=O)C(=O)N[C@@H](CCC(=O)O)C(=O)N[C@@H](CC(C)C)C(=O)N[C@@H](CCCNC(=N)N)C(=O)N[C@@H](CCCNC(=N)N)C(=O)N[C@H](C(=O)NCC(=O)N[C@@H](CC(=O)O)C(=O)N[C@@H](CCC(=O)O)C(=O)N[C@@H](Cc1ccccc1)C(=O)O)[C@@H](C)CC)[C@@H](C)CC
CHEMBL6167962,CCCCCCCCCCCCCCCC(=O)N[C@H](C(=O)N[C@H](CCCCN)C(=O)N[C@@H](CCC(N)=O)C(=O)N[C@@H](CCC(=O)O)C(=O)N[C@@H](CC(C)C)C(=O)N[C@@H](CCCNC(=N)N)C(=O)N[C@@H](CCCNC(=N)N)C(=O)N[C@H](C(=O)NCC(=O)N[C@@H](CC(=O)O)C(=O)N[C@@H](CCC(=O)O)C(=O)N[C@@H](Cc1ccccc1)C(=O)O)[C@@H](C)CC)[C@@H](C)CC
CHEMBL6168812,NC(=O)c1cc(OCc2ccc(-c3nccs3)cc2)c2sc(C(F)(F)P(=O)(O)O)c(Br)c2c1
CHEMBL6168888,CCOC(=O)c1nc2c(s1)c(-c1ccc(O)cc1)c(O)c1oc3cc(O)c(O)cc3c12
CHEMBL6169974,C=C(C)[C@@H]1CC[C@@H](C)[C@@H]2CCC(C)=C[C@@H]21
CHEMBL6170234,OCc1nc2c(s1)c(-c1ccc(O)cc1)c(O)c1oc3cc(O)c(O)cc3c12
CHEMBL6170637,C=C(C)C#COc1cc(C(N)=O)cc2c(Br)c(C(F)(F)P(=O)(O)O)sc12
CHEMBL6170709,C[C@@](Oc1ccc(-c2cccc3ccccc23)cc1)(C(=O)O)c1ccccc1
CHEMBL6170940,Cc1ccccc1C(=O)/C=C/c1cc(O)c(O)c(Br)c1Br
CHEMBL6171168,CCCCCCCCCCCCCCCC(=O)N[C@H](C(=O)N[C@@H](C)C(=O)N[C@@H](CCC(N)=O)C(=O)N[C@@H](CCC(=O)O)C(=O)N[C@@H](CC(C)C)C(=O)N[C@@H](CCCNC(=N)N)C(=O)N[C@@H](CCCNC(=N)N)C(=O)N[C@@H](C(=O)NCC(=O)N[C@@H](CC(=O)O)C(=O)N[C@@H](CCC(=O)O)C(=O)N[C@@H](Cc1ccccc1)C(=O)O)[C@@H](C)CC)[C@@H](C)CC
CHEMBL6171353,CCOC(=O)c1nc2c(-c3ccc(O)c(O)c3)c(O)c(O)c(-c3ccc(O)cc3)c2s1
CHEMBL6172893,CS(=O)(=O)c1ccc(COc2cc(C(N)=O)cc3c(Br)c(C(F)(F)P(=O)(O)O)sc23)cc1
CHEMBL6173565,CC(C)CCN[C@H]1CCc2cc(O)c(N3CC(=O)NS3(=O)=O)c(F)c2C1
CHEMBL6173837,CCCCCCCCCCCCCCCC(=O)N[C@H](C(=O)N[C@H](Cc1cnc[nH]1)C(=O)N[C@@H](CCC(N)=O)C(=O)N[C@@H](CCC(=O)O)C(=O)N[C@@H](CC(C)C)C(=O)N[C@@H](CCCNC(=N)N)C(=O)N[C@@H](CCCNC(=N)N)C(=O)N[C@H](C(=O)NCC(=O)N[C@@H](CC(=O)O)C(=O)N[C@@H](CCC(=O)O)C(=O)N[C@@H](Cc1ccccc1)C(=O)O)[C@@H](C)CC)[C@@H](C)CC
CHEMBL6174621,NC(=O)c1cc(OCc2ccc(-c3ccncc3)cc2)c2sc(C(F)(F)P(=O)(O)O)c(Br)c2c1
CHEMBL6175113,COC(=O)c1nc2c(s1)c(-c1ccc(O)cc1)c(O)c1oc3cc(O)c(O)cc3c12
CHEMBL6176004,Nc1nc2c(s1)=C(c1ccc(O)cc1)C(=O)C(=O)C=2c1ccc(O)cc1
CHEMBL6177218,CC(C)CCOc1ccc2cc(O)c(N3CC(=O)NS3(=O)=O)c(F)c2c1
CHEMBL276884,Cl.O=C(C1CCCN1)N1CCCC1P(=O)(OCC(F)(F)F)OCC(F)(F)F
CHEMBL63895,O=C([C@@H]1CCCN1)N1CCC[C@H]1B(O)O
CHEMBL63726,NCCCC[C@H](N)C(=O)N1CCC[C@H]1B(O)O
CHEMBL66032,CC[C@H](N)C(=O)N1CCC[C@H]1B(O)O
CHEMBL305170,CC(C)[C@@H](N)C(=O)N1CCC[C@H]1B(O)O
CHEMBL66189,CC(C)(N)C(=O)N1CCC[C@H]1B(O)O
CHEMBL65406,CC(C)[C@@H](N)C(=O)N1CCC[C@@H]1B(O)O
CHEMBL63860,C[C@H](N)C(=O)N1CCC[C@H]1B(O)O
CHEMBL63406,CC(C)(C)[C@H](N)C(=O)N1CCC[C@H]1B(O)O
CHEMBL63652,N[C@@H](Cc1ccccc1)C(=O)N1CCC[C@H]1B(O)O
CHEMBL304007,N[C@@H](Cc1ccc(O)cc1)C(=O)N1CCC[C@H]1B(O)O
CHEMBL291428,N[C@H](C(=O)N1CCC[C@H]1B(O)O)c1ccccc1
CHEMBL67279,CC(C)[C@H](N)C(=O)N1CCC[C@H]1B(O)O
CHEMBL67089,NCC(=O)N1CCC[C@H]1B(O)O
CHEMBL63698,CC(C)C[C@H](N)C(=O)N1CCC[C@H]1B(O)O
CHEMBL303131,N[C@@H](Cc1c[nH]cn1)C(=O)N1CCC[C@H]1B(O)O
CHEMBL292342,O=C([C@@H]1CCN1)N1CCC[C@H]1B(O)O
CHEMBL94955,NCCCCC(NC(=O)OCc1ccccc1)C(=O)N1CCCCC1
CHEMBL317944,NC(Cc1c[nH]cn1)C(=O)N1CCCC1
CHEMBL97064,NC(CO)C(=O)N1CCCC1
CHEMBL317126,NC(Cc1ccc(O)cc1)C(=O)N1CCCC1
CHEMBL98008,N[C@@H](CC1CCCCC1)C(=O)N1CCCC1
CHEMBL97674,NCCCCC(N)C(=O)N1CCCCC1
CHEMBL93931,NC(Cc1ccccc1)C(=O)N1CCCC1
CHEMBL93558,N[C@@H](CC1CCCCC1)C(=O)N1CCCCC1
CHEMBL93507,CCC(C)C(N)C(=O)N1CCCCC1
CHEMBL328694,NCCCCC(N)C(=O)N1CCCC1
CHEMBL328795,NC(=O)CC(N)C(=O)N1CCCC1
CHEMBL97180,NC(Cc1c[nH]cn1)C(=O)N1CCCCC1
CHEMBL383705,CC(C)[C@H](N)C(=O)N1CCCC1
CHEMBL403882,O=C([C@@H]1CCCN1)N1CCCC1
CHEMBL443622,C[C@H](N)C(=O)N1CCCC1
CHEMBL503274,CC[C@H](C)[C@H](N)C(=O)N1CCCC1
CHEMBL499101,N[C@@H](CC(=O)O)C(=O)N1CCCC1
CHEMBL1790478,C[C@@H](O)[C@H](N)C(=O)N1CCC[C@H]1B(O)O
CHEMBL1790483,CC[C@H](C)[C@H](N)C(=O)N1CCC[C@H]1B(O)O
CHEMBL6189033,O=C1CS/C(=N\c2ccccc2)N1c1ccc(S(=O)(=O)Nc2ncccn2)cc1
CHEMBL6189733,CC(=O)C1=CC(=O)N(c2ccc(S(=O)(=O)Nc3ncccn3)cc2)C1=O
CHEMBL6189734,CCN1C(=O)C(C)S/C1=N\c1ccc(S(=O)(=O)Nc2ncccn2)cc1
CHEMBL6190339,CN1CCN(CC(=O)Nc2ccc(S(=O)(=O)Nc3ncccn3)cc2)CC1
CHEMBL6190525,N#CC1=CC(=O)N(c2ccc(S(=O)(=O)Nc3ncccn3)cc2)C1=O
CHEMBL6191174,CC/N=C1\SCC(=O)N1c1ccc(S(=O)(=O)Nc2ncccn2)cc1
CHEMBL6191339,O=C(CN1CCN(c2ccccc2)CC1)Nc1ccc(S(=O)(=O)Nc2ncccn2)cc1
CHEMBL6191696,CC1S/C(=N\c2ccc(S(=O)(=O)Nc3ncccn3)cc2)N(c2ccccc2)C1=O
CHEMBL6191744,O=C1CS/C(=N\c2ccc(S(=O)(=O)Nc3ncccn3)cc2)N1c1ccccc1
CHEMBL6191841,CCN1C(=O)CS/C1=N\c1ccc(S(=O)(=O)Nc2ncccn2)cc1
CHEMBL6192448,CC1O/C(=N\c2ccc(S(=O)(=O)Nc3ncccn3)cc2)N(c2ccccc2)C1=O
CHEMBL6192931,N=C1SCC(=O)N1c1ccc(S(=O)(=O)Nc2ncccn2)cc1
CHEMBL6193094,O=S(=O)(Nc1ncccn1)c1ccc(NCc2nc3ccccc3[nH]2)cc1
CHEMBL6193126,COC(=O)CC[C@@H](C)[C@H]1CC[C@H]2[C@@H]3[C@H](O)C[C@H]4C[C@H](NCCCCNCc5ccccn5)CC[C@]4(C)[C@H]3CC[C@]12C
CHEMBL9512,Cl.NCC(=O)Nc1ccc(OP(=O)(Oc2ccc(NC(=O)CN)cc2)C2CCCN2C(=O)C2CCCN2)cc1
CHEMBL269757,Cl.O=C(CNC(=O)c1ccccc1)Nc1ccc(OP(=O)(Oc2ccc(NC(=O)CNC(=O)c3ccccc3)cc2)C2CCCN2C(=O)C2CCCN2)cc1
CHEMBL430281,Cl.NC(=O)Nc1cccc(OP(=O)(OC2=CC=CC(NC(N)=O)C2)C2CCCN2C(=O)C2CCCN2)c1
CHEMBL265344,CC(=O)Nc1ccc(OP(=O)(Oc2ccc(NC(C)=O)cc2)C2CCCN2C(=O)C2CCCN2)cc1.Cl
CHEMBL273851,Cl.O=C([C@H]1CCCN1)N1CCCC1P(=O)(Oc1ccccc1)Oc1ccccc1
CHEMBL9263,CC(=O)Nc1cccc(OP(=O)(Oc2cccc(NC(C)=O)c2)C2CCCN2C(=O)C2CCCN2)c1.Cl
CHEMBL9238,COC(=O)CCNC(=O)c1ccc(OP(=O)(Oc2ccc(C(=O)NCCC(=O)OC)cc2)C2CCCN2C(=O)C2CCCN2)cc1.Cl
CHEMBL274829,CCOC(=O)CNC(=O)c1ccc(OP(=O)(Oc2ccc(C(=O)NCC(=O)OCC)cc2)C2CCCN2C(=O)C2CCCN2)cc1.Cl
CHEMBL9237,COP(=O)(Oc1ccccc1-c1ccccc1O)C1CCCN1C(=O)[C@@H]1CCCN1.Cl
CHEMBL268012,Cl.O=C(C1CCCN1)N1CCCC1P(=O)(OCC(Cl)(Cl)Cl)OCC(Cl)(Cl)Cl
CHEMBL9724,Cl.O=C([C@@H]1CCCN1)N1CCCC1P1(=O)Oc2ccccc2-c2ccccc2O1
CHEMBL9561,COc1ccc(OP(=O)(Oc2ccc(OC)cc2)C2CCCN2C(=O)C2CCCN2)cc1.Cl
CHEMBL9295,CCCNC(=O)c1ccc(OP(=O)(Oc2ccc(C(=O)NCCC)cc2)C2CCCN2C(=O)C2CCCN2)cc1.Cl
CHEMBL9565,Cl.O=C(C1CCCN1)N1CCCC1P(=O)(Oc1ccc(O)cc1)Oc1ccc(O)cc1
CHEMBL9433,CS(=O)(=O)Nc1ccc(OP(=O)(Oc2ccc(NS(C)(=O)=O)cc2)C2CCCN2C(=O)C2CCCN2)cc1.Cl
CHEMBL268527,COC(=O)C(Cc1ccc(OP(=O)(Oc2ccc(CC(NC(C)=O)C(=O)OC)cc2)C2CCCN2C(=O)C2CCCN2)cc1)NC(C)=O.Cl
CHEMBL9527,Cl.O=C(C1CCCN1)N1CCCC1P(=O)(Oc1ccc(NN2CCCC2)cc1)Oc1ccc(NN2CCCC2)cc1
CHEMBL269209,C[C@H](N)C(=O)Nc1ccc(OP(=O)(Oc2ccc(NC(=O)[C@@H](C)N)cc2)C2CCCN2C(=O)C2CCCN2)cc1.Cl
CHEMBL9408,COC(=O)c1ccc(OP(=O)(Oc2ccc(C(=O)OC)cc2)C2CCCN2C(=O)C2CCCN2)cc1.Cl
CHEMBL23176,N[C@H](C(=O)N1CCSC1)[C@H]1CC[C@H](NC(=O)OCc2ccccc2)CC1
CHEMBL25437,N[C@H](C(=O)N1CCCC1)[C@H]1CC[C@H](NS(=O)(=O)c2ccc(F)cc2F)CC1
CHEMBL22679,N[C@H](C(=O)N1CCCC1)[C@H]1CC[C@H](NC(=O)OCc2ccccc2)CC1
CHEMBL23979,N[C@H](C(=O)N1CCCC1)[C@H]1CC[C@H](NS(=O)(=O)c2ccc(OC(F)(F)F)cc2)CC1
CHEMBL278393,N[C@H](C(=O)N1CCCC1)C1CCCCC1
CHEMBL22359,N[C@H](C(=O)N1CCSC1)[C@H]1CC[C@H](NC(=O)c2ccc(F)c(F)c2)CC1
CHEMBL278558,N[C@H](C(=O)N1CCCC1)[C@H]1CC[C@H](NC(=O)c2ccc(F)c(F)c2)CC1
CHEMBL77538,N#Cc1ccc(NCCNCC(=O)N2CCC[C@H]2C#N)nc1
CHEMBL98408,CC[C@H](C)[C@H](N)C(=O)N1CCSC1
CHEMBL142703,N#C[C@@H]1CCCN1C(=O)CNC12CC3CC(CC(O)(C3)C1)C2
CHEMBL497992,N[C@H](C(=O)N1CCCC1)[C@H]1CC[C@H](NS(=O)(=O)c2ccc(NS(=O)(=O)CC(F)(F)F)cc2)CC1
CHEMBL1182947,O=C([C@@H]1CCCN1)N1CCCC1P(=O)(Oc1ccccc1)Oc1ccccc1
CHEMBL1682974,N[C@H](C(=O)N1CCSC1)[C@H]1CC[C@H](NC(=O)c2ccc(OC(F)(F)F)cc2)CC1
CHEMBL3084935,N[C@H](C(=O)N1CCSC1)[C@H]1CC[C@H](NS(=O)(=O)c2ccc(I)cc2)CC1
CHEMBL3084936,N#Cc1cccc(S(=O)(=O)N[C@H]2CC[C@H]([C@H](N)C(=O)N3CCSC3)CC2)c1
CHEMBL3084937,CN(C)C(=O)Nc1ccc(S(=O)(=O)N[C@H]2CC[C@H]([C@H](N)C(=O)N3CCSC3)CC2)cc1
CHEMBL3084938,CN(C)C(=O)Nc1ccc(S(=O)(=O)N[C@H]2CC[C@H]([C@H](N)C(=O)N3CCCC3)CC2)cc1
CHEMBL3084939,N[C@H](C(=O)N1CCSC1)[C@H]1CC[C@H](NC(=O)Nc2ccc(F)c(F)c2)CC1
CHEMBL3084940,N[C@H](C(=O)N1CCCC1)[C@H]1CC[C@H](NC(=O)c2cncc3ccccc23)CC1
CHEMBL3084941,N[C@H](C(=O)N1CCCC1)[C@H]1CC[C@H](NS(=O)(=O)c2ccc(F)c(F)c2F)CC1
CHEMBL3084942,N[C@H](C(=O)N1CCSC1)[C@H]1CC[C@H](NS(=O)(=O)c2ccc3ccccc3c2)CC1
CHEMBL3084943,N[C@H](C(=O)N1CCSC1)[C@H]1CC[C@H](NS(=O)(=O)c2ccc(F)c(F)c2F)CC1
CHEMBL3084946,N[C@H](C(=O)N1CCSC1)[C@H]1CC[C@H](NC(=O)c2ccc(Cl)c(Cl)c2)CC1
CHEMBL3084947,N[C@H](C(=O)N1CCSC1)[C@H]1CC[C@H](NC(=O)c2ccc(I)cc2)CC1
CHEMBL3084948,N[C@H](C(=O)N1CCSC1)[C@H]1CC[C@H](NC(=O)c2ccc3ccccc3c2)CC1
CHEMBL3084949,N[C@H](C(=O)N1CCSC1)[C@H]1CC[C@H](NC(=O)c2cccc3ccccc23)CC1
CHEMBL3084952,N[C@H](C(=O)N1CCSC1)[C@H]1CC[C@H](NC(=O)OCc2cccc3ccccc23)CC1
CHEMBL3084953,N[C@H](C(=O)N1CCSC1)[C@H]1CC[C@H](NC(=O)Nc2ccc(I)cc2)CC1
CHEMBL3084954,N[C@H](C(=O)N1CCSC1)[C@H]1CC[C@H](NC(=O)Nc2ccc(Cl)c(Cl)c2)CC1
CHEMBL3084955,N[C@H](C(=O)N1CCSC1)[C@H]1CC[C@H](NC(=O)Nc2ccc(OC(F)(F)F)cc2)CC1
CHEMBL3084956,N[C@H](C(=O)N1CCSC1)[C@H]1CC[C@H](NC(=O)c2cnc3ccccc3c2)CC1
CHEMBL25211,N[C@H](C(=O)N1CCSC1)[C@H]1CC[C@H](NS(=O)(=O)c2ccc(OC(F)(F)F)cc2)CC1
CHEMBL283880,Cc1cccc(C)c1N1C(=O)c2ccc(N)cc2C1=O
CHEMBL288207,CCOC(=O)CCc1cnc(CN)c2cc(OC)c(OC)cc12.O=C(O)C(F)(F)F
CHEMBL41114,CCOC(=O)/C=C/c1cnc(CN)c2cc(OC)c(OC)cc12.O=C(O)C(F)(F)F
CHEMBL289580,CCOC(=O)c1cnc(CCN)c2cc(OC)c(OC)cc12.O=C(O)C(F)(F)F
CHEMBL307636,N#C[C@@H]1CCCN1C(=O)[C@@H](N)C1CCCCC1
CHEMBL77539,N#C[C@@H]1CCCN1C(=O)CNCCNc1ccc([N+](=O)[O-])cn1
CHEMBL424612,Cc1cccc(C)c1N1C(=O)c2ccc(O)cc2C1=O
CHEMBL90558,CC(C)c1cccc(C(C)C)c1N1C(=O)c2ccc(N)cc2C1=O
CHEMBL315471,Cc1cccc(C)c1N1C(=O)c2cccc(N)c2C1=O
CHEMBL88474,CC(C)c1cccc(C(C)C)c1N1C(=O)c2cccc(O)c2C1=O
CHEMBL313952,CC(C)c1cccc(C(C)C)c1N1C(=O)c2ccc(O)cc2C1=O
CHEMBL88953,CCc1cccc(CC)c1N1C(=O)c2ccc(O)cc2C1=O
CHEMBL329471,CC(C)c1cccc(C(C)C)c1N1C(=O)c2ccccc2C1=S
CHEMBL153096,CCc1cccc(CC)c1N1C(=O)c2cccc(O)c2C1=O
CHEMBL345319,CSc1ccccc1N1C(=O)c2cccc(O)c2C1=O
CHEMBL151461,O=C(C1CCC[C@H]1B(O)O)[C@@H]1CCCN1
CHEMBL153037,CC(C)c1cccc(C(C)C)c1N1C(=S)c2c(F)c(F)c(F)c(F)c2C1=S
CHEMBL151999,CC(C)c1cccc(C(C)C)c1N1C(=O)c2c(F)c(F)c(F)c(F)c2C1=S
CHEMBL366751,N[C@H](C(=O)N1CCCC1)[C@H]1CC[C@@H](NS(=O)(=O)c2ccc(OC(F)(F)F)cc2)C1
CHEMBL169962,N[C@H](C(=O)N1CCCC1)[C@@H]1CC[C@@H](NS(=O)(=O)c2ccc(C(=O)O)cc2)C1
CHEMBL169758,N[C@H](C(=O)N1CCCC1)[C@H]1CC[C@@H](OC(=O)Nc2ccc(I)cc2)C1
CHEMBL352343,N[C@H](C(=O)N1CCSC1)[C@H]1CC[C@@H](OC(=O)Nc2ccc(Cl)c(Cl)c2)C1
CHEMBL168986,CS(=O)(=O)c1ccc(S(=O)(=O)N[C@H]2CC[C@H]([C@H](N)C(=O)N3CCCC3)C2)cc1
CHEMBL172276,N[C@H](C(=O)N1CCCC1)[C@@H]1CC[C@H](OC(=O)Nc2ccc(I)cc2)C1
CHEMBL439836,CS(=O)(=O)NCCS(=O)(=O)N[C@@H]1CC[C@@H]([C@H](N)C(=O)N2CCCC2)C1
CHEMBL171033,COc1ccc(NC(=O)O[C@@H]2CCC[C@H]([C@H](N)C(=O)N3CCSC3)C2)cc1
CHEMBL543057,COc1cc2c(C=O)cnc(CN)c2cc1OC.Cl
CHEMBL543062,CCCOc1cc2c(CN)ncc(C(=O)OCC)c2cc1OC.Cl
CHEMBL543539,CCOC(=O)c1cnc(CN(C)C)c2cc(OC)c(OC)cc12.Cl
CHEMBL544241,CCOC(=O)Cc1cnc(CN)c2cc(OC)c(OC)cc12.Cl
CHEMBL554682,CCOC(=O)c1cnc(CNC)c2cc(OC)c(OC)cc12.Cl
CHEMBL544474,CCOC(=O)c1cnc(CN)c2ccc(OC)cc12.Cl
CHEMBL544475,CCOC(=O)c1cnc(CN)c2cc(OC)c(OC)cc12.Cl
CHEMBL544950,CCOC(=O)c1cnc(CN)c2c(OC)ccc(OC)c12.Cl
CHEMBL554880,COc1cc2c(CO)cnc(CN)c2cc1OC.Cl
CHEMBL554882,COc1cc2c(C(N)=O)cnc(CN)c2cc1OC.Cl
CHEMBL554683,CCOC(=O)c1cnc(CN)c2cc(OCC)c(OC)cc12.Cl
CHEMBL555560,CCOC(=O)c1cnc(CN)c2c(OC)cc(OC)cc12.Cl
CHEMBL544478,CCOC(=O)c1cnc(CN)c2cc(O)c(OC)cc12.Cl
CHEMBL544717,CCOC(=O)c1cnc(CN)c2cc(OC)c(OCC)cc12.Cl
CHEMBL554957,COc1cc2c(C(=O)O)cnc(CN)c2cc1OC.Cl
CHEMBL539243,CCOC(=O)c1cnc(CN)c2c(OC)c(OC)c(OC)cc12.Cl
CHEMBL539500,CCOC(=O)c1cnc(CN)c2cc(OC)c(OC)c(OC)c12.Cl
CHEMBL539758,CCCNC(=O)c1cnc(CN)c2cc(OC)c(OC)cc12.Cl
CHEMBL553407,CCOC(=O)Nc1cnc(CN)c2cc(OC)c(OC)cc12.Cl
CHEMBL3084944,N[C@H](C(=O)N1CCCC1)[C@H]1CC[C@H](NC(=O)c2cccc3ccccc23)CC1
CHEMBL3084945,N[C@H](C(=O)N1CCSC1)[C@H]1CC[C@H](N)CC1
CHEMBL3084950,N[C@H](C(=O)N1CCSC1)[C@H]1CC[C@H](NC(=O)OCc2ccc(Cl)c(Cl)c2)CC1
CHEMBL3084951,N[C@H](C(=O)N1CCSC1)[C@H]1CC[C@H](NC(=O)OCc2ccc3ccccc3c2)CC1
CHEMBL22545,N[C@H](C(=O)N1C[C@H](F)[C@@H](F)C1)[C@H]1CC[C@H](NC(=O)OCc2ccccc2)CC1
CHEMBL416008,N[C@H](C(=O)N1C[C@@H](F)[C@H](F)C1)[C@H]1CC[C@H](NC(=O)OCc2ccccc2)CC1
CHEMBL277693,N[C@H](C(=O)N1CC[C@@H](F)C1)[C@H]1CC[C@H](NC(=O)OCc2ccccc2)CC1
CHEMBL283309,N[C@H](C(=O)N1CC[C@@H](F)C1)[C@H]1CC[C@H](NS(=O)(=O)c2ccc(F)cc2F)CC1
CHEMBL281561,N[C@H](C(=O)N1CC[C@@H](F)C1)[C@H]1CC[C@H](NS(=O)(=O)c2ccc(OC(F)(F)F)cc2)CC1
CHEMBL22310,N[C@H](C(=O)N1CC[C@H](F)C1)[C@H]1CC[C@H](NS(=O)(=O)c2ccc(F)cc2F)CC1
CHEMBL23051,N[C@H](C(=O)N1C[C@@H](F)[C@H](F)C1)[C@H]1CC[C@H](NS(=O)(=O)c2ccc(OC(F)(F)F)cc2)CC1
CHEMBL23879,N[C@H](C(=O)N1CC[C@@H](F)C1)[C@H]1CC[C@H](NC(=O)c2ccccc2C(F)(F)F)CC1
CHEMBL23880,N[C@H](C(=O)N1CC[C@H](F)C1)[C@H]1CC[C@H](NC(=O)c2ccccc2C(F)(F)F)CC1
CHEMBL277193,N[C@H](C(=O)N1C[C@@H](F)[C@H](F)C1)[C@H]1CC[C@H](NS(=O)(=O)c2ccc(F)cc2F)CC1
CHEMBL283368,N[C@H](C(=O)N1CCSC1)[C@H]1CC[C@H](NC(=O)c2ccccc2C(F)(F)F)CC1
CHEMBL23110,N[C@H](C(=O)N1CCC(F)(F)C1)[C@H]1CC[C@H](NC(=O)c2ccc(F)c(F)c2)CC1
CHEMBL281178,N[C@H](C(=O)N1CC[C@H](F)C1)[C@H]1CC[C@H](NS(=O)(=O)c2ccc(OC(F)(F)F)cc2)CC1
CHEMBL280658,N[C@H](C(=O)N1CCC(F)(F)C1)C1CCCCC1
CHEMBL23223,N[C@H](C(=O)N1CCSC1)C1CCCCC1
CHEMBL172624,N[C@@H](C(=O)N1CCSC1)[C@H]1CC[C@@H](OC(=O)Nc2cccc(F)c2)C1
CHEMBL172631,N[C@H](C(=O)N1CCSC1)[C@H]1CC[C@@H](OC(=O)Nc2cccc(F)c2)C1
CHEMBL352548,CS(=O)(=O)NCCS(=O)(=O)N[C@H]1CC[C@H]([C@H](N)C(=O)N2CCCC2)C1
CHEMBL352354,COc1ccc(NC(=O)O[C@@H]2CC[C@H]([C@H](N)C(=O)N3CCSC3)C2)cc1
CHEMBL353590,COc1ccc(NC(=O)O[C@@H]2CC[C@H]([C@H](N)C(=O)N3CCCC3)C2)cc1
CHEMBL433533,COc1ccc(NC(=O)O[C@H]2CCC[C@H]([C@H](N)C(=O)N3CCSC3)C2)cc1
CHEMBL352737,COc1ccc(NC(=O)O[C@H]2CCC[C@H]([C@H](N)C(=O)N3CCCC3)C2)cc1
CHEMBL355244,N[C@H](C(=O)N1CCCC1)[C@H]1CC[C@@H](O)C1
CHEMBL352402,N[C@H](C(=O)N1CCCC1)[C@@H]1CC[C@@H](OC(=O)Nc2ccc(I)cc2)C1
CHEMBL169204,CS(=O)(=O)c1ccc(S(=O)(=O)N[C@@H]2CC[C@@H]([C@H](N)C(=O)N3CCCC3)C2)cc1
CHEMBL169812,N[C@H](C(=O)N1CCCC1)[C@H]1CC[C@@H](NC(=O)c2cccc3ccccc23)C1
CHEMBL354576,N[C@H](C(=O)N1CCCC1)[C@H]1CC[C@@H](NC(=O)Nc2cccc3ccccc23)C1
CHEMBL172730,N[C@H](C(=O)N1CCCC1)[C@H]1CC[C@@H](OC(=O)Nc2ccccc2-c2ccccc2)C1
CHEMBL168281,N[C@H](C(=O)N1CCCC1)[C@H]1CC[C@H](NS(=O)(=O)c2ccc(S(=O)(=O)C(F)(F)F)cc2)C1
CHEMBL169179,N[C@H](C(=O)N1CCCC1)[C@@H]1CC[C@@H](NS(=O)(=O)c2ccc(S(N)(=O)=O)cc2)C1
CHEMBL352520,N[C@H](C(=O)N1CCSC1)[C@H]1CC[C@H](NC(=O)Nc2cccc3ccccc23)C1
CHEMBL353840,N[C@H](C(=O)N1CCSC1)[C@H]1CC[C@H](NC(=O)c2cccc3ccccc23)C1
CHEMBL433732,CS(=O)(=O)c1ccc(S(=O)(=O)N[C@H]2CC[C@@H]([C@H](N)C(=O)N3CCCC3)C2)cc1
CHEMBL168866,N[C@H](C(=O)N1CCCC1)[C@@H]1CC[C@@H](NS(=O)(=O)c2ccc(OC(F)(F)F)cc2)C1
CHEMBL171290,N[C@H](C(=O)N1CCCC1)[C@@H]1CC[C@H](NS(=O)(=O)c2ccc(S(N)(=O)=O)cc2)C1
CHEMBL355479,N[C@H](C(=O)N1CCCC1)[C@@H]1CC[C@@H](NC(=O)Nc2cccc3ccccc23)C1
CHEMBL355716,COc1ccc(NC(=O)O[C@H]2CC[C@H]([C@H](N)C(=O)N3CCCC3)C2)cc1
CHEMBL171609,N[C@H](C(=O)N1CCCC1)[C@@H]1CC[C@H](NC(=O)Nc2cccc3ccccc23)C1
CHEMBL170051,N[C@H](C(=O)N1CCCC1)[C@H]1CCC[C@H](OC(=O)Nc2ccc(I)cc2)C1
CHEMBL172057,N[C@H](C(=O)N1CCCC1)[C@H]1CC[C@H](OC(=O)Nc2ccc(I)cc2)C1
CHEMBL355203,COc1ccc(NC(=O)O[C@@H]2CCC[C@H]([C@H](N)C(=O)N3CCCC3)C2)cc1
CHEMBL352632,CO[C@@H]1CCC[C@H]([C@H](N)C(=O)N2CCCC2)C1
CHEMBL171430,N[C@@H](C(=O)N1CCSC1)[C@H]1CC[C@@H](OC(=O)Nc2cccc3ccccc23)C1
CHEMBL355248,CS(=O)(=O)c1ccccc1S(=O)(=O)N[C@H]1CC[C@H]([C@H](N)C(=O)N2CCCC2)C1
CHEMBL171437,N[C@H](C(=O)N1CCCC1)[C@H]1CC[C@H](NS(=O)(=O)c2ccc(C(=O)O)cc2)C1
CHEMBL354936,CN(C)S(=O)(=O)c1ccc(S(=O)(=O)N[C@H]2CC[C@H]([C@H](N)C(=O)N3CCCC3)C2)cc1
CHEMBL171342,N[C@H](C(=O)N1CCCC1)[C@H]1CC[C@H](NS(=O)(=O)c2ccc(S(N)(=O)=O)cc2)C1
CHEMBL368156,N[C@H](C(=O)N1CCCC1)[C@H]1CC[C@H](O)C1
CHEMBL355051,N[C@H](C(=O)N1CCCC1)[C@H]1CCC[C@H](O)C1
CHEMBL171733,N[C@H](C(=O)N1CCCC1)[C@H]1CCC[C@@H](OC(=O)Nc2ccc(I)cc2)C1
CHEMBL23891,N[C@H](C(=O)N1CC[C@H](F)C1)[C@H]1CC[C@H](NC(=O)OCc2ccccc2)CC1
CHEMBL279944,N[C@H](C(=O)N1CCC(F)(F)C1)[C@H]1CC[C@H](NC(=O)OCc2ccccc2)CC1
CHEMBL431885,N[C@H](C(=O)N1C[C@H](F)[C@@H](F)C1)[C@H]1CC[C@H](NS(=O)(=O)c2ccc(OC(F)(F)F)cc2)CC1
CHEMBL277635,N[C@H](C(=O)N1CCC(F)(F)C1)[C@H]1CC[C@H](NC(=O)c2ccccc2C(F)(F)F)CC1
CHEMBL423108,N[C@H](C(=O)N1CCC(F)(F)C1)[C@H]1CC[C@H](NS(=O)(=O)c2ccc(OC(F)(F)F)cc2)CC1
CHEMBL22294,N[C@H](C(=O)N1CCC(F)(F)C1)[C@H]1CC[C@H](NS(=O)(=O)c2ccc(F)cc2F)CC1
CHEMBL23924,N[C@H](C(=O)N1CC[C@@H](F)C1)[C@H]1CC[C@H](NC(=O)c2ccc(F)c(F)c2)CC1
CHEMBL22511,N[C@H](C(=O)N1CC[C@H](F)C1)C1CCCCC1
CHEMBL23981,N[C@H](C(=O)N1CC[C@@H](F)C1)C1CCCCC1
CHEMBL23660,N[C@H](C(=O)N1CC[C@H](F)C1)[C@H]1CC[C@H](NC(=O)c2ccc(F)c(F)c2)CC1
CHEMBL37289,COc1ccc(-c2nc(N)c(CN)c(-c3ccc(Cl)cc3Cl)n2)cc1
CHEMBL37960,NCc1c(N)nc(-c2ccc(F)c(F)c2)nc1-c1ccc(Cl)cc1Cl
CHEMBL34842,NCc1c(N)nc(-c2ccc(F)cc2)nc1-c1ccc(Cl)cc1Cl
CHEMBL37980,NCc1c(N)nc(-c2ccccc2)nc1-c1ccc2c(c1)OCO2
CHEMBL37654,NCc1c(N)nc(-c2cccc(C(F)(F)F)c2)nc1-c1ccc(Cl)cc1Cl
CHEMBL37687,NCc1c(N)nc(-c2ccc(Cl)cc2)nc1-c1ccc(Cl)cc1Cl
CHEMBL37655,NCc1c(N)nc(-c2cccc(Cl)c2)nc1-c1ccc(Cl)cc1Cl
CHEMBL34603,NCc1c(N)nc(-c2ccccc2)nc1-c1ccc(Cl)cc1
CHEMBL36333,NCc1c(N)nc(-c2ccccc2)nc1-c1ccccc1Cl
CHEMBL287534,Cc1cccc(-c2nc(-c3ccccc3)nc(N)c2CN)c1
CHEMBL289399,NCc1c(N)nc(-c2ccccc2)nc1-c1cccc(C(F)(F)F)c1
CHEMBL34764,NCc1c(N)nc(-c2ccc(C(F)(F)F)cc2)nc1-c1ccc(Cl)cc1Cl
CHEMBL36666,NCc1c(N)nc(-c2cccc(F)c2)nc1-c1ccc(Cl)cc1Cl
CHEMBL37536,NCc1c(N)nc(-c2ccccc2F)nc1-c1ccc(Cl)cc1Cl
CHEMBL34062,COc1cc(OC)cc(-c2nc(N)c(CN)c(-c3ccc(Cl)cc3Cl)n2)c1
CHEMBL289562,NCc1c(N)nc(-c2ccccc2)nc1-c1ccccc1
CHEMBL38165,Cc1ccc(-c2nc(-c3ccccc3)nc(N)c2CN)cc1
CHEMBL416787,NCc1c(N)nc(-c2ccccc2)nc1-c1cccc(Cl)c1
CHEMBL37229,COc1ccccc1-c1nc(-c2ccccc2)nc(N)c1CN
CHEMBL288171,NCc1c(N)nc(-c2ccccc2)nc1-c1ccccc1C(F)(F)F
CHEMBL35451,NCc1c(N)nc(-c2ccccc2)nc1-c1cccc(F)c1
CHEMBL287847,NCc1c(N)nc(-c2ccccc2)nc1-c1ccccc1F
CHEMBL67680,CCCCCCCC[S+](CCCCCCCC)Cc1ccc2cc1C(=O)NCC(=O)NCC(=O)NCCCC[C@H](N)C(=O)N1CCC[C@H]1C(=O)N2.O=C(O)C(F)(F)F.O=C([O-])C(F)(F)F
CHEMBL277390,C[S+](C)Cc1ccc2cc1C(=O)NCC(=O)NCC(=O)NCCCC[C@H](N)C(=O)N1CCC[C@H]1C(=O)N2.O=C(O)C(F)(F)F.O=C([O-])C(F)(F)F
CHEMBL319514,C[C@H](N)C(=O)N1CCC[C@H]1C#N
CHEMBL147314,CCCCC(N)C(=O)N1CCCCC1
CHEMBL146190,CCCC(N)C(=O)N1CCCCC1
CHEMBL434886,CCC(C)C(N)C(=O)N(C)CC
CHEMBL148261,CCC(C)C(N)C(=O)N1CCC(F)C1
CHEMBL148025,NC(C(=O)N1CCCCC1)C1CCCCC1
CHEMBL346877,CCC(C)C(N)C(=O)N1CCC1
CHEMBL148127,CCC(C)C(N)C(=O)N1CCCCCC1
CHEMBL147923,NCCC(N)C(=O)N1CCCCC1
CHEMBL146995,NC(CO)C(=O)N1CCCCC1
CHEMBL356207,NCCC(N)C(=O)N1CCSC1
CHEMBL148955,NCCCCC(N)C(=O)N1CCSC1
CHEMBL357606,CCC(C)C(N)C(=O)N1CCSC1
CHEMBL146877,N#C[C@@H]1CCCCN1C(=O)C(N)CCN
CHEMBL358358,CCC(C)C(N)C(=O)N1CCC(N=[N+]=[N-])C1
CHEMBL461912,N#C[C@@H]1CCCN1C(=O)[C@@H](N)CCCCN
CHEMBL37748,COc1cccc(-c2nc(N)c(CN)c(-c3ccc(Cl)cc3Cl)n2)c1
CHEMBL34779,COc1ccccc1-c1nc(N)c(CN)c(-c2ccc(Cl)cc2Cl)n1
CHEMBL290620,COc1cccc(-c2nc(-c3ccccc3)nc(N)c2CN)c1
CHEMBL37645,Cc1ccccc1-c1nc(N)c(CN)c(-c2ccc(Cl)cc2Cl)n1
CHEMBL35016,Cc1ccccc1-c1nc(-c2ccccc2)nc(N)c1CN
CHEMBL34972,Cc1ccc(-c2nc(N)c(CN)c(-c3ccc(Cl)cc3Cl)n2)cc1
CHEMBL35116,Cc1cccc(-c2nc(N)c(CN)c(-c3ccc(Cl)cc3Cl)n2)c1
CHEMBL35000,NCc1c(N)nc(-c2ccccc2)nc1-c1ccc(C(F)(F)F)cc1
CHEMBL36020,NCc1c(N)nc(-c2ccccc2)nc1-c1ccc(Cl)cc1Cl
CHEMBL36282,COc1ccc(-c2nc(-c3ccccc3)nc(N)c2CN)cc1
CHEMBL286301,NCc1c(N)nc(-c2ccccc2)nc1-c1ccc(F)cc1
CHEMBL67679,CCCC[S+](CCCC)Cc1ccc2cc1C(=O)NCC(=O)NCC(=O)NCCCC[C@H](N)C(=O)N1CCC[C@H]1C(=O)N2.O=C(O)C(F)(F)F.O=C([O-])C(F)(F)F
CHEMBL305759,N[C@H]1CCCCNC(=O)CNC(=O)CNC(=O)c2cc(ccc2COc2ccccc2)NC(=O)[C@@H]2CCCN2C1=O
CHEMBL302602,C[S+](C)Cc1ccc2cc1C(=O)NCC(=O)NCC(=O)NCC(=O)NCC(=O)NCCCC[C@H](N)C(=O)N1CCC[C@H]1C(=O)N2.O=C(O)C(F)(F)F.O=C([O-])C(F)(F)F
CHEMBL96607,CC(N)(CO)C(O)NCC(=O)N1CCC[C@H]1C#N
CHEMBL94046,N#C[C@H]1CCCN1C(=O)CCNCCNc1ccc([N+](=O)[O-])cn1
CHEMBL313423,CN[C@H](C(=O)N1CCC[C@H]1C#N)C(C)C
CHEMBL96071,CC1(C)C2CC(CNCC(=O)N3CCC[C@H]3C#N)CC1C2
CHEMBL94597,N#C[C@@H]1CCCN1C(=O)CNCCNc1ccccc1
CHEMBL328613,O=C(CNC12C[C@H]3C[C@@H](C1)C[C@@H](C2)C3)N1CCc2ccccc2C1
CHEMBL96229,O=C(CNC12C[C@H]3C[C@@H](C1)C[C@@H](C2)C3)N1CCC1
CHEMBL328794,N#C[C@@H]1CCCN1C(=O)CNC1CCN(c2nc3ccccc3s2)CC1
CHEMBL96748,CC(C)NCC(=O)N1CCC[C@H]1C#N
CHEMBL93354,N#C[C@@H]1CCCN1C(=O)CNCCNc1ccc(Cl)cn1
CHEMBL329909,N#C[C@@H]1CCCN1C(=O)CNCCNc1ncccn1
CHEMBL96299,N#C[C@@H]1CCCN1C(=O)CNCCCCCO
CHEMBL96160,CCCCCNCC(=O)N1CCC[C@H]1C#N
CHEMBL316832,N#C[C@@H]1CCCN1C(=O)CNCC12C[C@H]3C[C@@H](C1)C[C@@H](C2)C3
CHEMBL328994,N#C[C@@H]1CCCN1C(=O)CNC1Cc2ccccc2C1
CHEMBL327264,N#C[C@@H]1CCCN1C(=O)CNCCC(c1ccccc1)c1ccccc1
CHEMBL96942,N#C[C@@H]1CCCN1C(=O)CNCCc1ccccc1
CHEMBL94908,CCC(C)(C)NCC(=O)N1CCC[C@H]1C#N
CHEMBL330670,CCNCC(=O)N1CCC[C@H]1C#N
CHEMBL93847,N#C[C@@H]1CCCN1C(=O)CNC1CCCCCCCCCCC1
CHEMBL94147,CCCCCCCNCC(=O)N1CCC[C@H]1C#N
CHEMBL148285,CCC(N)C(=O)N1CCCCC1
CHEMBL148002,CCC(C)C(N)C(=O)N(C)C
CHEMBL145862,NC(N)=NCCCC(N)C(=O)N1CCCCC1
CHEMBL343650,CCCN(C)C(=O)C(N)C(C)CC
CHEMBL147691,CCC(C)C(N)C(=O)N1CCC(O)C1
CHEMBL348246,NCCCCC(N)C(=O)N1CCC1
CHEMBL444537,CCC(C)C(N)C(=O)N1CC=CCC1
CHEMBL148954,NCCCC(N)C(=O)N1CCSC1
CHEMBL145813,N#CC1CCCCN1C(=O)C(N)CCCCN
CHEMBL144027,NCCCCC(N)C(=O)N1CCC(O)C1
CHEMBL461506,NCCCC[C@H](N)C(=O)N1CCCCC1
CHEMBL1160335,CC(=O)OCc1ccc2cc1C(=O)NCC(=O)NCC(=O)NCCCC[C@H](N)C(=O)N1CCC[C@H]1C(=O)N2.O=C(O)C(F)(F)F
CHEMBL3084814,C[C@]12C[C@@H]3C[C@](C)(C1)C[C@](NCC(=O)N1CCC[C@H]1C#N)(C3)C2
CHEMBL3084816,N#C[C@@H]1CCCN1C(=O)CN[C@H]1CC[C@H](Nc2ccc(C(F)(F)F)cn2)CC1
CHEMBL3084822,CC(=O)O[C@@]12C[C@@H]3C[C@@H](C[C@](NCC(=O)N4CCC[C@H]4C#N)(C3)C1)C2
CHEMBL323129,CC(C)(N)C(O)NCC(=O)N1CCC[C@H]1C#N
CHEMBL96666,CC(C)[C@H](N)C(=O)N1CCC[C@H]1C#N
CHEMBL330623,N#C[C@@H]1CCCN1C(=O)[C@@H](NC1CCCCC1)C1CCCCC1
CHEMBL327166,CC(C)(CNc1ccc(C#N)cn1)NCC(=O)N1CCC[C@H]1C#N
CHEMBL318511,O=C(CNC12C[C@H]3C[C@@H](C1)C[C@@H](C2)C3)N1CCCCC1
CHEMBL330426,N#C[C@@H]1CCCN1C(=O)CNC1CCN(c2ccc(C(F)(F)F)cn2)CC1
CHEMBL96395,N#Cc1ccc(NCCNCC(=O)N2CCC[C@H]2C(N)=O)nc1
CHEMBL96453,N#C[C@@H]1CCCN1C(=O)CNCc1ccccc1
CHEMBL96491,CCCCCCNCC(=O)N1CCC[C@H]1C#N
CHEMBL329282,N#C[C@@H]1CCCN1C(=O)CNCCNc1ncccc1C(F)(F)F
CHEMBL92028,N#C[C@@H]1CCCN1C(=O)CNC1(CO)CCCCC1
CHEMBL94312,N#C[C@@H]1CCCN1C(=O)CNC1CCC1
CHEMBL330717,N#C[C@@H]1CCCN1C(=O)CNCCNc1ccc(C(F)(F)F)cn1
CHEMBL94647,CC(C)(C)CCNCC(=O)N1CCC[C@H]1C#N
CHEMBL95088,N#C[C@@H]1CCCN1C(=O)CNC1(CO)CCCC1
CHEMBL95089,N#C[C@@H]1CCCN1C(=O)CNC1CCCC1
CHEMBL92710,CCC(CO)NCC(=O)N1CCC[C@H]1C#N
CHEMBL330326,CCC(CC)NCC(=O)N1CCC[C@H]1C#N
CHEMBL92711,N#C[C@@H]1CCCN1C(=O)CNCCNc1ccccn1
CHEMBL431425,N#C[C@@H]1CCCN1C(=O)CNC1CCCCC1
CHEMBL317787,CCCCNCC(=O)N1CCC[C@H]1C#N
CHEMBL96459,CC1C(NCC(=O)N2CCC[C@H]2C#N)CC2CC1C2(C)C
CHEMBL330373,N#C[C@@H]1CCCN1C(=O)CNC1CC2CCC1C2
CHEMBL96908,CC(C)(Cc1ccccc1)NCC(=O)N1CCC[C@H]1C#N
CHEMBL319798,N#C[C@@H]1CCCN1C(=O)CNC1CCN(C(=O)C2CCCCC2)CC1
CHEMBL96892,N#C[C@@H]1CCCN1C(=O)CNC1[C@H]2C[C@@H]3C[C@@H](C[C@H]1C3)C2
CHEMBL319080,N#C[C@@H]1CCCN1C(=O)CNC12C[C@H]3C[C@@H](C1)C[C@@H](C2)C3
CHEMBL93034,O=C(CNC12C[C@H]3C[C@@H](C1)C[C@@H](C2)C3)N1CCCC1
CHEMBL96593,N#C[C@@H]1CCCN1C(=O)CNC1CCCCCCC1
CHEMBL94630,CC(C)(C)CC(C)(C)NCC(=O)N1CCC[C@H]1C#N
CHEMBL323130,N#C[C@@H]1CCCN1C(=O)CNC1CCCCCC1
CHEMBL322903,N#Cc1ccc(NCCNCC(=O)N2CCC[C@@H]2C#N)nc1
CHEMBL96890,N#C[C@@H]1CCCN1C(=O)CNCCCc1ccccc1
CHEMBL96891,CC(C)C(NCC(=O)N1CCC[C@H]1C#N)C(C)C
CHEMBL96183,O=C(CNCCNc1ccc([N+](=O)[O-])cn1)N1CCSC1
CHEMBL321509,N#C[C@@H]1CCCN1C(=O)CNCCOc1ccccc1
CHEMBL96080,N#C[C@@H]1CCCN1C(=O)CNC1CC1
CHEMBL318612,CN(CC(=O)N1CCC[C@H]1C#N)C1CCCCC1
CHEMBL3084811,N#C[C@@H]1CCCN1C(=O)CN[C@]12C[C@@H]3C[C@@H](C[C@@](O)(C3)C1)C2
CHEMBL3084813,NC(=O)[C@@H]1CCCN1C(=O)CN[C@]12C[C@@H]3C[C@@H](C[C@@](O)(C3)C1)C2
CHEMBL3084815,N#Cc1ccc(N[C@H]2CC[C@H](NCC(=O)N3CCC[C@H]3C#N)CC2)nc1
CHEMBL3084817,N#C[C@@H]1CCCN1C(=O)CN[C@]12C[C@H]3C[C@@H](C1)C[C@](OC(=O)NC1CCCCC1)(C3)C2
CHEMBL3084818,CC(C)N(C(=O)O[C@@]12C[C@@H]3C[C@@H](C[C@](NCC(=O)N4CCC[C@H]4C#N)(C3)C1)C2)C(C)C
CHEMBL3084819,N#C[C@@H]1CCCN1C(=O)CN[C@H]1CC[C@H](NC(=O)C2CCCCC2)CC1
CHEMBL3084820,N#C[C@@H]1CCCN1C(=O)CN[C@H]1CC[C@H](Nc2nc3ccccc3s2)CC1
CHEMBL3084821,N#C[C@@H]1CCCN1C(=O)CN[C@H]1CC[C@H](Oc2ccc(Cl)cc2)CC1
CHEMBL3084823,N#C[C@@H]1CCCN1C(=O)CN[C@]12C[C@H]3C[C@@H](C1)C[C@](OC(=O)Nc1ccccc1)(C3)C2
CHEMBL3084824,COc1ccc(NC(=O)O[C@@]23C[C@@H]4C[C@@H](C[C@](NCC(=O)N5CCC[C@H]5C#N)(C4)C2)C3)cc1
CHEMBL3084825,CC(C)(C)NC(=O)O[C@@]12C[C@@H]3C[C@@H](C[C@](NCC(=O)N4CCC[C@H]4C#N)(C3)C1)C2
CHEMBL3084826,O=C(O)[C@@H]1CCCN1C(=O)CN[C@]12C[C@@H]3C[C@@H](C[C@@](O)(C3)C1)C2
CHEMBL432081,N[C@@H](Cc1c[nH]c2ccccc12)C(=O)N1Cc2ccccc2C[C@H]1C(=O)N[C@@H](CO)C(=O)O
CHEMBL37260,N[C@@H](Cc1c[nH]c2ccccc12)C(=O)N1Cc2ccccc2C[C@H]1C(=O)O
CHEMBL290598,N[C@@H](Cc1c[nH]c2ccccc12)C(=O)N1Cc2ccccc2C[C@H]1C(=O)N[C@@H](CCC(=O)O)C(=O)O
CHEMBL329581,CC(N)(CNCC(=O)N1CCC[C@H]1C#N)C(=O)O
CHEMBL321724,N#Cc1ccc(NCCN2CC(=O)N3CCC[C@H]3C2=N)nc1
CHEMBL318775,N#Cc1ccc(NCCCNCC(=O)N2CCC[C@H]2C#N)nc1
CHEMBL320143,CCCNCC(=O)N1CCC[C@H]1C#N
CHEMBL96577,N#C[C@@H]1CCCN1C(=O)CNCc1cccc2ccccc12
CHEMBL96937,CC(C)(C)NCC(=O)N1CCC[C@H]1C#N
CHEMBL96814,O=C(CNCCNc1ccc([N+](=O)[O-])cn1)N1CCCC1
CHEMBL98060,N[C@@H](CCNCc1ccc(Cl)cc1)C(=O)N1CCCC(F)C1
CHEMBL317312,N[C@@H](CCNCCc1ccccc1)C(=O)N1CCCCC1
CHEMBL98860,N[C@@H](CCNCc1ccc2ccccc2c1)C(=O)N1CCCCC1
CHEMBL330600,N#Cc1cccc(CNCC[C@H](N)C(=O)N2CCCCC2)c1
CHEMBL316487,N[C@@H](CCNc1ncccc1[N+](=O)[O-])C(=O)N1CCCCC1
CHEMBL318670,N[C@@H](CCNC(=O)c1ccccc1)C(=O)N1CCCCC1
CHEMBL440325,CC(=O)NCC[C@H](N)C(=O)N1CCCCC1
CHEMBL98415,N[C@@H](CCNc1ccccc1)C(=O)N1CCCCC1
CHEMBL101401,NC(N)=NCC[C@H](N)C(=O)N1CCCCC1
CHEMBL418788,N#Cc1ccc(NCC[C@H](N)C(=O)N2CCCCC2)nc1
CHEMBL97884,N[C@@H](CCNCc1cccc2ccccc12)C(=O)N1CCCCC1
CHEMBL99111,N[C@@H](CCNCc1ccncc1)C(=O)N1CCCCC1
CHEMBL317949,N[C@@H](CCNCc1cccc(Cl)c1)C(=O)N1CCCCC1
CHEMBL328197,N[C@@H](CCNC1CCNCC1)C(=O)N1CCCCC1
CHEMBL97977,N[C@@H](CCNCC1CCCCC1)C(=O)N1CCCCC1
CHEMBL98801,CN(CC[C@H](N)C(=O)N1CCCCC1)Cc1ccc(Cl)cc1
CHEMBL97970,N[C@@H](CCN(Cc1ccccc1)Cc1ccccc1)C(=O)N1CCCCC1
CHEMBL99506,N[C@@H](CCNCc1ccc(Cl)cc1)C(=O)N1CCC(F)CC1
CHEMBL98423,N[C@@H](CCNCc1cccs1)C(=O)N1CCCCC1
CHEMBL99047,COc1ccc(CNCC[C@H](N)C(=O)N2CCCCC2)cc1
CHEMBL327499,COc1cccc(CNCC[C@H](N)C(=O)N2CCCCC2)c1
CHEMBL320672,N#C[C@@H]1CCCCN1C(=O)[C@@H](N)CCN
CHEMBL99263,N[C@@H](CCNCc1ccccc1)C(=O)N1CCCCC1
CHEMBL319350,N#CC1CCCCN1C(=O)[C@@H](N)CCNCc1ccc(Cl)cc1
CHEMBL98762,N[C@@H](CCNCc1ccccc1Cl)C(=O)N1CCCCC1
CHEMBL98869,N[C@@H](CCNCc1ccc(Cl)cc1)C(=O)N1CCCCC1
CHEMBL99247,N[C@@H](CCNCc1ccc(OCc2ccccc2)cc1)C(=O)N1CCCCC1
CHEMBL329314,N#CC1CCCCN1C(=O)[C@@H](N)CCNCc1ccccc1
CHEMBL100370,N[C@@H](CCNCc1ccc(Cl)cc1)C(=O)N1CC=CCC1
CHEMBL175034,N#C[C@@H]1CCCC1C(=O)CNCCc1ccccc1
CHEMBL177980,N#CC1CCC/C1=C(/F)CNC12CC3CC(CC(C3)C1)C2
CHEMBL177746,O=C(CNC1CCCCC1)N1CCCC1
CHEMBL175260,O=C(CNCc1ccccc1)N1CCCC1
CHEMBL179771,N#C[C@@H]1CCCC1C(=O)CNC12CC3CC(CC(C3)C1)C2
CHEMBL179687,N#C[C@@H]1CCCC1C(=O)CNCc1ccc(F)cc1
CHEMBL180514,N#CC1CCC/C1=C(\F)CNC12CC3CC(CC(C3)C1)C2
CHEMBL558196,Cl.N[C@@H](CC(=O)N1CCn2c(nnc2C(F)(F)F)C1)Cc1ccc(F)c(F)c1
CHEMBL537625,Cl.N[C@@H](CC(=O)N1CCn2cnnc2C1)Cc1ccc(F)c(F)c1
CHEMBL537844,CCc1nnc2n1CCN(C(=O)C[C@H](N)Cc1ccc(F)c(F)c1)C2.Cl
CHEMBL3084812,CC[C@@]12C[C@H]3C[C@@H](C1)C[C@@](NCC(=O)N1CCC[C@H]1C#N)(C3)C2
CHEMBL175872,N[C@@H](CC(=O)N1CCNC[C@H]1Cc1ccccc1)Cc1ccccc1F
CHEMBL366549,N[C@@H](CC(=O)N1CCNCC1)Cc1ccc(F)c(F)c1
CHEMBL180000,N#C[C@@H]1Cc2ccccc2CN1C(=O)[C@@H](N)Cc1c[nH]c2ccccc12
CHEMBL361863,N[C@H](C(=O)N1CCCCC1)C1CCCCC1
CHEMBL440021,N[C@H](C(=O)N1Cc2ccccc2C1)C1CCCCC1
CHEMBL362018,N#C[C@@H]1CCCN1C(=O)[C@@H](N)CC(=O)N1CCN(C(c2ccc(F)cc2)c2ccc(F)cc2)CC1
CHEMBL179289,N#C[C@@H]1CCCN1C(=O)[C@@H](N)CC(=O)N1CCc2ccccc2C1
CHEMBL185020,N[C@@H](CC(=O)N1CCSC1)Cc1ccccn1
CHEMBL362364,N[C@H](CCc1ccccc1)CC(=O)N1CCSC1
CHEMBL184262,N[C@@H](CC(=O)N1CCSC1)Cc1ccccc1
CHEMBL362140,N[C@@H](CC(=O)N1CCSC1)CC1CCCCC1
CHEMBL185332,N[C@@H](CC(=O)N1CCSC1)Cc1cccnc1
CHEMBL181239,N[C@@H](CC(=O)N1CCSC1)Cc1ccoc1
CHEMBL182168,N[C@@H](CC(=O)N1CCSC1)CC1CCCC1
CHEMBL183947,N[C@@H](CC(=O)N1CCSC1)Cc1ccncc1
CHEMBL183517,N[C@@H](CC(=O)N1CCSC1)Cc1ccsc1
CHEMBL363542,N#Cc1ccc(NCCNCC(=O)N2N=CC[C@H]2C#N)nc1
CHEMBL185222,N#Cc1ccc(NCCNCC(=O)N2N=CC[C@@H]2C#N)nc1
CHEMBL184572,CCC(C)[C@@H](N)C(=O)N1N=CCC1C#N
CHEMBL369738,N[C@@H](CC(=O)N1CCNC[C@H]1Cc1ccccc1)Cc1cc(F)ccc1F
CHEMBL184651,N#Cc1ccc(NCCNCC(=O)N2N=CCC2C#N)nc1
CHEMBL185482,N[C@@H](CC(=O)N1CCNC[C@H]1Cc1cscn1)Cc1ccccc1F
CHEMBL184808,N[C@@H](CC(=O)N1CCNC[C@H]1Cc1cccnc1)Cc1ccccc1F
CHEMBL184636,N[C@@H](CC(=O)N1CCNC[C@H]1Cc1ccccc1)Cc1cc(F)c(F)cc1F
CHEMBL184902,N[C@@H](CC(=O)N1CCNC[C@H]1Cc1ccc(F)cc1)Cc1ccccc1F
CHEMBL184738,N[C@@H](CC(=O)N1CCC[C@H]1C(=O)NCc1cc(Cl)ccc1OCC(=O)NC1CC1)Cc1ccccc1
CHEMBL186877,COc1cc(OC)cc(-c2nc(-c3ccc(Cl)cc3Cl)c(CN(C)C)c(N(C)C)n2)c1
CHEMBL365066,N#Cc1ccc(C[C@@H](N)CC(=O)N2CCSC2)cc1
CHEMBL184624,N[C@@H](CC(=O)N1CCNCC1)Cc1ccccc1F
CHEMBL264551,C[C@@H]1CNCCN1C(=O)C[C@H](N)Cc1ccccc1F
CHEMBL185121,N#Cc1ccccc1C[C@@H](N)CC(=O)N1CCSC1
CHEMBL185601,N[C@@H](CC(=O)N1CCSC1)Cc1ccccc1C(F)(F)F
CHEMBL184442,N[C@@H](CC(=O)N1CCSC1)Cc1ccc(Cl)cc1
CHEMBL366278,N[C@@H](CC(=O)N1CCSC1)Cc1ccc(I)cc1
CHEMBL186611,N[C@@H](CC(=O)N1CCCC[C@H]1Cc1ccccc1)Cc1ccccc1F
CHEMBL187118,N[C@@H](CC(=O)N1CCSC1)Cc1ccccc1F
CHEMBL185351,Cc1ccccc1C[C@@H](N)CC(=O)N1CCSC1
CHEMBL185538,N[C@@H](CC(=O)N1CCSC1)Cc1cccc(C(F)(F)F)c1
CHEMBL363879,N[C@@H](CC(=O)N1CCSC1)Cc1ccc(F)cc1
CHEMBL182544,N[C@@H](CC(=O)N1CCSC1)Cc1cccc(F)c1
CHEMBL405786,N#Cc1cccc(C[C@@H](N)CC(=O)N2CCSC2)c1
CHEMBL184259,N[C@@H](CC(=O)N1CCSC1)Cc1ccc(C(F)(F)F)cc1
CHEMBL184937,N[C@@H](CC(=O)N1CCSC1)Cc1ccc([N+](=O)[O-])cc1
CHEMBL360488,CC(C)[C@@H]1CNCCN1C(=O)C[C@H](N)Cc1ccccc1F
CHEMBL182861,N[C@@H](CC(=O)N1CCNC[C@H]1c1ccc(F)cc1)Cc1ccccc1F
CHEMBL537400,Cl.N[C@@H](CC(=O)N1CCn2c(nnc2C(F)(F)F)C1)Cc1cc(F)ccc1F
CHEMBL558585,Cl.N[C@@H](CC(=O)N1CCn2c(nnc2C(F)(F)C(F)(F)F)C1)Cc1cc(F)c(F)cc1F
CHEMBL557187,Cl.N[C@@H](CC(=O)N1CCn2cnnc2C1)Cc1cc(F)c(F)cc1F
CHEMBL539077,Cl.N[C@@H](CC(=O)N1CCn2c(nnc2C(F)(F)F)C1)Cc1cc(F)c(F)cc1F
CHEMBL559011,Cl.N[C@@H](CC(=O)N1CCn2c(nnc2C(F)(F)C(F)(F)F)C1)Cc1cc(F)ccc1F
CHEMBL184961,N[C@@H](CC(=O)N1CCSC1)Cc1cccc(F)c1F
CHEMBL184912,N[C@@H](CC(=O)N1CCSC1)Cc1ccc(F)cc1F
CHEMBL186032,CS(=O)(=O)Nc1cccc(NC(=O)CN2CCN(C[C@@H](N)Cc3ccccc3)C(Cc3ccccc3)C2)c1
CHEMBL184928,N[C@@H](CC(=O)N1CCSC1)Cc1ccc(Cl)c(Cl)c1
CHEMBL363319,N[C@@H](CC(=O)N1CCSC1)Cc1cc(F)c(F)cc1F
CHEMBL433572,N[C@@H](CC(=O)N1CCSC1)Cc1cc(F)ccc1F
CHEMBL360396,N[C@@H](CC(=O)N1CCSC1)Cc1c(F)cccc1F
CHEMBL362538,CS(=O)(=O)Nc1cccc(NC(=O)CN2CCN(C(=O)C[C@@H](N)Cc3ccccc3F)C(Cc3ccccc3)C2)c1
CHEMBL360425,CS(=O)(=O)Nc1cccc(NC(=O)CN2CCN(C(=O)C[C@H](N)Cc3ccc(F)c(F)c3)[C@H](Cc3ccccc3)C2)c1
CHEMBL365414,CS(=O)(=O)Nc1cccc(NC(=O)CN2CCN(C(=O)C[C@@H](N)Cc3ccccc3)C(Cc3ccccc3)C2)c1
CHEMBL184672,CS(=O)(=O)Nc1cccc(NC(=O)CN2CCN(C(=O)C[C@@H](N)Cc3ccc(F)c(F)c3)C(Cc3ccccc3)C2)c1
CHEMBL187293,CS(=O)(=O)Nc1cccc(NC(=O)CN2CCN(C(=O)C[C@H](N)Cc3ccccc3F)C(Cc3ccccc3)C2)c1
CHEMBL183207,CS(=O)(=O)Nc1cccc(NC(=O)CN2CCN(C(=O)C[C@H](N)Cc3ccccc3F)[C@H](Cc3ccccc3)C2)c1
CHEMBL360167,CS(=O)(=O)Nc1cccc(NC(=O)CN2CCN(C(=O)C[C@H](N)Cc3ccc(F)c(F)c3)[C@@H](Cc3ccccc3)C2)c1
CHEMBL184040,CS(=O)(=O)Nc1cccc(NC(=O)CN2CCN(C(=O)C[C@H](N)Cc3ccccc3)C(Cc3ccccc3)C2)c1
CHEMBL263946,CS(=O)(=O)Nc1cccc(NC(=O)CN2CCN(C(=O)C[C@H](N)Cc3ccc(F)c(F)c3)C(Cc3ccccc3)C2)c1
CHEMBL184380,N[C@@H](CC(=O)N1CCN(Cc2ccccc2)C[C@H]1Cc1ccccc1)Cc1ccccc1F
CHEMBL186610,N[C@@H](CC(=O)N1CCOC[C@H]1Cc1ccccc1)Cc1ccccc1F
CHEMBL364385,CS(=O)(=O)Nc1cccc(NC(=O)CN2CCN(C(=O)C[C@H](N)Cc3ccccc3F)[C@@H](Cc3ccccc3)C2)c1
CHEMBL184071,CN1CCN(C(=O)C[C@H](N)Cc2ccccc2F)[C@H](Cc2ccccc2)C1
CHEMBL185067,NC(=O)CN1CCN(C(=O)C[C@H](N)Cc2ccccc2F)[C@H](Cc2ccccc2)C1
CHEMBL425347,NC(CC(=O)N1CCC[C@H]1C(=O)NCc1ccc(C(=O)O)cc1)Cc1ccccc1.O=C(O)C(F)(F)F
CHEMBL186596,NC(CC(=O)N1CCC[C@H]1C(=O)NCc1ccccc1)Cc1ccccc1F.O=C(O)C(F)(F)F
CHEMBL186649,NC(CC(=O)N1CCC[C@H]1C(=O)NCc1cc(Cl)ccc1OCC(=O)NC1CC1)Cc1ccccc1
CHEMBL184593,NC(CC(=O)N1CCC[C@H]1C(=O)NCc1cccc(C(=O)O)c1)Cc1ccccc1.O=C(O)C(F)(F)F
CHEMBL366049,NC(CC(=O)N1CCC[C@H]1C(=O)NCc1ccc(C(=O)O)cc1)Cc1ccccc1F.O=C(O)C(F)(F)F
CHEMBL183418,CC(C)[C@@H](Oc1ccc(CNC(=O)[C@@H]2CCCN2C(=O)C(N)C2CCCCC2)cc1)C(=O)O.O=C(O)C(F)(F)F
CHEMBL184986,N[C@@H](CC(=O)N1CCSC1)Cc1ccc(F)c(F)c1
CHEMBL182223,NC(CC(=O)N1CCC[C@H]1C(=O)NCc1ccc(C(=O)O)cc1)Cc1ccc(F)c(F)c1.O=C(O)C(F)(F)F
CHEMBL366290,CC(C)[C@H](Oc1ccc(CNC(=O)[C@@H]2CSCN2C(=O)CC(N)Cc2cc(F)ccc2F)cc1)C(=O)O.O=C(O)C(F)(F)F
CHEMBL184346,NC(CC(=O)N1CCC[C@H]1C(=O)NCCCCc1nn[nH]n1)Cc1ccccc1F.O=C(O)C(F)(F)F
CHEMBL185244,COC(=O)Cc1ccc(CNC(=O)[C@@H]2CCCN2C(=O)CC(N)Cc2ccccc2F)cc1.O=C(O)C(F)(F)F
CHEMBL186787,NC(CC(=O)N1CCC[C@H]1C(=O)NCc1ccc(OCC(=O)O)cc1)Cc1ccccc1F.O=C(O)C(F)(F)F
CHEMBL435882,NC(CC(=O)N1CCC[C@H]1C(=O)NCc1ccc(C(F)(F)F)cc1)Cc1ccccc1F.O=C(O)C(F)(F)F
CHEMBL361263,NC(CC(=O)N1CCC[C@H]1C(=O)NCCCCc1c[nH]cn1)Cc1ccccc1F.O=C(O)C(F)(F)F
CHEMBL365836,CCCC(Oc1ccc(CNC(=O)[C@@H]2CCCN2C(=O)CC(N)Cc2ccccc2F)cc1)C(=O)O.O=C(O)C(F)(F)F
CHEMBL365837,CC(C)C(Oc1ccc(CNC(=O)[C@@H]2CCCN2C(=O)CC(N)Cc2ccccc2F)cc1)C(=O)O.O=C(O)C(F)(F)F
CHEMBL365838,CCCCC(Oc1ccc(CNC(=O)[C@@H]2CCCN2C(=O)CC(N)Cc2ccccc2F)cc1)C(=O)O.O=C(O)C(F)(F)F
CHEMBL187699,NC(C(=O)N1CCC[C@H]1C(=O)NCc1ccc(C(=O)O)cc1)C1CCCCC1.O=C(O)C(F)(F)F
CHEMBL364100,CC(C)[C@H](Oc1ccc(CNC(=O)[C@@H]2CCCN2C(=O)CC(N)Cc2ccccc2F)cc1)C(=O)O.O=C(O)C(F)(F)F
CHEMBL364101,CC(C)[C@@H](Oc1ccc(CNC(=O)[C@@H]2CCCN2C(=O)CC(N)Cc2ccccc2)cc1)C(=O)O.O=C(O)C(F)(F)F
CHEMBL364102,CC(C)[C@@H](Oc1ccc(CNC(=O)[C@@H]2CCCN2C(=O)CC(N)Cc2cc(F)ccc2F)cc1)C(=O)O.O=C(O)C(F)(F)F
CHEMBL183736,CC(Oc1ccc(CNC(=O)[C@@H]2CCCN2C(=O)CC(N)Cc2ccccc2F)cc1)C(=O)O.O=C(O)C(F)(F)F
CHEMBL365010,CCC(Oc1ccc(CNC(=O)[C@@H]2CCCN2C(=O)CC(N)Cc2ccccc2F)cc1)C(=O)O.O=C(O)C(F)(F)F
CHEMBL365834,NC(C(=O)N1CCC[C@H]1C(=O)NCc1cccc(C(=O)O)c1)C1CCCCC1.O=C(O)C(F)(F)F
CHEMBL366286,C[C@H](Oc1ccc(CNC(=O)[C@@H]2CCCN2C(=O)CC(N)Cc2ccccc2F)cc1)C(=O)O.O=C(O)C(F)(F)F
CHEMBL365231,CC(C)[C@@H](Oc1ccc(CNC(=O)[C@@H]2CCCN2C(=O)CC(N)Cc2ccccc2F)cc1)C(=O)O.O=C(O)C(F)(F)F
CHEMBL365875,NC(C(=O)N1CCC[C@H]1C(=O)NCc1ccccc1C(=O)O)C1CCCCC1.O=C(O)C(F)(F)F
CHEMBL187963,C[C@@H](Oc1ccc(CNC(=O)[C@@H]2CCCN2C(=O)CC(N)Cc2ccccc2F)cc1)C(=O)O.O=C(O)C(F)(F)F
CHEMBL183098,NC(CC(=O)N1CCC[C@H]1C(=O)NCc1ccccc1C(=O)O)Cc1ccccc1.O=C(O)C(F)(F)F
CHEMBL186482,COC(=O)Cc1ccc(CNC(=O)[C@@H]2CSCN2C(=O)CC(N)Cc2ccccc2F)cc1.O=C(O)C(F)(F)F
CHEMBL451492,NC(CC(=O)N1CSC[C@H]1C(=O)NCc1ccc(CC(=O)O)cc1)Cc1ccccc1.O=C(O)C(F)(F)F
CHEMBL183060,NC(CC(=O)N1CSC[C@H]1C(=O)NCc1ccc(CC(=O)O)cc1)Cc1ccccc1F.O=C(O)C(F)(F)F
CHEMBL364103,CC(C)[C@@H](Oc1ccc(CNC(=O)[C@@H]2CCCN2C(=O)CC(N)Cc2cc(F)c(F)cc2F)cc1)C(=O)O.O=C(O)C(F)(F)F
CHEMBL183289,CC(C)[C@@H](Oc1ccc(CNC(=O)[C@@H]2CCCN2C(=O)CC(N)Cc2c(F)c(F)c(F)c(F)c2F)cc1)C(=O)O.O=C(O)C(F)(F)F
CHEMBL364140,CC(C)[C@@H](Oc1ccc(CNC(=O)[C@@H]2CCCN2C(=O)CC(N)Cc2ccc(C(F)(F)F)cc2F)cc1)C(=O)O.O=C(O)C(F)(F)F
CHEMBL184177,CC(C)[C@@H](Oc1ccc(CNC(=O)[C@@H]2CCCN2C(=O)CC(N)Cc2cc(F)c(C(F)(F)F)cc2F)cc1)C(=O)O.O=C(O)C(F)(F)F
CHEMBL366047,Cc1ccc(F)cc1CC(N)CC(=O)N1CCC[C@H]1C(=O)NCc1ccc(O[C@@H](C(=O)O)C(C)C)cc1.O=C(O)C(F)(F)F
CHEMBL366048,CC(C)[C@@H](Oc1ccc(CNC(=O)[C@@H]2CCCN2C(=O)CC(N)Cc2ccc(F)cc2Cl)cc1)C(=O)O.O=C(O)C(F)(F)F
CHEMBL184527,CC(C)[C@@H](Oc1ccc(CNC(=O)[C@@H]2CCCN2C(=O)CC(N)Cc2cc(Cl)ccc2F)cc1)C(=O)O.O=C(O)C(F)(F)F
CHEMBL184630,CC(C)[C@@H](Oc1ccc(CNC(=O)[C@@H]2CCCN2C(=O)CC(N)Cc2cc(C(F)(F)F)ccc2F)cc1)C(=O)O.O=C(O)C(F)(F)F
CHEMBL365280,CC(C)[C@@H](Oc1ccc(CNC(=O)[C@@H]2CCCN2C(=O)CC(N)Cc2cccc(OC(F)(F)F)c2)cc1)C(=O)O.O=C(O)C(F)(F)F
CHEMBL186566,COc1ccc2c(c1)CN[C@H](C(=O)N1CCC[C@H]1C#N)C2
CHEMBL186308,CC(=O)Nc1ccc2c(=O)n(CC(C)C)c(CN)c(-c3ccccc3)c2c1
CHEMBL363250,CC(C)(C)[C@H](N)C(=O)N1CCC[C@H]1C#N
CHEMBL365000,CC(C)=CCn1c(N2CCCC(N)C2)nc2c1c(=O)n(CC(=O)c1ccccc1)c(=O)n2C
CHEMBL186406,CCOC(=O)c1cnc(CN)c2c(OC)cc(OC)cc12
CHEMBL189881,C[C@@H](c1ccc(-c2ccc(F)cc2)cc1)[C@H](N)C(=O)N1CC[C@H](F)C1.O=C(O)C(F)(F)F
CHEMBL189645,N[C@@H](Cc1ccc(-c2ccc(F)cc2)cc1)C(=O)N1CC[C@H](F)C1.O=C(O)C(F)(F)F
CHEMBL189046,CN(C)C[C@@H](c1ccc(-c2ccc(F)cc2)cc1)[C@H](N)C(=O)N1CC[C@H](F)C1.O=C(O)C(F)(F)F
CHEMBL190031,N[C@H](C(=O)N1CC[C@H](F)C1)[C@@H](CN1CCCC1)c1ccc(-c2ccc(F)cc2)cc1.O=C(O)C(F)(F)F
CHEMBL372004,COC(=O)[C@@H](c1ccc(-c2ccc(F)cc2)cc1)[C@H](N)C(=O)N1CC[C@H](F)C1.O=C(O)C(F)(F)F
CHEMBL365567,N[C@H](C(=O)N1CC[C@H](F)C1)[C@@H](CO)c1ccc(-c2ccc(F)cc2)cc1.O=C(O)C(F)(F)F
CHEMBL191327,N[C@H](C(=O)N1CC[C@H](F)C1)[C@@H](C(=O)O)c1ccc(-c2ccc(F)cc2)cc1.O=C(O)C(F)(F)F
CHEMBL190923,CN(C)C(=O)[C@@H](c1ccc(-c2ccc(F)cc2)cc1)[C@H](N)C(=O)N1CCCCC1.O=C(O)C(F)(F)F
CHEMBL191258,N[C@H](C(=O)N1CC[C@H](F)C1)[C@@H](C(=O)N1CCCC1)c1ccc(-c2ccc(F)cc2)cc1.O=C(O)C(F)(F)F
CHEMBL370755,CON(C)C(=O)[C@@H](c1ccc(-c2ccc(F)cc2)cc1)[C@H](N)C(=O)N1CC[C@H](F)C1.O=C(O)C(F)(F)F
CHEMBL191067,CN(C)C(=O)[C@@H](c1ccc(-c2ccc(F)cc2)cc1)[C@H](N)C(=O)N1CC[C@H](F)C1.O=C(O)C(F)(F)F
CHEMBL359581,N[C@H](C(=O)N1CC[C@H](F)C1)[C@@H](Cn1cnnn1)c1ccc(-c2ccc(F)cc2)cc1.O=C(O)C(F)(F)F
CHEMBL190863,CN(C)C(=O)[C@@H](c1ccc(-c2ccc(F)cc2)cc1)[C@H](N)C(=O)N1CCSC1.O=C(O)C(F)(F)F
CHEMBL189055,CN(C)C(=O)[C@@H](c1ccc(-c2ccc(F)cc2)cc1)[C@H](N)C(=O)N1CCC[C@H]1C#N.O=C(O)C(F)(F)F
CHEMBL371347,CN(C)C(=O)[C@@H](c1ccc(-c2ccc(F)cc2)cc1)[C@H](N)C(=O)N1CCOCC1.O=C(O)C(F)(F)F
CHEMBL364939,CCN(CC)C(=O)[C@@H](c1ccc(-c2ccc(F)cc2)cc1)[C@H](N)C(=O)N1CC[C@H](F)C1.O=C(O)C(F)(F)F
CHEMBL190752,CNC(=O)[C@@H](c1ccc(-c2ccc(F)cc2)cc1)[C@H](N)C(=O)N1CC[C@H](F)C1.O=C(O)C(F)(F)F
CHEMBL371588,CN(C)NC(=O)[C@@H](c1ccc(-c2ccc(F)cc2)cc1)[C@H](N)C(=O)N1CC[C@H](F)C1.O=C(O)C(F)(F)F
CHEMBL364355,CN(C)C(=O)[C@@H](c1ccc(-c2ccc(F)cc2)cc1)[C@H](N)C(=O)N1CC(F)(F)C1.O=C(O)C(F)(F)F
CHEMBL372486,CN(C)C(=O)[C@@H](c1ccc(-c2ccc(F)cc2)cc1)[C@H](N)C(=O)N1CC[C@@H](F)C1.O=C(O)C(F)(F)F
CHEMBL363115,CN(C)C(=O)[C@@H](c1ccc(-c2ccc(F)cc2)cc1)[C@H](N)C(=O)N1CC(F)C1.O=C(O)C(F)(F)F
CHEMBL188643,CC(C)NC(=O)[C@@H](c1ccc(-c2ccc(F)cc2)cc1)[C@H](N)C(=O)N1CC[C@H](F)C1.O=C(O)C(F)(F)F
CHEMBL188444,N[C@H](C(=O)N1CC[C@H](F)C1)[C@@H](C(=O)Nn1cnnn1)c1ccc(-c2ccc(F)cc2)cc1.O=C(O)C(F)(F)F
CHEMBL191337,CN(C)C(=O)[C@@H](c1ccc(-c2ccc(F)cc2)cc1)[C@H](N)C(=O)N1CCC(F)(F)C1.O=C(O)C(F)(F)F
CHEMBL370509,CN(C)C(=O)[C@@H](c1ccc(-c2ccc(F)cc2)cc1)[C@H](N)C(=O)N1CCC1.O=C(O)C(F)(F)F
CHEMBL190788,N[C@H](C(=O)N1CC[C@H](F)C1)[C@@H](C(=O)NC1CC1)c1ccc(-c2ccc(F)cc2)cc1.O=C(O)C(F)(F)F
CHEMBL190593,N[C@H](C(=O)N1CC[C@H](F)C1)[C@@H](C(=O)NCCO)c1ccc(-c2ccc(F)cc2)cc1.O=C(O)C(F)(F)F
CHEMBL425558,CCN(C)C(=O)[C@@H](c1ccc(-c2ccc(F)cc2)cc1)[C@H](N)C(=O)N1CC[C@H](F)C1.O=C(O)C(F)(F)F
CHEMBL189067,CCNC(=O)[C@@H](c1ccc(-c2ccc(F)cc2)cc1)[C@H](N)C(=O)N1CC[C@H](F)C1.O=C(O)C(F)(F)F
CHEMBL365967,CN(C)C(=O)[C@@H](c1ccc(-c2ccc(F)cc2)cc1)[C@H](N)C(=O)N1CCS(=O)(=O)C1.O=C(O)C(F)(F)F
CHEMBL188043,N[C@H](C(=O)N1CC[C@H](F)C1)[C@@H](C(=O)N1CCC1)c1ccc(-c2ccc(F)cc2)cc1.O=C(O)C(F)(F)F
CHEMBL191208,NC(=O)[C@@H](c1ccc(-c2ccc(F)cc2)cc1)[C@H](N)C(=O)N1CC[C@H](F)C1.O=C(O)C(F)(F)F
CHEMBL190466,CN(C)C(=O)[C@@H](c1ccc(-c2ccc(F)cc2)cc1)[C@H](N)C(=O)N1CCCC1.O=C(O)C(F)(F)F
CHEMBL188096,CN(C)C(=O)[C@@H](c1ccc(-c2ccc(F)cc2F)cc1)[C@H](N)C(=O)N1CC[C@H](F)C1.O=C(O)C(F)(F)F
CHEMBL190269,CN(C)C(=O)[C@@H](c1ccc(-c2cccc(C#N)c2)cc1)[C@H](N)C(=O)N1CC[C@H](F)C1.O=C(O)C(F)(F)F
CHEMBL191473,CN(C)C(=O)[C@@H](c1ccc(-c2cccc(-n3cnnn3)c2)cc1)[C@H](N)C(=O)N1CC[C@H](F)C1.O=C(O)C(F)(F)F
CHEMBL190217,CN(C)C(=O)[C@@H](c1ccc(-c2ccc(F)c(F)c2)cc1)[C@H](N)C(=O)N1CC[C@H](F)C1.O=C(O)C(F)(F)F
CHEMBL189258,CCC(NC(=O)C[C@H](N)C(=O)N1CCC[C@H]1C#N)c1ccccc1
CHEMBL191577,COc1ccc(CCNC(=O)C[C@H](N)C(=O)N2CCC[C@H]2C#N)cc1OC
CHEMBL191866,COc1ccc2c(c1)C(C(C)(C)C)N(C(=O)C[C@H](N)C(=O)N1CCC[C@H]1C#N)CC2
CHEMBL365113,N#C[C@@H]1CCCN1C(=O)[C@@H](N)CC(=O)NCc1ccccc1
CHEMBL191486,CN(C)C(=O)[C@@H](c1ccc(-c2cc(F)ccc2F)cc1)[C@H](N)C(=O)N1CC[C@H](F)C1.O=C(O)C(F)(F)F
CHEMBL193105,COc1cc2c(cc1OC)C(CCO)N(C(=O)C[C@H](N)C(=O)N1CCC[C@H]1C#N)CC2
CHEMBL193106,CC(C)C(Cc1ccccc1)NC(=O)C[C@H](N)C(=O)N1CCC[C@H]1C#N
CHEMBL369883,COc1cc2c(cc1OC)CN(C(=O)C[C@H](N)C(=O)N1CCC[C@H]1C#N)CC2
CHEMBL193202,COc1ccc2c(c1)CCN(C(=O)C[C@H](N)C(=O)N1CCC[C@H]1C#N)C2C(C)(C)C
CHEMBL359759,N#C[C@@H]1CCCN1C(=O)[C@@H](N)CC(=O)NC(Cc1ccccc1)c1ccccc1
CHEMBL189220,CC(C)(C)C(NC(=O)C[C@H](N)C(=O)N1CCC[C@H]1C#N)c1ccccc1
CHEMBL190029,N#C[C@@H]1CCCN1C(=O)[C@@H](N)CC(=O)N1CCN(C(=O)c2ccccc2)CC1
CHEMBL373148,COc1cc2c(cc1OC)C(C(C)(C)C)N(C(=O)C[C@H](N)C(=O)N1CCC[C@H]1C#N)CC2
CHEMBL192733,COCC(Cc1ccccc1)NC(=O)C[C@H](N)C(=O)N1CCC[C@H]1C#N
CHEMBL191274,CC(C)C(NC(=O)C[C@H](N)C(=O)N1CCC[C@H]1C#N)c1ccccc1
CHEMBL370677,CN(C)C(=O)[C@@H](c1ccc(-c2cccc(S(C)(=O)=O)c2)cc1)[C@H](N)C(=O)N1CC[C@H](F)C1.O=C(O)C(F)(F)F
CHEMBL364922,N#Cc1ccc[n+](N2CCN(C(=O)C[C@H](N)C(=O)N3CCC[C@H]3C#N)CC2)c1
CHEMBL192116,COc1cc2c(cc1OC)C(C(C)C)N(C(=O)C[C@H](N)C(=O)N1CCC[C@H]1C#N)CC2
CHEMBL190183,COc1cc2c(cc1OC)C(Cc1ccccc1)N(C(=O)C[C@H](N)C(=O)N1CCC[C@H]1C#N)CC2
CHEMBL192781,C[C@@H](c1cccc(Cl)c1)[C@H](N)C(=O)N1CC[C@H](F)C1.O=C(O)C(F)(F)F
CHEMBL190454,C[C@@H](c1ccc(Cl)cc1)[C@H](N)C(=O)N1CC[C@H](F)C1.O=C(O)C(F)(F)F
CHEMBL370540,N#C[C@@H]1CCCN1C(=O)[C@@H]1C[C@H](Nc2ccc([N+](=O)[O-])cc2)CN1
CHEMBL370046,N#Cc1ccc(N[C@@H]2CN[C@H](C(=O)N3CCC[C@H]3C#N)C2)cc1C#N
CHEMBL192983,C[C@@H](c1ccccc1)[C@H](N)C(=O)N1CCSC1
CHEMBL370734,C[C@@H](c1ccc(Cl)cc1F)[C@H](N)C(=O)N1CC[C@H](F)C1.O=C(O)C(F)(F)F
CHEMBL195063,COc1ccc(N[C@@H]2CN[C@H](C(=O)N3CCC[C@H]3C#N)C2)cc1
CHEMBL194489,C[C@@H](c1ccc(C(F)(F)F)cc1)[C@H](N)C(=O)N1CC[C@H](F)C1.O=C(O)C(F)(F)F
CHEMBL195270,C[C@@H](c1cc(F)cc(F)c1)[C@H](N)C(=O)N1CC[C@H](F)C1.O=C(O)C(F)(F)F
CHEMBL191354,C[C@@H](c1ccc(Br)cc1)[C@H](N)C(=O)N1CC[C@H](F)C1.O=C(O)C(F)(F)F
CHEMBL433811,COc1ccc(N[C@@H]2CN[C@H](C(=O)N3CCC[C@H]3C#N)C2)cc1OC
CHEMBL191652,C[C@@H](c1ccc(F)cc1C(F)(F)F)[C@H](N)C(=O)N1CC[C@H](F)C1.O=C(O)C(F)(F)F
CHEMBL371143,N#Cc1ccc(N[C@@H]2CN[C@H](C(=O)N3CCC[C@H]3C#N)C2)cc1
CHEMBL366173,C[C@@H](c1ccc(F)c(F)c1)[C@H](N)C(=O)N1CC[C@H](F)C1.O=C(O)C(F)(F)F
CHEMBL191823,C[C@@H](c1cccc(F)c1)[C@H](N)C(=O)N1CC[C@H](F)C1.O=C(O)C(F)(F)F
CHEMBL364093,C[C@@H](c1ccc(F)c(Cl)c1)[C@H](N)C(=O)N1CC[C@H](F)C1.O=C(O)C(F)(F)F
CHEMBL365575,C[C@@H](c1ccc(F)cc1)[C@H](N)C(=O)N1CC[C@H](F)C1.O=C(O)C(F)(F)F
CHEMBL193168,N#C[C@@H]1CCCN1C(=O)[C@@H]1C[C@H](NS(=O)(=O)c2ccccc2)CN1
CHEMBL195862,C[C@@H](c1ccc(F)cc1Cl)[C@H](N)C(=O)N1CC[C@H](F)C1.O=C(O)C(F)(F)F
CHEMBL370079,C[C@@H](c1ccc(S(C)(=O)=O)cc1)[C@H](N)C(=O)N1CC[C@H](F)C1.O=C(O)C(F)(F)F
CHEMBL192365,CSc1ccc([C@H](C)[C@H](N)C(=O)N2CC[C@H](F)C2)cc1.O=C(O)C(F)(F)F
CHEMBL194717,N#Cc1ccc(N[C@@H]2CN[C@H](C(=O)N3CCC[C@H]3C#N)C2)cc1Cl
CHEMBL191775,CC[C@@H](C)[C@H](N)C(=O)N1CCSC1
CHEMBL362973,C[C@@H](c1ccccc1)[C@H](N)C(=O)N1CC[C@H](F)C1.O=C(O)C(F)(F)F
CHEMBL362976,C[C@@H](c1ccccc1F)[C@H](N)C(=O)N1CC[C@H](F)C1.O=C(O)C(F)(F)F
CHEMBL552503,CN(C)C(=O)[C@@H](c1ccc(-c2ccc(-[n+]3ccccc3)cc2)cc1)[C@H](N)C(=O)N1CC[C@H](F)C1.O=C([O-])C(F)(F)F
CHEMBL541919,CN(C)C(=O)[C@@H](c1ccc(-c2cccc(-[n+]3ccccc3)c2)cc1)[C@H](N)C(=O)N1CC[C@H](F)C1.O=C([O-])C(F)(F)F
CHEMBL362930,C[C@@H](c1ccc(N2CCCCC2)cc1)[C@H](N)C(=O)N1CC[C@H](F)C1.O=C(O)C(F)(F)F
CHEMBL195420,N#Cc1ccc(N[C@@H]2CN[C@H](C(=O)N3CCC[C@H]3C#N)C2)nc1
CHEMBL381626,N#C[C@@H]1CCCN1C(=O)[C@@H]1CCCN1
CHEMBL365996,C[C@@H](c1ccc(-c2ccccc2)c(F)c1)[C@H](N)C(=O)N1CC[C@H](F)C1.O=C(O)C(F)(F)F
CHEMBL192165,N#Cc1ccc(N[C@H]2CN[C@H](C(=O)N3CCC[C@H]3C#N)C2)nc1
CHEMBL371585,N#C[C@@H]1CCCN1C(=O)[C@@H]1C[C@H](NC(=O)Nc2ccccc2)CN1
CHEMBL192882,N#C[C@@H]1CCCN1C(=O)[C@@H]1C[C@H](NC2CCCCC2)CN1
CHEMBL191933,C[C@@H](c1ccc(-c2ccccc2)cc1)[C@H](N)C(=O)N1CC[C@H](F)C1.O=C(O)C(F)(F)F
CHEMBL539939,N#C[C@@H]1CCCN1C(=O)[C@@H]1C[C@H](NC(=O)c2ccccc2)CN1
CHEMBL194993,N#C[C@@H]1CCCN1C(=O)[C@@H]1C[C@H](NCCc2ccccc2)CN1
CHEMBL195804,N#C[C@@H]1CCCN1C(=O)[C@@H]1C[C@H](NCc2ccccc2)CN1
CHEMBL369888,COc1ccc([C@H](C)[C@H](N)C(=O)N2CC[C@H](F)C2)cc1.O=C(O)C(F)(F)F
CHEMBL191699,N#C[C@@H]1CCCN1C(=O)[C@@H]1C[C@H](N)CN1
CHEMBL195378,C[C@@H](c1ccc(-c2cccc(-c3nn[nH]n3)c2)cc1)[C@H](N)C(=O)N1CC[C@H](F)C1.O=C(O)C(F)(F)F
CHEMBL370240,C[C@@H](c1ccc(-c2ccccc2F)cc1)[C@H](N)C(=O)N1CC[C@H](F)C1.O=C(O)C(F)(F)F
CHEMBL191858,C[C@@H](c1ccc(-c2ccccn2)cc1)[C@H](N)C(=O)N1CC[C@H](F)C1.O=C(O)C(F)(F)F
CHEMBL195335,N#C[C@@H]1CCCN1C(=O)[C@@H]1C[C@H](Nc2ccccc2)CN1
CHEMBL190979,C[C@@H](c1ccc(-c2cccc(-c3nc[nH]n3)c2)cc1)[C@H](N)C(=O)N1CC[C@H](F)C1.O=C(O)C(F)(F)F
CHEMBL370033,C[C@@H](c1ccc(-c2cccc(-c3noc(C4CC4)n3)c2)cc1)[C@H](N)C(=O)N1CC[C@H](F)C1.O=C(O)C(F)(F)F
CHEMBL192449,C[C@@H](c1ccc(-c2cncnc2)cc1)[C@H](N)C(=O)N1CC[C@H](F)C1.O=C(O)C(F)(F)F
CHEMBL195443,COc1ccc(-c2ccc([C@H](C)[C@H](N)C(=O)N3CC[C@H](F)C3)cc2)cc1.O=C(O)C(F)(F)F
CHEMBL192396,C[C@@H](c1ccc(-c2nccs2)cc1)[C@H](N)C(=O)N1CC[C@H](F)C1.O=C(O)C(F)(F)F
CHEMBL192421,C[C@@H](c1ccc(-c2cccc(C(N)=O)c2)cc1)[C@H](N)C(=O)N1CC[C@H](F)C1.O=C(O)C(F)(F)F
CHEMBL195905,C[C@@H](c1ccc(-c2cccc(-c3n[nH]c(O)n3)c2)cc1)[C@H](N)C(=O)N1CC[C@H](F)C1.O=C(O)C(F)(F)F
CHEMBL364057,C[C@@H](c1ccc(-c2cccc(-c3c[nH]c(O)n3)c2)cc1)[C@H](N)C(=O)N1CC[C@H](F)C1.O=C(O)C(F)(F)F
CHEMBL371846,C[C@@H](c1ccc(-c2ccncc2)cc1)[C@H](N)C(=O)N1CC[C@H](F)C1.O=C(O)C(F)(F)F
CHEMBL370072,C[C@@H](c1ccc(-c2cccc(-c3noc(O)n3)c2)cc1)[C@H](N)C(=O)N1CC[C@H](F)C1.O=C(O)C(F)(F)F
CHEMBL195205,C[C@@H](c1ccc(-c2cccnc2)cc1)[C@H](N)C(=O)N1CC[C@H](F)C1.O=C(O)C(F)(F)F
CHEMBL366031,C[C@@H](c1ccc(-c2cccc(S(N)(=O)=O)c2)cc1)[C@H](N)C(=O)N1CC[C@H](F)C1.O=C(O)C(F)(F)F
CHEMBL192117,C[C@@H](c1ccc(-c2cccc(NS(=O)(=O)C(F)(F)F)c2)cc1)[C@H](N)C(=O)N1CC[C@H](F)C1.O=C(O)C(F)(F)F
CHEMBL192980,C[C@@H](c1ccc(-c2ccc(C(F)(F)F)cc2)cc1)[C@H](N)C(=O)N1CC[C@H](F)C1.O=C(O)C(F)(F)F
CHEMBL195739,C[C@@H](c1ccc(-c2cccc(-n3cnnn3)c2)cc1)[C@H](N)C(=O)N1CC[C@H](F)C1.O=C(O)C(F)(F)F
CHEMBL195173,C[C@@H](c1ccc(-c2ccc(F)c(F)c2)cc1)[C@H](N)C(=O)N1CC[C@H](F)C1.O=C(O)C(F)(F)F
CHEMBL191514,Cc1ccc(-c2ccc([C@H](C)[C@H](N)C(=O)N3CC[C@H](F)C3)cc2)cc1.O=C(O)C(F)(F)F
CHEMBL425375,C[C@@H](c1ccc(-c2ccccc2C(F)(F)F)cc1)[C@H](N)C(=O)N1CC[C@H](F)C1.O=C(O)C(F)(F)F
CHEMBL192425,CCOC(=O)c1cccc(-c2ccc([C@H](C)[C@H](N)C(=O)N3CC[C@H](F)C3)cc2)c1.O=C(O)C(F)(F)F
CHEMBL191906,C[C@@H](c1ccc(-c2ccc(C(=O)O)cc2)cc1)[C@H](N)C(=O)N1CC[C@H](F)C1.O=C(O)C(F)(F)F
CHEMBL278729,C[C@@H](c1ccc(-c2cc(F)ccc2F)cc1)[C@H](N)C(=O)N1CC[C@H](F)C1.O=C(O)C(F)(F)F
CHEMBL365780,C[C@@H](c1ccc(-c2cccc(S(C)(=O)=O)c2)cc1)[C@H](N)C(=O)N1CC[C@H](F)C1.O=C(O)C(F)(F)F
CHEMBL365953,COc1ccccc1-c1ccc([C@H](C)[C@H](N)C(=O)N2CC[C@H](F)C2)cc1.O=C(O)C(F)(F)F
CHEMBL372472,Cc1ccccc1-c1ccc([C@H](C)[C@H](N)C(=O)N2CC[C@H](F)C2)cc1.O=C(O)C(F)(F)F
CHEMBL363175,CCOC(=O)c1ccc(-c2ccc([C@H](C)[C@H](N)C(=O)N3CC[C@H](F)C3)cc2)cc1.O=C(O)C(F)(F)F
CHEMBL191812,C[C@@H](c1ccc(-c2cc(F)cc(F)c2)cc1)[C@H](N)C(=O)N1CC[C@H](F)C1.O=C(O)C(F)(F)F
CHEMBL195755,C[C@@H](c1ccc(-c2cccc(C(=O)O)c2)cc1)[C@H](N)C(=O)N1CC[C@H](F)C1.O=C(O)C(F)(F)F
CHEMBL363584,C[C@@H](c1ccc(-c2ccc(F)cc2F)cc1)[C@H](N)C(=O)N1CC[C@H](F)C1.O=C(O)C(F)(F)F
CHEMBL191769,C[C@@H](c1ccc(-c2ccccc2Cl)cc1)[C@H](N)C(=O)N1CC[C@H](F)C1.O=C(O)C(F)(F)F
CHEMBL193887,C[C@@H](c1ccc(-c2ccc(NS(C)(=O)=O)cc2)cc1)[C@H](N)C(=O)N1CC[C@H](F)C1.O=C(O)C(F)(F)F
CHEMBL194437,C[C@@H](c1ccc(-c2ccc(S(C)(=O)=O)cc2)cc1)[C@H](N)C(=O)N1CC[C@H](F)C1.O=C(O)C(F)(F)F
CHEMBL263326,C[C@@H](c1ccc(-c2cccc(NS(C)(=O)=O)c2)cc1)[C@H](N)C(=O)N1CC[C@H](F)C1.O=C(O)C(F)(F)F
CHEMBL552788,C[C@@H](c1ccc(C(=O)[n+]2ccc[nH]2)cc1)[C@H](N)C(=O)N1CC[C@H](F)C1.O=C([O-])C(F)(F)F
CHEMBL195667,C[C@@H](c1ccc(-c2cccc(-c3nnco3)c2)cc1)[C@H](N)C(=O)N1CC[C@H](F)C1.O=C(O)C(F)(F)F
CHEMBL372078,CS(=O)(=O)c1ccc(-c2nc3c(s2)CN(C(=O)C[C@H](N)Cc2cc(F)ccc2F)CC3)cc1
CHEMBL366166,Cn1nc2c(c1C(F)(F)C(F)(F)F)CN(C(=O)C[C@H](N)Cc1cc(F)ccc1F)CC2
CHEMBL425200,CSc1ccc(-c2nc3c(s2)CN(C(=O)C[C@H](N)Cc2cc(F)ccc2F)CC3)cc1
CHEMBL193802,Cn1nc(-c2ccc(F)cc2)c2c1CCN(C(=O)C[C@H](N)Cc1cc(F)ccc1F)C2
CHEMBL425380,N[C@@H](CC(=O)N1CCc2nc(C3CC3)oc2C1)Cc1cc(F)ccc1F
CHEMBL196938,Cn1nc(C(F)(F)F)c2c1CN(C(=O)C[C@H](N)Cc1cc(F)ccc1F)CC2
CHEMBL381665,N[C@@H](CC(=O)N1CCc2sc(-c3ccc(C(F)(F)F)cc3)nc2C1)Cc1cc(F)ccc1F
CHEMBL191805,Cn1nc2c(c1C(F)(F)F)CN(C(=O)C[C@H](N)Cc1cc(F)ccc1F)CC2
CHEMBL425905,N[C@@H](CC(=O)N1CCc2c(C3CC3)n[nH]c2C1)Cc1cc(F)ccc1F
CHEMBL197082,N[C@@H](CC(=O)N1CCc2oc(C3CC3)nc2C1)Cc1cc(F)ccc1F
CHEMBL197352,N[C@@H](CC(=O)N1CCc2nc(-c3ccc(C(F)(F)F)cc3)sc2C1)Cc1cc(F)ccc1F
CHEMBL194979,N[C@@H](CC(=O)N1CCc2nn(CC(F)(F)F)c(C(F)(F)F)c2C1)Cc1cc(F)ccc1F
CHEMBL196114,Cc1c2c(nn1-c1ccc(F)cc1)CCN(C(=O)C[C@H](N)Cc1cc(F)ccc1F)C2
CHEMBL197301,Cn1nc2c(c1-c1ccc(F)cc1)CN(C(=O)C[C@H](N)Cc1cc(F)ccc1F)CC2
CHEMBL197413,N[C@@H](CC(=O)N1CCc2n[nH]c(C(F)(F)F)c2C1)Cc1cc(F)ccc1F
CHEMBL196333,Cc1nc2c(s1)CN(C(=O)C[C@H](N)Cc1cc(F)ccc1F)CC2
CHEMBL373268,N[C@@H](CC(=O)N1CCc2n[nH]c(-c3ccc(F)cc3)c2C1)Cc1cc(F)ccc1F
CHEMBL363375,N[C@@H](CC(=O)N1CCc2sc(C(F)(F)F)nc2C1)Cc1cc(F)ccc1F
CHEMBL369894,Cn1nc(C(F)(F)C(F)(F)F)c2c1CCN(C(=O)C[C@H](N)Cc1cc(F)ccc1F)C2
CHEMBL195721,Cn1nc(C(F)(F)F)c2c1CCN(C(=O)C[C@H](N)Cc1cc(F)ccc1F)C2
CHEMBL195547,N[C@@H](CC(=O)N1CCc2nc(-c3ccc(F)cc3)sc2C1)Cc1cc(F)ccc1F
CHEMBL371521,Cn1nc2c(c1C(F)(F)F)CCN(C(=O)C[C@H](N)Cc1cc(F)ccc1F)C2
CHEMBL196881,CS(=O)(=O)c1ccc(-c2nc3c(s2)CCN(C(=O)C[C@H](N)Cc2cc(F)ccc2F)C3)cc1
CHEMBL196010,N[C@@H](CC(=O)N1CCc2c(c(C(F)(F)F)nn2CC(F)(F)F)C1)Cc1cc(F)ccc1F
CHEMBL195984,N[C@@H](CC(=O)N1CCc2c(noc2C(F)(F)F)C1)Cc1cc(F)ccc1F
CHEMBL426469,Cc1[nH]nc2c1CN(C(=O)C[C@H](N)Cc1cc(F)ccc1F)CC2
CHEMBL193885,Cc1nn(-c2ccc(F)cc2)c2c1CN(C(=O)C[C@H](N)Cc1cc(F)ccc1F)CC2
CHEMBL364461,N[C@@H](CC(=O)N1CCCc2n[nH]c(C(F)(F)F)c21)Cc1cc(F)ccc1F
CHEMBL370269,N[C@@H](CC(=O)N1CCc2n[nH]c(C(F)(F)C(F)(F)F)c2C1)Cc1cc(F)ccc1F
CHEMBL426649,N[C@@H](CC(=O)N1CCc2nc(C(F)(F)F)sc2C1)Cc1cc(F)ccc1F
CHEMBL197300,N[C@@H](CC(=O)N1CCc2c(n[nH]c2C(F)(F)F)C1)Cc1cc(F)ccc1F
CHEMBL363606,N[C@@H](CC(=O)N1CCc2noc(C(F)(F)F)c2C1)Cc1cc(F)ccc1F
CHEMBL195030,N[C@@H](CC(=O)N1CCc2sc(-c3ccc(F)cc3)nc2C1)Cc1cc(F)ccc1F
CHEMBL381200,O=C(CNC1CC1)N1CCC[C@H]1B(O)O
CHEMBL382980,O=C(CNC1CCC1)N1CCC[C@H]1B(O)O
CHEMBL371429,O=C(CNC1CCCC1)N1CCC[C@H]1B(O)O
CHEMBL371130,O=C(CNC1CCCCC1)N1CCC[C@H]1B(O)O
CHEMBL382974,O=C(CNC1CCCCCCC1)N1CCC[C@H]1B(O)O
CHEMBL196267,O=C(CNC1CCCCCCCCC1)N1CCC[C@H]1B(O)O
CHEMBL373269,O=C(CNC12CC3CC(CC(C3)C1)C2)N1CCC[C@@H]1B(O)O
CHEMBL372180,CCCCCC12CCC(NCC(=O)N3CCC[C@H]3B(O)O)(CC1)CC2
CHEMBL434184,CC(C)[C@@H](NC1CCCCC1)C(=O)N1CCC[C@H]1B(O)O
CHEMBL196120,C[C@@H](N)C(=O)N1CCC[C@H]1B(O)O
CHEMBL427012,O=C(CNC1C2CC3CC(C2)CC1C3)N1CCC[C@@H]1B(O)O
CHEMBL381444,CC12CC3(C)CC(C)(C1)CC(NCC(=O)N1CCC[C@@H]1B(O)O)(C2)C3
CHEMBL196188,CN(CC(=O)N1CCC[C@@H]1B(O)O)C1C2CC3CC(C2)CC1C3
CHEMBL196933,O=C(CNC1CCCCCC1)N1CCC[C@H]1B(O)O
CHEMBL195271,CCCC[C@@H](NC(=O)[C@@H](N)CC)B(O)O
CHEMBL196180,CCCC[C@@H](NC(=O)[C@@H](N)CCC)B(O)O
CHEMBL194249,CCCC[C@@H](NC(=O)[C@@H](N)CCCC)B(O)O
CHEMBL194250,CCCC[C@@H](NC(=O)[C@@H](N)C(C)C)B(O)O
CHEMBL196461,CCCC[C@@H](NC(=O)[C@@H](N)CN)B(O)O
CHEMBL373319,CCCC[C@@H](NC(=O)[C@@H](N)CCCN)B(O)O
CHEMBL194852,CCCC[C@H](N)C(=O)N1CCC[C@@H]1B(O)O
CHEMBL194428,NCC[C@H](N)C(=O)N1CCC[C@@H]1B(O)O
CHEMBL195189,CC(C)[C@H](N)C(=O)N1CCC[C@@H]1B(O)O
CHEMBL365322,CC(C)[C@H](N)C(=O)N[C@@H](C)B(O)O
CHEMBL362922,O=C(CNC1CC2CCCC1C2)N1CCC[C@H]1C(O)O
CHEMBL424854,COc1cc2c(cc1OC)CN(C(=O)CCNCC(=O)N1CCC[C@H]1C#N)CC2
CHEMBL203084,N#C[C@@H]1CCCN1C(=O)CNCCC(=O)N1CCc2cc(F)ccc2C1
CHEMBL381530,N#C[C@@H]1CCCN1C(=O)CNCCC(=O)N1Cc2ccccc2C1
CHEMBL201424,CC(C)(CC(=O)N1CCc2ccccc2C1)NCC(=O)N1CCC[C@H]1C#N
CHEMBL382847,N#C[C@@H]1CCCN1C(=O)CNCCC(=O)NCc1cc(F)cc(F)c1
CHEMBL372391,CC(C)C(NC(=O)CCNCC(=O)N1CCC[C@H]1C#N)c1ccccc1
CHEMBL201158,CC(C)(NC(=O)CCNCC(=O)N1CCC[C@H]1C#N)c1ccccc1
CHEMBL201544,N#C[C@@H]1CCCN1C(=O)CNCCC(=O)NCCc1ccccc1
CHEMBL371907,N#C[C@@H]1CCCN1C(=O)CNCC(=O)N1CCc2ccccc2C1
CHEMBL200103,N#C[C@@H]1CCCN1C(=O)CNCCC(=O)N1CCc2ccccc2C1
CHEMBL371480,N#C[C@@H]1CCCN1C(=O)CNCCC(=O)Nc1ccccc1
CHEMBL371057,N#C[C@@H]1CCCN1C(=O)CNCCCC(=O)N1CCc2ccccc2C1
CHEMBL425585,C[C@@H](CC(=O)N1CCc2ccccc2C1)NCC(=O)N1CCC[C@H]1C#N
CHEMBL201398,CC(C)[C@@H](CC(=O)N1CCc2ccccc2C1)NCC(=O)N1CCC[C@H]1C#N
CHEMBL202711,CC(C)(CC(=O)NC(C)(C)c1ccccc1)NCC(=O)N1CCC[C@H]1C#N
CHEMBL372746,N#C[C@@H]1CCCN1C(=O)CNCCC(=O)N1CCN(C(=O)c2cc(F)cc(F)c2)CC1
CHEMBL201753,CC(=O)Nc1ccc(S(=O)(=O)N2CCN(C(=O)CCNCC(=O)N3CCC[C@H]3C#N)CC2)cc1
CHEMBL380902,CC(C)(CC(=O)N1CCc2cc(F)ccc2C1)NCC(=O)N1CCC[C@H]1C#N
CHEMBL425756,CC(C)(CC(=O)N1CCc2cc(F)cc(F)c2C1)NCC(=O)N1CCC[C@H]1C#N
CHEMBL383841,N#C[C@@H]1CCCN1C(=O)CNCCC(=O)N1CCN(c2nc3ccccc3s2)CC1
CHEMBL382907,N#C[C@@H]1CCCN1C(=O)CNCCC(=O)NCc1ccccc1
CHEMBL203032,N#C[C@@H]1CCCN1C(=O)CNCCC(=O)NCc1ccc([N+](=O)[O-])cc1
CHEMBL201695,CCC(NC(=O)CCNCC(=O)N1CCC[C@H]1C#N)c1ccccc1
CHEMBL201644,CC(C)(CC(=O)N1Cc2ccccc2C1)NCC(=O)N1CCC[C@H]1C#N
CHEMBL203379,C[C@@H](c1ccc(-c2ccc(=O)n(C)c2)cc1)[C@H](N)C(=O)N1CCCC1.O=C(O)C(F)(F)F
CHEMBL377724,C[C@@H](c1ccc(-c2ccc(=O)n(C)c2)cc1)[C@H](N)C(=O)N1CCSC1.O=C(O)C(F)(F)F
CHEMBL378597,C[C@@H](c1ccc(-c2ccc(=O)n(C)c2)cc1)[C@H](N)C(=O)N1CC(F)C1.O=C(O)C(F)(F)F
CHEMBL202634,C[C@@H](c1ccc(-c2ccc(=O)n(C)c2)cc1)[C@H](N)C(=O)N1CCC(F)CC1.O=C(O)C(F)(F)F
CHEMBL203169,C[C@@H](c1ccc(-c2cn(C)c(=O)cc2CO)cc1)[C@H](N)C(=O)N1CC[C@H](F)C1.O=C(O)C(F)(F)F
CHEMBL205872,C[C@@H](c1ccc(-c2ccc(=O)n(C)c2F)cc1)[C@H](N)C(=O)N1CC[C@H](F)C1.O=C(O)C(F)(F)F
CHEMBL206252,Cc1c(-c2ccc([C@H](C)[C@H](N)C(=O)N3CC[C@H](F)C3)cc2)ccc(=O)n1C.O=C(O)C(F)(F)F
CHEMBL203323,Cc1c(-c2ccc([C@H](C)[C@H](N)C(=O)N3CC[C@H](F)C3)cc2)cc(Br)c(=O)n1C.O=C(O)C(F)(F)F
CHEMBL381145,C[C@@H](c1ccc(-c2ccc(O)nc2)cc1)[C@H](N)C(=O)N1CC[C@H](F)C1.O=C(O)C(F)(F)F
CHEMBL203736,C[C@@H](c1ccc(-c2cc(F)c(=O)n(C)c2)cc1)[C@H](N)C(=O)N1CC[C@H](F)C1.O=C(O)C(F)(F)F
CHEMBL380496,COc1cc(=O)n(C)cc1-c1ccc([C@H](C)[C@H](N)C(=O)N2CC[C@H](F)C2)cc1.O=C(O)C(F)(F)F
CHEMBL203267,C[C@@H](c1ccc(-c2cn(C)c(=O)c(Cl)c2F)cc1)[C@H](N)C(=O)N1CC[C@H](F)C1.O=C(O)C(F)(F)F
CHEMBL438265,CCOC(=O)Nc1c(-c2ccc([C@H](C)[C@H](N)C(=O)N3CC[C@H](F)C3)cc2)cn(C)c(=O)c1F.O=C(O)C(F)(F)F
CHEMBL206501,C[C@@H](c1ccc(-c2ccc(=O)n(C)c2)cc1)[C@H](N)C(=O)N1CCC(F)(F)C1.O=C(O)C(F)(F)F
CHEMBL383651,C[C@@H](c1ccc(-c2cc(Br)c(=O)n(C)c2)cc1)[C@H](N)C(=O)N1CC[C@H](F)C1.O=C(O)C(F)(F)F
CHEMBL424687,C[C@@H](c1ccc(-c2cn(C)c(=O)cc2F)cc1)[C@H](N)C(=O)N1CC[C@H](F)C1.O=C(O)C(F)(F)F
CHEMBL425039,Cc1cc(=O)n(C)cc1-c1ccc([C@H](C)[C@H](N)C(=O)N2CC[C@H](F)C2)cc1.O=C(O)C(F)(F)F
CHEMBL382382,NCC(c1ccccc1Cl)N1CCOCC1
CHEMBL206383,C[C@@H](c1ccc(-c2ccc(=O)n(C)c2)cc1)[C@H](N)C(=O)N1CC[C@H](F)C1.O=C(O)C(F)(F)F
CHEMBL206792,CCn1cc(-c2ccc([C@H](C)[C@H](N)C(=O)N3CC[C@H](F)C3)cc2)ccc1=O.O=C(O)C(F)(F)F
CHEMBL381340,N[C@H](c1ccccc1)[C@H](N)c1ccccc1
CHEMBL206743,N[C@H](c1ccccc1)[C@@H](N)c1ccccc1
CHEMBL206496,NCc1ccccc1-c1ccccc1Cl
CHEMBL378152,NCc1cccnc1-c1ccccc1Cl
CHEMBL382674,CCOC(=O)Cn1cc(-c2ccc([C@H](C)[C@H](N)C(=O)N3CC[C@H](F)C3)cc2)ccc1=O.O=C(O)C(F)(F)F
CHEMBL438258,CCOC(=O)C(F)(F)n1cc(-c2ccc([C@H](C)[C@H](N)C(=O)N3CC[C@H](F)C3)cc2)ccc1=O.O=C(O)C(F)(F)F
CHEMBL206172,C[C@@H](c1ccc(-c2ccc(=O)n(-c3ccc(F)cc3)c2)cc1)[C@H](N)C(=O)N1CC[C@H](F)C1.O=C(O)C(F)(F)F
CHEMBL203105,NCc1c(Cl)cccc1Oc1ccccc1
CHEMBL383323,C[C@@H](c1ccc(-c2ccc(=O)n(CC3CC3)c2)cc1)[C@H](N)C(=O)N1CC[C@H](F)C1.O=C(O)C(F)(F)F
CHEMBL382127,NCC1(c2ccccc2)CCCC1
CHEMBL425584,N[C@@H](CC(=O)N1CCC[C@H]1CNC(=O)c1ccccc1)Cc1ccccc1F
CHEMBL381806,NC(=O)[C@@H]1Cc2ccccc2CN1C(=O)C[C@H](N)Cc1ccccc1F
CHEMBL379522,N#C[C@@H]1CC[C@H](C#N)N1C(=O)CNC1(CO)CCCC1
CHEMBL207980,N#C[C@@H]1CC[C@H](C#N)N1C(=O)CNC12CC3CC(CC(C3)C1)C2
CHEMBL208673,N#C[C@@H]1CC[C@H](C#N)N1C(=O)CNC1(c2ccccc2)CCC1
CHEMBL377320,CC(C)(C)CC(C)(C)NCC(=O)N1[C@H](C#N)CC[C@@H]1C#N
CHEMBL207620,CC1CCC(C)(NCC(=O)N2[C@H](C#N)CC[C@@H]2C#N)C1
CHEMBL382045,N#C[C@@H]1CC[C@H](C#N)N1C(=O)CNC1(CO)Cc2ccccc2C1
CHEMBL209058,CC(C)(Cc1ccc(F)cc1)NCC(=O)N1[C@H](C#N)CC[C@@H]1C#N
CHEMBL208902,CC(C)(C)NCC(=O)N1[C@H](C#N)CC[C@@H]1C#N
CHEMBL208952,N#C[C@@H]1CC[C@H](C#N)N1C(=O)CNC1(CO)CCCCC1
CHEMBL377058,CC1(NCC(=O)N2[C@H](C#N)CC[C@@H]2C#N)CCCCC1
CHEMBL379260,CC(C)(CO)NCC(=O)N1[C@H](C#N)CC[C@@H]1C#N
CHEMBL209127,N#C[C@@H]1CC[C@H](C#N)N1C(=O)CNC1(Cc2ccccc2)CCC1
CHEMBL380681,N#C[C@@H]1CC[C@H](C#N)N1C(=O)CNC1(CO)CCOCC1
CHEMBL211024,N#C[C@@H]1CC[C@H](C#N)N1C(=O)CN[C@H]1C[C@@H]2CC[C@H]1C2
CHEMBL210259,CC(C)(NCC(=O)N1[C@H](C#N)CC[C@@H]1C#N)c1ccccc1
CHEMBL209191,CCOCC1(NCC(=O)N2[C@H](C#N)CC[C@@H]2C#N)CCCC1
CHEMBL379086,COCC1(NCC(=O)N2[C@H](C#N)CC[C@@H]2C#N)CCCC1
CHEMBL209994,CCCCOCC1(NCC(=O)N2[C@H](C#N)CC[C@@H]2C#N)CCCC1
CHEMBL381111,CC1(NCC(=O)N2[C@H](C#N)CC[C@@H]2C#N)CCCC1
CHEMBL378709,CC(C)COCC1(NCC(=O)N2[C@H](C#N)CC[C@@H]2C#N)CCCC1
CHEMBL377749,N#C[C@@H]1CC[C@H](C#N)N1C(=O)CNC1(COC2CCCCC2)CCCC1
CHEMBL208756,COCCC1(NCC(=O)N2[C@H](C#N)CC[C@@H]2C#N)CCCC1
CHEMBL208657,CCCOCC1(NCC(=O)N2[C@H](C#N)CC[C@@H]2C#N)CCCC1
CHEMBL378750,CC(C)(C)C(=O)CC1(NCC(=O)N2[C@H](C#N)CC[C@@H]2C#N)CCCC1
CHEMBL383488,N#C[C@@H]1CC[C@H](C#N)N1C(=O)CNC12CC3CC(CC1C3)C2
CHEMBL207912,N#C[C@@H]1CC[C@H](C#N)N1C(=O)CNC12CC3CC(CC(O)(C3)C1)C2
CHEMBL378048,CN(C)C(=O)[C@@H](c1ccc(-c2ccc3ncnn3c2)cc1)[C@H](N)C(=O)N1CCCC1.O=C(O)C(F)(F)F
CHEMBL209064,CN(C)C(=O)[C@@H](c1ccc(-c2ccc3ncnn3c2)cc1)[C@H](N)C(=O)N1CCC(F)(F)C1.O=C(O)C(F)(F)F
CHEMBL210829,CN(C)C(=O)[C@@H](c1ccc(-c2ccn3ncnc3c2)cc1)[C@H](N)C(=O)N1CCC(F)(F)C1.O=C(O)C(F)(F)F
CHEMBL208957,CN(C)C(=O)[C@@H](c1ccc(-c2ccn3nccc3n2)cc1)[C@H](N)C(=O)N1CCC(F)(F)C1.O=C(O)C(F)(F)F
CHEMBL210974,CN(C)C(=O)[C@@H](c1ccc(-c2ccc3ncnn3c2)cc1)[C@H](N)C(=O)N1CC(F)C1.O=C(O)C(F)(F)F
CHEMBL209710,Cc1nc2ccc(-c3ccc([C@H](C(=O)N(C)C)[C@H](N)C(=O)N4CC[C@H](F)C4)cc3)cn2n1.O=C(O)C(F)(F)F
CHEMBL209111,Cc1c(-c2ccc([C@H](C(=O)N(C)C)[C@H](N)C(=O)N3CC[C@H](F)C3)cc2)ccc2ncnn12.O=C(O)C(F)(F)F
CHEMBL210621,Cc1cc(-c2ccc([C@H](C(=O)N(C)C)[C@H](N)C(=O)N3CC[C@H](F)C3)cc2)cn2ncnc12.O=C(O)C(F)(F)F
CHEMBL537869,CN(C)C(=O)[C@@H](c1ccc(-c2ccc3ncnn3c2)cc1)[C@H](N)C(=O)N1CCC(F)(F)C1.Cl
CHEMBL210920,O=C(NCc1ccccc1)[C@@H]1CN[C@H](C(=O)N2CCCC2)C1
CHEMBL207348,CN(C)C(=O)[C@@H](c1ccc(-c2ccc3nncn3c2)cc1)[C@H](N)C(=O)N1CC[C@H](F)C1.O=C(O)C(F)(F)F
CHEMBL377221,CN(C)C(=O)[C@@H](c1ccc(-c2ccc3ncnn3c2)cc1)[C@H](N)C(=O)N1CC[C@H](F)C1.O=C(O)C(F)(F)F
CHEMBL210999,CN(C)C(=O)[C@@H](c1ccc(-c2ccn3ncnc3c2)cc1)[C@H](N)C(=O)N1CC[C@H](F)C1.O=C(O)C(F)(F)F
CHEMBL378086,O=C([C@@H]1CN[C@H](C(=O)N2CC[C@@H](F)C2)C1)N1Cc2ccccc2C1
CHEMBL209981,Cc1ccc2c(c1)CN(C(=O)[C@@H]1CN[C@H](C(=O)N3CCCC3)C1)C2
CHEMBL210459,CN(C)C(=O)[C@@H](c1ccc(-c2ccn3nccc3n2)cc1)[C@H](N)C(=O)N1CC[C@H](F)C1.O=C(O)C(F)(F)F
CHEMBL377776,O=C([C@@H]1CN[C@H](C(=O)N2CCCC2)C1)N1Cc2cc(Cl)c(Cl)cc2C1
CHEMBL380240,O=C(Nc1ccccc1)[C@@H]1CN[C@H](C(=O)N2CCCC2)C1
CHEMBL427219,O=C([C@@H]1CN[C@H](C(=O)N2CCC(F)(F)C2)C1)N1Cc2ccccc2C1
CHEMBL210353,O=C([C@@H]1CN[C@H](C(=O)N2CCSC2)C1)N1Cc2ccccc2C1
CHEMBL210590,O=C([C@@H]1CN[C@H](C(=O)N2CC[C@H](F)C2)C1)N1Cc2ccccc2C1
CHEMBL208964,O=C([C@@H]1CN[C@H](C(=O)N2CCCC2)C1)N1Cc2ccc(Cl)cc2C1
CHEMBL378673,CN(C)C(=O)[C@@H](c1ccc(-c2ccc3nccn3c2)cc1)[C@H](N)C(=O)N1CC[C@H](F)C1.O=C(O)C(F)(F)F
CHEMBL210225,O=C([C@@H]1CN[C@H](C(=O)N2CCCC2)C1)N1Cc2ccc(F)cc2C1
CHEMBL210718,O=C([C@@H]1CN[C@H](C(=O)N2CCCC2)C1)N1Cc2ccc(C(F)(F)F)cc2C1
CHEMBL379261,O=C([C@@H]1CN[C@H](C(=O)N2CCCC2)C1)N1Cc2ccccc2C1
CHEMBL379702,CN(C)C(=O)[C@@H](c1ccc(-c2ccc3nccn3n2)cc1)[C@H](N)C(=O)N1CC[C@H](F)C1.O=C(O)C(F)(F)F
CHEMBL210941,O=C(NCCc1ccccc1)[C@@H]1CN[C@H](C(=O)N2CCCC2)C1
CHEMBL209162,CN(C)C(=O)[C@@H](c1ccc(-c2ccc(=O)n(C)c2)cc1)[C@H](N)C(=O)N1CC[C@H](F)C1.O=C(O)C(F)(F)F
CHEMBL210995,N#C[C@@H]1CCCN1C(=O)[C@@H]1C[C@H](C(=O)N2Cc3ccccc3C2)CN1
CHEMBL210522,CC1(C)N[C@H](C(=O)N2CCC[C@H]2C#N)C[C@@H]1C(=O)N1Cc2ccccc2C1
CHEMBL214580,CCC(C)[C@@H](C[C@H](N)C(=O)N1CCCCC1)NCc1ccc(Cl)cc1
CHEMBL215299,C[C@@H](C[C@H](N)C(=O)N1CCCCC1)NCc1ccc(Cl)cc1
CHEMBL385711,C[C@@H]1C(=O)NCCCN1C(=O)C[C@H](N)Cc1cc(F)c(F)cc1F
CHEMBL216178,N[C@@H](CC(=O)N1CCCNC(=O)[C@H]1Cc1ccccn1)Cc1cc(F)c(F)cc1F
CHEMBL217702,N[C@@H](CC(=O)N1CCCNC(=O)[C@H]1Cc1cnccn1)Cc1cc(F)c(F)cc1F
CHEMBL217005,C[C@H]1C(=O)NCCCN1C(=O)C[C@H](N)Cc1cc(F)c(F)cc1F
CHEMBL1422,N[C@@H](CC(=O)N1CCn2c(nnc2C(F)(F)F)C1)Cc1cc(F)c(F)cc1F
CHEMBL218459,CC[C@@H]1C(=O)NCCCN1C(=O)C[C@H](N)Cc1cc(F)c(F)cc1F
CHEMBL216234,C[C@H]1C(=O)NCCCN1C(=O)C[C@@H](N)Cc1cc(F)c(F)cc1F
CHEMBL216253,CN1C(=O)C=C(N2CCC[C@@H](N)C2)C(Cc2ccccc2C#N)C1=O
CHEMBL216643,N[C@@H](CC(=O)N1CCCNC(=O)C1)Cc1cc(F)c(F)cc1F
CHEMBL216186,N[C@@H](CC(=O)N1CCn2c(nnc2C(F)(F)F)C1)Cc1cc(F)ccc1F
CHEMBL384382,C[C@@H]1C(=O)NCCCN1C(=O)C[C@@H](N)Cc1cc(F)c(F)cc1F
CHEMBL217051,C[C@@H]1c2nnc(C(F)(F)F)n2CCN1C(=O)C[C@H](N)Cc1cc(F)ccc1F
CHEMBL217271,N[C@@H](CC(=O)N1CCCNC(=O)[C@H]1CC(F)(F)F)Cc1cc(F)c(F)cc1F
CHEMBL386380,N[C@@H](CC(=O)N1CCCNC(=O)[C@H]1Cc1ccccc1)Cc1cc(F)c(F)cc1F
CHEMBL384816,C[C@@H]1C(=O)NCN1C(=O)C[C@H](N)Cc1cc(F)ccc1F
CHEMBL217015,C[C@@H]1C(=O)NCCN1C(=O)C[C@H](N)Cc1cc(F)ccc1F
CHEMBL217016,C[C@@H]1C(=O)NCCCN1C(=O)C[C@H](N)Cc1cc(F)ccc1F
CHEMBL217059,COc1ccc(NC(=O)CC(C)(C)NCC(=O)N2CCC[C@H]2C#N)c(OC)c1OC
CHEMBL217060,CC(C)(CC(=O)Nc1ccc(-c2ccccc2)cc1)NCC(=O)N1CCC[C@H]1C#N
CHEMBL216377,CC(C)(CC(=O)NCc1ccccc1)NCC(=O)N1CCC[C@H]1C#N
CHEMBL216383,CC(C)(CC(=O)Nc1ccccc1)NCC(=O)N1CCC[C@H]1C#N
CHEMBL385637,CC(C)(CC(=O)Nc1ccc(F)cc1)NCC(=O)N1CCC[C@H]1C#N
CHEMBL384985,COc1ccc(NC(=O)CC(C)(C)NCC(=O)N2CCC[C@H]2C#N)cc1
CHEMBL386326,CC(C)(CC(=O)Nc1ccc(F)c(F)c1)NCC(=O)N1CCC[C@H]1C#N
CHEMBL385394,Cc1ccc(NC(=O)CC(C)(C)NCC(=O)N2CCC[C@H]2C#N)cc1C
CHEMBL217198,COc1ccc(NC(=O)CC(C)(C)NCC(=O)N2CCC[C@H]2C#N)cc1OC
CHEMBL217245,C[C@@H](CC(=O)NC(C)(C)c1ccccc1)NCC(=O)N1CCC[C@H]1C#N
CHEMBL274770,CC(C)(CC(=O)NCCc1ccccc1)NCC(=O)N1CCC[C@H]1C#N
CHEMBL217212,CC(C)(CC(=O)NC(C)(C)Cc1ccccc1)NCC(=O)N1CCC[C@H]1C#N
CHEMBL217339,Cc1ccc(CCNC(=O)CC(C)(C)NCC(=O)N2CCC[C@H]2C#N)cc1
CHEMBL274103,CC(C)(CC(=O)NCCc1ccc(C(F)(F)F)cc1)NCC(=O)N1CCC[C@H]1C#N
CHEMBL384493,CC(C)(CC(=O)NCCc1cccc(C(F)(F)F)c1)NCC(=O)N1CCC[C@H]1C#N
CHEMBL216878,CC(C)(CC(=O)NCCc1ccccc1C(F)(F)F)NCC(=O)N1CCC[C@H]1C#N
CHEMBL217290,COc1ccc(CCNC(=O)CC(C)(C)NCC(=O)N2CCC[C@H]2C#N)cc1OC
CHEMBL218393,CC(C)(CC(=O)NCCc1ccc(Cl)c(Cl)c1)NCC(=O)N1CCC[C@H]1C#N
CHEMBL218026,CC(C)(CC(=O)NCCc1ccccn1)NCC(=O)N1CCC[C@H]1C#N
CHEMBL217388,C[C@H](CCc1ccc(C(N)=O)cc1)NCC(=O)c1ccccc1
CHEMBL218289,C[C@H](CCc1ccc(C(N)=O)cc1)NCC(=O)c1ccc(F)cc1
CHEMBL217017,C[C@H](CCc1ccc(C(N)=O)cc1)NCC(=O)c1ccc(F)c(F)c1
CHEMBL217532,C[C@H](CCc1ccc(C(N)=O)cc1)NCC(=O)c1ccccc1F
CHEMBL217801,C[C@H](CCc1ccc(C(N)=O)cc1)NCC(=O)c1ccc(Cl)cc1
CHEMBL216453,CC(C)(CC(=O)NCc1ccc(C(F)(F)F)cc1)NCC(=O)N1CCC[C@H]1C#N
CHEMBL216296,CC(C)(CC(=O)NCc1ccccn1)NCC(=O)N1CCC[C@H]1C#N
CHEMBL386895,Cc1ccc(C(=O)CN[C@H](C)CCc2ccc(C(N)=O)cc2)cc1
CHEMBL216203,C[C@H](CC(=O)NC(C)(C)c1ccccc1)NCC(=O)N1CCC[C@H]1C#N
CHEMBL216854,C[C@H](c1nc(-c2ccccc2)no1)[C@H](N)C(=O)N1CCCC1
CHEMBL216774,C[C@H](c1nc(-c2ccccc2C(F)F)no1)[C@H](N)C(=O)N1CCCC1
CHEMBL426335,C[C@H](c1nc(-c2ccccc2OC(F)(F)F)no1)[C@H](N)C(=O)N1CCCC1
CHEMBL219369,C[C@H](c1nc(-c2ccccc2F)no1)[C@H](N)C(=O)N1CCCC1
CHEMBL219370,C[C@H](c1nc(-c2ccccc2C(F)(F)F)no1)[C@H](N)C(=O)N1CCCC1
CHEMBL375414,C[C@H](c1nc(-c2ccccc2Cl)no1)[C@H](N)C(=O)N1CCCC1
CHEMBL375875,C[C@H](c1nc(-c2cccc(C(F)(F)F)c2)no1)[C@H](N)C(=O)N1CCCC1
CHEMBL220021,C[C@H](c1nc(-c2ccc(Cl)cc2)no1)[C@H](N)C(=O)N1CCCC1
CHEMBL220249,C[C@H](c1nc(-c2ccc(OC(F)(F)F)cc2)no1)[C@H](N)C(=O)N1CCCC1
CHEMBL220301,C[C@H](c1nc(-c2ccc(C(F)(F)F)cc2)no1)[C@H](N)C(=O)N1CCCC1
CHEMBL218882,C[C@H](c1nc(-c2ccc(S(=O)(=O)C(F)(F)F)cc2)no1)[C@H](N)C(=O)N1CCCC1
CHEMBL219602,C[C@H](c1nc(-c2ccc(S(N)(=O)=O)cc2)no1)[C@H](N)C(=O)N1CCCC1
CHEMBL374936,C[C@H](c1nc(-c2ccc(S(C)(=O)=O)cc2)no1)[C@H](N)C(=O)N1CCCC1
CHEMBL218911,C[C@H](c1nc(-c2ccc(NS(C)(=O)=O)cc2)no1)[C@H](N)C(=O)N1CCCC1
CHEMBL219382,C[C@H](c1nc(-c2cc(Cl)cc(Cl)c2)no1)[C@H](N)C(=O)N1CCCC1
CHEMBL374032,C[C@H](c1nc(-c2ccc(F)cc2F)no1)[C@H](N)C(=O)N1CCCC1
CHEMBL438992,C[C@H](c1nc(-c2ccc(Cl)cc2Cl)no1)[C@H](N)C(=O)N1CCCC1.O=C(O)C(F)(F)F
CHEMBL374703,C[C@H](c1nc(-c2ccc(Br)cc2Cl)no1)[C@H](N)C(=O)N1CCCC1
CHEMBL216855,C[C@H](c1nc(-c2ccc(F)cc2Cl)no1)[C@H](N)C(=O)N1CCCC1
CHEMBL386812,C[C@H](c1nc(-c2ccc(NS(C)(=O)=O)cc2Cl)no1)[C@H](N)C(=O)N1CCCC1.O=C(O)C(F)(F)F
CHEMBL216835,C[C@H](c1nc(-c2ccc(S(C)(=O)=O)cc2Cl)no1)[C@H](N)C(=O)N1CCCC1
CHEMBL219278,C[C@H](c1nc(-c2ccc(S(C)(=O)=O)cc2F)no1)[C@H](N)C(=O)N1CCCC1
CHEMBL375146,C[C@H](c1nc(-c2ccc(NS(C)(=O)=O)cc2Cl)no1)[C@H](N)C(=O)N1CCC(F)(F)C1.O=C(O)C(F)(F)F
CHEMBL220404,C[C@H](c1noc(-c2ccc(Cl)cc2Cl)n1)[C@H](N)C(=O)N1CCCC1.O=C(O)C(F)(F)F
CHEMBL218254,C[C@H](c1nc(-c2ccc(Cl)cc2Cl)co1)[C@H](N)C(=O)N1CCCC1.O=C(O)C(F)(F)F
CHEMBL218306,C[C@H](c1n[nH]c(-c2ccc(Cl)cc2Cl)n1)[C@H](N)C(=O)N1CCCC1.O=C(O)C(F)(F)F
CHEMBL387333,C[C@H](c1nc(-c2ccc(NS(C)(=O)=O)cc2Cl)no1)[C@H](N)C(=O)N1CC[C@H](F)C1.O=C(O)C(F)(F)F
CHEMBL218776,C[C@H](c1nc(-c2ccc(NS(C)(=O)=O)cc2Cl)no1)[C@H](N)C(=O)N1CC[C@@H](F)C1.O=C(O)C(F)(F)F
CHEMBL553006,C[C@H](COc1ccc(C(N)=O)cc1)NCC(=O)c1ccsc1
CHEMBL541664,NC(=O)c1ccc(OCC2(NCC(=O)c3ccsc3)CCCC2)cc1
CHEMBL554090,C[C@H](CCc1ccc(C(N)=O)cc1)NCC(=O)c1ccsc1
CHEMBL435320,C[C@H](c1nc(-c2ccc(S(C)(=O)=O)cc2Cl)no1)[C@H](N)C(=O)N1CC[C@H](F)C1.O=C(O)C(F)(F)F
CHEMBL376498,CS(=O)(=O)c1ccc(-c2noc([C@@H](CC3CC3)[C@H](N)C(=O)N3CC[C@H](F)C3)n2)c(Cl)c1.O=C(O)C(F)(F)F
CHEMBL219371,CC(C)C[C@H](c1nc(-c2ccc(S(C)(=O)=O)cc2Cl)no1)[C@H](N)C(=O)N1CC[C@H](F)C1.O=C(O)C(F)(F)F
CHEMBL220357,CS(=O)(=O)c1ccc(-c2noc([C@@H](CCO)[C@H](N)C(=O)N3CC[C@H](F)C3)n2)c(Cl)c1.O=C(O)C(F)(F)F
CHEMBL375442,CS(=O)(=O)c1ccc(-c2noc([C@@H](CC3CC3)[C@H](N)C(=O)N3CC[C@H](F)C3)n2)cc1.O=C(O)C(F)(F)F
CHEMBL219434,Cc1cc(S(C)(=O)=O)ccc1-c1noc([C@@H](CC2CC2)[C@H](N)C(=O)N2CC[C@H](F)C2)n1.O=C(O)C(F)(F)F
CHEMBL375745,CS(=O)(=O)c1ccc(-c2noc([C@@H](CC3CC3)[C@H](N)C(=O)N3CC[C@H](F)C3)n2)c(F)c1.O=C(O)C(F)(F)F
CHEMBL220402,C[C@H](c1nnc(-c2ccc(Cl)cc2Cl)o1)[C@H](N)C(=O)N1CCCC1.O=C(O)C(F)(F)F
CHEMBL223865,O=C([C@@H]1C[C@H](N2CCCc3ccccc32)CN1)N1CCSC1
CHEMBL389244,O=C([C@@H]1C[C@H](N2CCc3ccccc32)CN1)N1CCSC1
CHEMBL225493,O=C([C@@H]1C[C@H](N2CCc3cc([N+](=O)[O-])ccc32)CN1)N1CCSC1
CHEMBL224346,O=C([C@@H]1C[C@H](Nc2ccc([N+](=O)[O-])cc2)CN1)N1CCSC1
CHEMBL388111,COc1ccc2c(c1)CCN2[C@@H]1CN[C@H](C(=O)N2CCSC2)C1
CHEMBL411561,COc1ccc(N[C@@H]2CN[C@H](C(=O)N3CCSC3)C2)cc1
CHEMBL223914,O=C([C@@H]1C[C@H](N2CCc3cc(F)ccc32)CN1)N1CCSC1
CHEMBL390512,O=C([C@@H]1C[C@H](N2CCc3cc(Cl)ccc32)CN1)N1CCSC1
CHEMBL223915,O=C([C@@H]1C[C@H](Nc2ccc(Cl)cc2)CN1)N1CCSC1
CHEMBL223916,O=C([C@@H]1C[C@H](N2CCc3cc(Br)ccc32)CN1)N1CCSC1
CHEMBL390513,N#Cc1ccc(N[C@@H]2CN[C@H](C(=O)N3CCSC3)C2)nc1
CHEMBL224435,O=C([C@@H]1CCCN1)N1CCSC1
CHEMBL223114,O=C([C@@H]1C[C@H](Nc2ccccc2)CN1)N1CCSC1
CHEMBL374688,N#Cc1ccc(N[C@@H]2CN[C@H](C(=O)N3CCSC3)C2)cc1
CHEMBL223060,O=C([C@@H]1C[C@H](NCc2ccccc2)CN1)N1CCSC1
CHEMBL224419,N#Cc1ccc(NCCNCC(=O)N2CCSC2)nc1
CHEMBL223497,N#Cc1ccc(CN[C@@H]2CN[C@H](C(=O)N3CCSC3)C2)cc1
CHEMBL441559,N#Cc1ccc(C(=O)N[C@@H]2CN[C@H](C(=O)N3CCSC3)C2)cc1
CHEMBL376562,O=C(Nc1ccccc1)N[C@@H]1CN[C@H](C(=O)N2CCSC2)C1
CHEMBL227418,N#Cc1ccc(NC(=O)N[C@@H]2CN[C@H](C(=O)N3CCSC3)C2)cc1
CHEMBL227737,CN(Cc1ccc(C#N)cc1)[C@@H]1CN[C@H](C(=O)N2CCSC2)C1
CHEMBL227800,CC(C)N(Cc1ccc(C#N)cc1)[C@@H]1CN[C@H](C(=O)N2CCSC2)C1
CHEMBL389848,CCCCN(Cc1ccc(C#N)cc1)[C@@H]1CN[C@H](C(=O)N2CCSC2)C1
CHEMBL228021,N#Cc1ccc(CN(Cc2ccc(C#N)cc2)[C@@H]2CN[C@H](C(=O)N3CCSC3)C2)cc1
CHEMBL389624,CCOC(=O)CN(Cc1ccc(C#N)cc1)[C@@H]1CN[C@H](C(=O)N2CCSC2)C1
CHEMBL228243,N#Cc1ccc(CN(CC(N)=O)[C@@H]2CN[C@H](C(=O)N3CCSC3)C2)cc1
CHEMBL227482,N#Cc1ccc(CN(CC(=O)O)[C@@H]2CN[C@H](C(=O)N3CCSC3)C2)cc1
CHEMBL226771,N#Cc1ccc(CN(CCO)[C@@H]2CN[C@H](C(=O)N3CCSC3)C2)cc1
CHEMBL228032,N#Cc1ccc(CN(C(=O)c2ccc(C#N)cc2)[C@@H]2CN[C@H](C(=O)N3CCSC3)C2)cc1
CHEMBL227615,O=C([C@@H]1C[C@H](N2Cc3ccccc3C2)CN1)N1CCSC1
CHEMBL227954,N#Cc1ccccc1Cn1c(N2CCC[C@@H](N)C2)nc2ccccc2c1=O
CHEMBL228004,N#Cc1ccccc1Cn1c(N2CCC[C@@H](N)C2)nc2cc(Cl)ccc2c1=O
CHEMBL387552,N#Cc1ccccc1Cn1c(N2CCCC(N)C2)nc2c(Cl)cccc2c1=O
CHEMBL390529,N#Cc1ccccc1Cn1c(N2CCC[C@@H](N)C2)nc2c(Cl)cc(Cl)cc2c1=O
CHEMBL227676,N#Cc1ccccc1Cn1c(N2CCC[C@@H](N)C2)nc2ccc(Br)cc2c1=O
CHEMBL227670,COc1ccc2nc(N3CCC[C@@H](N)C3)n(Cc3ccccc3C#N)c(=O)c2c1
CHEMBL375508,COc1cc2c(=O)n(Cc3ccccc3C#N)c(N3CCC[C@@H](N)C3)nc2cc1F
CHEMBL227089,COc1cc2nc(N3CCC[C@@H](N)C3)n(Cc3ccccc3C#N)c(=O)c2cc1OC
CHEMBL390776,COc1cccc2c(=O)n(Cc3ccccc3C#N)c(N3CCCC(N)C3)nc12
CHEMBL227356,N#Cc1ccccc1Cn1c(N2CCC[C@@H](N)C2)nc2cc(N3CCOCC3)c(F)cc2c1=O
CHEMBL2068511,C[C@@H](B(O)O)N1CC[C@@H](N)C1=O
CHEMBL2068512,C[C@@H](B(O)O)N1CC[C@H](N)C1=O
CHEMBL227464,N#Cc1ccccc1Cn1c(N2CCC[C@@H](N)C2)nc2cccc(F)c2c1=O
CHEMBL425483,N#Cc1ccccc1Cn1c(N2CCC[C@@H](N)C2)nc2ccc(F)cc2c1=O
CHEMBL389074,N#Cc1ccccc1Cn1c(N2CCC[C@@H](N)C2)nc2ccc(Cl)cc2c1=O
CHEMBL395762,CC(C)[C@H](Oc1ccc(CNC(=O)[C@@H]2CCCN2C(=O)C[C@H](N)Cc2cc(F)c(F)cc2F)cc1)C(=O)O
CHEMBL427261,N[C@@H](CC(=O)N1CCn2c(nnc2C(F)(F)F)C1)Cc1cc(Cl)ccc1F
CHEMBL230839,Cc1ccc(F)cc1C[C@@H](N)CC(=O)N1CCC[C@H]1C(=O)NCc1ccc(O[C@H](C(=O)O)C(C)C)cc1
CHEMBL230840,N[C@@H](CC(=O)N1CSC[C@H]1C(=O)NCc1ccc(CC(=O)O)cc1)Cc1ccccc1F
CHEMBL230937,COC(=O)Cc1ccc(CNC(=O)[C@@H]2CSCN2C(=O)C[C@H](N)Cc2ccccc2F)cc1
CHEMBL230938,O=C([C@@H]1Cc2ccc(-c3cccc(-c4nnn[nH]4)c3)cc2CN1)N1CC[C@H](F)C1
CHEMBL388900,CN(C)C(=O)[C@@H](c1ccc(-c2ccc(F)cc2)cc1)[C@H](N)C(=O)N1CCOCC1
CHEMBL231551,N[C@@H](CC(=O)N1CCC[C@H]1C(=O)NCc1ccccc1)Cc1ccccc1F
CHEMBL231552,N[C@@H](CC(=O)N1CCC[C@H]1C(=O)NCc1ccc(C(F)(F)F)cc1)Cc1ccccc1F
CHEMBL231653,CSc1cc(F)c(C[C@@H](N)CC(=O)N2CCn3c(nnc3C(F)(F)F)C2)cc1F
CHEMBL396195,COc1cc(CNC(=O)[C@@H]2CCCN2C(=O)C[C@H](N)Cc2ccccc2F)ccc1O
CHEMBL231654,N[C@H](C(=O)N1CCC(F)(F)C1)[C@@H]1CCN(S(=O)(=O)c2ccc(OC(F)(F)F)cc2)C1
CHEMBL410187,N[C@@H](CC(=O)N1CCN(c2ccc(Cl)cc2)CC1)Cc1ccccc1F
CHEMBL395546,N[C@@H](CC(=O)N1CCn2nccc21)Cc1cc(F)ccc1F
CHEMBL231050,N[C@@H](CC(=O)N1CCn2cc(C(F)(F)F)nc2C1c1ccc(F)cc1)Cc1ccc(F)c(F)c1
CHEMBL231151,CN(C)C(=O)[C@H](c1ccc(-c2ccc(F)cc2)cc1)[C@@H](N)C(=O)N1CC[C@H](F)C1
CHEMBL396789,C=CCC(C(=O)N1CCn2c(nnc2C(F)(F)F)C1)[C@H](N)Cc1cc(F)c(F)cc1F
CHEMBL230095,C=COCC(=O)N1CCN(C(=O)C[C@H](N)Cc2ccccc2F)CC1
CHEMBL427257,CC1C(=O)NCCCN1C(=O)C[C@H](N)Cc1cc(F)ccc1F
CHEMBL390853,CC1C(=O)NCCCN1C(=O)C[C@H](N)Cc1cc(F)c(F)cc1F
CHEMBL231009,CCN1CCCN(C(=O)C[C@H](N)Cc2cc(F)ccc2F)[C@H](C)C1=O
CHEMBL390884,COC(=O)CN1CCCN(C(=O)C[C@H](N)Cc2cc(F)ccc2F)[C@H](C)C1=O
CHEMBL231010,C[C@@H]1C(=O)N(CC(=O)O)CCCN1C(=O)C[C@H](N)Cc1cc(F)ccc1F
CHEMBL390885,C[C@@H]1C(=O)N(C2CC2)CCCN1C(=O)C[C@H](N)Cc1cc(F)ccc1F
CHEMBL231011,C[C@@H]1C(=O)N(C)CCCN1C(=O)C[C@H](N)Cc1cc(F)c(F)cc1F
CHEMBL231117,C[C@@H]1C(=O)N(CCO)CCCN1C(=O)C[C@H](N)Cc1cc(F)c(F)cc1F
CHEMBL395004,C[C@@H]1C(=O)N(CCOCc2ccccc2)CCCN1C(=O)C[C@H](N)Cc1cc(F)c(F)cc1F
CHEMBL390886,C[C@@H]1C(=O)N(CC(F)(F)F)CCCN1C(=O)C[C@H](N)Cc1cc(F)c(F)cc1F
CHEMBL230282,C[C@@H]1C(=O)N(C2CC2)CCCN1C(=O)C[C@H](N)Cc1cc(F)c(F)cc1F
CHEMBL230283,C[C@@H]1C(=O)N(C(C)(C)C)CCCN1C(=O)C[C@H](N)Cc1cc(F)c(F)cc1F
CHEMBL397010,CC1CCNC(=O)CN1C(=O)C[C@H](N)Cc1cc(F)c(F)cc1F
CHEMBL230387,C[C@H]1CNC(=O)[C@@H](C)N(C(=O)C[C@H](N)Cc2cc(F)c(F)cc2F)C1
CHEMBL397241,C[C@@H]1CNC(=O)[C@@H](C)N(C(=O)C[C@H](N)Cc2cc(F)c(F)cc2F)C1
CHEMBL230388,CC[C@@H]1C(=O)NC[C@H](C)CN1C(=O)C[C@H](N)Cc1cc(F)c(F)cc1F
CHEMBL397242,CC[C@@H]1C(=O)NC[C@@H](C)CN1C(=O)C[C@H](N)Cc1cc(F)c(F)cc1F
CHEMBL230389,C[C@H]1CNC(=O)[C@@H](CC(F)(F)F)N(C(=O)C[C@H](N)Cc2cc(F)c(F)cc2F)C1
CHEMBL230495,C[C@@H]1CNC(=O)[C@@H](CC(F)(F)F)N(C(=O)C[C@H](N)Cc2cc(F)c(F)cc2F)C1
CHEMBL394594,C[C@@H]1C(=O)NCC(C)(C)CN1C(=O)C[C@H](N)Cc1cc(F)c(F)cc1F
CHEMBL230496,C[C@@H]1CCN(C(=O)C[C@H](N)Cc2cc(F)c(F)cc2F)[C@H](C)C(=O)N1
CHEMBL394836,C[C@@H]1C(=O)N[C@@H](C)CCN1C(=O)C[C@H](N)Cc1cc(F)c(F)cc1F
CHEMBL230497,C[C@@H]1CCN(C(=O)C[C@H](N)Cc2cc(F)c(F)cc2F)[C@H](CC(F)(F)F)C(=O)N1
CHEMBL394837,Cc1ccccc1C[C@@H]1C(=O)N[C@H](C)CCN1C(=O)C[C@H](N)Cc1cc(F)c(F)cc1F
CHEMBL395798,C[C@@H]1CCN(C(=O)C[C@H](N)Cc2cc(F)c(F)cc2F)[C@H](Cc2ccccc2F)C(=O)N1
CHEMBL230602,C[C@@H]1CCN(C(=O)C[C@H](N)Cc2cc(F)c(F)cc2F)[C@H](Cc2ccccn2)C(=O)N1
CHEMBL230603,C[C@@H]1C(=O)N[C@H](C(F)(F)F)CCN1C(=O)C[C@H](N)Cc1cc(F)c(F)cc1F
CHEMBL230601,CC[C@@H]1CCN(C(=O)C[C@H](N)Cc2cc(F)c(F)cc2F)[C@H](C)C(=O)N1
CHEMBL439394,C[C@@H]1C(=O)N[C@H](Cc2ccccc2F)CCN1C(=O)C[C@H](N)Cc1cc(F)c(F)cc1F
CHEMBL397716,CC(C)[C@H](Oc1ccc(CNC(=O)[C@@H]2CCCN2C(=O)C[C@H](N)Cc2cc(F)c(F)c(F)c2F)cc1)C(=O)O
CHEMBL390193,N[C@H]1CN(c2ccccc2)CC[C@@H]1c1cc(F)c(F)cc1F.O=C(O)C(F)(F)F
CHEMBL230340,N[C@H]1CN(c2ccccn2)CC[C@@H]1c1cc(F)c(F)cc1F.O=C(O)C(F)(F)F
CHEMBL230341,N[C@H]1CN(c2cccnc2)CC[C@@H]1c1cc(F)c(F)cc1F.O=C(O)C(F)(F)F
CHEMBL390194,N[C@H]1CN(c2ccncc2)CC[C@@H]1c1cc(F)c(F)cc1F.O=C(O)C(F)(F)F
CHEMBL230342,N[C@H]1CN(c2cccc(C(F)(F)F)n2)CC[C@@H]1c1cc(F)c(F)cc1F.O=C(O)C(F)(F)F
CHEMBL274740,N[C@H]1CN(c2ccc(C(F)(F)F)cn2)CC[C@@H]1c1cc(F)c(F)cc1F.O=C(O)C(F)(F)F
CHEMBL389602,N[C@H]1CN(c2cc(C(F)(F)F)ccn2)CC[C@@H]1c1cc(F)c(F)cc1F.O=C(O)C(F)(F)F
CHEMBL230449,N[C@H]1CN(c2ncccc2C(F)(F)F)CC[C@@H]1c1cc(F)c(F)cc1F.O=C(O)C(F)(F)F
CHEMBL230883,N#Cc1ccc(N2CC[C@H](c3cc(F)c(F)cc3F)[C@@H](N)C2)nc1.O=C(O)C(F)(F)F
CHEMBL230984,N[C@H]1CN(c2ccncn2)CC[C@@H]1c1cc(F)c(F)cc1F.O=C(O)C(F)(F)F
CHEMBL427259,N[C@H]1CN(c2ncccn2)CC[C@@H]1c1cc(F)c(F)cc1F.O=C(O)C(F)(F)F
CHEMBL230985,N[C@H]1CN(c2cnccn2)CC[C@@H]1c1cc(F)c(F)cc1F.O=C(O)C(F)(F)F
CHEMBL231090,N[C@H]1CN(c2cccnn2)CC[C@@H]1c1cc(F)c(F)cc1F.O=C(O)C(F)(F)F
CHEMBL389537,N[C@H]1CN(c2ccc3ccccc3n2)CC[C@@H]1c1cc(F)c(F)cc1F.O=C(O)C(F)(F)F
CHEMBL231091,N[C@H]1CN(c2nccc3ccccc23)CC[C@@H]1c1cc(F)c(F)cc1F.O=C(O)C(F)(F)F
CHEMBL231092,N[C@H]1CN(c2ccc3nccnc3n2)CC[C@@H]1c1cc(F)c(F)cc1F.O=C(O)C(F)(F)F
CHEMBL389538,N[C@H]1CN(c2cnc3ccccc3n2)CC[C@@H]1c1cc(F)c(F)cc1F.O=C(O)C(F)(F)F
CHEMBL231194,N[C@H]1CN(c2cnc3cccnc3n2)CC[C@@H]1c1cc(F)c(F)cc1F.O=C(O)C(F)(F)F
CHEMBL231195,N[C@H]1CN(c2cnc3cncnc3n2)CC[C@@H]1c1cc(F)c(F)cc1F.O=C(O)C(F)(F)F
CHEMBL231196,N[C@H]1CN(c2cnc3nccnc3n2)CC[C@@H]1c1cc(F)c(F)cc1F.O=C(O)C(F)(F)F
CHEMBL389803,N[C@H]1CN(c2ccc3nc(C(F)(F)F)cn3n2)CC[C@@H]1c1cc(F)c(F)cc1F.O=C(O)C(F)(F)F
CHEMBL231293,N[C@H]1CN(c2ccc3nc(C(F)(F)F)nn3n2)CC[C@@H]1c1cc(F)c(F)cc1F.O=C(O)C(F)(F)F
CHEMBL231294,N[C@H]1CN(c2ccn3cnnc3n2)CC[C@@H]1c1cc(F)c(F)cc1F.O=C(O)C(F)(F)F
CHEMBL389804,Cn1c(C2CC2)nc2ccc(N3CC[C@H](c4cc(F)c(F)cc4F)[C@@H](N)C3)nc21.O=C(O)C(F)(F)F
CHEMBL231295,N[C@H]1CN(c2ccc3ncnc(C4CC4)c3n2)CC[C@@H]1c1cc(F)c(F)cc1F.O=C(O)C(F)(F)F
CHEMBL231395,Cc1nc2ccc(N3CC[C@H](c4cc(F)c(F)cc4F)[C@@H](N)C3)nc2c(=O)[nH]1.O=C(O)C(F)(F)F
CHEMBL231396,N[C@H]1CN(c2ccc3nc(=O)ccn3n2)CC[C@@H]1c1cc(F)c(F)cc1F.O=C(O)C(F)(F)F
CHEMBL231397,Cc1cc(=O)n2nc(N3CC[C@H](c4cc(F)c(F)cc4F)[C@@H](N)C3)ccc2n1.O=C(O)C(F)(F)F
CHEMBL390241,Cn1nc2ccc(N3CC[C@H](c4cc(F)c(F)cc4F)[C@@H](N)C3)nn2c1=O.O=C(O)C(F)(F)F
CHEMBL231496,N[C@H]1CN(c2ccc3nncn3n2)CC[C@@H]1c1cc(F)c(F)cc1F.O=C(O)C(F)(F)F
CHEMBL231497,Cc1nnc2ccc(N3CC[C@H](c4cc(F)c(F)cc4F)[C@@H](N)C3)nn12.O=C(O)C(F)(F)F
CHEMBL390080,CCc1nnc2ccc(N3CC[C@H](c4cc(F)c(F)cc4F)[C@@H](N)C3)nn12.O=C(O)C(F)(F)F
CHEMBL228311,N[C@H]1CN(c2ccc3nnc(C(F)(F)F)n3n2)CC[C@@H]1c1cc(F)c(F)cc1F.O=C(O)C(F)(F)F
CHEMBL228312,N[C@H]1CN(c2ccc3nnc(-c4ccc(F)cc4)n3n2)CC[C@@H]1c1cc(F)c(F)cc1F.O=C(O)C(F)(F)F
CHEMBL396512,N#C[C@@H]1CCCN1C(=O)[C@@H]1C[C@H](c2ccccc2)CN1
CHEMBL244843,N#C[C@@H]1CCCN1C(=O)[C@@H]1C[C@@H](c2ccccc2)CN1
CHEMBL396513,Cc1cccc(C)c1[C@@H]1CN[C@H](C(=O)N2CCC[C@H]2C#N)C1
CHEMBL245059,N#C[C@@H]1CCCN1C(=O)[C@@H]1C[C@H](c2ccccc2O)CN1
CHEMBL243798,N#C[C@@H]1CCCN1C(=O)[C@@H]1C[C@H](c2cccc(O)c2)CN1
CHEMBL390221,N#C[C@@H]1CCCN1C(=O)[C@@H]1C[C@H](c2ccc(O)cc2)CN1
CHEMBL243799,Cc1cc(O)cc(C)c1[C@@H]1CN[C@H](C(=O)N2CCC[C@H]2C#N)C1
CHEMBL243800,COc1cc(O)cc(C)c1[C@@H]1CN[C@H](C(=O)N2CCC[C@H]2C#N)C1
CHEMBL244008,COc1cc(O)cc(OC)c1[C@@H]1CN[C@H](C(=O)N2CCC[C@H]2C#N)C1
CHEMBL390418,CCc1cc(O)cc(C)c1[C@@H]1CN[C@H](C(=O)N2CCC[C@H]2C#N)C1
CHEMBL244009,CCOc1cc(O)cc(OCC)c1[C@@H]1CN[C@H](C(=O)N2CCC[C@H]2C#N)C1
CHEMBL413797,Cc1ccc(O)c(C)c1[C@@H]1CN[C@H](C(=O)N2CCC[C@H]2C#N)C1
CHEMBL244010,COc1c(O)ccc(C)c1[C@@H]1CN[C@H](C(=O)N2CCC[C@H]2C#N)C1
CHEMBL389324,Cc1cc(C)c([C@@H]2CN[C@H](C(=O)N3CCC[C@H]3C#N)C2)c(C)c1O
CHEMBL233127,C[C@@H]1N[C@H](C(=O)N2CCC[C@H]2C#N)C[C@@H]1C(=O)N1Cc2ccccc2C1
CHEMBL245069,C=CC[C@@H]1CN[C@H](C(=O)N2CCC[C@H]2C#N)C1
CHEMBL242985,CCC[C@@H]1CN[C@H](C(=O)N2CCC[C@H]2C#N)C1
CHEMBL437570,C=C(C)C[C@@H]1CN[C@H](C(=O)N2CCC[C@H]2C#N)C1
CHEMBL242987,CC(C)C[C@@H]1CN[C@H](C(=O)N2CCC[C@H]2C#N)C1
CHEMBL242492,N#C[C@@H]1CCCN1C(=O)[C@@H]1C[C@H](C2CCCCC2)CN1
CHEMBL389138,N#C[C@@H]1CCCN1C(=O)[C@@H]1CC(C2C3CC4CC(C3)CC2C4)CN1
CHEMBL234356,N#C[C@@H]1CCCN1C(=O)[C@@H]1C[C@H](CO)CN1
CHEMBL395919,N#C[C@@H]1CCCN1C(=O)[C@@H]1C[C@H](CCO)CN1
CHEMBL234158,N#C[C@@H]1CCCN1C(=O)[C@@H]1C[C@H](CC(=O)O)CN1
CHEMBL232103,CN(C)C(=O)[C@@H]1CN[C@H](C(=O)N2CCC[C@H]2C#N)C1
CHEMBL391558,CN(C)C(=O)C[C@@H]1CN[C@H](C(=O)N2CCC[C@H]2C#N)C1
CHEMBL232311,CN(C)C(=O)CC[C@@H]1CN[C@H](C(=O)N2CCC[C@H]2C#N)C1
CHEMBL232315,N#C[C@@H]1CCCN1C(=O)[C@@H]1C[C@H](C(N)=O)CN1
CHEMBL391559,CNC(=O)[C@@H]1CN[C@H](C(=O)N2CCC[C@H]2C#N)C1
CHEMBL232316,CCNC(=O)[C@@H]1CN[C@H](C(=O)N2CCC[C@H]2C#N)C1
CHEMBL434960,CCCNC(=O)[C@@H]1CN[C@H](C(=O)N2CCC[C@H]2C#N)C1
CHEMBL234163,CCN(C)C(=O)[C@@H]1CN[C@H](C(=O)N2CCC[C@H]2C#N)C1
CHEMBL393498,CCN(CC)C(=O)[C@@H]1CN[C@H](C(=O)N2CCC[C@H]2C#N)C1
CHEMBL234373,N#C[C@@H]1CCCN1C(=O)[C@@H]1C[C@H](C(=O)N2CCC2)CN1
CHEMBL428369,N#C[C@@H]1CCCN1C(=O)[C@@H]1C[C@H](C(=O)N2CCCC2)CN1
CHEMBL400613,N#C[C@@H]1CCCN1C(=O)[C@@H]1C[C@H](C(=O)N2CCCCC2)CN1
CHEMBL400614,N#C[C@@H]1CCCN1C(=O)[C@@H]1C[C@H](C(=O)N2CCCCCC2)CN1
CHEMBL232716,N#C[C@@H]1CCCN1C(=O)[C@@H]1C[C@H](C(=O)N2CCCCCCC2)CN1
CHEMBL415647,N#C[C@@H]1CCCN1C(=O)[C@@H]1C[C@H](C(=O)N2CCOCC2)CN1
CHEMBL400615,N#C[C@@H]1CCCN1C(=O)[C@@H]1C[C@H](C(=O)N2CCSCC2)CN1
CHEMBL232914,C[C@@H]1N[C@H](C(=O)N2CCC[C@H]2C#N)C[C@@H]1C(=O)N(C)C
CHEMBL394932,CCN(C)C(=O)[C@H]1C[C@@H](C(=O)N2CCC[C@H]2C#N)N[C@H]1C
CHEMBL232919,C[C@@H]1N[C@H](C(=O)N2CCC[C@H]2C#N)C[C@@H]1C(=O)N1CCC1
CHEMBL393957,C[C@@H]1N[C@H](C(=O)N2CCC[C@H]2C#N)C[C@@H]1C(=O)N1CCCC1
CHEMBL232920,C[C@@H]1N[C@H](C(=O)N2CCC[C@H]2C#N)C[C@@H]1C(=O)N1CCCCC1
CHEMBL429258,C[C@@H]1N[C@H](C(=O)N2CCC[C@H]2C#N)C[C@@H]1C(=O)N1CCOCC1
CHEMBL394165,C[C@@H]1N[C@H](C(=O)N2CCC[C@H]2C#N)C[C@@H]1C(=O)N1CCSCC1
CHEMBL388475,N[C@@H](CC(=O)N1CCn2c(nnc2C(F)(F)F)C1)Cc1ccccc1F
CHEMBL243230,N[C@@H](CC(=O)N1CCn2c(nnc2C(F)(F)F)C1)Cc1cccc(Cl)c1
CHEMBL243231,N[C@@H](CC(=O)N1CCn2c(nnc2C(F)(F)F)C1)Cc1ccc(Cl)cc1
CHEMBL388433,N[C@@H](CC(=O)N1CCn2c(nnc2C(F)(F)F)C1)Cc1ccc(Cl)c(Cl)c1
CHEMBL235120,N[C@@H](CC(=O)N1CCn2c(nnc2C(F)(F)F)C1)Cc1ccc(Cl)cc1Cl
CHEMBL232648,N[C@@H](CC(=O)N1CCn2c(nnc2C(F)(F)F)C1)Cc1cc(Cl)ccc1Cl
CHEMBL232845,N[C@@H](CC(=O)N1CCn2c(nnc2C(F)(F)F)C1)Cc1cc(F)c(Cl)cc1F
CHEMBL233058,N[C@@H](CC(=O)N1CCn2c(nnc2C(F)(F)F)C1)Cc1cc(F)c(F)cc1Cl
CHEMBL233472,N[C@@H](CC(=O)N1CCn2c(nnc2-c2ccc(F)cc2)C1)Cc1cc(F)ccc1F
CHEMBL389599,N[C@@H](CC(=O)N1CCn2c(nnc2-c2ccc(F)cc2F)C1)Cc1cc(F)ccc1F
CHEMBL233474,N[C@@H](CC(=O)N1CCn2c(nnc2-c2ccncc2)C1)Cc1cc(F)ccc1F
CHEMBL389600,CCOC(=O)c1nnc2n1CCN(C(=O)C[C@H](N)Cc1cc(F)ccc1F)C2
CHEMBL233684,N[C@@H](CC(=O)N1CCn2c(CO)nnc2C1)Cc1cc(F)ccc1F
CHEMBL233685,CCc1nnc2n1CCN(C(=O)C[C@H](N)Cc1cc(F)c(F)cc1F)C2
CHEMBL390239,N[C@@H](CC(=O)N1CCn2c(nnc2C2CC2)C1)Cc1cc(F)c(F)cc1F
CHEMBL390240,N[C@@H](CC(=O)N1CCn2c(nnc2C(F)F)C1)Cc1cc(F)c(F)cc1F
CHEMBL233686,CCOC(=O)c1nnc2n1CCN(C(=O)C[C@H](N)Cc1cc(F)c(F)cc1F)C2
CHEMBL233891,CC(C)(C)NC(=O)c1nnc2n1CCN(C(=O)C[C@H](N)Cc1cc(F)c(F)cc1F)C2
CHEMBL232262,N[C@@H](CC(=O)N1CCn2c(nnc2C(F)(F)F)C1)Cc1cccc(F)c1
CHEMBL242811,N[C@@H](CC(=O)N1CCn2c(nnc2C(F)(F)F)C1)Cc1ccc(F)cc1
CHEMBL242813,N[C@@H](CC(=O)N1CCn2c(nnc2C(F)(F)F)C1)Cc1ccc(F)c(F)c1
CHEMBL389151,N[C@@H](CC(=O)N1CCn2c(nnc2C(F)(F)F)C1)Cc1ccc(F)cc1F
CHEMBL243872,N[C@@H](CC(=O)N1CCn2c(nnc2C(F)(F)F)C1)Cc1cc(F)cc(F)c1F
CHEMBL394833,N[C@@H](CC(=O)N1CCn2c(nnc2C(F)(F)F)C1)Cc1c(F)ccc(F)c1F
CHEMBL394834,N[C@@H](CC(=O)N1CCn2c(nnc2C(F)(F)F)C1)Cc1c(F)cc(F)cc1F
CHEMBL397743,N[C@@H](CC(=O)N1CCn2c(nnc2C(F)(F)F)C1)Cc1c(F)c(F)c(F)c(F)c1F
CHEMBL397744,N[C@@H](CC(=O)N1CCn2c(nnc2C(F)(F)F)C1)Cc1ccccc1C(F)(F)F
CHEMBL243227,N[C@@H](CC(=O)N1CCn2c(nnc2C(F)(F)F)C1)Cc1cccc(C(F)(F)F)c1
CHEMBL245181,N[C@@H](CC(=O)N1CCn2c(nnc2C(F)(F)F)C1)Cc1ccc(C(F)(F)F)cc1
CHEMBL388431,N[C@@H](CC(=O)N1CCn2c(nnc2C(F)(F)F)C1)Cc1ccccc1Cl
CHEMBL234635,N[C@H]1C[C@@H](N2CCn3c(C(F)(F)F)cnc3C2)CCC1c1cc(F)c(F)cc1F
CHEMBL232191,N[C@H]1C[C@H](N2CCn3c(nnc3C(F)(F)F)C2)CCC1c1cc(F)c(F)cc1F
CHEMBL234412,CCCC[C@H]1CN2CCc3cc(OC)c(OC)cc3[C@@H]2C[C@@H]1N
CHEMBL234233,CCCCC1CN(c2cc(OC)cc(C(F)(F)F)c2)CCC1N
CHEMBL234235,CCCC[C@H]1CN(c2ccc(OC)c(-c3ccccc3)c2)CC[C@H]1N
CHEMBL234236,CCCC[C@@H]1CN(c2ccc(OC)c(-c3ccccc3)c2)CC[C@H]1N
CHEMBL443316,CCCC[C@H]1CN(c2ccc(Cl)c(C(F)(F)F)c2)CC[C@H]1N
CHEMBL234426,CCCCC1CN(c2ccc(Cl)c(C(F)(F)F)c2)CCC1N
CHEMBL234427,CCCC[C@H]1CN(c2ccc(OC)c(OC)c2)CCC1N
CHEMBL234428,CCCC[C@@H]1CN(c2ccc(OC)c(OC)c2)CC[C@H]1N
CHEMBL396136,CCCC[C@H]1CN(c2cc(OC)c(OC)c(OC)c2)CC[C@H]1N
CHEMBL234429,CCCC[C@@H]1CN(c2cc(OC)c(OC)c(OC)c2)CC[C@H]1N
CHEMBL234613,CCCC[C@H]1CN(c2ccc(Cl)c(Cl)c2)CC[C@H]1N
CHEMBL394507,CCCC[C@H]1CN(c2ccc3ccccc3c2)CC[C@H]1N
CHEMBL234614,CCCC[C@@H]1CN(c2ccc3ccccc3c2)CC[C@H]1N
CHEMBL397144,CCCCC1CN(c2cccc3c2CCCC3)CCC1N
CHEMBL234615,CCCCC1CN(c2cccc3ccccc23)CCC1N
CHEMBL234616,COc1ccc(N2CCC(N)C(c3ccc(C)cc3)C2)cc1OC
CHEMBL397353,COc1ccc(N2CCC(N)C(c3ccc(C)c(C)c3)C2)cc1OC
CHEMBL231994,COc1ccc(N2CCC(N)C(c3cccc(C)c3)C2)cc1OC
CHEMBL231995,COc1cccc(C2CN(c3ccc(OC)c(OC)c3)CCC2N)c1
CHEMBL231996,COc1ccc(N2CCC(N)C(c3ccccn3)C2)cc1OC
CHEMBL391037,COc1cc2c(cc1OC)[C@@H]1C[C@@H](N)[C@@H](c3ccccc3)CN1CC2
CHEMBL428894,COc1cc2c(cc1OC)[C@@H]1C[C@H](N)[C@@H](c3ccccc3)CN1CC2
CHEMBL234046,COc1cc2c(cc1OC)[C@@H]1CC(N)[C@@H](c3ccccc3)CN1CC2
CHEMBL392083,COc1cc2c(cc1OC)[C@@H]1C[C@@H](N)[C@@H](c3ccccn3)CN1CC2
CHEMBL234047,COc1cc2c(cc1OC)[C@@H]1C[C@H](N)[C@@H](c3ccccn3)CN1CC2
CHEMBL392084,COc1cc2c(cc1OC)[C@@H]1C[C@@H](N)[C@@H](c3ccc(C)cc3)CN1CC2
CHEMBL234048,COc1cc2c(cc1OC)[C@@H]1C[C@H](N)[C@@H](c3ccc(C)cc3)CN1CC2
CHEMBL234238,COc1cc2c(cc1OC)[C@@H]1C[C@@H](N)[C@@H](c3ccc(C)c(C)c3)CN1CC2
CHEMBL392085,COc1cc2c(cc1OC)[C@@H]1C[C@H](N)[C@@H](c3ccc(C)c(C)c3)CN1CC2
CHEMBL540711,COc1cccc([C@H]2CN3CCc4cc(OC)c(OC)cc4[C@@H]3C[C@@H]2N)c1
CHEMBL234430,COc1cccc([C@H]2CN3CCc4cc(OC)c(OC)cc4[C@@H]3C[C@H]2N)c1
CHEMBL234431,COc1cc2c(cc1OC)[C@@H]1C[C@@H](N)[C@@H](c3cccc(C)c3)CN1CC2
CHEMBL391070,COc1cc2c(cc1OC)[C@@H]1C[C@H](N)[C@@H](c3cccc(C)c3)CN1CC2
CHEMBL429982,COc1cc2c(cc1OC)[C@@H]1C[C@@H](N)[C@@H](c3cccc(Cl)c3)CN1CC2
CHEMBL232595,COc1cc2c(cc1OC)[C@@H]1C[C@H](N)[C@@H](c3cccc(Cl)c3)CN1CC2
CHEMBL400624,COc1cc2c(cc1OC)[C@@H]1CC(N)[C@@H](c3cccc(C)c3)CN1CC2
CHEMBL234413,CCCCC1CN(C2CCCCC2)CCC1N
CHEMBL234414,CCCCC1CN(C(c2ccccc2)c2ccccc2)CCC1N
CHEMBL394662,CCCC[C@H]1CN(c2ccccc2)CC[C@H]1N
CHEMBL234610,CCCC[C@@H]1CN(c2ccccc2)CC[C@H]1N
CHEMBL234611,CCCC[C@H]1CN(c2ccc(Oc3ccccc3)cc2)CC[C@H]1N
CHEMBL396857,CCCC[C@@H]1CN(c2ccc(Oc3ccccc3)cc2)CC[C@H]1N
CHEMBL234043,CCCCC1CN(c2cc(C(F)(F)F)cc(C(F)(F)F)c2)CCC1N
CHEMBL234045,CCCC[C@H]1CN(c2cc(OC)cc(C(F)(F)F)c2)CC[C@H]1N
CHEMBL233360,N[C@H]1C[C@@H](N2CCn3c(nnc3C(F)(F)F)C2)CC[C@@H]1c1cc(F)c(F)cc1F
CHEMBL392924,N[C@H]1C[C@@H](N2Cc3ccccc3C2)CC[C@@H]1c1cc(F)c(F)cc1F
CHEMBL233563,N[C@H]1C[C@@H](N2Cc3cnc(C4CC4)nc3C2)CC[C@@H]1c1cc(F)c(F)cc1F
CHEMBL233564,N[C@H]1C[C@@H](N2Cc3cncnc3C2)CC[C@@H]1c1cc(F)c(F)cc1F
CHEMBL234911,Cc1nc(C(=O)[C@@H]2CCCN2C(=O)CNC(C)(C)CO)no1
CHEMBL391929,CC(C)(CO)NCC(=O)N1C[C@@H](F)C[C@H]1C(=O)c1noc(C(C)(C)C)n1
CHEMBL231697,CC(C)(CO)NCC(=O)N1CCC[C@H]1C(=O)c1noc(C(C)(C)C)n1
CHEMBL231698,Cc1nc(C(=O)[C@@H]2CCCN2C(=O)CNC(C)(C)C(=O)O)no1
CHEMBL232153,CC(C)(Cc1ccc(F)cc1)NCC(=O)N1CCC[C@H]1C(=O)c1ncon1
CHEMBL392552,CC(C)(C)NCC(=O)N1C[C@@H](F)C[C@H]1C(=O)c1noc(C(C)(C)C)n1
CHEMBL399615,CC(C)(C)NCC(=O)N1CCC[C@H]1C(=O)c1noc(-c2ccc(F)cc2)n1
CHEMBL232586,CC(C)(C)NCC(=O)N1CCC[C@H]1C(=O)c1noc(C2(C)CCCCC2)n1
CHEMBL233996,Cc1nc(C(=O)[C@@H]2CCCN2C(=O)CNC23CC4CC(CC(C4)C2)C3)no1
CHEMBL232111,Cc1nnc(C(=O)[C@@H]2CSCN2C(=O)CNC23CC4CC(CC(C4)C2)C3)o1
CHEMBL232725,Cc1nnc(C(=O)[C@@H]2CCCN2C(=O)CNC23CC4CC(CC(C4)C2)C3)o1
CHEMBL233136,Cc1nnc(C(=O)[C@@H]2C[C@H](F)CN2C(=O)CNC23CC4CC(CC(C4)C2)C3)o1
CHEMBL233337,Cc1nnc(C(=O)[C@@H]2CC(F)(F)CN2C(=O)CNC23CC4CC(CC(C4)C2)C3)o1
CHEMBL391269,Cc1nnc(C(=O)[C@@H]2CCCN2C(=O)CNC23CC4CC(CC(O)(C4)C2)C3)o1
CHEMBL399408,CCC(C)(C)c1nnc(C(=O)[C@@H]2C[C@H](F)CN2C(=O)CNC(C)(C)C)o1
CHEMBL395166,CC(C)(C)NCC(=O)N1CCC[C@H]1C(=O)c1nnc(C(C)(C)C)o1
CHEMBL232570,Cc1cc(C)c(-c2nnc(C(=O)[C@@H]3CCCN3C(=O)CNC(C)(C)C)o2)c(C)c1
CHEMBL391645,CC(C)(C)NCC(=O)N1C[C@@H](F)C[C@H]1C(=O)c1nnc(C2CCCCC2)o1
CHEMBL232571,CC(C)(C)NCC(=O)N1CCC[C@H]1C(=O)c1nnc(C2(C)CCCCC2)o1
CHEMBL232572,Cc1nnc(C(=O)[C@@H]2CCCN2C(=O)CNC(C)(C)CO)o1
CHEMBL232759,CC(C)(CO)NCC(=O)N1CCC[C@H]1C(=O)c1nnc(C(C)(C)C)o1
CHEMBL232185,CC(C)(CO)NCC(=O)N1C[C@@H](F)C[C@H]1C(=O)c1nnc(C(C)(C)C)o1
CHEMBL393947,CC(C)(Cc1ccc(F)cc1)NCC(=O)N1C[C@@H](F)C[C@H]1C(=O)c1nnc(C(C)(C)C)o1
CHEMBL236507,N[C@H]1CN(c2nc3c(cc2F)c(=O)c(C(=O)O)cn3C2CC2)C[C@H]1c1ccc(F)cc1
CHEMBL237567,COc1ccccc1[C@H]1CN(c2nc3c(cc2F)c(=O)c(C(=O)O)cn3C2CC2)C[C@@H]1N
CHEMBL438309,COc1ccccc1[C@@H]1CN(c2nc3c(cc2F)c(=O)c(C(=O)O)cn3C2CC2)C[C@@H]1N
CHEMBL237568,N[C@H]1CN(c2nc3c(cc2F)c(=O)c(C(=O)O)cn3C2CC2)C[C@H]1c1ccccc1
CHEMBL399409,N[C@H]1CN(c2nc3c(cc2F)c(=O)c(C(=O)O)cn3C2CC2)C[C@H]1c1ccc(Cl)c(Cl)c1
CHEMBL237758,N[C@H]1CN(c2cc(-c3ccccc3)ncn2)C[C@@H]1c1ccccc1
CHEMBL392696,N#Cc1cccc(-c2cc(N3C[C@H](c4ccccc4)[C@@H](N)C3)ncn2)c1
CHEMBL235201,COc1ccc(-c2cc(N3C[C@H](c4ccccc4)[C@@H](N)C3)ncn2)cc1
CHEMBL392697,N[C@H]1CN(c2cc(-c3cccc(Cl)c3)ncn2)C[C@@H]1c1ccccc1
CHEMBL236705,N[C@H]1CN(c2cc(-c3ccccc3)ncn2)C[C@@H]1c1cc(F)c(F)cc1F
CHEMBL236719,CC(=O)Nc1cccc(-c2cc(N3C[C@H](c4cc(F)c(F)cc4F)[C@@H](N)C3)ncn2)c1
CHEMBL399207,N[C@H]1CN(c2cc(-c3cccc([N+](=O)[O-])c3)ncn2)C[C@@H]1c1cc(F)c(F)cc1F
CHEMBL237569,N[C@H]1CN(c2cc(-c3cccc(O)c3)ncn2)C[C@@H]1c1cc(F)c(F)cc1F
CHEMBL237785,N[C@H]1CN(c2cc(-c3cccnc3)ncn2)C[C@@H]1c1cc(F)c(F)cc1F
CHEMBL237786,COc1ccc(-c2cc(N3C[C@H](c4cc(F)c(F)cc4F)[C@@H](N)C3)ncn2)cn1
CHEMBL236706,N[C@H]1CN(c2cc(-c3ccccc3Cl)ncn2)C[C@@H]1c1cc(F)c(F)cc1F
CHEMBL391047,N#Cc1ccccc1-c1cc(N2C[C@H](c3cc(F)c(F)cc3F)[C@@H](N)C2)ncn1
CHEMBL236707,CC(=O)c1ccccc1-c1cc(N2C[C@H](c3cc(F)c(F)cc3F)[C@@H](N)C2)ncn1
CHEMBL391048,N[C@H]1CN(c2cc(-c3ccccc3F)ncn2)C[C@@H]1c1cc(F)c(F)cc1F
CHEMBL393611,COc1ccccc1-c1cc(N2C[C@H](c3cc(F)c(F)cc3F)[C@@H](N)C2)ncn1
CHEMBL237341,N[C@H]1CN(c2cc(-c3cccc(Cl)c3)ncn2)C[C@@H]1c1cc(F)c(F)cc1F
CHEMBL237342,N#Cc1cccc(-c2cc(N3C[C@H](c4cc(F)c(F)cc4F)[C@@H](N)C3)ncn2)c1
CHEMBL393612,CC(=O)c1cccc(-c2cc(N3C[C@H](c4cc(F)c(F)cc4F)[C@@H](N)C3)ncn2)c1
CHEMBL237343,N[C@H]1CN(c2cc(-c3cccc(F)c3)ncn2)C[C@@H]1c1cc(F)c(F)cc1F
CHEMBL236714,COc1cccc(-c2cc(N3C[C@H](c4cc(F)c(F)cc4F)[C@@H](N)C3)ncn2)c1
CHEMBL412585,N[C@H]1CN(c2cc(-c3ccc(Cl)cc3)ncn2)C[C@@H]1c1cc(F)c(F)cc1F
CHEMBL236922,N#Cc1ccc(-c2cc(N3C[C@H](c4cc(F)c(F)cc4F)[C@@H](N)C3)ncn2)cc1
CHEMBL391837,CC(=O)c1ccc(-c2cc(N3C[C@H](c4cc(F)c(F)cc4F)[C@@H](N)C3)ncn2)cc1
CHEMBL236923,N[C@H]1CN(c2cc(-c3ccc(F)cc3)ncn2)C[C@@H]1c1cc(F)c(F)cc1F
CHEMBL391251,COc1ccc(-c2cc(N3C[C@H](c4cc(F)c(F)cc4F)[C@@H](N)C3)ncn2)cc1
CHEMBL236084,N[C@H]1CN(c2cc(-c3cccc(C(F)(F)F)c3)ncn2)C[C@@H]1c1cc(F)c(F)cc1F
CHEMBL236085,N[C@H]1CN(c2cc(-c3cccc(OC(F)(F)F)c3)ncn2)C[C@@H]1c1cc(F)c(F)cc1F
CHEMBL391252,N[C@H]1CN(c2cc(-c3cccc(CO)c3)ncn2)C[C@@H]1c1cc(F)c(F)cc1F
CHEMBL236508,N[C@H]1CN(c2cc(-c3cccc(C(=O)O)c3)ncn2)C[C@@H]1c1cc(F)c(F)cc1F
CHEMBL237119,CN(C)C(=O)[C@@H](c1ccc(-c2ccc(F)cc2)cc1)[C@H](N)C(=O)N1CC[C@H](F)C1
CHEMBL237336,C[C@@H](c1ccc(-c2ccc(F)cc2)cc1)[C@H](N)C(=O)N1CC[C@H](F)C1
CHEMBL237337,CN(C)C(=O)[C@@H](c1ccc(-c2ccc3ncnn3c2)cc1)[C@H](N)C(=O)N1CC[C@H](F)C1
CHEMBL237547,CC(=O)N[C@H]1CC[C@H]([C@H](C)[C@H](N)C(=O)N2CC[C@H](F)C2)CC1
CHEMBL392524,C[C@@H](C1CCC(c2ccc(F)cc2)CC1)[C@H](N)C(=O)N1CC[C@](C)(F)C1
CHEMBL237151,C[C@@H](C1CCC(c2cccnc2)CC1)[C@H](N)C(=O)N1CCC(F)(F)C1
CHEMBL237152,C[C@@H](C1CCC(c2cccc3ncnn23)CC1)[C@H](N)C(=O)N1CCC(F)(F)C1
CHEMBL237566,CN(C)C(=O)[C@@H]([C@H]1CC[C@@H](c2cccc3ncnn32)CC1)[C@H](N)C(=O)N1CC[C@H](F)C1
CHEMBL400841,CN(C)C(=O)[C@@H]([C@H]1CC[C@H](c2cccc3ncnn32)CC1)[C@H](N)C(=O)N1CC[C@H](F)C1
CHEMBL237783,CN(C)C(=O)[C@@H]([C@H]1CC[C@@H](c2cccc3ncnn32)CC1)[C@H](N)C(=O)N1CCC(F)(F)C1
CHEMBL237997,CN(C)C(=O)[C@@H]([C@H]1CC[C@H](c2cccc3ncnn32)CC1)[C@H](N)C(=O)N1CCC(F)(F)C1
CHEMBL235004,COc1cc([C@H]2CC[C@@H]([C@H](C(=O)N(C)C)[C@H](N)C(=O)N3CCC(F)(F)C3)CC2)nc(OC)n1
CHEMBL235223,COc1cc([C@H]2CC[C@H]([C@H](C(=O)N(C)C)[C@H](N)C(=O)N3CCC(F)(F)C3)CC2)nc(OC)n1
CHEMBL237972,CN(C)C(=O)[C@@H]([C@H]1CC[C@@H](c2ccc(F)cc2)CC1)[C@H](N)C(=O)N1CCC(F)(F)C1
CHEMBL238190,CN(C)C(=O)[C@@H]([C@H]1CC[C@H](c2ccc(F)cc2)CC1)[C@H](N)C(=O)N1CCC(F)(F)C1
CHEMBL238191,CN(C)C(=O)[C@@H]([C@H]1CC[C@@H](c2ccc3ncnn3c2)CC1)[C@H](N)C(=O)N1CCC(F)(F)C1
CHEMBL437557,CN(C)C(=O)[C@@H]([C@H]1CC[C@H](c2ccc3ncnn3c2)CC1)[C@H](N)C(=O)N1CCC(F)(F)C1
CHEMBL235198,CN(C)C(=O)[C@@H]([C@H]1CC[C@@H](C2CCc3ncnn3C2)CC1)[C@H](N)C(=O)N1CCC(F)(F)C1
CHEMBL235199,CN(C)C(=O)[C@@H]([C@H]1CC[C@H](C2CCc3ncnn3C2)CC1)[C@H](N)C(=O)N1CCC(F)(F)C1
CHEMBL397070,CC[C@@H](C)[C@H](N)C(=O)N1Cc2ccccc2C1
CHEMBL235766,CCOC(=O)CNC(=O)c1ccc(OP(=O)(Oc2ccc(C(=O)NCC(=O)OCC)cc2)C2CCCN2C(=O)C2CCCN2)cc1
CHEMBL399189,NCC(=O)N1CCCC1P(=O)(Oc1ccccc1)Oc1ccccc1
CHEMBL236586,CC(C)[C@H](N)C(=O)N1CCCC1P(=O)(Oc1ccccc1)Oc1ccccc1
CHEMBL237658,N[C@@H](Cc1ccccc1)C(=O)N1CCCC1P(=O)(Oc1ccccc1)Oc1ccccc1
CHEMBL237673,N[C@@H](CO)C(=O)N1CCCC1P(=O)(Oc1ccccc1)Oc1ccccc1
CHEMBL391721,NCCCC[C@H](N)C(=O)N1CCCC1P(=O)(Oc1ccccc1)Oc1ccccc1
CHEMBL439205,NCCCC[C@H](NC(=O)OCc1ccccc1)C(=O)N1CCCC1P(=O)(Oc1ccccc1)Oc1ccccc1
CHEMBL236602,N[C@@H](Cc1cnc[nH]1)C(=O)N1CCCC1P(=O)(Oc1ccccc1)Oc1ccccc1
CHEMBL392139,NCC[C@H](N)C(=O)N1CCCC1P(=O)(Oc1ccccc1)Oc1ccccc1
CHEMBL236781,CC(=O)Nc1ccc(OP(=O)(Oc2ccc(NC(C)=O)cc2)C2CCCN2C(=O)[C@@H](N)CCCCN)cc1
CHEMBL238114,CC(=O)Nc1ccc(OP(=O)(Oc2ccc(NC(C)=O)cc2)C2CCCN2C(=O)[C@H](CCCCN)NC(=O)OCc2ccccc2)cc1
CHEMBL235133,Cn1c(=O)[nH]c(=O)c2c1nc(N1CCNCC1)n2Cc1ccccc1
CHEMBL235134,Cn1c(=O)c2c(nc(N3CCNCC3)n2Cc2ccccc2)n(C)c1=O
CHEMBL235352,CC(C)=CCn1c(N2CCNCC2)nc2c1c(=O)n(C)c(=O)n2C
CHEMBL235792,CC#CCn1c(N2CCNCC2)nc2c1c(=O)n(C)c(=O)n2C
CHEMBL399216,Cn1c(=O)c2c(nc(N3CCCC(N)C3)n2Cc2ccccc2)n(C)c1=O
CHEMBL237279,CC(C)=CCn1c(N2CCCC(N)C2)nc2c1c(=O)n(C)c(=O)n2C
CHEMBL237280,CC#CCn1c(N2CCCC(N)C2)nc2c1c(=O)n(C)c(=O)n2C
CHEMBL391634,CC(C)=CCn1c(N2CCCC(N)C2)nc2c1c(=O)n(Cc1ccccc1)c(=O)n2C
CHEMBL237281,CC(C)=CCn1c(N2CCCC(N)C2)nc2c1c(=O)n(CCc1ccccc1)c(=O)n2C
CHEMBL237488,CC(C)=CCn1c(N2CCC[C@@H](N)C2)nc2c1c(=O)n(CC(=O)c1ccccc1)c(=O)n2C
CHEMBL237067,CC(C)=CCn1c(N2CCC[C@H](N)C2)nc2c1c(=O)n(CC(=O)c1ccccc1)c(=O)n2C
CHEMBL429450,CC(C)=CCn1c(N2CCC[C@@H](N)C2)nc2c1c(=O)n(Cc1nccc3ccccc13)c(=O)n2C
CHEMBL391089,CC(C)=CCn1c(N2CCC[C@H](N)C2)nc2c1c(=O)n(Cc1nccc3ccccc13)c(=O)n2C
CHEMBL237287,CC#CCn1c(N2CCC[C@@H](N)C2)nc2c1c(=O)n(CC(=O)c1ccccc1)c(=O)n2C
CHEMBL237288,CC#CCn1c(N2CCC[C@H](N)C2)nc2c1c(=O)n(CC(=O)c1ccccc1)c(=O)n2C
CHEMBL391307,CC#CCn1c(N2CCC[C@@H](N)C2)nc2c1c(=O)n(Cc1ccc(OC)cc1)c(=O)n2C
CHEMBL237289,CC#CCn1c(N2CCC[C@@H](N)C2)nc2c1c(=O)n(CC(=O)c1ccccc1OCC(=O)NC)c(=O)n2C
CHEMBL237499,CC#CCn1c(N2CCC[C@@H](N)C2)nc2c1c(=O)n(Cc1nc(C)cc3ccccc13)c(=O)n2C
CHEMBL237500,CC#CCn1c(N2CCC[C@@H](N)C2)nc2c1c(=O)n(Cc1nc(C)c3ccccc3n1)c(=O)n2C
CHEMBL439382,CC(=O)Nc1ccc(OP(=O)(Oc2ccc(NC(C)=O)cc2)C2CCCN2C(=O)C2CCCN2)cc1
CHEMBL241673,O=C([C@@H]1C[C@H](N2CCCC2)CN1)N1CCSC1
CHEMBL391331,O=C([C@@H]1C[C@H](N2CCCCC2)CN1)N1CCSC1
CHEMBL241674,O=C([C@@H]1C[C@H](N2CCOCC2)CN1)N1CCSC1
CHEMBL391332,CN1CCN([C@@H]2CN[C@H](C(=O)N3CCSC3)C2)CC1
CHEMBL240601,O=C([C@@H]1C[C@H](N2CCN(c3ccccc3)CC2)CN1)N1CCSC1
CHEMBL391433,O=C([C@@H]1C[C@H](N2CCN(Cc3ccccc3)CC2)CN1)N1CCSC1
CHEMBL240602,O=C([C@@H]1C[C@H](N2CCN(C(c3ccccc3)c3ccccc3)CC2)CN1)N1CCSC1
CHEMBL238506,COc1ccc(N2CCN([C@@H]3CN[C@H](C(=O)N4CCSC4)C3)CC2)cc1
CHEMBL397893,O=C([C@@H]1C[C@H](N2CCN(c3ccc(F)cc3)CC2)CN1)N1CCSC1
CHEMBL238507,O=C([C@@H]1C[C@H](N2CCN(c3ccc(Cl)cc3)CC2)CN1)N1CCSC1
CHEMBL391577,O=C([C@@H]1C[C@H](N2CCN(c3cccc(Cl)c3)CC2)CN1)N1CCSC1
CHEMBL239983,O=C([C@@H]1C[C@H](N2CCN(c3ccccc3Cl)CC2)CN1)N1CCSC1
CHEMBL239984,O=C([C@@H]1C[C@H](N2CCN(c3ccc(Br)cc3)CC2)CN1)N1CCSC1
CHEMBL391466,O=C([C@@H]1C[C@H](N2CCN(c3ccc([N+](=O)[O-])cc3)CC2)CN1)N1CCSC1
CHEMBL391578,N#Cc1ccc(N2CCN([C@@H]3CN[C@H](C(=O)N4CCSC4)C3)CC2)cc1
CHEMBL241245,O=C([C@@H]1C[C@H](N2CCN(c3ccc(C(F)(F)F)cc3)CC2)CN1)N1CCSC1
CHEMBL241246,O=C([C@@H]1C[C@H](N2CCN(c3ccc(Cl)c(Cl)c3)CC2)CN1)N1CCSC1
CHEMBL238515,N#Cc1ccc(N2CCN([C@@H]3CN[C@H](C(=O)N4CCSC4)C3)CC2)cc1C#N
CHEMBL395606,O=C([C@@H]1C[C@H](N2CCC(c3ccccc3)CC2)CN1)N1CCSC1
CHEMBL238516,O=C([C@@H]1C[C@H](N2CCC(c3ccc([N+](=O)[O-])cc3)CC2)CN1)N1CCSC1
CHEMBL239356,O=C([C@@H]1C[C@H](N2CCCN(c3ccc([N+](=O)[O-])cc3)CC2)CN1)N1CCSC1
CHEMBL395854,O=C([C@@H]1C[C@H](N2CCN(c3ccccn3)CC2)CN1)N1CCSC1
CHEMBL239564,O=C([C@@H]1C[C@H](N2CCN(c3ccncc3)CC2)CN1)N1CCSC1
CHEMBL239565,O=C([C@@H]1C[C@H](N2CCN(c3ccc(Cl)cn3)CC2)CN1)N1CCSC1
CHEMBL399405,N#Cc1ccnc(N2CCN([C@@H]3CN[C@H](C(=O)N4CCSC4)C3)CC2)c1
CHEMBL399610,O=C([C@@H]1C[C@H](N2CCN(c3ccc([N+](=O)[O-])cn3)CC2)CN1)N1CCSC1
CHEMBL241252,O=C([C@@H]1C[C@H](N2CCN(c3ccc(C(F)(F)F)cn3)CC2)CN1)N1CCSC1
CHEMBL241253,N#Cc1ccc(N2CCN([C@@H]3CN[C@H](C(=O)N4CCSC4)C3)CC2)nc1
CHEMBL241464,N#Cc1cccnc1N1CCN([C@@H]2CN[C@H](C(=O)N3CCSC3)C2)CC1
CHEMBL534959,Cl.N[C@@H](CC(=O)N1CCCN1)Cc1cc(F)c(F)cc1F
CHEMBL393336,N[C@@H](CC(=O)N1CCn2c(nnc2C(F)(F)F)C1)Cc1cc(F)c(F)cc1F.O=P(O)(O)O
CHEMBL245772,CN(C)C(=O)[C@@H](c1ccc(NS(=O)(=O)c2ccccc2)cc1)[C@H](N)C(=O)N1CC[C@H](F)C1.O=C(O)C(F)(F)F
CHEMBL429653,Cc1ccc(S(=O)(=O)N(C)c2ccc([C@H](C(=O)N(C)C)[C@H](N)C(=O)N3CC[C@H](F)C3)cc2)cc1.O=C(O)C(F)(F)F
CHEMBL396168,Cc1ccc(C(=O)N(C)c2ccc([C@H](C(=O)N(C)C)[C@H](N)C(=O)N3CC[C@H](F)C3)cc2)cc1.O=C(O)C(F)(F)F
CHEMBL245969,CN(C)C(=O)[C@@H](c1ccc(N(C)C(=O)c2ccc(F)cc2)cc1)[C@H](N)C(=O)N1CC[C@H](F)C1.O=C(O)C(F)(F)F
CHEMBL437379,C[C@@H](c1ccc(N(C)C(=O)c2ccc(F)cc2)cc1)[C@H](N)C(=O)N1CC[C@H](F)C1.O=C(O)C(F)(F)F
CHEMBL245970,CC(=O)Nc1ccc([C@H](C(=O)N(C)C)[C@H](N)C(=O)N2CC[C@H](F)C2)cc1.O=C(O)C(F)(F)F
CHEMBL245971,CC(=O)Nc1ccc([C@H](C)[C@H](N)C(=O)N2CC[C@H](F)C2)cc1.O=C(O)C(F)(F)F
CHEMBL246168,CC(=O)N(C)c1ccc([C@H](C(=O)N(C)C)[C@H](N)C(=O)N2CC[C@H](F)C2)cc1.O=C(O)C(F)(F)F
CHEMBL246169,CC(=O)N(C)c1ccc([C@H](C)[C@H](N)C(=O)N2CC[C@H](F)C2)cc1.O=C(O)C(F)(F)F
CHEMBL395213,Cl.N[C@H](C(=O)N1CC[C@H](F)C1)C1CCC(NS(=O)(=O)c2ccc(F)cc2F)CC1
CHEMBL246170,CN(C)C(=O)[C@@H](C1CCC(NS(=O)(=O)c2ccc(F)cc2F)CC1)[C@H](N)C(=O)N1CC[C@H](F)C1.Cl
CHEMBL246372,C[C@@H](C1CCC(NS(=O)(=O)c2ccc(F)cc2F)CC1)[C@H](N)C(=O)N1CC[C@H](F)C1.Cl
CHEMBL397854,CN(C)C(=O)[C@@H](C1CCC(NS(=O)(=O)c2ccc(OC(F)(F)F)cc2)CC1)[C@H](N)C(=O)N1CC[C@H](F)C1.Cl
CHEMBL246373,C[C@@H](C1CCC(NS(=O)(=O)c2ccc(OC(F)(F)F)cc2)CC1)[C@H](N)C(=O)N1CC[C@H](F)C1.Cl
CHEMBL246374,CN(C)C(=O)[C@@H](C1CCC(N(C)C(=O)c2cccc(F)c2)CC1)[C@H](N)C(=O)N1CC[C@H](F)C1.Cl
CHEMBL245379,C[C@@H](C1CCC(N(C)C(=O)c2cccc(F)c2)CC1)[C@H](N)C(=O)N1CC[C@H](F)C1.Cl
CHEMBL245380,COc1ccc(C(=O)NC2CCC([C@H](C)[C@H](N)C(=O)N3CC[C@H](F)C3)CC2)cc1.Cl
CHEMBL395696,COc1ccc(C(=O)N(C)C2CCC([C@H](C)[C@H](N)C(=O)N3CC[C@H](F)C3)CC2)cc1.Cl
CHEMBL428747,CC(=O)N(C)C1CCC([C@H](C(=O)N(C)C)[C@H](N)C(=O)N2CC[C@H](F)C2)CC1.Cl
CHEMBL245545,CC(=O)N(C)C1CCC([C@H](C)[C@H](N)C(=O)N2CC[C@H](F)C2)CC1.Cl
CHEMBL392825,C[C@@H](C1CCC(N(C)C(=O)C2CC2)CC1)[C@H](N)C(=O)N1CC[C@H](F)C1.Cl
CHEMBL402496,N[C@@H](CC(=O)N1CCc2[nH]c(C(F)(F)F)nc2C1)Cc1cc(F)ccc1F
CHEMBL248810,Cn1c(C(F)(F)F)nc2c1CCN(C(=O)C[C@H](N)Cc1cc(F)c(F)cc1F)C2C1CC1
CHEMBL400911,CC1c2nc(C3CC3)n(C)c2CCN1C(=O)C[C@H](N)Cc1cc(F)c(F)cc1F
CHEMBL250283,CC1c2nc(C(C)(C)C)n(C)c2CCN1C(=O)C[C@H](N)Cc1cc(F)c(F)cc1F
CHEMBL250284,Cn1c(C(F)(F)F)nc2c1CCN(C(=O)C[C@H](N)Cc1cc(F)c(F)cc1F)C2Cc1ccccc1
CHEMBL250285,Cn1c(C(F)(F)F)nc2c1CCN(C(=O)C[C@H](N)Cc1cc(F)c(F)cc1F)C2Cc1ccc(F)cc1
CHEMBL399499,N[C@@H](CC(=O)N1CCn2nc(C(F)(F)F)nc2C1)Cc1cc(F)c(F)cc1F
CHEMBL248743,N[C@@H](CC(=O)N1CCn2ncnc2C1)Cc1cc(F)c(F)cc1F
CHEMBL248936,N[C@@H](CC(=O)N1CCn2nc(C3CC3)nc2C1)Cc1cc(F)c(F)cc1F
CHEMBL401057,N[C@@H](CC(=O)N1CCn2nc(-c3ccccc3)nc2C1)Cc1cc(F)c(F)cc1F
CHEMBL251376,C[C@H]1c2nc(C(F)(F)F)nn2CCN1C(=O)C[C@H](N)Cc1cc(F)c(F)cc1F
CHEMBL250787,C[C@@H]1c2nc(C(F)(F)F)nn2CCN1C(=O)C[C@H](N)Cc1cc(F)c(F)cc1F
CHEMBL401304,N[C@@H](CC(=O)N1CCn2nc(C(F)(F)F)nc2[C@H]1Cc1ccc(F)cc1)Cc1cc(F)c(F)cc1F
CHEMBL250999,N[C@@H](CC(=O)N1CCn2nc(C(F)(F)F)nc2[C@H]1Cc1ccc(C(F)(F)F)cc1)Cc1cc(F)c(F)cc1F
CHEMBL400752,N[C@@H](CC(=O)N1CCn2nc(C(F)(F)F)nc2[C@H]1CC1CC1)Cc1cc(F)c(F)cc1F
CHEMBL400722,NC(CC(=O)N1CCn2nc(C(F)(F)F)nc2[C@@H]1C(O)C1CC1)Cc1cc(F)c(F)cc1F
CHEMBL404210,N[C@@H](CC(=O)N1CCn2nc(C(F)(F)F)nc2[C@@H]1C(O)C1CC1)Cc1cc(F)c(F)cc1F
CHEMBL249945,N[C@@H](CC(=O)N1CCn2nc(C(F)(F)F)nc2[C@@H]1C(F)C1CC1)Cc1cc(F)c(F)cc1F
CHEMBL250147,N[C@@H](CC(=O)N1CCn2nc(C(F)(F)F)nc2C1Cn1ccnc1)Cc1cc(F)c(F)cc1F
CHEMBL250351,N[C@@H](CC(=O)N1CCn2nc(C(F)(F)F)nc2C1Cn1cccn1)Cc1cc(F)c(F)cc1F
CHEMBL250353,N[C@@H](CC(=O)N1CCn2nc(C(F)(F)F)nc2C1Cn1cncn1)Cc1cc(F)c(F)cc1F
CHEMBL400068,N[C@@H](CC(=O)N1CCn2nc(C(F)(F)F)nc2[C@H]1Cn1cncn1)Cc1cc(F)c(F)cc1F
CHEMBL557776,Cl.N[C@@H](CC(=O)N1CCCN1C(=O)Nc1ccccc1)Cc1cc(F)c(F)cc1F
CHEMBL534960,Cc1ccc(S(=O)(=O)N2CCCN2C(=O)C[C@H](N)Cc2cc(F)c(F)cc2F)cc1.Cl
CHEMBL535180,Cl.N[C@@H](CC(=O)N1CCCCN1C(=O)c1ccccc1)Cc1cc(F)c(F)cc1F
CHEMBL539610,Cl.N[C@@H](CC(=O)N1CCCN1C(=O)c1ccccc1)Cc1cc(F)c(F)cc1F
CHEMBL539611,Cl.N[C@@H](CC(=O)N1CCCCCN1C(=O)c1ccccc1)Cc1cc(F)c(F)cc1F
CHEMBL1204389,CC1c2nc(C3CC3)n(C)c2CCN1C(=O)C[C@H](N)Cc1cc(F)c(F)cc1F.Cl
CHEMBL249427,N[C@H]1CN(C(=O)c2ccc(-n3cnnn3)cc2)C[C@H]1C(=O)N1CCCC1
CHEMBL249620,N[C@H]1CN(C(=O)c2ccc3ncccc3c2)C[C@H]1C(=O)N1CCCC1
CHEMBL401268,N[C@H]1CN(C(=O)c2ccc(-n3cncn3)cc2)C[C@H]1C(=O)N1CCCC1
CHEMBL399247,N[C@H]1CN(C(=O)c2ccc3ncsc3c2)C[C@H]1C(=O)N1CCCC1
CHEMBL249825,N[C@H]1CN(C(=O)c2cc3ccccc3cn2)C[C@H]1C(=O)N1CCCC1
CHEMBL249826,N[C@H]1CN(C(=O)c2cnc3ccccc3c2)C[C@H]1C(=O)N1CCCC1
CHEMBL248837,N[C@H]1CN(C(=O)c2cc3ccccc3s2)C[C@H]1C(=O)N1CCCC1
CHEMBL248838,N[C@H]1CN(C(=O)c2ccc3ccccc3c2)C[C@H]1C(=O)N1CCCC1
CHEMBL401269,N[C@H]1CN(C(=O)c2cc3cc(Cl)ccc3o2)C[C@H]1C(=O)N1CCCC1
CHEMBL250852,N[C@H]1CN(Cc2cnc3ccccc3c2)C[C@H]1C(=O)N1CCCC1
CHEMBL250393,N[C@H]1CN(Cc2ccc(-n3cnnn3)cc2)C[C@H]1C(=O)N1CCCC1
CHEMBL249174,N[C@H]1CN(Cc2ccc(-n3cncn3)cc2)C[C@H]1C(=O)N1CCCC1
CHEMBL250399,N#Cc1cc(CN2C[C@H](N)[C@H](C(=O)N3CCCC3)C2)ccc1F
CHEMBL428937,N[C@H]1CN(Cc2ccc(F)c(F)c2)C[C@H]1C(=O)N1CCCC1
CHEMBL250400,N#Cc1ccc(CN2C[C@H](N)[C@H](C(=O)N3CCCC3)C2)cc1
CHEMBL399693,CC(c1ccc([N+](=O)[O-])cc1)N1C[C@H](N)[C@H](C(=O)N2CCCC2)C1
CHEMBL250611,N[C@H]1CN(Cc2ccc(-c3csnn3)cc2)C[C@H]1C(=O)N1CCCC1
CHEMBL248599,N#Cc1ccc(CN2C[C@H](N)[C@H](C(=O)N3CCC[C@H]3C#N)C2)cc1
CHEMBL399525,N#C[C@@H]1CCCN1C(=O)[C@@H]1CN(Cc2ccc(-n3cncn3)cc2)C[C@@H]1N
CHEMBL248793,Cn1nccc1-c1ccc(CN2C[C@H](N)[C@H](C(=O)N3CCC[C@H]3C#N)C2)cc1
CHEMBL438520,N#Cc1cc(CN2C[C@H](N)[C@H](C(=O)N3CCC[C@H]3C#N)C2)ccc1F
CHEMBL248794,Cc1ncn(-c2ccc(CN3C[C@H](N)[C@H](C(=O)N4CCC[C@H]4C#N)C3)cc2)n1
CHEMBL400338,N#C[C@@H]1CCCN1C(=O)[C@@H]1CN(Cc2ccc(-n3nccn3)cc2)C[C@@H]1N
CHEMBL248795,N#C[C@@H]1CCCN1C(=O)[C@@H]1CN(Cc2cnc3ccccc3c2)C[C@@H]1N
CHEMBL249203,N#C[C@@H]1CCCN1C(=O)[C@@H]1CN(Cc2ccc(-c3ccn[nH]3)cc2)C[C@@H]1N
CHEMBL399726,Cc1nnc(-c2ccc(CN3C[C@H](N)[C@H](C(=O)N4CCC[C@H]4C#N)C3)cc2)o1
CHEMBL249406,Cn1cc(-c2ccc(CN3C[C@H](N)[C@H](C(=O)N4CCC[C@H]4C#N)C3)cc2)cn1
CHEMBL249407,N#C[C@@H]1CCCN1C(=O)[C@@H]1CN(Cc2ccc(-c3csnn3)cc2)C[C@@H]1N
CHEMBL249408,N#Cc1ccc2c(c1)CCC2N1C[C@H](N)[C@H](C(=O)C2CCC[C@H]2C#N)C1
CHEMBL400533,N#C[C@@H]1CCCC1C(=O)[C@@H]1CN(C2CCOc3ccccc32)C[C@@H]1N
CHEMBL249601,CC(c1ccc(C#N)cc1)N1C[C@H](N)[C@H](C(=O)N2CCC[C@H]2C#N)C1
CHEMBL249602,Cc1nnc(-c2ccc(CN3C[C@H](N)[C@H](C(=O)C4[C@H](C#N)CC[C@@H]4F)C3)cc2)o1
CHEMBL401378,Cc1cc(CN2C[C@H](N)[C@H](C(=O)C3CCC[C@H]3C#N)C2)ccc1-n1cncn1
CHEMBL250620,Cc1cc(-n2cncn2)ccc1CN1C[C@H](N)[C@H](C(=O)C2CCC[C@H]2C#N)C1
CHEMBL428936,N[C@H]1CN(C(=O)c2cnc3ccccc3n2)C(=O)[C@H]1C(=O)N1CCCC1
CHEMBL251205,Cn1c(C(F)(F)F)nc2c1CCN(C(=O)C[C@H](N)Cc1cc(F)ccc1F)C2
CHEMBL251404,Cn1c(C(F)(F)F)nc2c1CN(C(=O)C[C@H](N)Cc1cc(F)ccc1F)CC2
CHEMBL251405,CCn1c(C(F)(F)F)nc2c1CCN(C(=O)C[C@H](N)Cc1cc(F)ccc1F)C2
CHEMBL398492,CCn1c(C(F)(F)F)nc2c1CN(C(=O)C[C@H](N)Cc1cc(F)ccc1F)CC2
CHEMBL400278,CC(C)Cn1c(C(F)(F)F)nc2c1CCN(C(=O)C[C@H](N)Cc1cc(F)ccc1F)C2
CHEMBL429829,CC(C)Cn1c(C(F)(F)F)nc2c1CN(C(=O)C[C@H](N)Cc1cc(F)ccc1F)CC2
CHEMBL248788,N[C@@H](CC(=O)N1CCc2c(nc(C(F)(F)F)n2Cc2ccc(F)cc2)C1)Cc1cc(F)ccc1F
CHEMBL400761,N[C@@H](CC(=O)N1CCc2nc(C(F)(F)F)n(Cc3ccc(F)cc3)c2C1)Cc1cc(F)ccc1F
CHEMBL248997,N[C@@H](CC(=O)N1CCc2[nH]c(-c3ccccc3)nc2C1)Cc1cc(F)ccc1F
CHEMBL398661,Cn1c(-c2ccc(F)cc2)nc2c1CCN(C(=O)C[C@H](N)Cc1cc(F)ccc1F)C2
CHEMBL250006,CC1c2nc(C(F)(F)F)n(C)c2CCN1C(=O)C[C@H](N)Cc1cc(F)ccc1F
CHEMBL250202,CC1c2nc(C(F)(F)F)n(C)c2CCN1C(=O)C[C@H](N)Cc1cc(F)c(F)cc1F
CHEMBL250204,CCC1c2nc(C(F)(F)F)n(C)c2CCN1C(=O)C[C@H](N)Cc1cc(F)c(F)cc1F
CHEMBL248615,Cn1c(C(F)(F)F)nc2c1CCN(C(=O)C[C@H](N)Cc1cc(F)c(F)cc1F)C2(C)C
CHEMBL400954,Cn1cnc2c1CCN(C(=O)C[C@H](N)Cc1cc(F)c(F)cc1F)C2C(F)(F)F
CHEMBL1431,CN(C)C(=N)NC(=N)N
CHEMBL400532,CC(c1ccc(-n2cncn2)cc1)N1C[C@H](N)[C@H](C(=O)C2CCC[C@H]2C#N)C1
CHEMBL429115,Cc1cc(CN2C[C@H](N)[C@H](C(=O)C3CCC[C@H]3C#N)C2)ccc1C#N
CHEMBL399791,Cc1cc(CN2C[C@H](N)[C@H](C(=O)C3CCC[C@H]3C#N)C2)cc(C)c1C#N
CHEMBL429482,CCc1cc(CN2C[C@H](N)[C@H](C(=O)C3CCC[C@H]3C#N)C2)cc(CC)c1C#N
CHEMBL258288,O=C(c1nccs1)[C@@H]1CCCN1C(=O)[C@@H]1C[C@@H]2CCCC[C@@H]2N1
CHEMBL269952,Cc1nsc(N2CCN(C(=O)[C@H]3C[C@@H](C(=O)N4CCSC4)N[C@H]3C)CC2)n1
CHEMBL269953,Cc1nsc(N2CCN(C(=O)[C@H]3C[C@@H](C(=O)N4CCCC4)N[C@H]3C)CC2)n1
CHEMBL270163,O=C([C@@H]1CN[C@H](C(=O)N2CCCC2)C1)N1CCN(c2nc(C(F)(F)F)ns2)CC1
CHEMBL403449,Cc1nsc(N2CCN(C(=O)[C@@H]3CN[C@H](C(=O)N4CCSC4)C3)CC2)n1
CHEMBL402645,CC(C)c1nsc(N2CCN(C(=O)[C@@H]3CN[C@H](C(=O)N4CCCC4)C3)CC2)n1
CHEMBL269965,COCc1nsc(N2CCN(C(=O)[C@@H]3CN[C@H](C(=O)N4CCCC4)C3)CC2)n1
CHEMBL437592,CCCc1nsc(N2CCN(C(=O)[C@@H]3CN[C@H](C(=O)N4CCCC4)C3)CC2)n1
CHEMBL271444,CCc1nsc(N2CCN(C(=O)[C@@H]3CN[C@H](C(=O)N4CCCC4)C3)CC2)n1
CHEMBL270395,Cc1nc(N2CCN(C(=O)[C@@H]3CN[C@H](C(=O)N4CCCC4)C3)CC2)no1
CHEMBL403969,O=C([C@@H]1CN[C@H](C(=O)N2CCCC2)C1)N1CCN(c2ncns2)CC1
CHEMBL403970,Cc1ncc(N2CCN(C(=O)[C@@H]3CN[C@H](C(=O)N4CCCC4)C3)CC2)s1
CHEMBL271870,Cc1nc(N2CCN(C(=O)[C@@H]3CN[C@H](C(=O)N4CCCC4)C3)CC2)sc1C
CHEMBL272079,Cc1cc(N2CCN(C(=O)[C@@H]3CN[C@H](C(=O)N4CCCC4)C3)CC2)sn1
CHEMBL439067,Cc1cnc(N2CCN(C(=O)[C@@H]3CN[C@H](C(=O)N4CCCC4)C3)CC2)s1
CHEMBL273206,Cc1csc(N2CCN(C(=O)[C@@H]3CN[C@H](C(=O)N4CCCC4)C3)CC2)n1
CHEMBL257742,Cc1nsc(N2CCCN(C(=O)[C@@H]3CN[C@H](C(=O)N4CCCC4)C3)CC2)n1
CHEMBL404159,Cc1nsc(C2CCN(C(=O)[C@@H]3CN[C@H](C(=O)N4CCCC4)C3)CC2)n1
CHEMBL256691,Cc1nsc(N2CCN(C(=O)[C@@H]3CN[C@H](C(=O)N4CCCC4)C3)CC2)n1
CHEMBL258101,O=C([C@@H]1CN[C@H](C(=O)N2CCCC2)C1)N1CCN(c2nc(-c3ccccc3)ns2)CC1
CHEMBL271062,CN(C)C(=O)[C@@H]1CN[C@H](C(=O)N2CCCC2)C1
CHEMBL557542,C[C@H]1c2nnc(C(F)(F)F)n2CCN1C(=O)C[C@H](N)Cc1cc(F)c(F)cc1F.Cl
CHEMBL536088,CC1(C)c2nnc(C(F)(F)F)n2CCN1C(=O)C[C@H](N)Cc1cc(F)c(F)cc1F.Cl
CHEMBL536089,CC1c2nnc(C(F)(F)F)n2C(C)CN1C(=O)C[C@H](N)Cc1cc(F)c(F)cc1F.Cl
CHEMBL536090,Cl.N[C@@H](CC(=O)N1CCn2c(nnc2C(F)(F)F)C1Cc1ccccc1C(F)(F)F)Cc1cc(F)c(F)cc1F
CHEMBL536311,C[C@@H]1c2nnc(C(F)(F)F)n2[C@H](C)CN1C(=O)C[C@H](N)Cc1cc(F)c(F)cc1F.Cl
CHEMBL536312,Cl.N[C@@H](CC(=O)N1CCn2c(nnc2C(F)(F)F)C1Cc1cc(C(F)(F)F)cc(C(F)(F)F)c1)Cc1cc(F)c(F)cc1F
CHEMBL559371,Cl.N[C@@H](CC(=O)N1CCn2c(nnc2C(F)(F)F)[C@@H]1Cc1ccc(F)cc1)Cc1cc(F)c(F)cc1F
CHEMBL558779,C[C@@H]1c2nnc(C(F)(F)F)n2CCN1C(=O)C[C@H](N)Cc1cc(F)c(F)cc1F.Cl
CHEMBL536536,Cl.N[C@@H](CC(=O)N1CCn2c(nnc2C(F)(F)F)C1C(O)c1ccc(F)cc1)Cc1cc(F)c(F)cc1F
CHEMBL536765,CC1(C)CN(C(=O)C[C@H](N)Cc2cc(F)c(F)cc2F)Cc2nnc(C(F)(F)F)n21.Cl
CHEMBL557990,C[C@H]1Cn2c(nnc2C(F)(F)F)CN1C(=O)C[C@H](N)Cc1cc(F)c(F)cc1F.Cl
CHEMBL536999,Cl.N[C@@H](CC(=O)N1CCn2c(nnc2C(F)(F)F)C1CC(F)(F)F)Cc1cc(F)c(F)cc1F
CHEMBL557176,Cl.N[C@@H](CC(=O)N1CCn2c(nnc2C(F)(F)F)C1Cc1ccccn1)Cc1cc(F)c(F)cc1F
CHEMBL537000,C=CCC1c2nnc(C(F)(F)F)n2CCN1C(=O)C[C@H](N)Cc1cc(F)c(F)cc1F.Cl
CHEMBL556979,CN(C)C(=O)CC1c2nnc(C(F)(F)F)n2CCN1C(=O)C[C@H](N)Cc1cc(F)c(F)cc1F.Cl
CHEMBL539350,Cl.N[C@@H](CC(=O)N1CCn2c(nnc2C(F)(F)F)C1Cc1ccccc1)Cc1cc(F)c(F)cc1F
CHEMBL539352,COc1ccc(CC2c3nnc(C(F)(F)F)n3CCN2C(=O)C[C@H](N)Cc2cc(F)c(F)cc2F)cc1.Cl
CHEMBL556606,CCC1c2nnc(C(F)(F)F)n2CCN1C(=O)C[C@H](N)Cc1cc(F)c(F)cc1F.Cl
CHEMBL557219,C[C@H]1c2nnc(C(F)(F)F)n2[C@@H](C)CN1C(=O)C[C@H](N)Cc1cc(F)c(F)cc1F.Cl
CHEMBL540888,Cl.N[C@@H](CC(=O)N1CCn2c(nnc2C(F)(F)F)C1Cc1ccccc1F)Cc1cc(F)c(F)cc1F
CHEMBL553787,C[C@@H]1Cn2c(nnc2C(F)(F)F)CN1C(=O)C[C@H](N)Cc1cc(F)c(F)cc1F.Cl
CHEMBL1203953,Cl.N[C@@H](CC(=O)N1CCn2c(nnc2C(F)(F)F)[C@H]1Cc1ccc(F)cc1)Cc1cc(F)c(F)cc1F
CHEMBL2021529,C[C@@H]1CN(C(=O)C[C@H](N)Cc2cc(F)c(F)cc2F)Cc2ccc(C(F)(F)F)n21.Cl
CHEMBL2021541,C[C@H]1CN(C(=O)C[C@H](N)Cc2cc(F)c(F)cc2F)Cc2ccc(C(F)(F)F)n21.Cl
CHEMBL365441,O=C(c1nc2ccccc2s1)[C@@H]1CCN1C(=O)[C@@H]1C[C@@H]2CCCC[C@@H]2N1
CHEMBL406219,CCN(CC#N)C(=O)[C@@H]1C[C@H](C(=O)NCc2ccccc2)[C@H](C)N1
CHEMBL261246,Cn1c(-c2cccnc2)nc2ccc(-c3ccccc3Cl)c(CN)c21
CHEMBL263137,COCc1nc2ccc(-c3ccccc3Cl)c(CN)c2n1C
CHEMBL263139,CCc1nc2ccc(-c3ccccc3Cl)c(CN)c2n1C
CHEMBL257636,Cc1nc2ccc(-c3ccccc3Cl)c(CN)c2n1C
CHEMBL403156,NCc1c(-c2ccccc2Cl)ccc2ncn(Cc3ccccc3)c12
CHEMBL401542,NCc1c(-c2ccccc2Cl)ccc2ncn(CCO)c12
CHEMBL257308,CCn1cnc2ccc(-c3ccc(Cl)cc3Cl)c(CN)c21
CHEMBL404544,NCc1c(-c2ccc(Cl)cc2Cl)ccc2nc[nH]c12
CHEMBL406201,Cn1cnc2ccc(-c3ccc(F)cc3F)c(CN)c21
CHEMBL272771,Cn1cnc2ccc(-c3cc(F)ccc3Cl)c(CN)c21
CHEMBL255552,Cn1cnc2ccc(-c3ccc(Cl)cc3Cl)c(CN)c21
CHEMBL428065,COc1ccccc1-c1ccc2ncn(C)c2c1CN
CHEMBL256624,Cn1cnc2ccc(-c3ccccc3O)c(CN)c21
CHEMBL256625,Cc1ccccc1-c1ccc2ncn(C)c2c1CN
CHEMBL256826,Cn1cnc2ccc(-c3ccccc3C(N)=O)c(CN)c21
CHEMBL403862,Cn1cnc2c(CN)c(-c3ccccc3)ccc21
CHEMBL256252,Cn1cnc2ccc(-c3ccccc3CO)c(CN)c21
CHEMBL270365,Cn1cnc2ccc(-c3ccccc3Cl)c(CN)c21
CHEMBL255554,NCc1c(-c2ccccc2)ccc2nc[nH]c12
CHEMBL255769,Cn1cnc2ccc(-c3ccccc3)c(CN)c21
CHEMBL257036,NCc1ccccc1-c1ccccc1
CHEMBL272114,Cn1cnc2cc(C#N)c(-c3ccccc3Cl)c(CN)c21
CHEMBL273209,Cn1cnc2cc(C(N)=O)c(-c3ccccc3Cl)c(CN)c21
CHEMBL257653,Cn1cnc2cc(Br)c(-c3ccccc3Cl)c(CN)c21
CHEMBL257852,Cn1c(=O)[nH]c2ccc(-c3ccccc3Cl)c(CN)c21
CHEMBL256266,Cn1nnc2ccc(-c3ccccc3Cl)c(CN)c21
CHEMBL402236,N[C@H](C(=O)N1CC[C@H]1C(=O)c1nccs1)C1CCCCC1
CHEMBL402151,N[C@H](C(=O)N1CC[C@H]1C(=O)c1nc2ccccc2s1)C1CCCCC1
CHEMBL256871,N[C@H](C(=O)N1CCC[C@H]1C(=O)c1nccs1)C1CCCCC1
CHEMBL271694,N[C@H](C(=O)N1CCC[C@H]1C(=O)c1nc2ccccc2s1)C1CCCCC1
CHEMBL269926,O=C(c1cccs1)[C@@H]1CCCN1C(=O)[C@@H]1C[C@@H]2CCCC[C@@H]2N1
CHEMBL403160,O=C(c1ccccn1)[C@@H]1CCCN1C(=O)[C@@H]1C[C@@H]2CCCC[C@@H]2N1
CHEMBL404030,O=C(c1nc2ccccc2s1)[C@@H]1CCCN1C(=O)[C@@H]1C[C@@H]2CCCC[C@@H]2N1
CHEMBL256172,CC(c1nc(-c2ccc(NS(C)(=O)=O)cc2Cl)no1)[C@H](N)C(F)=C1CCCC1.O=C(O)C(F)(F)F
CHEMBL401932,CC(c1nc(-c2ccc(S(=O)(=O)C(F)(F)F)cc2)no1)[C@H](N)C(F)=C1CCCC1.O=C(O)C(F)(F)F
CHEMBL257709,CC(c1nc(-c2ccc(S(C)(=O)=O)cc2)no1)[C@H](N)C(F)=C1CCCC1.O=C(O)C(F)(F)F
CHEMBL256603,CC(c1nc(-c2ccc(Br)cc2Cl)no1)[C@H](N)C(F)=C1CCCC1.O=C(O)C(F)(F)F
CHEMBL437026,CC(c1nc(-c2ccc(Cl)cc2Cl)no1)[C@H](N)C(F)=C1CCCC1.O=C(O)C(F)(F)F
CHEMBL255351,CC(c1nc(-c2ccc(C(F)(F)F)cc2Cl)no1)[C@H](N)C(F)=C1CCCC1.O=C(O)C(F)(F)F
CHEMBL437206,C[C@H](c1nc(-c2ccc(S(C)(=O)=O)cc2Cl)no1)[C@H](N)C(=O)N1CCCC1.O=C(O)C(F)(F)F
CHEMBL403415,C[C@H](c1nc(-c2ccc(S(C)(=O)=O)cc2)no1)[C@H](N)C(=O)N1CCCC1.O=C(O)C(F)(F)F
CHEMBL404079,CS(=O)(=O)c1ccc(-c2noc([C@H](CC3CC3)[C@H](N)C(F)=C3CCCC3)n2)c(Cl)c1.O=C(O)C(F)(F)F
CHEMBL402163,CS(=O)(=O)c1ccc(-c2noc([C@@H](CC3CC3)[C@H](N)C(F)=C3CCCC3)n2)c(Cl)c1.O=C(O)C(F)(F)F
CHEMBL255591,CS(=O)(=O)c1ccc(-c2noc([C@H](CCO)[C@H](N)C(F)=C3CCCC3)n2)c(Cl)c1.O=C(O)C(F)(F)F
CHEMBL445674,CS(=O)(=O)c1ccc(-c2noc([C@@H](CCO)[C@H](N)C(F)=C3CCCC3)n2)c(Cl)c1.O=C(O)C(F)(F)F
CHEMBL257023,CC(c1nc(-c2ccc(S(C)(=O)=O)cc2Cl)no1)[C@H](N)C(F)=C1CCCC1.O=C(O)C(F)(F)F
CHEMBL429757,CCS(=O)(=O)c1ccc(-c2noc(C(C)[C@H](N)C(F)=C3CCCC3)n2)c(Cl)c1.O=C(O)C(F)(F)F
CHEMBL1162974,CC(Cc1nc(-c2ccc(S(C)(=O)=O)cc2Cl)no1)C(F)=C1CCCC1.O=C(O)C(F)(F)F
CHEMBL402111,CC#CCn1c(N2CCCC(N)C2)nc(Br)c1C(=O)NCc1cccc2ccccc12
CHEMBL402573,CC#CCn1c(N2CCCC(N)C2)nc(C#N)c1C(=O)NCc1cccc2ccccc12
CHEMBL403408,CC#CCn1c(NC[C@H](C)N)nc2cnn(Cc3nc(C)c4ccccc4n3)c(=O)c21
CHEMBL257999,CC#CCn1c(N2CCCNCC2)nc2cnn(Cc3nc(C)c4ccccc4n3)c(=O)c21
CHEMBL257376,CC#CCn1c(NCCN)nc2cnn(Cc3nc(C)c4ccccc4n3)c(=O)c21
CHEMBL257589,CC#CCn1c(C(=O)N(C)Cc2cccc3ccccc23)cnc1N1CCCC(N)C1
CHEMBL257795,CC#CCn1c(C(=O)NCc2nc(C)cc3ccccc23)cnc1N1CCCC(N)C1
CHEMBL401971,CC#CCn1c(N2CCNCC2)nc2cnn(Cc3nc(C)c4ccccc4n3)c(=O)c21
CHEMBL255862,CC#CCn1c(N2CCCC(N)C2)nc2c(OC)nn(Cc3nc(C)cc4ccccc34)c(=O)c21
CHEMBL401972,CC#CCn1c(C(=O)NCc2cccc3ccccc23)cnc1N1CCCC(N)C1
CHEMBL255864,CC#CCn1c(N2CCCC(N)C2)nc2c(OC)nn(Cc3cccc4ccccc34)c(=O)c21
CHEMBL256969,CC#CCn1c(N2CCCC(N)C2)nc2cnn(Cc3nc4ccccc4o3)c(=O)c21
CHEMBL404220,CC#CCn1c(N2CCCC(N)C2)nc2cnn(Cc3ccc(C#N)c4ccccc34)c(=O)c21
CHEMBL255491,CC#CCn1c(N2CCCC(N)C2)nc2ccn(Cc3cccc4ccccc34)c(=O)c21
CHEMBL255492,CC#CCn1c(N2CCCC(N)C2)nc2ccn(Cc3nc(C)cc4ccccc34)c(=O)c21
CHEMBL255709,CC#CCn1c(N2CCCC(N)C2)nc2c(C)nn(Cc3nc(C)cc4ccccc34)c(=O)c21
CHEMBL401502,CC#CCn1c(N2CCC[C@@H](N)C2)nc2cnn(CC3=Nc4ccccc4Oc4ccccc43)c(=O)c21
CHEMBL256928,CC#CCn1c(N2CCCC(N)C2)nc2cnn(CC(=O)c3ccccc3)c(=O)c21
CHEMBL256929,CC#CCn1c(N2CCC[C@H](N)C2)nc2cnn(CC3=Nc4ccccc4Oc4ccccc43)c(=O)c21
CHEMBL401709,CC#CCn1c(N2CCCC(N)C2)nc2cnn(Cc3cccc4ccccc34)c(=O)c21
CHEMBL256521,CC#CCn1c(N2CCCC(N)C2)nc2cnn(Cc3nc(C)cc4ccccc34)c(=O)c21
CHEMBL402819,CC#CCn1c(N2CCCC(N)C2)nc2c1c(=O)n(Cc1nc(C)cc3ccccc13)c(=O)n2C
CHEMBL404326,CC#CCn1c(N2CCCC(N)C2)nc2c1c(=O)n(Cc1cccc3ccccc13)c(=O)n2C
CHEMBL256729,CC#CCn1c(N2CCCC(N)C2)nc2cnn(CC3=Nc4ccccc4Oc4ccccc43)c(=O)c21
CHEMBL256121,CC#CCn1c(N2CCC[C@@H](N)C2)nc2c(C)nn(Cc3nc(C)c4ccccc4n3)c(=O)c21
CHEMBL403553,CC#CCn1c(N2CCC[C@@H](N)C2)nc2cnn(Cc3nc(C)c4ccccc4n3)c(=O)c21
CHEMBL255517,CC#CCn1c(C(=O)NCc2nc(C)cc3ccccc23)nnc1N1CCCC(N)C1
CHEMBL261460,C[C@@H]1N[C@H](C(=O)N(CC#N)C2CC2)C[C@@H]1C(=O)N(C)C
CHEMBL261462,C=CCN(CC#N)C(=O)[C@@H]1C[C@H](C(=O)N(C)C)[C@H](C)N1
CHEMBL261463,CCCN(CC#N)C(=O)[C@@H]1C[C@H](C(=O)N(C)C)[C@H](C)N1
CHEMBL407296,CCN(CC#N)C(=O)[C@@H]1C[C@H](C(=O)N(C)C)[C@H](C)N1
CHEMBL438547,CCN(CC#N)C(=O)[C@@H]1C[C@H](C(=O)N2Cc3ccccc3C2)[C@H](C)N1
CHEMBL402466,CCN(CC#N)C(=O)[C@@H]1C[C@H](C(=O)N2CCOCC2)[C@H](C)N1
CHEMBL260509,CCN(CC#N)C(=O)[C@@H]1C[C@H](C(=O)N2CCCCC2)[C@H](C)N1
CHEMBL260701,C#CCN(CC#N)C(=O)[C@@H]1C[C@H](C(=O)N(C)C)[C@H](C)N1
CHEMBL260702,CCN(CC#N)C(=O)[C@@H]1C[C@H](C(=O)N2CCCC2)[C@H](C)N1
CHEMBL407293,C[C@@H]1N[C@H](C(=O)NCC#N)C[C@@H]1C(=O)N(C)C
CHEMBL259198,C[C@@H]1N[C@H](C(=O)N(C)CC#N)C[C@@H]1C(=O)N(C)C
CHEMBL409010,C[C@H]1N[C@H](C(=O)N2CCC[C@H]2C#N)C[C@H]1C(=O)N(C)C
CHEMBL430057,C[C@@H]1N[C@H](C(=O)N2CCC[C@H]2C#N)C[C@@H]1CC(=O)N(C)C
CHEMBL260543,C[C@H]1N[C@H](C(=O)N2CCC[C@H]2C#N)C[C@@H]1C(=O)N(C)C
CHEMBL260197,CC[C@@H]1N[C@H](C(=O)N2CCC[C@H]2C#N)C[C@@H]1C(=O)N(C)C
CHEMBL260198,C[C@@H]1N[C@H](C(=O)N2CCC[C@H]2C#N)C[C@H]1C(=O)N(C)C
CHEMBL513725,N#C[C@@H]1C[C@H](F)CN1C(=O)CNC1(CO)CCCC1
CHEMBL470681,N#C[C@@H]1C[C@H](F)CN1C(=O)CNC1CCCCCCC1
CHEMBL511785,N#C[C@@H]1C[C@H](F)CN1C(=O)CNC12CC3CC(CC(C3)C1)C2
CHEMBL451937,N#C[C@@H]1C[C@H](F)CN1C(=O)CNC1C2CC3CC(C2)CC1C3
CHEMBL469659,N#C[C@@H]1C[C@H](F)CN1C(=O)CNC12CC3CC(CC(O)(C3)C1)C2
CHEMBL454193,COC12CC3CC(CC(NCC(=O)N4C[C@@H](F)C[C@H]4C#N)(C3)C1)C2
CHEMBL469660,N#C[C@@H]1C[C@H](F)CN1C(=O)CNC1C2CC3CC1CC(O)(C3)C2
CHEMBL511128,CCN(CC)CC(C)(C)NCC(=O)N1C[C@@H](F)C[C@H]1C#N
CHEMBL470893,CC(C)CN(CC(C)(C)NCC(=O)N1C[C@@H](F)C[C@H]1C#N)C(=O)c1ccccc1
CHEMBL471088,CC(C)(CN(Cc1ccc(C#N)cc1)C(=O)c1ccccc1)NCC(=O)N1C[C@@H](F)C[C@H]1C#N
CHEMBL512694,CC(C)(NCC(=O)N1C[C@@H](F)C[C@H]1C#N)c1ccccn1
CHEMBL471089,CC(C)(NCC(=O)N1C[C@@H](F)C[C@H]1C#N)c1ccco1
CHEMBL512890,CC(C)(NCC(=O)N1C[C@@H](F)C[C@H]1C#N)c1cccs1
CHEMBL472100,CC(C)(NCC(=O)N1C[C@@H](F)C[C@H]1C#N)c1cc2ccccc2o1
CHEMBL508845,CC(C)(/C=C/c1ccccc1)NCC(=O)N1C[C@@H](F)C[C@H]1C#N
CHEMBL472101,COc1ccc(CCNCC(=O)N2C[C@@H](F)C[C@H]2C#N)cc1OC
CHEMBL512726,CC(C)(C)NCC(=O)N1C[C@@H](F)C[C@H]1C#N
CHEMBL472102,CC(C)NCC(=O)N1C[C@@H](F)C[C@H]1C#N
CHEMBL469452,CC(C)OCCCNCC(=O)N1C[C@@H](F)C[C@H]1C#N
CHEMBL472096,CC(C)(CO)NCC(=O)N1C[C@@H](F)C[C@H]1C#N
CHEMBL470330,N#C[C@@H]1C[C@H](F)CN1C(=O)CNC1CC1
CHEMBL470476,N#C[C@@H]1C[C@H](F)CN1C(=O)CNC1CCC1
CHEMBL470477,N#C[C@@H]1C[C@H](F)CN1C(=O)CNC1CCCC1
CHEMBL487680,N#C[C@@H]1C[C@H](F)CN1C(=O)CNCCNc1ccccn1
CHEMBL500008,N#C[C@@H]1C[C@H](F)CN1C(=O)CNCCNc1ccc(Cl)cn1
CHEMBL521224,N#C[C@@H]1C[C@H](F)CN1C(=O)CNCCNc1ccc(C(N)=O)cn1
CHEMBL487681,CC(C)(CNC(=O)c1ccccn1)NCC(=O)N1C[C@@H](F)C[C@H]1C#N
CHEMBL488418,CC(C)(CNC(=O)c1ccccc1)NCC(=O)N1C[C@@H](F)C[C@H]1C#N
CHEMBL488419,CC(C)(CNC(=O)c1cccs1)NCC(=O)N1C[C@@H](F)C[C@H]1C#N
CHEMBL488036,CC(C)(CNC(=O)c1ccc2c(c1)CCO2)NCC(=O)N1C[C@@H](F)C[C@H]1C#N
CHEMBL519585,CC(C)(CNC(=O)c1ccc2[nH]cnc2c1)NCC(=O)N1C[C@@H](F)C[C@H]1C#N
CHEMBL487860,CC(C)(CNC(=O)c1ccc2[nH]nnc2c1)NCC(=O)N1C[C@@H](F)C[C@H]1C#N
CHEMBL487861,CC(C)(CNC(=O)C(C)(C)C)NCC(=O)N1C[C@@H](F)C[C@H]1C#N
CHEMBL487862,CC(C)(CNC(=O)C1(C)CCCCC1)NCC(=O)N1C[C@@H](F)C[C@H]1C#N
CHEMBL488810,CC(C)(CNC(=O)C(c1ccc(Cl)cc1)c1ccc(Cl)cc1)NCC(=O)N1C[C@@H](F)C[C@H]1C#N
CHEMBL485827,CC(C)(CNS(=O)(=O)c1ccccc1)NCC(=O)N1C[C@@H](F)C[C@H]1C#N
CHEMBL520854,CN(CC(C)(C)NCC(=O)N1C[C@@H](F)C[C@H]1C#N)S(=O)(=O)c1ccccc1
CHEMBL485828,CC(C)(CNCc1ccc(C#N)cc1)NCC(=O)N1C[C@@H](F)C[C@H]1C#N
CHEMBL452836,Cl.N[C@@H](CC(=O)N1N=CCC1C(=O)O)Cc1cc(F)c(F)cc1F
CHEMBL471515,Cl.N[C@@H](CC(=O)N1N=CCC1C(=O)Nc1ccc(S(N)(=O)=O)cc1)Cc1cc(F)c(F)cc1F
CHEMBL472381,Cl.N[C@@H](CC(=O)N1N=CCC1C(=O)Nc1ccc(S(=O)(=O)O)cc1)Cc1cc(F)c(F)cc1F
CHEMBL472199,CCOC(=O)COc1ccc(NC(=O)C2CC=NN2C(=O)C[C@H](N)Cc2cc(F)c(F)cc2F)cc1.Cl
CHEMBL472200,CCOC(=O)COc1cccc(NC(=O)C2CC=NN2C(=O)C[C@H](N)Cc2cc(F)c(F)cc2F)c1.Cl
CHEMBL512013,CCOC(=O)COc1ccccc1NC(=O)C1CC=NN1C(=O)C[C@H](N)Cc1cc(F)c(F)cc1F.Cl
CHEMBL516747,CCOC(=O)[C@@H](Oc1ccc(NC(=O)C2CC=NN2C(=O)C[C@H](N)Cc2cc(F)c(F)cc2F)cc1)C(C)C.Cl
CHEMBL479536,CCOC(=O)[C@H](Oc1ccc(NC(=O)C2CC=NN2C(=O)C[C@H](N)Cc2cc(F)c(F)cc2F)cc1)C(C)C.Cl
CHEMBL470118,Cl.N[C@@H](CC(=O)N1N=CCC1C(=O)NCc1ccc(C(=O)O)cc1)Cc1cc(F)c(F)cc1F
CHEMBL488056,Cl.N[C@@H](CC(=O)N1N=CCC1C(=O)Nc1ccc(C(=O)O)cc1)Cc1cc(F)c(F)cc1F
CHEMBL488908,Cl.N[C@@H](CC(=O)N1N=CCC1C(=O)NCc1ccc(OCC(=O)O)cc1)Cc1cc(F)c(F)cc1F
CHEMBL488909,Cl.N[C@@H](CC(=O)N1N=CCC1C(=O)NCc1cccc(OCC(=O)O)c1)Cc1cc(F)c(F)cc1F
CHEMBL488022,Cl.N[C@@H](CC(=O)N1N=CCC1C(=O)Nc1ccc(OCC(=O)O)cc1)Cc1cc(F)c(F)cc1F
CHEMBL488027,Cl.N[C@@H](CC(=O)N1N=CCC1C(=O)Nc1cccc(OCC(=O)O)c1)Cc1cc(F)c(F)cc1F
CHEMBL488713,Cl.N[C@@H](CC(=O)N1N=CCC1C(=O)Nc1ccccc1OCC(=O)O)Cc1cc(F)c(F)cc1F
CHEMBL488714,CC(C)[C@H](Oc1ccc(NC(=O)C2CC=NN2C(=O)C[C@H](N)Cc2cc(F)c(F)cc2F)cc1)C(=O)O.Cl
CHEMBL528328,CC(C)[C@@H](Oc1ccc(NC(=O)C2CC=NN2C(=O)C[C@H](N)Cc2cc(F)c(F)cc2F)cc1)C(=O)O.Cl
CHEMBL1203962,COCC(C)(C)NCC(=O)N1C[C@@H](F)C[C@H]1C#N.Cl
CHEMBL1744354,N#Cc1ccc(NCCNCC(=O)N2C[C@@H](F)C[C@H]2C#N)nc1.O=C(O)/C=C\C(=O)O
CHEMBL324777,COCCN(C)c1nc(N)c(CN)c(-c2ccc(Cl)cc2Cl)n1
CHEMBL361235,N[C@H](C(=O)N1CCc2ccccc2C1)C1CCCCC1
CHEMBL380860,N[C@H](C(=O)N1CC(F)(F)C(F)(F)C1)C1CCCCC1
CHEMBL504823,N[C@H]1CCCN([P@@](N)(=O)NS(=O)(=O)O)C1=O
CHEMBL510797,Cl.N[C@@H](CC(=O)N1N=CCC1C(=O)OCc1ccccc1)Cc1cc(F)c(F)cc1F
CHEMBL452326,COC(=O)c1ccc(COC(=O)C2CC=NN2C(=O)C[C@H](N)Cc2cc(F)c(F)cc2F)cc1.Cl
CHEMBL452327,Cl.N[C@@H](CC(=O)N1N=CCC1C(=O)Oc1ccccc1)Cc1cc(F)c(F)cc1F
CHEMBL460949,CCOC(=O)c1ccc(OC(=O)C2CC=NN2C(=O)C[C@H](N)Cc2cc(F)c(F)cc2F)cc1.Cl
CHEMBL460950,COC(=O)Cc1ccc(OC(=O)C2CC=NN2C(=O)C[C@H](N)Cc2cc(F)c(F)cc2F)cc1.Cl
CHEMBL511872,Cl.NC(=O)C1CC=NN1C(=O)C[C@H](N)Cc1cc(F)c(F)cc1F
CHEMBL461129,Cl.N[C@@H](CC(=O)N1N=CCC1C(=O)NCc1ccccc1)Cc1cc(F)c(F)cc1F
CHEMBL459882,COC(=O)c1ccc(CNC(=O)C2CC=NN2C(=O)C[C@H](N)Cc2cc(F)c(F)cc2F)cc1.Cl
CHEMBL459883,Cl.N[C@@H](CC(=O)N1N=CCC1C(=O)Nc1ccccc1)Cc1cc(F)c(F)cc1F
CHEMBL460951,CCOC(=O)c1ccc(NC(=O)C2CC=NN2C(=O)C[C@H](N)Cc2cc(F)c(F)cc2F)cc1.Cl
CHEMBL461112,Cl.N[C@@H](CC(=O)N1N=CCC1C(=O)NCc1ccccn1)Cc1cc(F)c(F)cc1F
CHEMBL462564,Cl.N[C@@H](CC(=O)N1N=CCC1C(=O)NCc1nc2ccccc2[nH]1)Cc1cc(F)c(F)cc1F
CHEMBL518629,Cl.Nc1ccc(CNC(=O)C2CC=NN2C(=O)C[C@H](N)Cc2cc(F)c(F)cc2F)cc1
CHEMBL459881,Cl.N[C@@H](CC(=O)N1N=CCC1C(=O)NCc1ccc(S(N)(=O)=O)cc1)Cc1cc(F)c(F)cc1F
CHEMBL456885,CCOC(=O)COc1ccc(CNC(=O)C2CC=NN2C(=O)C[C@H](N)Cc2cc(F)c(F)cc2F)cc1.Cl
CHEMBL518296,CCOC(=O)COc1cccc(CNC(=O)C2CC=NN2C(=O)C[C@H](N)Cc2cc(F)c(F)cc2F)c1.Cl
CHEMBL471343,Cl.N[C@@H](CC(=O)N1N=CCC1C(=O)Nc1ccc(N2CCOCC2)cc1)Cc1cc(F)c(F)cc1F
CHEMBL527015,N#C[C@@H]1CCCN1C(=O)/C(N)=C/C(=O)N1Cc2ccccc2C1
CHEMBL497782,N#C[C@@H]1Cc2ccccc2CN1C(=O)[C@@H](N)Cc1cc2ccccc2[nH]1
CHEMBL522911,N#C[C@@H]1CCCN1C(=O)N[C@H](CN)C1CCCCC1
CHEMBL496953,N[C@@H](COc1cc(F)cc(F)c1)Cc1cc2ccccc2[nH]1
CHEMBL523066,N#C[C@@H]1CCCN1C(=O)N[C@@H](CN)C1CCCCC1
CHEMBL509777,N#C[C@@H]1CCCN1C(=O)CN1CCc2ccccc2C1
CHEMBL497993,N[C@H]1CCN(P(N)(N)=O)C1=O
CHEMBL507254,N#CC1CCCN1C(=O)C(N)C1CCCCC1
CHEMBL495932,N[C@H]1CCCCN(P(N)(=O)NS(=O)(=O)O)C1=O
CHEMBL496131,Cc1nc2c(s1)CC([C@H](N)C(=O)N1CC[C@H](F)C1)CC2
CHEMBL451319,Cc1cc2ccccc2n1C[C@H](C)NCC(=O)N1CCC[C@H]1C#N
CHEMBL443250,N[C@H](C(=O)N1CCC(F)C1)C1CCCCC1
CHEMBL498167,CC(C)Cn1c(CN)c(-c2ccccc2)c2ccccc2c1=O
CHEMBL525183,NCc1c(N)nc2ccccc2c1-c1ccc(Cl)cc1Cl
CHEMBL522909,C=CCN(CC=C)C(=O)n1cnc(S(=O)(=O)C2CC3CCC2C3)n1
CHEMBL513764,CC1(NC(=O)C[C@H](N)Cc2ccccc2F)CCN(Cc2ccccc2)CC1
CHEMBL471633,N[C@@H](CC(=O)NC1(c2ccccc2)CCN(Cc2ccccc2)CC1)Cc1ccccc1F
CHEMBL471841,N[C@@H](CC(=O)NC1(Cc2ccccc2)CCN(Cc2ccccc2)CC1)Cc1ccccc1F
CHEMBL471842,CN1CCC(NC(=O)C[C@H](N)Cc2ccccc2F)(c2ccccc2)CC1
CHEMBL470170,N[C@@H](CC(=O)NC1(c2ccccc2)CCOCC1)Cc1ccccc1F
CHEMBL470171,N[C@@H](CC(=O)NC1(c2ccccc2)CCSCC1)Cc1ccccc1F
CHEMBL512145,N[C@@H](CC(=O)NC1(c2ccccc2)CCS(=O)(=O)CC1)Cc1ccccc1F
CHEMBL469325,N[C@@H](CC(=O)NC1(c2ccccn2)CCS(=O)(=O)CC1)Cc1ccccc1F
CHEMBL469538,N[C@@H](CC(=O)NC1(c2nccs2)CCS(=O)(=O)CC1)Cc1ccccc1F
CHEMBL512718,N[C@@H](CC(=O)NC1(c2nc3ccccc3s2)CCS(=O)(=O)CC1)Cc1ccccc1F
CHEMBL472027,N[C@@H](CC(=O)NC1(c2nc3ccccc3s2)CCS(=O)(=O)CC1)Cc1cc(F)c(F)cc1F
CHEMBL512709,COc1ccc2nc(C3(NC(=O)C[C@H](N)Cc4ccccc4F)CCS(=O)(=O)CC3)sc2c1
CHEMBL470356,COc1ccc2nc(C3(NC(=O)C[C@H](N)Cc4cc(F)c(F)cc4F)CCS(=O)(=O)CC3)sc2c1
CHEMBL470357,COc1ccc2sc(C3(NC(=O)C[C@H](N)Cc4cc(F)c(F)cc4F)CCS(=O)(=O)CC3)nc2c1
CHEMBL474047,N#C[C@@H]1CCCN1C(=O)[C@@H](N)CCC(=O)N1CCn2nc(C(F)(F)F)nc2C1.O=C(O)C(F)(F)F
CHEMBL474048,N#C[C@@H]1CCCN1C(=O)[C@@H](N)CCC(=O)N1CCn2cc(C(F)(F)F)nc2C1.O=C(O)C(F)(F)F
CHEMBL474049,N#C[C@@H]1CCCN1C(=O)[C@@H](N)CCC(=O)N1CCCC1.O=C(O)C(F)(F)F
CHEMBL474211,N#C[C@@H]1CCCN1C(=O)[C@@H](N)CCC(=O)N1CCSC1.O=C(O)C(F)(F)F
CHEMBL474394,COC[C@H]1CCCN1C(=O)CC[C@H](N)C(=O)N1CCC[C@H]1C#N.O=C(O)C(F)(F)F
CHEMBL475465,COC[C@@H]1CCCN1C(=O)CC[C@H](N)C(=O)N1CCC[C@H]1C#N.O=C(O)C(F)(F)F
CHEMBL474800,N#C[C@@H]1CCCN1C(=O)[C@@H](N)CCC(=O)N1CCCCC1.O=C(O)C(F)(F)F
CHEMBL475634,N#C[C@@H]1CCCN1C(=O)[C@@H](N)CCC(=O)N1CCOCC1.O=C(O)C(F)(F)F
CHEMBL516080,CCOC(=O)N1CCN(C(=O)CC[C@H](N)C(=O)N2CCC[C@H]2C#N)CC1.O=C(O)C(F)(F)F
CHEMBL474808,N#C[C@@H]1CCCN1C(=O)[C@@H](N)CCC(=O)N1CCN(C(=O)C(F)(F)F)CC1.O=C(O)C(F)(F)F
CHEMBL474982,N#C[C@@H]1CCCN1C(=O)[C@@H](N)CCC(=O)N1CCN(c2ccncc2)CC1.O=C(O)C(F)(F)F
CHEMBL515435,N#C[C@@H]1CCCN1C(=O)[C@@H](N)CCC(=O)Nc1ccccc1.O=C(O)C(F)(F)F
CHEMBL474983,N#C[C@@H]1CCCN1C(=O)[C@@H](N)CCC(=O)NC1CCCC1.O=C(O)C(F)(F)F
CHEMBL475662,C[C@H](CC(=O)N1CCn2c(nnc2C(F)(F)F)C1)[C@H](N)C(=O)N1CCC[C@H]1C#N.O=C(O)C(F)(F)F
CHEMBL474002,CC[C@H](CC(=O)N1CCn2c(nnc2C(F)(F)F)C1)[C@H](N)C(=O)N1CCC[C@H]1C#N.O=C(O)C(F)(F)F
CHEMBL474003,CC(C)(CC(=O)N1CCn2c(nnc2C(F)(F)F)C1)[C@H](N)C(=O)N1CCC[C@H]1C#N.O=C(O)C(F)(F)F
CHEMBL475169,CC(C)(CC(=O)N1CCn2nc(C(F)(F)F)nc2C1)[C@H](N)C(=O)N1CCC[C@H]1C#N.O=C(O)C(F)(F)F
CHEMBL475863,CC(C)(CC(=O)N1Cc2ccccc2C1)[C@H](N)C(=O)N1CCC[C@H]1C#N.O=C(O)C(F)(F)F
CHEMBL474025,CC(C)(CC(=O)N1CCc2ccccc2C1)[C@H](N)C(=O)N1CCC[C@H]1C#N.O=C(O)C(F)(F)F
CHEMBL514006,CC(C)(CC(=O)N1CCc2ccsc2C1)[C@H](N)C(=O)N1CCC[C@H]1C#N.O=C(O)C(F)(F)F
CHEMBL475870,COC[C@@H]1CCCN1C(=O)CC(C)(C)[C@H](N)C(=O)N1CCC[C@H]1C#N.O=C(O)C(F)(F)F
CHEMBL514317,C[C@@H]1CCCN1C(=O)CC(C)(C)[C@H](N)C(=O)N1CCC[C@H]1C#N.O=C(O)C(F)(F)F
CHEMBL522002,N#C[C@@H]1CCCN1C(=O)[C@@H](N)CC(=O)N1Cc2ccccc2C1
CHEMBL493543,N#C[C@@H]1CCCN1C(=O)[C@@H](N)CCC(=O)N1Cc2ccccc2C1
CHEMBL493544,N#C[C@@H]1CCCN1C(=O)[C@@H](N)CCCC(=O)N1Cc2ccccc2C1
CHEMBL493760,N[C@@H](CCC(=O)N1Cc2ccccc2C1)C(=O)N1CCSC1
CHEMBL494146,N#C[C@@H]1CCCN1C(=O)[C@@H](N)CCC(=O)N1CCc2ccccc2C1.O=C(O)C(F)(F)F
CHEMBL494147,COc1cc2c(cc1OC)C(C(C)C)N(C(=O)CC[C@H](N)C(=O)N1CCC[C@H]1C#N)CC2.O=C(O)C(F)(F)F
CHEMBL494339,N#C[C@@H]1CCCN1C(=O)[C@@H](N)CCC(=O)N1CCc2nc(-c3ccc(F)cc3)sc2C1.O=C(O)C(F)(F)F
CHEMBL494340,N#C[C@@H]1CCCN1C(=O)[C@@H](N)CCC(=O)N1CCc2ccsc2C1.O=C(O)C(F)(F)F
CHEMBL492536,N#C[C@@H]1CCCN1C(=O)[C@@H](N)CCC(=O)N1CCn2cnnc2C1.O=C(O)C(F)(F)F
CHEMBL492733,N#C[C@@H]1CCCN1C(=O)[C@@H](N)CCC(=O)N1CCn2c(nnc2C(F)(F)F)C1.O=C(O)C(F)(F)F
CHEMBL513543,COc1cccc2sc(C3(NC(=O)C[C@H](N)Cc4ccccc4F)CCS(=O)(=O)CC3)nc12
CHEMBL469730,N[C@@H](CC(=O)NC1(c2nc3ccc(Cl)cc3s2)CCS(=O)(=O)CC1)Cc1ccccc1F
CHEMBL469521,N[C@@H](CC(=O)NC1(c2nc3c(Cl)cccc3s2)CCS(=O)(=O)CC1)Cc1ccccc1F
CHEMBL469522,Cc1ccc2nc(C3(NC(=O)C[C@H](N)Cc4ccccc4F)CCS(=O)(=O)CC3)sc2c1
CHEMBL469740,Cc1cccc2sc(C3(NC(=O)C[C@H](N)Cc4ccccc4F)CCS(=O)(=O)CC3)nc12
CHEMBL471834,COCCOc1ccc2nc(C3(NC(=O)C[C@H](N)Cc4cc(F)c(F)cc4F)CCS(=O)(=O)CC3)sc2c1
CHEMBL470164,COCCOc1ccc2nc(C3(NC(=O)C[C@H](N)Cc4cc(F)c(F)cc4F)CCOCC3)sc2c1
CHEMBL512651,COCCOc1ccc2nc(C3(NC(=O)C[C@H](N)Cc4cc(Cl)ccc4F)CCS(=O)(=O)CC3)sc2c1
CHEMBL469317,COCCOc1ccc2nc(C3(NC(=O)C[C@H](N)Cc4cc(Cl)ccc4F)CCOCC3)sc2c1
CHEMBL504021,N[C@@H](CC(=O)NC1(c2nc3ccc(OCCN4CCOCC4)cc3s2)CCS(=O)(=O)CC1)Cc1cc(F)c(F)cc1F
CHEMBL445544,CC(C)[C@H](N)Cc1cc(F)c(F)cc1F
CHEMBL450211,N[C@H](Cc1cc(F)c(F)cc1F)C1CCCCC1
CHEMBL450091,CC(C)(C)[C@H](N)Cc1cc(F)c(F)cc1F
CHEMBL501314,COC(=O)c1ccc(C(N)Cc2cc(F)c(F)cc2F)cc1
CHEMBL509672,COC(=O)c1ccc([C@H](N)Cc2cc(F)c(F)cc2F)cc1
CHEMBL496691,N[C@H](Cc1cc(F)c(F)cc1F)c1ccncc1
CHEMBL451619,N[C@H](Cc1cc(F)c(F)cc1F)C1CCNCC1
CHEMBL2364733,N#C[C@H]1CCCN1C(=O)[C@@H](N)CCC(=O)N1Cc2ccccc2C1.O=C(O)C(F)(F)F
CHEMBL469890,CC[C@H](C)[C@H](N)C(=O)N1Cc2ccccc2C1
CHEMBL466590,CC[C@H](C)[C@H](N)C(=O)N1Cc2ccc(F)cc2C1
CHEMBL488226,NCCCC[C@H](N)C(=O)N1Cc2ccccc2C1
CHEMBL488227,N[C@@H](CCCCNC(=O)OCc1ccccc1)C(=O)N1Cc2ccccc2C1
CHEMBL487872,N[C@@H](CCCCNc1ccc2ccccc2c1)C(=O)N1Cc2ccccc2C1
CHEMBL527647,O=C([C@@H]1C[C@H](Nc2cccc3ccccc23)CN1)N1Cc2ccccc2C1
CHEMBL452029,N[C@@H](Cc1c[nH]c2ccccc12)C(=O)N1CCCC1
CHEMBL453918,N[C@@H](Cc1ccccc1)C(=O)N1CCCC1
CHEMBL443373,NC(=O)C[C@H](N)C(=O)N1CCCC1
CHEMBL459438,C[C@@H](O)[C@H](N)C(=O)N1CCCC1
CHEMBL459159,N[C@@H](CS)C(=O)N1CCCC1
CHEMBL459641,N[C@@H](CO)C(=O)N1CCCC1
CHEMBL511346,N[C@@H](Cc1ccc(O)cc1)C(=O)N1CCCC1
CHEMBL501126,NCCCC[C@H](N)C(=O)N1CCCC1
CHEMBL459642,N[C@@H](CCCCNC(=O)OCc1ccccc1)C(=O)N1CCCC1
CHEMBL459643,NCCC[C@H](N)C(=O)N1CCCC1
CHEMBL460065,N[C@@H](CCCNC(=O)OCc1ccccc1)C(=O)N1CCCC1
CHEMBL461289,N=C(N)NCCC[C@H](N)C(=O)N1CCCC1
CHEMBL461290,N=C(NCCC[C@H](NC(=O)OCc1ccccc1)C(=O)N1CCCC1)NC(=O)OCc1ccccc1
CHEMBL501521,N[C@@H](Cc1c[nH]cn1)C(=O)N1CCCC1
CHEMBL442952,CCCC[C@H](N)C(=O)N1CCCC1
CHEMBL461496,CC[C@H](C)[C@H](N)C(=O)N1CCC1
CHEMBL83418,CC[C@H](C)[C@H](N)C(=O)N1CCCCC1
CHEMBL446007,CC[C@H](C)[C@H](N)C(=O)N1CCCCCC1
CHEMBL461291,CC[C@H](C)[C@H](N)C(=O)N1CC=CC1
CHEMBL452470,CC[C@H](C)[C@H](N)C(=O)N1CC=CCC1
CHEMBL503809,CC[C@H](C)[C@H](N)C(=O)N1CCC(O)C1
CHEMBL460885,CC[C@H](C)[C@H](N)C(=O)N1CCC(N=[N+]=[N-])C1
CHEMBL460886,CC[C@H](C)[C@H](N)C(=O)N1CCC(F)C1
CHEMBL460887,CC[C@H](C)[C@H](N)C(=O)N1CCC(Cl)C1
CHEMBL455298,NCCCC[C@H](N)C(=O)N1CCSC1
CHEMBL461911,NCCCC[C@H](N)C(=O)N1CCC(O)C1
CHEMBL461913,N#C[C@@H]1CCCCN1C(=O)[C@@H](N)CCCCN
CHEMBL461092,N[C@@H](CCCCNC(=O)OCc1ccccc1)C(=O)N1CCSC1
CHEMBL471544,N#C[C@@H]1CCCN1C(=O)[C@@H](N)CCCCNC(=O)OCc1ccccc1
CHEMBL471546,CC[C@H](C)[C@H](N)C(=O)N1C[C@@H](N=[N+]=[N-])C[C@H]1C#N
CHEMBL471547,CC[C@@H](C)[C@H](N)C(=O)N1C[C@@H](N=[N+]=[N-])C[C@H]1C#N
CHEMBL471731,N#C[C@@H]1C[C@H](N=[N+]=[N-])CN1C(=O)[C@@H](N)CCCCN
CHEMBL471747,N#C[C@@H]1C[C@H](N=[N+]=[N-])CN1C(=O)[C@@H](N)CCCCNC(=O)OCc1ccccc1
CHEMBL511659,CC[C@@H](C)[C@H](N)C(=O)N1C[C@H](N=[N+]=[N-])C[C@H]1C#N
CHEMBL518144,N#C[C@@H]1C[C@H](N=[N+]=[N-])CN1C(=O)[C@@H](N)CCCCN(c1cccc2ccccc12)c1cccc2ccccc12
CHEMBL472128,N#C[C@@H]1C[C@H](N=[N+]=[N-])CN1C(=O)[C@@H](N)CCCCNc1ccc2ccccc2c1
CHEMBL485123,Cc1ncc(C)c(C(=O)N2CCC([C@H](N)Cc3cc(F)c(F)cc3F)CC2)n1
CHEMBL485124,Cc1nccnc1C(=O)N1CCC([C@H](N)Cc2cc(F)c(F)cc2F)CC1
CHEMBL485125,N[C@H](Cc1cc(F)c(F)cc1F)C1CCN(C(=O)c2cnc3ncccn23)CC1
CHEMBL484528,Cc1cc2ncc(C(=O)N3CCC([C@H](N)Cc4cc(F)c(F)cc4F)CC3)c(C)n2n1
CHEMBL496863,CC(C)(C)OC(=O)N1CCC([C@H](N)Cc2cc(F)c(F)cc2F)CC1
CHEMBL497735,N[C@H](Cc1cc(F)c(F)cc1F)C1CCN(C(=O)c2ccc(F)cc2F)CC1
CHEMBL498749,N[C@H](Cc1cc(F)c(F)cc1F)C1CCN(C(=O)c2cc3ccccc3cn2)CC1
CHEMBL525011,Nc1nccnc1C(=O)N1CCC([C@H](N)Cc2cc(F)c(F)cc2F)CC1
CHEMBL510594,CC(C)[C@H](N)C(=O)N1CSC[C@H]1B(O)O
CHEMBL453573,CC[C@@H](C)[C@H](N)C(=O)N1CCCC1
CHEMBL453574,CC(C)C[C@H](N)C(=O)N1CCCC1
CHEMBL504506,N[C@H](Cc1cc(F)ccc1F)c1ccc(Br)cc1
CHEMBL472124,C[C@@H](c1ccc(Br)cc1)[C@H](N)C(=O)N1CC[C@H](F)C1
CHEMBL471936,N[C@H](Cc1cc(F)ccc1F)c1ccc(-c2ccncc2)cc1
CHEMBL442673,C[C@@H](c1ccc(-c2ccncc2)cc1)[C@H](N)C(=O)N1CC[C@H](F)C1
CHEMBL472123,N[C@H](Cc1cc(F)ccc1F)c1ccc(-c2ccncc2Cl)cc1
CHEMBL512895,C[C@@H](c1ccc(-c2ccncc2Cl)cc1)[C@H](N)C(=O)N1CC[C@H](F)C1
CHEMBL512887,N[C@@H](CC(=O)N1CCSC1)C(=O)N1CC[C@H](F)C1
CHEMBL527424,N[C@@H](CC(=O)N1CCC[C@H]1CO)C(=O)N1CC[C@H](F)C1
CHEMBL488484,N[C@@H](CC(=O)N1CCC[C@H]1CO)Cc1cc(F)ccc1F
CHEMBL488637,Cc1noc(C(=O)C[C@H](N)C(=O)N2CC[C@H](F)C2)n1
CHEMBL507719,Cc1noc(C(=O)C[C@H](N)Cc2cc(F)ccc2F)n1
CHEMBL520067,C[C@@H](c1nc(-c2ccc(OC(F)(F)F)cc2)no1)[C@H](N)Cc1cc(F)ccc1F
CHEMBL487630,C[C@H](c1nc(-c2ccc(Cl)cc2Cl)no1)[C@H](N)C(=O)N1CC[C@H](F)C1
CHEMBL519591,C[C@@H](c1nc(-c2ccc(Cl)cc2Cl)no1)[C@H](N)Cc1cc(F)c(F)cc1F
CHEMBL488469,C[C@H](c1nc(-c2ccc(S(C)(=O)=O)cc2Cl)no1)[C@H](N)C(=O)N1CC[C@H](F)C1
CHEMBL527198,C[C@@H](c1nc(-c2ccc(S(C)(=O)=O)cc2Cl)no1)[C@H](N)Cc1cc(F)c(F)cc1F
CHEMBL507738,C[C@@H]1C(=O)NCCCN1C(=O)C[C@H](N)CN1CCCCC1=O
CHEMBL452805,C[C@@H]1C(=O)NCCCN1C(=O)C[C@H](N)Cc1ccccc1F
CHEMBL510073,N[C@@H](CC(=O)N1CCCNC(=O)[C@H]1CC(F)(F)F)CN1CCCCC1=O
CHEMBL452297,N[C@@H](CC(=O)N1CCCNC(=O)[C@H]1CC(F)(F)F)Cc1ccccc1F
CHEMBL452289,NC(=O)c1cccc(-c2ccc([C@H](N)Cc3cc(F)ccc3F)cc2)c1
CHEMBL452290,C[C@@H](c1ccc(-c2cccc(C(N)=O)c2)cc1)[C@H](N)C(=O)N1CC[C@H](F)C1
CHEMBL488678,N[C@@H](CC(=O)N1CCn2c(nnc2C(F)(F)F)C1)CN1CCCCC1=O
CHEMBL513425,N[C@@H](CC(=O)N1CCCCCN1C(=O)c1ccccc1)Cc1cc(F)c(F)cc1F
CHEMBL519139,Cl.N[C@@H](CC(=O)N1CCCNCC1)Cc1cc(F)c(F)cc1F
CHEMBL482338,Cl.N[C@@H](CC(=O)N1CCCN(C(=O)c2ccccc2)CC1)Cc1cc(F)c(F)cc1F
CHEMBL480549,CC(=O)N1CCCN(C(=O)C[C@H](N)Cc2cc(F)c(F)cc2F)CC1.Cl
CHEMBL480550,Cl.N[C@@H](CC(=O)N1CCCN(C(=O)c2ccc3c(c2)OCO3)CC1)Cc1cc(F)c(F)cc1F
CHEMBL481554,Cl.N[C@@H](CC(=O)N1CCCN(C(=O)c2cccnc2)CC1)Cc1cc(F)c(F)cc1F
CHEMBL481714,Cl.N[C@@H](CC(=O)N1CCCN(C(=O)OCc2ccccc2)CC1)Cc1cc(F)c(F)cc1F
CHEMBL521267,Cl.N[C@@H](CC(=O)N1CCCN(C(=O)Nc2ccccc2)CC1)Cc1cc(F)c(F)cc1F
CHEMBL481725,CN1CCN(C(=O)N2CCCN(C(=O)C[C@H](N)Cc3cc(F)c(F)cc3F)CC2)CC1.Cl
CHEMBL481897,Cc1ccc(S(=O)(=O)N2CCCN(C(=O)C[C@H](N)Cc3cc(F)c(F)cc3F)CC2)cc1.Cl
CHEMBL482070,CS(=O)(=O)N1CCCN(C(=O)C[C@H](N)Cc2cc(F)c(F)cc2F)CC1.Cl
CHEMBL482071,Cl.N[C@@H](CC(=O)N1CCCN(S(=O)(=O)c2ccc([N+](=O)[O-])cc2)CC1)Cc1cc(F)c(F)cc1F
CHEMBL520089,Cl.N[C@@H](CC(=O)N1CCCN(Cc2ccccc2)CC1)Cc1cc(F)c(F)cc1F
CHEMBL481157,CCN1CCCN(C(=O)C[C@H](N)Cc2cc(F)c(F)cc2F)CC1.Cl
CHEMBL519773,Cl.N[C@@H](CC(=O)N1CCCN(c2ncccn2)CC1)Cc1cc(F)c(F)cc1F
CHEMBL481158,Cl.N[C@@H](CC(=O)N1CCCN(c2cnccn2)CC1)Cc1cc(F)c(F)cc1F
CHEMBL482154,Cl.N[C@@H](CC(=O)N1CCCN(C(=O)c2ccc(C(=O)O)cc2)CC1)Cc1cc(F)c(F)cc1F
CHEMBL474630,Cl.N[C@@H](CC(=O)N1CCCN(S(=O)(=O)c2ccc(C(=O)O)cc2)CC1)Cc1cc(F)c(F)cc1F
CHEMBL474631,Cl.N[C@@H](CC(=O)N1CCCN(C(=O)Nc2ccc(C(=O)O)cc2)CC1)Cc1cc(F)c(F)cc1F
CHEMBL474794,Cl.NC(=O)c1ccc(C(=O)N2CCCN(C(=O)C[C@H](N)Cc3cc(F)c(F)cc3F)CC2)cc1
CHEMBL474812,Cl.N[C@@H](CC(=O)N1CCCN(C(=O)c2ccc(S(N)(=O)=O)cc2)CC1)Cc1cc(F)c(F)cc1F
CHEMBL474813,Cl.N[C@@H](CC(=O)N1CCCN(C(=O)c2ccc(C(=O)O)nc2)CC1)Cc1cc(F)c(F)cc1F
CHEMBL475654,Cl.N[C@@H](CC(=O)N1CCCN(C(=O)c2cccc(C(=O)O)c2)CC1)Cc1cc(F)c(F)cc1F
CHEMBL475655,Cl.N[C@@H](CC(=O)N1CCCN(C(=O)c2cncc(C(=O)O)c2)CC1)Cc1cc(F)c(F)cc1F
CHEMBL150,O=c1c(O)c(-c2ccc(O)cc2)oc2cc(O)cc(O)c12
CHEMBL226335,C[C@@H]1O[C@@H](OC[C@H]2O[C@@H](Oc3c(-c4ccc(O)c(O)c4)oc4cc(O)cc(O)c4c3=O)[C@H](O)[C@@H](O)[C@@H]2O)[C@H](O)[C@H](O)[C@H]1O
CHEMBL485818,O=C(O)[C@H]1O[C@@H](Oc2cc3oc(-c4ccccc4)cc(=O)c3c(O)c2O)[C@H](O)[C@@H](O)[C@@H]1O
CHEMBL472992,O=C([C@@H]1C[C@H](N2CCN(c3ncccn3)CC2)CN1)N1C[C@@H](F)[C@H](F)C1
CHEMBL515869,O=C([C@@H]1C[C@H](N2CCN(c3ncccn3)CC2)CN1)N1CC(F)(F)C(F)(F)C1
CHEMBL472993,O=C([C@@H]1C[C@H](N2CCN(c3ncccn3)CC2)CN1)N1CCC1
CHEMBL473188,O=C([C@@H]1C[C@H](N2CCN(c3ncccn3)CC2)CN1)N1CC(F)C1
CHEMBL514935,O=C([C@@H]1C[C@H](N2CCN(c3ncccn3)CC2)CN1)N1CC(F)(F)C1
CHEMBL472995,O=C([C@@H]1C[C@@H](N2CCN(c3ncccn3)CC2)CN1)N1CCC(F)(F)C1
CHEMBL515387,O=C([C@@H]1C[C@H](N2CCN(c3ncccn3)CC2)CN1)N1CCC(F)(F)C1
CHEMBL475246,O=C([C@@H]1C[C@H](N2CCN(c3noc4ccccc34)CC2)CN1)N1CCC(F)(F)C1
CHEMBL515597,O=C([C@@H]1C[C@H](N2CCN(c3nc4ccccc4o3)CC2)CN1)N1CCC(F)(F)C1
CHEMBL475573,O=C([C@@H]1C[C@H](N2CCN(c3nc4ccncc4o3)CC2)CN1)N1CCC(F)(F)C1
CHEMBL475574,O=C([C@@H]1C[C@H](N2CCN(c3nc4cnccc4o3)CC2)CN1)N1CCC(F)(F)C1
CHEMBL474409,O=C([C@@H]1C[C@H](N2CCN(c3cnccn3)CC2)CN1)N1CCC(F)(F)C1
CHEMBL474410,O=C([C@@H]1C[C@H](N2CCN(c3ccc(C(F)(F)F)cn3)CC2)CN1)N1CCC(F)(F)C1
CHEMBL514011,N#Cc1cccnc1N1CCN([C@@H]2CN[C@H](C(=O)N3CCC(F)(F)C3)C2)CC1
CHEMBL475586,O=C([C@@H]1C[C@H](N2CCN(c3nc4cccnc4o3)CC2)CN1)N1CCC(F)(F)C1
CHEMBL473418,O=C([C@@H]1C[C@H](N2CCN(c3ncccn3)CC2)CN1)N1CCCC1
CHEMBL473419,O=C([C@@H]1C[C@H](N2CCN(c3ncccn3)CC2)CN1)N1CC[C@@H](F)C1
CHEMBL514623,O=C([C@@H]1C[C@H](N2CCN(c3ncccn3)CC2)CN1)N1CC[C@H](F)C1
CHEMBL474421,O=C([C@@H]1C[C@H](N2CCN(c3ncccn3)CC2)CN1)N1C[C@@H](F)[C@@H](F)C1
CHEMBL480536,N#C[C@@H]1C[C@H](F)CN1C(=O)CN[C@H]1[C@@H]2CN(c3nc4ccccc4s3)C[C@@H]21
CHEMBL480537,N#C[C@@H]1C[C@H](F)CN1C(=O)CN[C@H]1[C@@H]2CN(c3nc4ccccc4o3)C[C@@H]21
CHEMBL509391,N#C[C@@H]1C[C@H](F)CN1C(=O)CN[C@H]1[C@@H]2CN(c3nccc4ccccc34)C[C@@H]21
CHEMBL511125,N#C[C@@H]1C[C@H](F)CN1C(=O)CN[C@H]1[C@@H]2CN(c3ccccn3)C[C@@H]21
CHEMBL471956,N#C[C@@H]1C[C@H](F)CN1C(=O)CN[C@H]1[C@@H]2CN(c3ccc(Cl)cn3)C[C@@H]21
CHEMBL479736,N#C[C@@H]1C[C@H](F)CN1C(=O)CN[C@H]1[C@@H]2CN(c3ccc([N+](=O)[O-])cn3)C[C@@H]21
CHEMBL479370,N[C@@H](CC(=O)N1CCn2cnnc2C1)Cc1cc(F)c(F)cc1F
CHEMBL517072,N[C@@H](CC(=O)N1CCn2c(nnc2C(F)(F)C(F)(F)F)C1)Cc1cc(F)c(F)cc1F
CHEMBL480324,N#C[C@@H]1C[C@H](F)CN1C(=O)CN[C@H]1[C@@H]2CN(c3ccc(C(F)(F)F)cn3)C[C@@H]21
CHEMBL519265,N#Cc1ccc(N2C[C@@H]3[C@H](C2)[C@H]3NCC(=O)N2C[C@@H](F)C[C@H]2C#N)nc1
CHEMBL480705,N#C[C@@H]1C[C@H](F)CN1C(=O)CN[C@H]1[C@@H]2CN(c3ncccc3[N+](=O)[O-])C[C@@H]21
CHEMBL452998,N#Cc1cccnc1N1C[C@@H]2[C@H](C1)[C@H]2NCC(=O)N1C[C@@H](F)C[C@H]1C#N
CHEMBL519272,N#C[C@@H]1C[C@H](F)CN1C(=O)CN[C@H]1[C@@H]2CN(c3ncccc3Cl)C[C@@H]21
CHEMBL480712,N#Cc1ccc(N2C[C@@H]3[C@H](C2)[C@H]3NCC(=O)N2CC(F)(F)C[C@H]2C#N)nc1
CHEMBL479380,N#Cc1ccc(N2C[C@@H]3[C@H](C2)[C@H]3NCC(=O)N2C[C@@H](F)C[C@H]2C#N)cc1
CHEMBL520266,N#Cc1c(N2C[C@@H]3[C@H](C2)[C@H]3NCC(=O)N2C[C@@H](F)C[C@H]2C#N)cccc1C(F)(F)F
CHEMBL481177,N#Cc1cccc(F)c1N1C[C@@H]2[C@H](C1)[C@H]2NCC(=O)N1C[C@@H](F)C[C@H]1C#N
CHEMBL479794,N#Cc1c(F)cccc1N1C[C@@H]2[C@H](C1)[C@H]2NCC(=O)N1C[C@@H](F)C[C@H]1C#N
CHEMBL480781,N#Cc1cc(C(F)(F)F)ccc1N1C[C@@H]2[C@H](C1)[C@H]2NCC(=O)N1C[C@@H](F)C[C@H]1C#N
CHEMBL479803,N#Cc1cc(F)ccc1N1C[C@@H]2[C@H](C1)[C@H]2NCC(=O)N1C[C@@H](F)C[C@H]1C#N
CHEMBL520921,N#Cc1c(F)cc(F)cc1N1C[C@@H]2[C@H](C1)[C@H]2NCC(=O)N1C[C@@H](F)C[C@H]1C#N
CHEMBL480942,N#Cc1cc(F)cc(N2C[C@@H]3[C@H](C2)[C@H]3NCC(=O)N2C[C@@H](F)C[C@H]2C#N)c1
CHEMBL480943,N#Cc1ccc(N2C[C@@H]3[C@H](C2)[C@H]3NCC(=O)N2C[C@@H](F)C[C@H]2C#N)c2ccccc12
CHEMBL482261,N#C[C@@H]1C[C@H](F)CN1C(=O)CN[C@H]1[C@@H]2CN(c3ncccn3)C[C@@H]21
CHEMBL482262,N#C[C@@H]1C[C@H](F)CN1C(=O)CN[C@H]1[C@@H]2CN(c3nccc(C(F)(F)F)n3)C[C@@H]21
CHEMBL479983,N#C[C@@H]1C[C@H](F)CN1C(=O)CN[C@H]1[C@@H]2CN(c3nccs3)C[C@@H]21
CHEMBL482104,N#C[C@@H]1C[C@H](F)CN1C(=O)CN[C@H]1[C@@H]2CN(c3cnc4ccccc4n3)C[C@@H]21
CHEMBL473830,Cl.N[C@@H](CC(=O)N1CCCN(C(=O)c2ccc(C(=O)O)o2)CC1)Cc1cc(F)c(F)cc1F
CHEMBL463481,CC(C)(CC(=O)N[C@H]1C[C@@H]1c1cccc(Cl)c1)NCC(=O)N1CCC[C@H]1C#N
CHEMBL447393,CC(C)(CC(=O)N[C@@H]1C[C@H]1c1cccc(Cl)c1)NCC(=O)N1C[C@@H](F)C[C@H]1C#N
CHEMBL464092,CC(C)(CC(=O)N[C@H]1C[C@@H]1c1ccccc1)NCC(=O)N1C[C@@H](F)C[C@H]1C#N
CHEMBL517776,CC(C)(CC(=O)N[C@H]1C[C@@H]1c1cccc(Cl)c1)NCC(=O)N1C[C@@H](F)C[C@H]1C#N
CHEMBL464093,CC(C)(CC(=O)N[C@H]1C[C@@H]1c1cccc(F)c1)NCC(=O)N1C[C@@H](F)C[C@H]1C#N
CHEMBL463277,COc1ccc([C@H]2C[C@@H]2NC(=O)CC(C)(C)NCC(=O)N2C[C@@H](F)C[C@H]2C#N)cc1
CHEMBL518831,COc1cccc([C@H]2C[C@@H]2NC(=O)CC(C)(C)NCC(=O)N2C[C@@H](F)C[C@H]2C#N)c1
CHEMBL462839,CCOc1cccc([C@H]2C[C@@H]2NC(=O)CC(C)(C)NCC(=O)N2C[C@@H](F)C[C@H]2C#N)c1
CHEMBL463230,CC(C)(CC(=O)N[C@H]1C[C@@H]1c1cccc(OC(F)(F)F)c1)NCC(=O)N1C[C@@H](F)C[C@H]1C#N
CHEMBL473166,CC(C)(CC(=O)N[C@H]1C[C@@H]1c1ccccc1)NCC(=O)N1CCC[C@H]1C#N
CHEMBL514617,CC(C)(CC(=O)N[C@H]1C[C@@H]1c1ccc(F)cc1)NCC(=O)N1CCC[C@H]1C#N
CHEMBL473172,CC(C)(CC(=O)N[C@H]1C[C@@H]1c1cccc(F)c1)NCC(=O)N1CCC[C@H]1C#N
CHEMBL515552,CC(C)(CC(=O)N[C@H]1C[C@@H]1c1ccc(F)cc1F)NCC(=O)N1CCC[C@H]1C#N
CHEMBL472976,CC(C)(CC(=O)N[C@H]1C[C@@H]1c1cc(F)cc(F)c1)NCC(=O)N1CCC[C@H]1C#N
CHEMBL472977,CC(C)(CC(=O)N[C@H]1C[C@@H]1c1ccc(F)c(F)c1)NCC(=O)N1CCC[C@H]1C#N
CHEMBL473176,CC(C)(CC(=O)N[C@H]1C[C@@H]1c1ccc(C(F)(F)F)cc1)NCC(=O)N1CCC[C@H]1C#N
CHEMBL473973,CC(C)(CC(=O)N[C@H]1C[C@@H]1c1cccc(C(F)(F)F)c1)NCC(=O)N1CCC[C@H]1C#N
CHEMBL474559,CC(C)(CC(=O)N[C@H]1C[C@@H]1c1cccc(OC(F)(F)F)c1)NCC(=O)N1CCC[C@H]1C#N
CHEMBL474560,CC(C)(CC(=O)N[C@H]1C[C@@H]1c1ccc(Cl)cc1)NCC(=O)N1CCC[C@H]1C#N
CHEMBL474959,CC(C)(CC(=O)N[C@H]1C[C@@H]1c1ccc(Cl)c(Cl)c1)NCC(=O)N1CCC[C@H]1C#N
CHEMBL474960,COc1ccc([C@H]2C[C@@H]2NC(=O)CC(C)(C)NCC(=O)N2CCC[C@H]2C#N)cc1OC
CHEMBL472797,CC(C)(CC(=O)N[C@H]1C[C@@H]1c1cccnc1)NCC(=O)N1C[C@@H](F)C[C@H]1C#N
CHEMBL474767,Cc1ncsc1[C@H]1C[C@@H]1NC(=O)CC(C)(C)NCC(=O)N1C[C@@H](F)C[C@H]1C#N
CHEMBL474768,CC(C)(CC(=O)N[C@@H]1C[C@H]1c1cccc(Cl)c1)NCC(=O)N1CCC[C@H]1C#N
CHEMBL479381,N#Cc1ccc(N2C[C@@H]3[C@H](C2)[C@H]3NCC(=O)N2C[C@@H](F)C[C@H]2C#N)c(F)c1
CHEMBL479567,N#Cc1ccc(N2C[C@@H]3[C@H](C2)[C@H]3NCC(=O)N2C[C@@H](F)C[C@H]2C#N)cc1F
CHEMBL520434,N#Cc1c(F)cc(N2C[C@@H]3[C@H](C2)[C@H]3NCC(=O)N2C[C@@H](F)C[C@H]2C#N)cc1F
CHEMBL481669,N#Cc1ccc(N2C[C@@H]3[C@H](C2)[C@H]3NCC(=O)N2C[C@@H](F)C[C@H]2C#N)c(Cl)c1
CHEMBL481290,N#Cc1ccc(N2C[C@@H]3[C@H](C2)[C@H]3NCC(=O)N2C[C@@H](F)C[C@H]2C#N)cc1Cl
CHEMBL481288,N#Cc1ccc(N2C[C@@H]3[C@H](C2)[C@H]3NCC(=O)N2C[C@@H](F)C[C@H]2C#N)c(C(F)(F)F)c1
CHEMBL480913,N#Cc1ccc(N2C[C@@H]3[C@H](C2)[C@H]3NCC(=O)N2C[C@@H](F)C[C@H]2C#N)cc1C(F)(F)F
CHEMBL480914,CC(=O)c1ccc(N2C[C@@H]3[C@H](C2)[C@H]3NCC(=O)N2C[C@@H](F)C[C@H]2C#N)cc1
CHEMBL480154,CCOC(=O)c1ccc(N2C[C@@H]3[C@H](C2)[C@H]3NCC(=O)N2C[C@@H](F)C[C@H]2C#N)cc1
CHEMBL480155,N#C[C@@H]1C[C@H](F)CN1C(=O)CN[C@H]1[C@@H]2CN(c3ccc(C(N)=O)cc3)C[C@@H]21
CHEMBL471784,CNC(=O)c1ccc(N2C[C@@H]3[C@H](C2)[C@H]3NCC(=O)N2C[C@@H](F)C[C@H]2C#N)cc1
CHEMBL471785,N#C[C@@H]1C[C@H](F)CN1C(=O)CN[C@H]1[C@@H]2CN(c3ccc(C(=O)NC4CC4)cc3)C[C@@H]21
CHEMBL471960,N#Cc1ccccc1N1C[C@@H]2[C@H](C1)[C@H]2NCC(=O)N1C[C@@H](F)C[C@H]1C#N
CHEMBL479538,N#Cc1c(Cl)cccc1N1C[C@@H]2[C@H](C1)[C@H]2NCC(=O)N1C[C@@H](F)C[C@H]1C#N
CHEMBL461117,CC[C@H](C)[C@H](N)C(=O)N1C[C@@H](F)C[C@H]1C#N
CHEMBL515378,CC(C)(C)C(NC(=O)C[C@@H](N)C(=O)N1CCC[C@H]1C#N)c1ccccc1
CHEMBL456413,N#C[C@H]1C[C@@H](F)CN1C(=O)[C@@H](N)C(c1ccc(F)cc1)c1ccc(F)cc1
CHEMBL456419,CC1(NCC(=O)N2C[C@H](F)C[C@@H]2C#N)CCN(S(C)(=O)=O)CC1
CHEMBL456420,N#Cc1ccc(N[C@@H]2CNC(C(=O)N3CCC[C@H]3C#N)C2)cc1C#N
CHEMBL445437,N#Cc1ccc(N[C@@H]2CNC(C(=O)N3CCC[C@H]3C#N)C2)cc1Cl
CHEMBL459357,CN(C)C(=O)[C@@H](c1ccc(C2=CN3N=CNC3C=C2)cc1)[C@H](N)C(=O)N1CC[C@H](F)C1
CHEMBL460842,O=C(CNC12CC3CC(CC(C3)C1)C2)N1CCC[C@H]1B(O)O
CHEMBL445949,CC(C)[C@H](Oc1ccc(CNC(=O)[C@@H]2CCCN2C(=O)C[C@H](N)Cc2cc(F)ccc2F)cc1)C(=O)O.O=C(O)C(F)(F)F
CHEMBL459591,CC(C)=CCN1C(C2CC[C@H]3NCC[C@@H]23)=NC2C1C(=O)N(CC(=O)c1ccccc1)C(=O)N2C
CHEMBL459807,COc1ccccc1N1CCc2nc(C)c(CN)c(-c3ccc(Cl)cc3Cl)c2C1=O
CHEMBL460013,CC(N)/C(F)=C1\CCC[C@@H]1C#N.Cl
CHEMBL385517,N#C[C@@H]1C[C@@H]2C[C@@H]2N1C(=O)[C@@H](N)C12CC3CC(CC(O)(C3)C1)C2
CHEMBL463231,CC(C)(CC(=O)N[C@H]1C[C@@H]1c1cccc(Cl)c1)NCC(=O)N1CC(F)(F)C[C@H]1C#N
CHEMBL553936,N[C@@H](CC(=O)N1CCC[C@H]1CNC(=O)c1ccc(F)cc1)Cc1ccccc1F
CHEMBL564854,CC(C)[C@@]1(N)C[C@@H]2SC[C@@H](C#N)N2C1=O.Cl
CHEMBL561263,CC(C)C[C@@]1(N)C[C@@H]2SC[C@@H](C#N)N2C1=O.Cl
CHEMBL561462,Cl.N#C[C@@H]1CS[C@H]2C[C@](N)(Cc3ccccc3)C(=O)N12
CHEMBL559477,N[C@H]1Cn2c(nc3cnc(F)cc32)C[C@@H]1c1cc(F)c(F)cc1F.O=C(O)C(F)(F)F.O=C(O)C(F)(F)F
CHEMBL560123,N[C@@H](CC(=O)N1CCC[C@H]1CNC(=O)c1ccccn1)Cc1ccccc1F
CHEMBL561120,N[C@@H](CC(=O)N1CCC[C@H]1CNC(=O)C1CC1)Cc1cccc(Cl)c1
CHEMBL563648,N[C@@H](CC(=O)N1CCC[C@H]1CNC(=O)C1CC1)Cc1cc(F)c(F)cc1F
CHEMBL561322,N[C@@H](CC(=O)N1CCC[C@H]1CNS(=O)(=O)c1ccccc1)Cc1cccc(Cl)c1
CHEMBL562525,N[C@@H](CC(=O)N1CCC[C@H]1CNC(=O)c1ccccc1)Cc1cccc(Cl)c1
CHEMBL560729,CN(C)C(=O)c1ccc2c(c1)nc1n2C[C@H](N)[C@@H](c2cc(F)c(F)cc2F)C1.O=C(O)C(F)(F)F
CHEMBL560926,N[C@H]1Cn2c(nc3cccnc32)C[C@@H]1c1cc(F)c(F)cc1F.O=C(O)C(F)(F)F.O=C(O)C(F)(F)F
CHEMBL541438,N[C@H]1Cn2c(nc3cnc(C(F)(F)F)cc32)C[C@@H]1c1cc(F)c(F)cc1F.O=C(O)C(F)(F)F.O=C(O)C(F)(F)F
CHEMBL562981,N[C@@H](CC(=O)N1CCC[C@H]1CNC(=O)c1ccncc1)Cc1ccccc1F
CHEMBL560183,N[C@@H](CC(=O)N1CCC[C@H]1CNS(=O)(=O)c1cc(Cl)ccc1Cl)Cc1ccccc1F
CHEMBL560184,N[C@@H](CC(=O)N1CCC[C@H]1CNS(=O)(=O)C1CC1)Cc1cccc(Cl)c1
CHEMBL564670,Cl.N#C[C@@H]1CS[C@H]2C[C@](N)(c3ccccc3)C(=O)N12
CHEMBL560583,CC[C@@]1(N)C[C@@H]2SC[C@@H](C#N)N2C1=O.Cl
CHEMBL560985,Cl.N#C[C@@H]1CS[C@H]2C[C@](N)(C3CCCCC3)C(=O)N12
CHEMBL561793,CS(=O)(=O)Nc1ccc2c(c1)nc1n2C[C@H](N)[C@@H](c2cc(F)c(F)cc2F)C1.O=C(O)C(F)(F)F
CHEMBL562188,N[C@H]1Cn2c(nc3cnccc32)C[C@@H]1c1cc(F)c(F)cc1F.O=C(O)C(F)(F)F.O=C(O)C(F)(F)F
CHEMBL562388,N[C@H]1Cn2c(nc3ncccc32)C[C@@H]1c1cc(F)c(F)cc1F.O=C(O)C(F)(F)F.O=C(O)C(F)(F)F
CHEMBL563911,N[C@@H](CC(=O)N1CCC[C@H]1CNC(=O)c1cccnc1)Cc1ccccc1F
CHEMBL564043,CS(=O)(=O)c1ccccc1C(=O)NC[C@@H]1CCCN1C(=O)C[C@H](N)Cc1cccc(Cl)c1
CHEMBL565056,N[C@@H](CC(=O)N1CCC[C@H]1CNS(=O)(=O)c1ccc(F)cc1)Cc1ccccc1F
CHEMBL539691,Cl.N#C[C@@H]1CS[C@H]2C[C@@H](N)C(=O)N12
CHEMBL552403,Cl.N#C[C@@H]1CS[C@H]2C[C@](N)(c3ccc(F)cc3)C(=O)N12
CHEMBL563383,N[C@H]1Cn2c(nc3cc(C(=O)O)ccc32)C[C@@H]1c1cc(F)c(F)cc1F.O=C(O)C(F)(F)F
CHEMBL552263,N[C@@H](CC(=O)N1CCC[C@H]1CNC(=O)c1cccc(F)c1)Cc1ccccc1F
CHEMBL564249,CS(=O)(=O)c1cccc(C(=O)NC[C@@H]2CCCN2C(=O)C[C@H](N)Cc2cccc(Cl)c2)c1
CHEMBL549432,N[C@@H](CC(=O)N1CCC[C@H]1CNS(=O)(=O)c1ccc(Cl)cc1)Cc1ccccc1F
CHEMBL549842,N[C@@H](CC(=O)N1CCC[C@H]1CNS(=O)(=O)c1ccccc1F)Cc1ccccc1F
CHEMBL539187,N[C@@H](CC(=O)N1CCC[C@H]1CNS(=O)(=O)c1ccccc1)Cc1ccccc1F
CHEMBL550862,N[C@@H](CC(=O)N1CCC[C@H]1CNC(=O)c1ccccc1F)Cc1ccccc1F
CHEMBL552068,Cl.N[C@H]1Cn2c(nc3cnccc32)C[C@@H]1c1cc(F)c(F)cc1F
CHEMBL549645,CS(=O)(=O)c1ccc2nc3n(c2c1)C[C@H](N)[C@@H](c1cc(F)c(F)cc1F)C3.O=C(O)C(F)(F)F
CHEMBL549502,N[C@H]1Cn2c(nc3ccncc32)C[C@@H]1c1cc(F)c(F)cc1F.O=C(O)C(F)(F)F.O=C(O)C(F)(F)F
CHEMBL557851,CS(=O)(=O)c1ccc(C(=O)NC[C@@H]2CCCN2C(=O)C[C@H](N)Cc2ccccc2F)cc1
CHEMBL563108,CS(=O)(=O)c1ccccc1C(=O)NC[C@@H]1CCCN1C(=O)C[C@H](N)Cc1ccccc1F
CHEMBL558956,Cl.N#C[C@@H]1CS[C@H]2C[C@](N)(C3CCCC3)C(=O)N12
CHEMBL556219,Cl.N#C[C@@H]1CS[C@H]2C[C@](N)(CC3CCCCC3)C(=O)N12
CHEMBL557447,N[C@H]1Cn2c(nc3cnc(Cl)cc32)C[C@@H]1c1cc(F)c(F)cc1F.O=C(O)C(F)(F)F.O=C(O)C(F)(F)F
CHEMBL562603,N[C@@H](CC(=O)N1CCC[C@H]1CNS(=O)(=O)c1cccc(F)c1)Cc1ccccc1F
CHEMBL563272,N[C@@H](CC(=O)N1CCC[C@H]1CNS(=O)(=O)C1CC1)Cc1cc(F)c(F)cc1F
CHEMBL563772,CC[C@H](C)[C@@]1(N)C[C@@H]2SC[C@@H](C#N)N2C1=O.Cl
CHEMBL558313,Cl.N#C[C@@H]1CS[C@H]2C[C@](N)(CCc3ccccc3)C(=O)N12
CHEMBL556494,CC(=O)Nc1ccc2c(c1)nc1n2C[C@H](N)[C@@H](c2cc(F)c(F)cc2F)C1.O=C(O)C(F)(F)F
CHEMBL557514,Cc1cc2c(cn1)nc1n2C[C@H](N)[C@@H](c2cc(F)c(F)cc2F)C1.O=C(O)C(F)(F)F.O=C(O)C(F)(F)F
CHEMBL562072,N#Cc1cccnc1NC[C@@H]1CCCN1C(=O)C[C@H](N)Cc1cc(F)c(F)cc1F
CHEMBL562467,N[C@@H](CC(=O)N1CCC[C@H]1CNc1ccc(C(F)(F)F)nc1)Cc1cc(F)c(F)cc1F
CHEMBL564488,N[C@@H](CC(=O)N1CCC[C@H]1CNc1ncccn1)Cc1cc(F)c(F)cc1F
CHEMBL560669,N[C@H]1Cn2c(nc3ccc(F)cc32)C[C@@H]1c1cc(F)c(F)cc1F.O=C(O)C(F)(F)F
CHEMBL563849,N#Cc1ccc(OC[C@@H]2CCCN2C(=O)C[C@H](N)Cc2cc(F)c(F)cc2F)nc1
CHEMBL562530,N[C@H]1Cn2c(nc3c(F)c(F)c(F)cc32)C[C@@H]1c1cc(F)c(F)cc1F.O=C(O)C(F)(F)F
CHEMBL559543,CS(=O)(=O)NC[C@@H]1CCCN1C(=O)C[C@H](N)Cc1cc(F)c(F)cc1F
CHEMBL559940,CS(=O)(=O)c1ccc2c(c1)nc1n2C[C@H](N)[C@@H](c2cc(F)c(F)cc2F)C1.O=C(O)C(F)(F)F
CHEMBL559601,CN(C[C@@H]1CCCN1C(=O)C[C@H](N)Cc1cc(F)c(F)cc1F)C(=O)C(C)(F)F
CHEMBL564283,N[C@@H](CC(=O)N1CCC[C@H]1CNS(=O)(=O)C(F)(F)F)Cc1cc(F)c(F)cc1F
CHEMBL559602,N[C@@H](CC(=O)N1CCC[C@H]1CNS(=O)(=O)CC(F)(F)F)Cc1cc(F)c(F)cc1F
CHEMBL563155,N[C@H]1Cn2c(nc3ccc(OC(F)(F)F)cc32)C[C@@H]1c1cc(F)c(F)cc1F.O=C(O)C(F)(F)F
CHEMBL560192,CCS(=O)(=O)c1ccc2c(c1)nc1n2C[C@H](N)[C@@H](c2cc(F)c(F)cc2F)C1.O=C(O)C(F)(F)F
CHEMBL549581,N[C@@H](CC(=O)N1CCC[C@H]1CNc1ncc(F)cn1)Cc1cc(F)c(F)cc1F
CHEMBL549992,N[C@@H](CC(=O)N1CCC[C@H]1COCC1CC1)Cc1cc(F)c(F)cc1F
CHEMBL550598,COc1ccc2c(c1)nc1n2C[C@H](N)[C@@H](c2cc(F)c(F)cc2F)C1.O=C(O)C(F)(F)F
CHEMBL550801,N[C@H]1Cn2c(nc3ccc(C(F)(F)F)cc32)C[C@@H]1c1cc(F)c(F)cc1F.O=C(O)C(F)(F)F
CHEMBL552069,N[C@@H](CC(=O)N1CCC[C@H]1CNC(=O)C1(C(F)(F)F)CC1)Cc1cc(F)c(F)cc1F
CHEMBL563901,N[C@@H](CC(=O)N1CCC[C@H]1CNC(=O)C1CCC1)Cc1cc(F)c(F)cc1F
CHEMBL552071,N[C@H]1Cn2c(nc3cc(F)ccc32)C[C@@H]1c1cc(F)c(F)cc1F.O=C(O)C(F)(F)F
CHEMBL552479,N[C@H]1Cn2c(nc3cc(C(F)(F)F)ccc32)C[C@@H]1c1cc(F)c(F)cc1F.O=C(O)C(F)(F)F
CHEMBL552127,CN(C[C@@H]1CCCN1C(=O)C[C@H](N)Cc1cc(F)c(F)cc1F)c1ccc(C#N)cn1
CHEMBL549296,N[C@@H](CC(=O)N1CCC[C@H]1CNc1nccc(C(F)(F)F)n1)Cc1cc(F)c(F)cc1F
CHEMBL554908,N[C@@H](CC(=O)N1CCC[C@H]1CNC(=O)C1CC1(F)F)Cc1cc(F)c(F)cc1F
CHEMBL549913,N[C@H]1Cn2c(nc3ccccc32)C[C@@H]1c1cc(F)c(F)cc1F.O=C(O)C(F)(F)F
CHEMBL550114,N[C@@H](CC(=O)N1CCC[C@H]1CNC(=O)CC(F)(F)F)Cc1cc(F)c(F)cc1F
CHEMBL550321,CN(C[C@@H]1CCCN1C(=O)C[C@H](N)Cc1cc(F)c(F)cc1F)C(=O)C(C)(C)C
CHEMBL565101,N#Cc1ccnc(OC[C@@H]2CCCN2C(=O)C[C@H](N)Cc2cc(F)c(F)cc2F)c1
CHEMBL557860,CC(F)(F)C(=O)NC[C@@H]1CCCN1C(=O)C[C@H](N)Cc1cc(F)c(F)cc1F
CHEMBL558253,N[C@H]1Cn2c(nc3c(F)cc(F)cc32)C[C@@H]1c1cc(F)c(F)cc1F.O=C(O)C(F)(F)F
CHEMBL562953,Cc1ccc2c(c1)nc1n2C[C@H](N)[C@@H](c2cc(F)c(F)cc2F)C1.O=C(O)C(F)(F)F
CHEMBL558452,CN(C[C@@H]1CCCN1C(=O)C[C@H](N)Cc1cc(F)c(F)cc1F)S(=O)(=O)C(F)(F)F
CHEMBL558647,N[C@@H](CC(=O)N1CCC[C@H]1CN(C1CC1)S(=O)(=O)C(F)(F)F)Cc1cc(F)c(F)cc1F
CHEMBL563244,N#Cc1ccc(NC[C@@H]2CCCN2C(=O)C[C@H](N)Cc2cc(F)c(F)cc2F)nc1
CHEMBL556708,N[C@@H](CC(=O)N1CCC[C@H]1CNc1ccc(F)cn1)Cc1cc(F)c(F)cc1F
CHEMBL557315,N[C@@H](CC(=O)N1CCC[C@H]1COc1ccnc(C(F)(F)F)n1)Cc1cc(F)c(F)cc1F
CHEMBL557723,N[C@@H](CC(=O)N1CCC[C@H]1CNC(=O)C1CCCC1)Cc1cc(F)c(F)cc1F
CHEMBL537962,N[C@H]1Cn2c(nc3c(F)cccc32)C[C@@H]1c1cc(F)c(F)cc1F.O=C(O)C(F)(F)F
CHEMBL558322,CC(C)(C)C(=O)NC[C@@H]1CCCN1C(=O)C[C@H](N)Cc1cc(F)c(F)cc1F
CHEMBL558323,CC(C)(F)C(=O)NC[C@@H]1CCCN1C(=O)C[C@H](N)Cc1cc(F)c(F)cc1F
CHEMBL564105,CN(C[C@@H]1CCCN1C(=O)C[C@H](N)Cc1cc(F)c(F)cc1F)C(=O)C1CC1
CHEMBL1202081,COc1cccc(N2CCN(CCNCC(=O)N3CCC[C@@H]3C#N)C2=O)c1.O=C(O)C(=O)O
CHEMBL1202082,CCCCN1CCN(CCNCC(=O)N2CCC[C@@H]2C#N)C1=O.O=C(O)C(=O)O
CHEMBL1202083,N#C[C@H]1CCCN1C(=O)CNCCN1CCN(c2ccccc2)C1=O.O=C(O)C(=O)O
CHEMBL1202086,Cc1ccc(N2CCN(CCNCC(=O)N3CCC[C@@H]3C#N)C2=O)cc1.O=C(O)C(=O)O
CHEMBL1202089,N#C[C@H]1CCCN1C(=O)CNCCN1CCN(c2ccc(Cl)cc2)C1=O.O=C(O)C(=O)O
CHEMBL1202090,CC(C)(C)N1CCN(CCNCC(=O)N2CCC[C@@H]2C#N)C1=O.O=C(O)C(=O)O
CHEMBL1202091,CC(C)N1CCN(CCNCC(=O)N2CCC[C@@H]2C#N)C1=O.O=C(O)C(=O)O
CHEMBL1202092,N#C[C@H]1CCCN1C(=O)CNCCN1CCN(C2CCCCC2)C1=O.O=C(O)C(=O)O
CHEMBL1202093,COc1ccc(N2CCN(CCNCC(=O)N3CCC[C@@H]3C#N)C2=O)cc1.O=C(O)C(=O)O
CHEMBL1090,Nc1ncnc2c1ncn2[C@@H]1O[C@H](CO)[C@@H](O)[C@@H]1O
CHEMBL567893,COC(=O)[C@@H]1CCCN1C(=O)[C@@H](Cc1ccccc1)N(C)C(=O)[C@H](C)NC(=O)[C@@H](NC(=O)C[C@H](O)[C@H](CC(C)C)NC(=O)[C@H](CC(N)=O)NC(=O)[C@H](CC(C)C)NC(=O)[C@H](OC(=O)[C@@H](OC(=O)[C@H](C(C)C)N(C)C)C(C)C)C(C)C)[C@@H](C)O
CHEMBL565633,CC(C)(C)c1noc([C@@H]2CCCN2C(=O)C[C@H](N)Cc2cc(F)c(F)cc2F)n1
CHEMBL566460,N[C@@H](CCN1CCC[C@H]1c1nc(-c2ccccc2)no1)Cc1ccccc1F
CHEMBL566672,N[C@@H](CC(=O)N1CCC[C@H]1c1nc(CC2CC2)no1)Cc1cc(F)c(F)cc1F
CHEMBL567727,N[C@@H](CC(=O)N1CCC[C@H]1c1nc(-c2ncccn2)no1)Cc1cc(F)c(F)cc1F
CHEMBL567728,CC(C)(F)c1nc([C@@H]2CCCN2C(=O)C[C@H](N)Cc2cc(F)c(F)cc2F)no1
CHEMBL585663,N[C@@H](CCN1CCC[C@H]1c1noc(-c2ccccc2)n1)Cc1ccccc1F
CHEMBL565613,N[C@@H](CCN1CCC[C@H]1c1ncn(-c2ccccc2)n1)Cc1ccccc1F
CHEMBL565813,N[C@@H](CC(=O)N1CCC[C@H]1c1nc(C2(C(F)(F)F)CC2)no1)Cc1cc(F)c(F)cc1F
CHEMBL585129,N[C@@H](CC(=O)N1CCC[C@H]1c1nc(N2CCOCC2)no1)Cc1cc(F)c(F)cc1F
CHEMBL584276,N[C@@H](CCN1CCC[C@H]1c1nnc(-c2ccccc2)o1)Cc1ccccc1F
CHEMBL566616,N[C@@H](CC(=O)N1CCC[C@H]1c1nc(N2CCCC2)no1)Cc1cc(F)c(F)cc1F
CHEMBL566829,N[C@@H](CC(=O)N1CCC[C@H]1c1nc(-c2ncc(F)cc2F)no1)Cc1cc(F)c(F)cc1F
CHEMBL566617,N[C@@H](CCN1CCC[C@H]1c1nc(-c2ccccc2)co1)Cc1ccccc1F
CHEMBL565999,N[C@@H](CCN1CCC[C@H]1c1ccn(-c2ccccc2)n1)Cc1ccccc1F
CHEMBL566419,N[C@@H](CC(=O)N1CCC[C@H]1c1noc(C2CC2)n1)Cc1cc(F)c(F)cc1F
CHEMBL565600,CC1(c2nc([C@@H]3CCCN3C(=O)C[C@H](N)Cc3cc(F)c(F)cc3F)no2)COC1
CHEMBL567270,N[C@@H](CC(=O)N1CCC[C@H]1c1ncn(-c2ccccn2)n1)Cc1cc(F)c(F)cc1F
CHEMBL566425,CS(=O)(=O)N1CC(c2noc([C@@H]3CCCN3C(=O)C[C@H](N)Cc3cc(F)c(F)cc3F)n2)C1
CHEMBL584692,N[C@@H](CC(=O)N1CCC[C@H]1c1noc(C2(C(F)(F)F)CC2)n1)Cc1cc(F)c(F)cc1F
CHEMBL568111,CC(C)(C)c1nc([C@@H]2CCCN2C(=O)C[C@H](N)Cc2cc(F)c(F)cc2F)no1
CHEMBL566854,N[C@@H](CCN1CCC[C@H]1c1cn(-c2ccccc2)nn1)Cc1ccccc1F
CHEMBL584698,N[C@@H](CC(=O)N1CCC[C@H]1c1noc(C2(O)CC2)n1)Cc1cc(F)c(F)cc1F
CHEMBL567278,N[C@@H](CC(=O)N1CCC[C@H]1c1nc(C2CC2)no1)Cc1cc(F)c(F)cc1F
CHEMBL567279,CC(=O)N1CC(c2noc([C@@H]3CCCN3C(=O)C[C@H](N)Cc3cc(F)c(F)cc3F)n2)C1
CHEMBL585290,N[C@@H](CC(=O)N1CCC[C@H]1c1noc(C2(F)CC2)n1)Cc1cc(F)c(F)cc1F
CHEMBL567263,N[C@@H](CCN1CCC[C@H]1CNC(=O)c1ccccc1)Cc1ccccc1F
CHEMBL584494,N[C@@H](CC(=O)N1CCC[C@H]1c1nc(-c2ccccn2)no1)Cc1cc(F)c(F)cc1F
CHEMBL566628,N[C@@H](CC(=O)N1CCC[C@H]1c1nc(-c2cnccn2)no1)Cc1cc(F)c(F)cc1F
CHEMBL590326,COc1cc2c(cc1OC)C1CC(N)C(N3CCCC3=O)CN1CC2
CHEMBL600440,COc1cc2c(cc1OC)[C@H]1C[C@@H](N)[C@H](N3CCCCC3=O)CN1CC2
CHEMBL592778,COc1cc2c(cc1OC)[C@@H]1C[C@H](N)[C@@H](N3CCCCC3=O)CN1CC2
CHEMBL592779,COc1cc2c(cc1OC)C1CC(N)C(N3CCCCC3=O)CN1CC2
CHEMBL592547,COc1cc2c(cc1OC)C1CC(N)C(N3CCCCCC3=O)CN1CC2
CHEMBL605285,COc1cc2c(cc1OC)C1CC(N)C(N3CCC[S+]3[O-])CN1CC2
CHEMBL589598,COc1cc2c(cc1OC)C1CC(N)C(N3CCCC[S+]3[O-])CN1CC2
CHEMBL590330,COc1cc2c(cc1OC)C1CC(N)C(N3CCOC3=O)CN1CC2
CHEMBL600045,COc1cc2c(cc1OC)C1CC(N)C(N3CCCOC3=O)CN1CC2
CHEMBL590086,COc1cc2c(cc1OC)C1CC(N)C(N3CCC(C)CC3=O)CN1CC2
CHEMBL590329,COc1cc2c(cc1OC)C1CC(N)C(N3CC(C)CCC3=O)CN1CC2
CHEMBL590812,COc1cc2c(cc1OC)C1CC(N)C(N3CC(C)CC3=O)CN1CC2
CHEMBL601074,CCC1CC(=O)N(C2CN3CCc4cc(OC)c(OC)cc4C3CC2N)C1
CHEMBL591060,COc1cc2c(cc1OC)C1CC(N)C(N3CCC(C)C3=O)CN1CC2
CHEMBL1202080,COc1ccc(N2CCN(CCNCC(=O)N3CCC[C@@H]3C#N)C2=O)cc1OC.O=C(O)C(=O)O
CHEMBL1202084,N#C[C@H]1CCCN1C(=O)CNCCN1CCN(c2ccccc2F)C1=O.O=C(O)C(=O)O
CHEMBL1202085,COc1cc(N2CCN(CCNCC(=O)N3CCC[C@@H]3C#N)C2=O)cc(OC)c1OC.O=C(O)C(=O)O
CHEMBL1202087,N#C[C@H]1CCCN1C(=O)CNCCN1CCN(c2ccc(F)cc2)C1=O.O=C(O)C(=O)O
CHEMBL1202088,N#C[C@H]1CCCN1C(=O)CNCCN1CCN(c2cccc(F)c2)C1=O.O=C(O)C(=O)O
CHEMBL1202094,COc1cc(OC)cc(N2CCN(CCNCC(=O)N3CCC[C@@H]3C#N)C2=O)c1.O=C(O)C(=O)O
CHEMBL591982,CCc1cccc([C@H]2CN3CCc4cc(OC)c(OC)cc4[C@@H]3CC2N)c1
CHEMBL591277,COc1cc2c(cc1OC)[C@@H]1CC(N)[C@@H](c3cccc(C4CC4)c3)CN1CC2
CHEMBL591278,COc1cc2c(cc1OC)[C@@H]1CC(N)[C@@H](c3cccc(C(C)C)c3)CN1CC2
CHEMBL591279,COc1cc2c(cc1OC)[C@@H]1CC(N)[C@@H](c3cccc(CF)c3)CN1CC2
CHEMBL601937,COc1cc2c(cc1OC)[C@@H]1CC(N)[C@@H](c3cc(C)ccc3C)CN1CC2
CHEMBL590557,COc1cc2c(cc1OC)[C@@H]1C[C@H](N)[C@@H](c3cc(C)ccn3)CN1CC2
CHEMBL591289,COc1cc2c(cc1OC)C1CC(N)C(N3C(=O)CCC3C)CN1CC2
CHEMBL591290,COc1cc2c(cc1OC)[C@@H]1C[C@H](N)[C@@H](N3C[C@@H](C)CC3=O)CN1CC2
CHEMBL591291,COc1cc2c(cc1OC)[C@@H]1C[C@H](N)[C@@H](N3C[C@H](C)CC3=O)CN1CC2
CHEMBL591118,COc1cc2c(cc1OC)[C@@H]1C[C@H](N)[C@@H](N3C[C@@H](CF)CC3=O)CN1CC2
CHEMBL591117,COc1cc2c(cc1OC)[C@@H]1C[C@H](N)[C@@H](N3C[C@H](CF)CC3=O)CN1CC2
CHEMBL598754,COc1cc2c(cc1OC)[C@H]1C[C@@H](N)[C@H](c3cc(C)ccn3)CN1CC2
CHEMBL598755,COc1cc2c(cc1OC)[C@@H]1CC(N)[C@@H](c3cc(C)ccn3)CN1CC2
CHEMBL598470,COc1cc2c(cc1OC)[C@@H]1CC(N)[C@@H](c3cc(CF)ccn3)CN1CC2
CHEMBL1086502,CC(C)(CC(=O)N1CC[C@@H](O)C1)NCC(=O)N1CCC[C@H]1C#N
CHEMBL1082462,CC(C)(CC(=O)N1CCCC1)NCC(=O)N1C[C@@H](F)C[C@H]1C#N
CHEMBL1082463,CC(C)(CC(=O)N1CC[C@@H](O)C1)NCC(=O)N1C[C@@H](F)C[C@H]1C#N
CHEMBL1082464,CC(C)(CC(=O)N1CC[C@H](O)C1)NCC(=O)N1C[C@@H](F)C[C@H]1C#N
CHEMBL1082465,CC(C)(CC(=O)N1CC[C@@H](F)C1)NCC(=O)N1C[C@@H](F)C[C@H]1C#N
CHEMBL1086039,CC(C)(CC(=O)N1CCC[C@H]1CO)NCC(=O)N1C[C@@H](F)C[C@H]1C#N
CHEMBL1085579,C[C@@H]1CCCN1C(=O)CC(C)(C)NCC(=O)N1C[C@@H](F)C[C@H]1C#N
CHEMBL1085580,CC(C)(CC(=O)N1CCSC1)NCC(=O)N1C[C@@H](F)C[C@H]1C#N
CHEMBL1085074,CC(C)(CC(=O)N1CCCCC1)NCC(=O)N1C[C@@H](F)C[C@H]1C#N
CHEMBL1085075,CC(C)(CC(=O)N1CC=CCC1)NCC(=O)N1C[C@@H](F)C[C@H]1C#N
CHEMBL1085332,CC(C)(CC(=O)N1CCC(=O)CC1)NCC(=O)N1C[C@@H](F)C[C@H]1C#N
CHEMBL1085333,CC(C)(CC(=O)N1CCOCC1)NCC(=O)N1C[C@@H](F)C[C@H]1C#N
CHEMBL1085595,CC(C)(CC(=O)N1CCN(S(C)(=O)=O)CC1)NCC(=O)N1C[C@@H](F)C[C@H]1C#N
CHEMBL1085596,CN1CCN(C(=O)CC(C)(C)NCC(=O)N2C[C@@H](F)C[C@H]2C#N)CC1
CHEMBL1085597,CCOC(=O)N1CCN(C(=O)CC(C)(C)NCC(=O)N2C[C@@H](F)C[C@H]2C#N)CC1
CHEMBL1085598,CC(C)(CC(=O)N1CCCCCC1)NCC(=O)N1C[C@@H](F)C[C@H]1C#N
CHEMBL1084601,CC(C)(CC(=O)N1C2CCC1CC2)NCC(=O)N1C[C@@H](F)C[C@H]1C#N
CHEMBL1084972,CC(C)(CC(=O)NC1CCCC1)NCC(=O)N1C[C@@H](F)C[C@H]1C#N
CHEMBL1085305,COc1ccc(NC(=O)CC(C)(C)NCC(=O)N2C[C@@H](F)C[C@H]2C#N)cc1OC
CHEMBL1085306,CC(C)(CC(=O)Nc1ccccn1)NCC(=O)N1C[C@@H](F)C[C@H]1C#N
CHEMBL1085552,COc1ccc(NC(=O)CC(C)(C)NCC(=O)N2C[C@@H](F)C[C@H]2C#N)nc1
CHEMBL1085269,CN(C)C(=O)N1C[C@H]2C[C@@H](NCC(=O)N3CCC[C@H]3C#N)C[C@H]2C1
CHEMBL1083589,Cl.N#C[C@@H]1CCCN1C(=O)CN[C@H]1C[C@H]2C[C@@H](O)C[C@H]2C1
CHEMBL1082653,CO[C@H]1C[C@H]2C[C@@H](NCC(=O)N3CCC[C@H]3C#N)C[C@H]2C1.Cl
CHEMBL1082654,CCO[C@H]1C[C@H]2C[C@@H](NCC(=O)N3CCC[C@H]3C#N)C[C@H]2C1.Cl
CHEMBL1082973,CN(C)C(=O)O[C@H]1C[C@H]2C[C@@H](NCC(=O)N3CCC[C@H]3C#N)C[C@H]2C1.Cl
CHEMBL1082974,CCN(CC)C(=O)O[C@H]1C[C@H]2C[C@@H](NCC(=O)N3CCC[C@H]3C#N)C[C@H]2C1.Cl
CHEMBL1083916,CC(C)NC(=O)O[C@H]1C[C@H]2C[C@@H](NCC(=O)N3CCC[C@H]3C#N)C[C@H]2C1.Cl
CHEMBL1084473,CC(C)(C)NC(=O)O[C@H]1C[C@H]2C[C@@H](NCC(=O)N3CCC[C@H]3C#N)C[C@H]2C1.Cl
CHEMBL1082345,Cl.N#C[C@@H]1CCCN1C(=O)CN[C@@H]1C[C@@H]2C[C@H](OC(=O)Nc3ccccc3)C[C@@H]2C1
CHEMBL1082346,CO[C@@H]1C[C@H]2C[C@@H](NCC(=O)N3CCC[C@H]3C#N)C[C@H]2C1.Cl
CHEMBL1082347,CO[C@@H]1C[C@H]2C[C@H](NCC(=O)N3CCC[C@H]3C#N)C[C@H]2C1.Cl
CHEMBL1082348,CO[C@H]1C[C@H]2C[C@H](NCC(=O)N3CCC[C@H]3C#N)C[C@H]2C1.Cl
CHEMBL1082350,CC(=O)O[C@H]1C[C@H]2C[C@@H](NCC(=O)N3CCC[C@H]3C#N)C[C@H]2C1.Cl
CHEMBL1082996,C#C[C@@H]1C[C@H](F)CN1C(=O)CC(C)(C)CC(=O)N[C@H]1C[C@@H]1c1cccc(Cl)c1
CHEMBL1082997,CC(C)(CC(=O)N1CCCC1)NCC(=O)N1CCC[C@H]1C#N
CHEMBL387050,O=C1c2ccccc2CN1CC(=O)N1CCC[C@H]1B(O)O
CHEMBL1085522,CC(C)NC(=O)N1C[C@H]2C[C@@H](NCC(=O)N3CCC[C@H]3C#N)C[C@H]2C1
CHEMBL1082707,N#C[C@@H]1CCCN1C(=O)CN[C@@H]1C[C@@H]2CN(C(=O)N3CCCC3)C[C@@H]2C1
CHEMBL1082708,N#C[C@@H]1CCCN1C(=O)CN[C@@H]1C[C@@H]2CN(C(=O)N3CCCCC3)C[C@@H]2C1
CHEMBL1082716,N#C[C@@H]1CCCN1C(=O)CN[C@@H]1C[C@@H]2CN(C(=O)N3CCOCC3)C[C@@H]2C1
CHEMBL1083031,COC(=O)N1C[C@H]2C[C@@H](NCC(=O)N3CCC[C@H]3C#N)C[C@H]2C1
CHEMBL1083032,N#C[C@@H]1CCCN1C(=O)CN[C@@H]1C[C@@H]2CN(C(=O)CO)C[C@@H]2C1
CHEMBL1086466,CN(C)C(=O)N1C[C@H]2C[C@H](NCC(=O)N3CCC[C@H]3C#N)C[C@H]2C1
CHEMBL1083287,CN(C)C(=O)N1C[C@@H]2C[C@](C)(NCC(=O)N3CCC[C@H]3C#N)C[C@@H]2C1
CHEMBL1083588,CN(C)C(=O)N1C[C@@H]2C[C@@](C)(NCC(=O)N3CCC[C@H]3C#N)C[C@@H]2C1
CHEMBL1243184,O=C1N[C@H](C(=O)N2CCC[C@H]2B(O)O)C[C@H]1CC(=O)N1Cc2ccccc2C1
CHEMBL1243372,N#C[C@@H]1CCCN1C(=O)[C@@H](N)CCCN1Cc2ccccc2C1=O
CHEMBL1275851,COc1ccc(CN2CC3CN(C(=O)C[C@H](N)Cc4cc(F)c(F)cc4F)CCN3C2=O)cc1.O=C(O)/C=C/C(=O)O
CHEMBL1275852,COc1ccccc1CN1CC2CN(C(=O)C[C@H](N)Cc3cc(F)c(F)cc3F)CCN2C1=O.O=C(O)/C=C/C(=O)O
CHEMBL1275853,COc1cccc(CN2CC3CN(C(=O)C[C@H](N)Cc4cc(F)c(F)cc4F)CCN3C2=O)c1.O=C(O)/C=C/C(=O)O
CHEMBL1275854,COc1cc(CN2CC3CN(C(=O)C[C@H](N)Cc4cc(F)c(F)cc4F)CCN3C2=O)cc(OC)c1.O=C(O)/C=C/C(=O)O
CHEMBL1276590,N[C@@H](CC(=O)N1CCN2C(=O)OCC2C1)Cc1cc(F)c(F)cc1F.O=C(O)/C=C/C(=O)O
CHEMBL1276591,N[C@@H](CC(=O)N1CCN2C(=O)NCC2C1)Cc1cc(F)c(F)cc1F.O=C(O)/C=C/C(=O)O
CHEMBL1276619,CN1CC2CN(C(=O)C[C@H](N)Cc3cc(F)c(F)cc3F)CCN2C1=O.O=C(O)/C=C/C(=O)O
CHEMBL1276620,CCN1CC2CN(C(=O)C[C@H](N)Cc3cc(F)c(F)cc3F)CCN2C1=O.O=C(O)/C=C/C(=O)O
CHEMBL1276650,N[C@@H](CC(=O)N1CCN2C(=O)N(Cc3ccccc3)CC2C1)Cc1cc(F)c(F)cc1F.O=C(O)/C=C/C(=O)O
CHEMBL1276682,N[C@@H](CC(=O)N1CCN2C(=O)N(Cc3ccc(F)cc3)CC2C1)Cc1cc(F)c(F)cc1F.O=C(O)/C=C/C(=O)O
CHEMBL1287844,Cl.Cn1c(=O)c2c(cc(N3CCC[C@@](C)(N)C3)n2Cc2cc(F)ccc2Cl)n(CCCO)c1=O
CHEMBL1287845,CCOCCCn1c(=O)n(C)c(=O)c2c1cc(N1CCC[C@@](C)(N)C1)n2Cc1cc(F)ccc1Cl.Cl
CHEMBL1287874,Cl.Cn1cnc2cc(N3CCC[C@@](C)(N)C3)n(Cc3cc(F)ccc3Cl)c2c1=O
CHEMBL1287875,Cl.Cn1cnc2cc(N3CCC[C@@](C)(N)C3)n(Cc3cc(F)ccc3C#N)c2c1=O
CHEMBL1287901,Cc1ccc(F)cc1Cn1c(N2CCC[C@@](C)(N)C2)cc2ncn(C)c(=O)c21.Cl
CHEMBL1287902,Cl.Cn1cnc2cc(N3CCC[C@@](C)(N)C3)n(Cc3ccccc3C#N)c2c1=O
CHEMBL1288231,Cl.Cn1c(=O)[nH]c2cc(N3CCC[C@@](C)(N)C3)n(Cc3ccccc3)c2c1=O
CHEMBL1288232,Cl.Cn1c(=O)c2c(cc(N3CCC[C@@](C)(N)C3)n2Cc2ccccc2C#N)n(C)c1=O
CHEMBL1288260,Cl.Cn1c(=O)c2c(cc(N3CCC[C@@](C)(N)C3)n2Cc2cc(F)ccc2Cl)n(C)c1=O
CHEMBL1288261,Cc1ccc(F)cc1Cn1c(N2CCC[C@@](C)(N)C2)cc2c1c(=O)n(C)c(=O)n2C.Cl
CHEMBL1288288,CCn1c(=O)n(C)c(=O)c2c1cc(N1CCC[C@@](C)(N)C1)n2Cc1cc(F)ccc1C#N.Cl
CHEMBL1288289,CN(C)C(=O)Cn1c(=O)n(C)c(=O)c2c1cc(N1CCC[C@@](C)(N)C1)n2Cc1cc(F)ccc1Cl.Cl
CHEMBL1644844,Cc1ccc(-c2c(CC(=O)Nc3cccc([S+](C)[O-])c3)c(C)nc(CC(C)C)c2CN)cc1.Cl
CHEMBL3215611,Cc1ccc(-c2c(CC(=O)N3CCC(S(C)(=O)=O)C3)c(C)nc(CC(C)C)c2CN)cc1.Cl.Cl
CHEMBL3215827,CC(=O)c1cccc(NC(=O)Cc2c(C)nc(CC(C)C)c(CN)c2-c2ccc(C)cc2)c1.Cl.Cl
CHEMBL3215828,COC(=O)C1CCN(C(=O)Cc2c(C)nc(CC(C)C)c(CN)c2-c2ccc(C)cc2)C1.Cl.Cl
CHEMBL3216064,COC(=O)[C@@H]1CCCN1C(=O)Cc1c(C)nc(CC(C)C)c(CN)c1-c1ccc(C)cc1.Cl.Cl
CHEMBL3216270,Cc1ccc(-c2c(CC(=O)Nc3cccc(C(N)=O)c3)c(C)nc(CC(C)C)c2CN)cc1.Cl.Cl
CHEMBL3216271,COC(=O)c1ccccc1NC(=O)Cc1c(C)nc(CC(C)C)c(CN)c1-c1ccc(C)cc1.Cl.Cl
CHEMBL3216272,Cc1ccc(-c2c(CC(=O)Nc3cscc3C(=O)O)c(C)nc(CC(C)C)c2CN)cc1.Cl.Cl
CHEMBL3216483,COC(=O)c1cscc1NC(=O)Cc1c(C)nc(CC(C)C)c(CN)c1-c1ccc(C)cc1.Cl.Cl
CHEMBL3216485,Cc1ccc(-c2c(CC(=O)N3CCC[C@H]3C(=O)O)c(C)nc(CC(C)C)c2CN)cc1.Cl.Cl
CHEMBL3216724,COC(=O)c1cccc(NC(=O)Cc2c(C)nc(CC(C)C)c(CN)c2-c2ccc(C)cc2)c1.Cl.Cl
CHEMBL3216725,Cc1ccc(-c2c(CC(=O)N3CCC[C@H]3C(N)=O)c(C)nc(CC(C)C)c2CN)cc1.Cl.Cl
CHEMBL3216726,Cc1ccc(-c2c(CC(=O)N3CCC[C@@H]3C(=O)O)c(C)nc(CC(C)C)c2CN)cc1.Cl.Cl
CHEMBL3216940,Cc1ccc(-c2c(CC(=O)Nc3cccc(C(=O)O)c3)c(C)nc(CC(C)C)c2CN)cc1.Cl.Cl
CHEMBL3216941,COC(=O)[C@H]1CCCN1C(=O)Cc1c(C)nc(CC(C)C)c(CN)c1-c1ccc(C)cc1.Cl.Cl
CHEMBL3217158,Cc1ccc(-c2c(CC(=O)Nc3cccc(S(C)(=O)=O)c3)c(C)nc(CC(C)C)c2CN)cc1.Cl.Cl
CHEMBL376359,Cn1c(=O)cc(N2CCC[C@@H](N)C2)n(Cc2ccccc2C#N)c1=O
CHEMBL1614729,Cc1ccc(-c2c(CN)c(CC(C)C)nc(C)c2C(=O)O)cc1
CHEMBL1650411,COc1cnc(N2CCC[C@@H](N)C2)n(Cc2ccccc2C#N)c1=O
CHEMBL1650412,N#Cc1ccccc1Cn1c(N2CCC[C@@H](N)C2)nc(-c2ccccc2)cc1=O
CHEMBL1650413,N#Cc1ccccc1Cn1c(N2CCC[C@@H](N)C2)nc2c(c1=O)CCCC2
CHEMBL1650414,N#Cc1ccccc1Cn1c(N2CCC[C@@H](N)C2)ncc(-c2ccccc2)c1=O
CHEMBL1650415,Cc1nc(N2CCC[C@@H](N)C2)n(Cc2ccccc2C#N)c(=O)c1-c1ccccc1
CHEMBL1650416,N#Cc1ccccc1Cn1c(N2CCC[C@@H](N)C2)ncc(-c2ccccc2F)c1=O
CHEMBL1650417,COc1ccccc1-c1cnc(N2CCC[C@@H](N)C2)n(Cc2ccccc2C#N)c1=O
CHEMBL1650418,N#Cc1ccccc1Cn1c(N2CCC[C@@H](N)C2)ncc(-c2ccoc2)c1=O
CHEMBL1650419,Cc1nc(N2CCC[C@@H](N)C2)n(Cc2ccccc2C#N)c(=O)c1-c1ccoc1
CHEMBL1650420,N#Cc1ccccc1Cn1c(N2CCC[C@@H](N)C2)ncc(-c2cc[nH]c2)c1=O
CHEMBL1650421,N#Cc1ccccc1Cn1c(N2CCC[C@@H](N)C2)ncc(N2CCCC2)c1=O
CHEMBL1650422,C#Cc1cnc(N2CCC[C@@H](N)C2)n(Cc2ccccc2C#N)c1=O
CHEMBL1650423,CC#Cc1cnc(N2CCC[C@@H](N)C2)n(Cc2ccccc2C#N)c1=O
CHEMBL1650424,N#Cc1ccccc1Cn1c(N2CCC[C@@H](N)C2)ncc(C#CCO)c1=O
CHEMBL1650425,CC(C)(C)C#Cc1cnc(N2CCC[C@@H](N)C2)n(Cc2ccccc2C#N)c1=O
CHEMBL1650426,C=Cc1cnc(N2CCC[C@@H](N)C2)n(Cc2ccccc2C#N)c1=O
CHEMBL1650427,N#Cc1ccccc1Cn1c(N2CCC[C@@H](N)C2)ncc(/C=C/c2ccccc2)c1=O
CHEMBL1650428,N#Cc1ccccc1Cn1c(N2CCC[C@@H](N)C2)ncc(/C=C/c2ccc(F)cc2)c1=O
CHEMBL1650429,N#Cc1ccccc1Cn1c(N2CCC[C@@H](N)C2)ncc(/C=C/c2cccnc2)c1=O
CHEMBL1650430,N#Cc1ccsc1Cn1c(N2CCC[C@@H](N)C2)ncc(Br)c1=O
CHEMBL1650431,N#Cc1cc(F)ccc1Cn1c(N2CCC[C@@H](N)C2)ncc(F)c1=O
CHEMBL1650432,N#Cc1ccc(F)cc1Cn1c(N2CCC[C@@H](N)C2)ncc(F)c1=O
CHEMBL1650433,N#Cc1ccc(F)cc1Cn1c(N2CCC[C@@H](N)C2)ncc(Cl)c1=O
CHEMBL1650434,N#Cc1ccc(F)cc1Cn1c(N2CCC[C@@H](N)C2)ncc(Br)c1=O
CHEMBL1650435,N#Cc1ccccc1Cn1c(N2CCC[C@@H](N)C2)cc(=O)[nH]c1=O
CHEMBL1650436,Cn1c(=O)c(Cl)c(N2CCC[C@@H](N)C2)n(Cc2ccccc2C#N)c1=O
CHEMBL1650437,CCn1c(=O)cc(N2CCC[C@@H](N)C2)n(Cc2ccccc2C#N)c1=O
CHEMBL1650438,N[C@@H]1CCCN(c2cc(=O)[nH]c(=O)n2Cc2ccccc2Br)C1
CHEMBL1650439,Cn1c(=O)cc(N2CCC[C@@H](N)C2)n(Cc2ccccc2Br)c1=O
CHEMBL1650440,Cn1c(=O)cc(N2CCC[C@@H](N)C2)n(Cc2cc(F)ccc2Br)c1=O
CHEMBL1650441,Cn1c(=O)cc(N2CCC[C@@H](N)C2)n(Cc2cc(F)ccc2Cl)c1=O
CHEMBL1650442,Cn1c(=O)cc(N2CCC[C@@H](N)C2)n(Cc2ccc(F)cc2Cl)c1=O
CHEMBL1650443,Cn1c(=O)cc(N2CCC[C@@H](N)C2)n(Cc2cc(F)ccc2C#N)c1=O
CHEMBL1650444,Cn1c(=O)cc(N2CCC[C@@H](N)C2)n(Cc2cc(Cl)ccc2Cl)c1=O
CHEMBL1650445,Cn1c(=O)cc(N2CCC[C@@H](N)C2)n(Cc2c(F)ccc(F)c2Cl)c1=O
CHEMBL1650446,CCn1c(=O)cc(NCCN)n(Cc2ccccc2C#N)c1=O
CHEMBL1650447,Cn1c(=O)cc(NC2CCCCNC2)n(Cc2ccccc2C#N)c1=O
CHEMBL1650448,Cn1c(=O)cc(N2CCCCC(N)C2)n(Cc2ccccc2C#N)c1=O
CHEMBL1650449,Cn1c(=O)cc(N2CCC[C@@](C)(N)C2)n(Cc2cc(F)ccc2C#N)c1=O
CHEMBL1651763,N#Cc1ccccc1Cn1c(N2CCC[C@@H](N)C2)nc2sccc2c1=O
CHEMBL1651764,Cc1csc2nc(N3CCC[C@@H](N)C3)n(Cc3ccccc3C#N)c(=O)c12
CHEMBL1651765,N#Cc1ccccc1Cn1c(N2CCC[C@@H](N)C2)nc2scc(C(F)(F)F)c2c1=O
CHEMBL1651766,N#Cc1ccccc1Cn1c(N2CCC[C@@H](N)C2)nc2ccsc2c1=O
CHEMBL1651767,Cc1csc2c(=O)n(Cc3ccccc3C#N)c(N3CCC[C@@H](N)C3)nc12
CHEMBL3216727,CNC(=O)Cc1c(C)nc(CC(C)C)c(CN)c1-c1ccc(C)cc1.Cl.Cl
CHEMBL3216942,COC(=O)CNC(=O)Cc1c(C)nc(CC(C)C)c(CN)c1-c1ccc(C)cc1.Cl.Cl
CHEMBL3217159,Cc1ccc(-c2c(CC(=O)N3CCC[C@@H]3C(N)=O)c(C)nc(CC(C)C)c2CN)cc1.Cl.Cl
CHEMBL3217160,Cc1ccc(-c2c(CC(=O)NCC(=O)O)c(C)nc(CC(C)C)c2CN)cc1.Cl.Cl
CHEMBL1235761,N#Cc1ccccc1Cn1c(N2CCC[C@@H](N)C2)ncc(Br)c1=O
CHEMBL1650403,N#Cc1ccccc1Cn1c(N2CCC[C@@H](N)C2)nccc1=O
CHEMBL1650404,N#Cc1ccccc1Cn1c(N2CCC[C@@H](N)C2)ncc(F)c1=O
CHEMBL1650405,N#Cc1ccccc1Cn1c(N2CCC[C@@H](N)C2)ncc(Cl)c1=O
CHEMBL1650406,Cc1nc(N2CCC[C@@H](N)C2)n(Cc2ccccc2C#N)c(=O)c1Br
CHEMBL1650407,CC(C)(C)c1nc(N2CCC[C@@H](N)C2)n(Cc2ccccc2C#N)c(=O)c1Br
CHEMBL1650408,N#Cc1ccccc1Cn1c(N2CCC[C@@H](N)C2)ncc(I)c1=O
CHEMBL1650409,Cc1nc(N2CCC[C@@H](N)C2)n(Cc2ccccc2C#N)c(=O)c1C
CHEMBL1650410,CCc1cnc(N2CCC[C@@H](N)C2)n(Cc2ccccc2C#N)c1=O
CHEMBL1672127,CCc1nc(CC(C)(C)C)c(CN)c(-c2ccc(C)cc2)c1CC(=O)O.O
CHEMBL1683476,Cl.N[C@@H](CC(=O)N1CCSC1C(=O)O)Cc1cc(F)c(F)cc1F
CHEMBL1683477,COC(=O)C1SCCN1C(=O)C[C@H](N)Cc1cc(F)c(F)cc1F.Cl
CHEMBL1683478,Cl.N[C@@H](CC(=O)N1CCSC1C(=O)NCC(=O)O)Cc1cc(F)c(F)cc1F
CHEMBL1683479,CCOC(=O)CNC(=O)C1SCCN1C(=O)C[C@H](N)Cc1cc(F)c(F)cc1F.Cl
CHEMBL1683480,CN(C)C(=O)C1SCCN1C(=O)C[C@H](N)Cc1cc(F)c(F)cc1F.Cl
CHEMBL1683481,Cl.N[C@@H](CC(=O)N1CCSC1C(=O)N1CCOCC1)Cc1cc(F)c(F)cc1F
CHEMBL1683482,Cl.N[C@@H](CC(=O)N1CCSC1C(=O)N1CCNCC1)Cc1cc(F)c(F)cc1F
CHEMBL1683483,Cl.N[C@@H](CC(=O)N1CCSC1C(=O)NCc1ccoc1)Cc1cc(F)c(F)cc1F
CHEMBL1681806,Cl.N[C@@H](CC(=O)N1CCSC1C(=O)NCc1ccccc1)Cc1cc(F)c(F)cc1F
CHEMBL1683484,Cl.N[C@@H](CC(=O)N1CCSC1C(=O)NCc1ccncc1)Cc1cc(F)c(F)cc1F
CHEMBL1683485,Cl.N[C@@H](CC(=O)N1CCSC1C(=O)NCc1ccc(O)cc1)Cc1cc(F)c(F)cc1F
CHEMBL1683486,Cl.N[C@@H](CC(=O)N1CCSC1C(=O)NCc1ccc(C(=O)O)cc1)Cc1cc(F)c(F)cc1F
CHEMBL1683487,CCOC(=O)COc1ccc(CNC(=O)C2SCCN2C(=O)C[C@H](N)Cc2cc(F)c(F)cc2F)cc1.Cl
CHEMBL1683488,Cl.N[C@@H](CC(=O)N1CCSC1C(=O)NCc1ccc(OCC(=O)O)cc1)Cc1cc(F)c(F)cc1F
CHEMBL1683489,CCOC(=O)COc1cccc(CNC(=O)C2SCCN2C(=O)C[C@H](N)Cc2cc(F)c(F)cc2F)c1.Cl
CHEMBL1683490,Cl.N[C@@H](CC(=O)N1CCSC1C(=O)NCc1cccc(OCC(=O)O)c1)Cc1cc(F)c(F)cc1F
CHEMBL1683491,CCOC(=O)C1COc2cc(CNC(=O)C3SCCN3C(=O)C[C@H](N)Cc3cc(F)c(F)cc3F)ccc2O1.Cl
CHEMBL1683492,Cl.N[C@@H](CC(=O)N1CCSC1C(=O)NCc1ccc2c(c1)OCC(C(=O)O)O2)Cc1cc(F)c(F)cc1F
CHEMBL1683493,CCOC(=O)C1Oc2ccc(CNC(=O)C3SCCN3C(=O)C[C@H](N)Cc3cc(F)c(F)cc3F)cc2O1.Cl
CHEMBL1683494,Cl.N[C@@H](CC(=O)N1CCSC1C(=O)NCc1ccc2c(c1)OC(C(=O)O)O2)Cc1cc(F)c(F)cc1F
CHEMBL1683495,CC(Oc1ccc(CNC(=O)C2SCCN2C(=O)C[C@H](N)Cc2cc(F)c(F)cc2F)cc1)C(=O)O.Cl
CHEMBL1683496,CC(C)(Oc1ccc(CNC(=O)C2SCCN2C(=O)C[C@H](N)Cc2cc(F)c(F)cc2F)cc1)C(=O)O.Cl
CHEMBL3142227,Cc1ccc(-c2c(CN)c(CC(C)C)nc3ccc(N4CC(=O)NCC4=O)cc23)cc1.Cl.Cl
CHEMBL3215606,Cc1ccc(-c2c(CN)c(CC(C)(C)C)nc(CC(C)C)c2C(=O)O)cc1.Cl.Cl
CHEMBL3215607,Cc1ccc(-c2c(CC(=O)O)c(C)nc(CC(C)(C)C)c2CN)cc1.Cl.Cl
CHEMBL3215608,Cc1ccc(-c2c(CN)c(CC(C)(C)C)nc(C(C)C)c2C(=O)O)cc1.Cl.Cl
CHEMBL3215820,CCCc1nc(CC(C)(C)C)c(CN)c(-c2ccc(C)cc2)c1C(=O)O.Cl.Cl
CHEMBL3215844,Cc1ccc(-c2c(CN)c(CC(C)C)nc3ccc(CCCC(=O)O)cc23)cc1.Cl.Cl
CHEMBL3215845,Cc1ccc(-c2c(CN)c(CC(C)C)nc(C)c2C(=O)O)cc1.Cl.Cl
CHEMBL3216060,Cc1ccc(-c2c(CN)c(CC(C)(C)C)nc(Cc3ccccc3)c2C(=O)O)cc1.Cl.Cl
CHEMBL3216279,Cc1ccc(-c2c(CN)c(CC(C)C)nc3ccc(CCCCC(=O)O)cc23)cc1.Cl.Cl
CHEMBL3216477,CCCCc1nc(C)c(C(=O)O)c(-c2ccc(C)cc2)c1CN.Cl.Cl
CHEMBL3216493,Cc1ccc(-c2c(CN)c(CC(C)C)nc3ccc(CCC(=O)O)cc23)cc1.Cl.Cl
CHEMBL3216495,Cc1ccc(-c2c(CN)c(CC(C)C)nc3ccc(CCCCCC(=O)O)cc23)cc1.Cl.Cl
CHEMBL3216718,Cc1ccc(-c2c(/C=C/C(=O)O)c(C)nc(CC(C)C)c2CN)cc1.Cl.Cl
CHEMBL3216719,CCc1nc(CC(C)(C)C)c(CN)c(-c2ccc(C)cc2)c1C(=O)O.Cl.Cl
CHEMBL3216734,Cc1ccc(-c2c(CC(=O)O)c(C)nc(CC(C)C)c2CN)cc1.Cl.Cl
CHEMBL3216937,CCCc1nc(C)c(C(=O)O)c(-c2ccc(C)cc2)c1CN.Cl.Cl
CHEMBL3216938,Cc1ccc(-c2c(CN)c(CC(C)(C)C)nc(C)c2C(=O)O)cc1.Cl.Cl
CHEMBL3216954,Cc1ccc(-c2c(CCC(=O)O)c(C)nc(CC(C)C)c2CN)cc1.Cl.Cl
CHEMBL1614845,CC(C)[C@@H](Nc1ccc(CNC(=O)[C@H]2SCCN2C(=O)C[C@H](N)Cc2cc(F)c(F)cc2F)cc1)C(=O)O
CHEMBL1682975,CN([C@H]1CC[C@H]([C@H](N)Cc2cc(F)ccc2F)CC1)S(=O)(=O)c1ccccc1
CHEMBL1682976,CN([C@H]1CC[C@H]([C@H](N)Cc2cc(F)ccc2F)CC1)S(=O)(=O)c1ccccc1C(F)(F)F
CHEMBL1682977,CN([C@H]1CC[C@H]([C@H](N)Cc2cc(F)ccc2F)CC1)S(=O)(=O)c1cccc(C#N)c1
CHEMBL1682978,CN([C@H]1CC[C@H]([C@H](N)Cc2cc(F)ccc2F)CC1)S(=O)(=O)c1ccc(C#N)cc1
CHEMBL1682979,CN([C@H]1CC[C@H]([C@H](N)Cc2cc(F)ccc2F)CC1)S(=O)(=O)c1ccc(N)cc1
CHEMBL1682980,CN([C@H]1CC[C@H]([C@H](N)Cc2cc(F)ccc2F)CC1)S(=O)(=O)c1ccc(OC(F)(F)F)cc1
CHEMBL1682981,CN([C@H]1CC[C@H]([C@H](N)Cc2cc(F)ccc2F)CC1)S(=O)(=O)c1cccc(C(N)=O)c1
CHEMBL1682982,CN([C@H]1CC[C@H]([C@H](N)Cc2cc(F)ccc2F)CC1)S(=O)(=O)c1ccc(C(N)=O)cc1
CHEMBL1682983,CN([C@H]1CC[C@H]([C@H](N)Cc2cc(F)ccc2F)CC1)S(=O)(=O)c1ccc(F)cc1F
CHEMBL1682984,CN([C@H]1CC[C@H]([C@H](N)Cc2cc(F)ccc2F)CC1)S(=O)(=O)c1ccc(-c2cnco2)cc1
CHEMBL1682985,CN([C@H]1CC[C@H]([C@H](N)Cc2cc(F)ccc2F)CC1)S(=O)(=O)c1ccc(-c2csnn2)cc1
CHEMBL1683086,Cc1[nH]ncc1S(=O)(=O)N(C)[C@H]1CC[C@H]([C@H](N)Cc2cc(F)ccc2F)CC1
CHEMBL1683087,Cn1cnc(S(=O)(=O)N(C)[C@H]2CC[C@H]([C@H](N)Cc3cc(F)ccc3F)CC2)c1
CHEMBL1683088,Cc1oncc1S(=O)(=O)N(C)[C@H]1CC[C@H]([C@H](N)Cc2cc(F)ccc2F)CC1
CHEMBL1683089,CC(=O)Nc1nc(C)c(S(=O)(=O)N(C)[C@H]2CC[C@H]([C@H](N)Cc3cc(F)ccc3F)CC2)s1
CHEMBL1683090,CN([C@H]1CC[C@H]([C@H](N)Cc2cc(F)ccc2F)CC1)S(=O)(=O)c1cccnc1
CHEMBL1683091,Cc1noc(C)c1S(=O)(=O)N(C)[C@H]1CC[C@H]([C@H](N)Cc2cc(F)ccc2F)CC1
CHEMBL1683092,CCN([C@H]1CC[C@H]([C@H](N)Cc2cc(F)ccc2F)CC1)S(=O)(=O)c1c(C)noc1C
CHEMBL1683093,Cc1noc(C)c1S(=O)(=O)N(Cc1ccccc1)[C@H]1CC[C@H]([C@H](N)Cc2cc(F)ccc2F)CC1
CHEMBL1683094,Cc1noc(C)c1S(=O)(=O)N(CCCC(F)(F)F)[C@H]1CC[C@H]([C@H](N)Cc2cc(F)ccc2F)CC1
CHEMBL1683095,CCN([C@H]1CC[C@H]([C@H](N)Cc2cc(F)ccc2F)CC1)S(C)(=O)=O
CHEMBL1683096,CS(=O)(=O)N(Cc1ccccc1)[C@H]1CC[C@H]([C@H](N)Cc2cc(F)ccc2F)CC1
CHEMBL1683097,CS(=O)(=O)N(CCCC(F)(F)F)[C@H]1CC[C@H]([C@H](N)Cc2cc(F)ccc2F)CC1
CHEMBL1683098,CC(=O)N(C)[C@H]1CC[C@H]([C@H](N)Cc2cc(F)ccc2F)CC1
CHEMBL1683099,CC(=O)N(C)[C@H]1CC[C@@H]([C@H](N)Cc2cc(F)ccc2F)CC1
CHEMBL1683100,CC(C)C(=O)N(C)[C@H]1CC[C@H]([C@H](N)Cc2cc(F)ccc2F)CC1
CHEMBL1683101,CN(C(=O)C(C)(C)C)[C@H]1CC[C@H]([C@H](N)Cc2cc(F)ccc2F)CC1
CHEMBL1683102,CN(C(=O)CCN)[C@H]1CC[C@H]([C@H](N)Cc2cc(F)ccc2F)CC1
CHEMBL1683103,CN(C(=O)CCC(=O)O)[C@H]1CC[C@H]([C@H](N)Cc2cc(F)ccc2F)CC1
CHEMBL1683104,CN(C(=O)c1cccnc1)[C@H]1CC[C@H]([C@H](N)Cc2cc(F)ccc2F)CC1
CHEMBL1683105,CN(C(=O)c1csnn1)[C@H]1CC[C@H]([C@H](N)Cc2cc(F)ccc2F)CC1
CHEMBL1683106,CN(C(=O)c1ccno1)[C@H]1CC[C@H]([C@H](N)Cc2cc(F)ccc2F)CC1
CHEMBL1683107,CN(C(=O)c1c[nH]c2ccccc12)[C@H]1CC[C@H]([C@H](N)Cc2cc(F)ccc2F)CC1
CHEMBL1683497,Cl.N[C@@H](CC(=O)N1CCSC1C(=O)NCc1ccc(OC(Cc2ccccc2)C(=O)O)cc1)Cc1cc(F)c(F)cc1F
CHEMBL1683498,CC(C)C(Oc1ccc(CNC(=O)C2SCCN2C(=O)C[C@H](N)Cc2cc(F)c(F)cc2F)cc1)C(=O)O.Cl
CHEMBL1683499,CCOC(=O)C(Oc1ccc(CNC(=O)C2SCCN2C(=O)C[C@H](N)Cc2cc(F)c(F)cc2F)cc1)C(C)C.Cl
CHEMBL1683500,CC(C)C(C(=O)O)N(C)c1ccc(CNC(=O)C2SCCN2C(=O)C[C@H](N)Cc2cc(F)c(F)cc2F)cc1.Cl
CHEMBL1683501,CCOC(=O)C(C(C)C)N(C)c1ccc(CNC(=O)C2SCCN2C(=O)C[C@H](N)Cc2cc(F)c(F)cc2F)cc1.Cl
CHEMBL1683502,CC(C)(Nc1ccc(CNC(=O)C2SCCN2C(=O)C[C@H](N)Cc2cc(F)c(F)cc2F)cc1)C(=O)O.Cl
CHEMBL1683503,CCOC(=O)C(C)(C)Nc1ccc(CNC(=O)C2SCCN2C(=O)C[C@H](N)Cc2cc(F)c(F)cc2F)cc1.Cl
CHEMBL1683504,CC(C)C(Nc1ccc(CNC(=O)C2SCCN2C(=O)C[C@H](N)Cc2cc(F)c(F)cc2F)cc1)C(=O)O.Cl
CHEMBL1683505,CCOC(=O)C(Nc1ccc(CNC(=O)C2SCCN2C(=O)C[C@H](N)Cc2cc(F)c(F)cc2F)cc1)C(C)C.Cl
CHEMBL1683506,CC(C)[C@@H](Nc1ccc(CNC(=O)[C@@H]2SCCN2C(=O)C[C@H](N)Cc2cc(F)c(F)cc2F)cc1)C(=O)O.Cl
CHEMBL1683507,CCOC(=O)[C@H](Nc1ccc(CNC(=O)[C@@H]2SCCN2C(=O)C[C@H](N)Cc2cc(F)c(F)cc2F)cc1)C(C)C.Cl
CHEMBL1683508,CC(C)[C@H](Nc1ccc(CNC(=O)[C@@H]2SCCN2C(=O)C[C@H](N)Cc2cc(F)c(F)cc2F)cc1)C(=O)O
CHEMBL1683641,CCOC(=O)[C@@H](Nc1ccc(CNC(=O)[C@@H]2SCCN2C(=O)C[C@H](N)Cc2cc(F)c(F)cc2F)cc1)C(C)C
CHEMBL1683642,CCOC(=O)[C@H](Nc1ccc(CNC(=O)[C@H]2SCCN2C(=O)C[C@H](N)Cc2cc(F)c(F)cc2F)cc1)C(C)C
CHEMBL1683643,CC(C)[C@H](Nc1ccc(CNC(=O)[C@H]2SCCN2C(=O)C[C@H](N)Cc2cc(F)c(F)cc2F)cc1)C(=O)O
CHEMBL1683644,CCOC(=O)[C@@H](Nc1ccc(CNC(=O)[C@H]2SCCN2C(=O)C[C@H](N)Cc2cc(F)c(F)cc2F)cc1)C(C)C
CHEMBL1683108,Cc1noc(C)c1C(=O)N(C)[C@H]1CC[C@H]([C@H](N)Cc2cc(F)ccc2F)CC1
CHEMBL1683109,Cn1ccc(C(=O)N(C)[C@H]2CC[C@H]([C@H](N)Cc3cc(F)ccc3F)CC2)n1
CHEMBL1683110,CCN(C(C)=O)[C@H]1CC[C@H]([C@H](N)Cc2cc(F)ccc2F)CC1
CHEMBL1683111,CC(=O)N(Cc1ccccc1)[C@H]1CC[C@H]([C@H](N)Cc2cc(F)ccc2F)CC1
CHEMBL1683112,CC(=O)N(CCCC(F)(F)F)[C@H]1CC[C@H]([C@H](N)Cc2cc(F)ccc2F)CC1
CHEMBL1683113,N[C@H](Cc1cc(F)ccc1F)[C@H]1CC[C@@H](N2CCC(F)(F)C2)CC1
CHEMBL1683114,N[C@H](Cc1cc(F)ccc1F)[C@H]1CC[C@H](N2CCC(F)(F)C2)CC1
CHEMBL1683115,N[C@H](Cc1cc(F)ccc1F)[C@H]1CC[C@@H](N2CCn3c(nnc3C(F)(F)F)C2)CC1
CHEMBL1681802,N[C@H](Cc1cc(F)ccc1F)[C@H]1CC[C@H](N2CCn3c(nnc3C(F)(F)F)C2)CC1
CHEMBL1683116,N[C@H](Cc1cc(F)ccc1F)[C@H]1CC[C@@H](N2CCCCC2)CC1
CHEMBL1683117,N[C@H](Cc1cc(F)ccc1F)[C@H]1CC[C@H](N2CCCCC2)CC1
CHEMBL1683118,NC(=O)C1CCCN([C@H]2CC[C@@H]([C@H](N)Cc3cc(F)ccc3F)CC2)C1
CHEMBL1683119,NC(=O)C1CCCN([C@H]2CC[C@H]([C@H](N)Cc3cc(F)ccc3F)CC2)C1
CHEMBL1683120,NC(=O)[C@H]1CCCN([C@H]2CC[C@H]([C@H](N)Cc3cc(F)ccc3F)CC2)C1
CHEMBL1683121,NC(=O)[C@@H]1CCCN([C@H]2CC[C@H]([C@H](N)Cc3cc(F)ccc3F)CC2)C1
CHEMBL1683122,NC(=O)O[C@@H]1CCCN([C@H]2CC[C@H]([C@H](N)Cc3cc(F)ccc3F)CC2)C1
CHEMBL1683123,N[C@H](Cc1cc(F)ccc1F)[C@H]1CC[C@H](N2CCC[C@@H](O)C2)CC1
CHEMBL1683124,N[C@H](Cc1cc(F)ccc1F)[C@H]1CC[C@H](NCCCC(F)(F)F)CC1
CHEMBL1683125,CN(Cc1ccc(C#N)cc1)[C@H]1CC[C@H]([C@H](N)Cc2cc(F)ccc2F)CC1
CHEMBL1683126,CN(Cc1cccc(C#N)c1)[C@H]1CC[C@H]([C@H](N)Cc2cc(F)ccc2F)CC1
CHEMBL1683127,CCN(Cc1ccccc1)[C@H]1CC[C@H]([C@H](N)Cc2cc(F)ccc2F)CC1
CHEMBL1683128,N[C@H](Cc1cc(F)ccc1F)[C@H]1CC[C@H](N(CCCC(F)(F)F)Cc2ccccc2)CC1
CHEMBL1683129,CC(=O)N1CCC([C@H](N)Cc2cc(F)ccc2F)CC1
CHEMBL1683130,CS(=O)(=O)N1CCC([C@H](N)Cc2cc(F)ccc2F)CC1
CHEMBL1683131,N[C@H](Cc1cc(F)ccc1F)C1CCN(c2ccccn2)CC1
CHEMBL1683132,N[C@H](Cc1cc(F)ccc1F)C1CCN(c2cccnc2)CC1
CHEMBL1683133,N[C@H](Cc1cc(F)ccc1F)C1CCN(c2ccncc2)CC1
CHEMBL1683134,N#Cc1cncc(N2CCC([C@H](N)Cc3cc(F)ccc3F)CC2)c1
CHEMBL1683135,Cc1ccc(N2CCC([C@H](N)Cc3cc(F)ccc3F)CC2)c(C)n1
CHEMBL1683136,N[C@H](Cc1cc(F)ccc1F)C1CCN(c2ccc(F)nc2)CC1
CHEMBL1683137,CCOC(=O)c1cncc(N2CCC([C@H](N)Cc3cc(F)ccc3F)CC2)c1
CHEMBL1683138,NOC(=O)c1cncc(N2CCC([C@H](N)Cc3cc(F)ccc3F)CC2)c1
CHEMBL1683139,N[C@H](Cc1cc(F)ccc1F)C1CCN(c2ncccn2)CC1
CHEMBL1683140,N[C@H](Cc1cc(F)ccc1F)C1CCN(c2cncnc2)CC1
CHEMBL1683141,COc1ncc(N2CCC([C@H](N)Cc3cc(F)ccc3F)CC2)cn1
CHEMBL1683142,N[C@H](Cc1cc(F)ccc1F)C1CCN(c2cnc(O)nc2)CC1
CHEMBL1683143,COC(=O)C1CCCC(N2CCC([C@H](N)Cc3cc(F)ccc3F)CC2)C1
CHEMBL1683144,N[C@H](Cc1cc(F)ccc1F)C1CCN(C2CCCC(C(=O)O)C2)CC1
CHEMBL1683145,NC(=O)C1CCCC(N2CCC([C@H](N)Cc3cc(F)ccc3F)CC2)C1
CHEMBL1683557,N[C@H]1CN(c2cc(-c3cc(F)cc(F)c3F)ncn2)C[C@@H]1c1ccccc1
CHEMBL1683558,N[C@H]1CN(c2cc(-c3cc(F)c(F)cc3F)ncn2)C[C@@H]1N1CCCC1=O
CHEMBL1683559,N[C@H]1CN(c2cc(-c3cc(F)c(F)cc3F)ncn2)C[C@@H]1N1CCCCC1=O
CHEMBL1683560,N[C@H]1CN(c2cc(N3CCc4nocc4C3)ncn2)C[C@@H]1c1ccccc1
CHEMBL1683561,N[C@H]1CN(c2cc(N3CCc4nocc4C3)ncn2)C[C@@H]1N1CCCC1=O
CHEMBL1683562,N[C@H]1CN(c2cc(N3CCc4nocc4C3)ncn2)C[C@@H]1N1CCCCC1=O
CHEMBL1683563,N[C@H]1CN(c2cc(NC3CC3)ncn2)C[C@@H]1c1ccccc1
CHEMBL1683564,N[C@H]1CN(c2cc(NC3CC3)ncn2)C[C@@H]1N1CCCC1=O
CHEMBL1683565,N[C@H]1CN(c2cc(NC3CC3)ncn2)C[C@@H]1N1CCCCC1=O
CHEMBL1683566,COc1ccc(-c2cc(N3C[C@H](N)[C@@H](N4CCCCC4=O)C3)ncn2)cn1
CHEMBL1683567,N[C@H]1CN(c2ncnc(-c3ccccc3)n2)C[C@@H]1N1CCCCC1=O
CHEMBL214381,CC[C@H](C)[C@H](N)C(=O)N1CCC[C@H]1C(=O)N[C@H](C(=O)O)[C@@H](C)CC
CHEMBL1683568,N[C@H]1CN(c2cc(N3CCC(F)(F)C3)ncn2)C[C@@H]1N1CCCCC1=O
CHEMBL1683569,N[C@H]1CN(c2ncnc(N3CCC(F)(F)C3)n2)C[C@@H]1N1CCCCC1=O
CHEMBL1683570,N[C@H]1CN(c2cc(N3CCC(F)(F)C3)ncn2)C[C@@H]1N1CC(F)(F)CCC1=O
CHEMBL1683571,N[C@H]1CN(c2ncnc(N3CCC(F)(F)C3)n2)C[C@@H]1N1CC(F)(F)CCC1=O
CHEMBL1683572,Cc1nc(N2C[C@H](N)[C@@H](N3CC(F)(F)CCC3=O)C2)cc(N2CCC(F)(F)C2)n1
CHEMBL1683977,N[C@@H](CC(=O)N1CCn2nncc2C1)Cc1cc(F)c(F)cc1F.O=C(O)/C=C/C(=O)O
CHEMBL1681811,Cc1nnn2c1CN(C(=O)C[C@H](N)Cc1cc(F)c(F)cc1F)CC2.Cl
CHEMBL1683978,Cl.N[C@@H](CC(=O)N1CCn2nnc(C(F)F)c2C1)Cc1cc(F)c(F)cc1F
CHEMBL1683979,N[C@@H](CC(=O)N1CCn2nnc(C(F)(F)F)c2C1)Cc1cc(F)c(F)cc1F.O=C(O)/C=C/C(=O)O
CHEMBL1683980,COC(=O)c1nnn2c1CN(C(=O)C[C@H](N)Cc1cc(F)c(F)cc1F)CC2.Cl
CHEMBL1683981,Cl.NC(=O)c1nnn2c1CN(C(=O)C[C@H](N)Cc1cc(F)c(F)cc1F)CC2
CHEMBL1683982,CN(C)C(=O)c1nnn2c1CN(C(=O)C[C@H](N)Cc1cc(F)c(F)cc1F)CC2.Cl
CHEMBL1683983,N[C@@H](CC(=O)N1CCn2nnc(-c3ccccc3)c2C1)Cc1cc(F)c(F)cc1F.O=P(O)(O)O
CHEMBL1683984,N[C@@H](CC(=O)N1CCn2nnc(-c3ccc(F)cc3)c2C1)Cc1cc(F)c(F)cc1F.O=P(O)(O)O
CHEMBL1683985,Cl.N[C@@H](CC(=O)N1CCn2nnc(-c3ccc(Cl)cc3)c2C1)Cc1cc(F)c(F)cc1F
CHEMBL1683986,Cl.N[C@@H](CC(=O)N1CCn2nnc(-c3ccc(C(F)(F)F)cc3)c2C1)Cc1cc(F)c(F)cc1F
CHEMBL1683987,Cl.N#Cc1ccc(-c2nnn3c2CN(C(=O)C[C@H](N)Cc2cc(F)c(F)cc2F)CC3)cc1
CHEMBL1683988,COC(=O)c1cccc(-c2nnn3c2CN(C(=O)C[C@H](N)Cc2cc(F)c(F)cc2F)CC3)c1.Cl
CHEMBL1683989,Cl.NC(=O)c1ccc(-c2nnn3c2CN(C(=O)C[C@H](N)Cc2cc(F)c(F)cc2F)CC3)cc1
CHEMBL1683990,CN(C)C(=O)c1ccc(-c2nnn3c2CN(C(=O)C[C@H](N)Cc2cc(F)c(F)cc2F)CC3)cc1.Cl
CHEMBL1683991,COC(=O)c1ccc(-c2nnn3c2CN(C(=O)C[C@H](N)Cc2cc(F)c(F)cc2F)CC3)cc1.O=P(O)(O)O
CHEMBL1683992,Cl.N[C@@H](CC(=O)N1CCn2nnc(-c3ccc(C(=O)O)cc3)c2C1)Cc1cc(F)c(F)cc1F
CHEMBL1683993,CS(=O)(=O)c1ccc(-c2nnn3c2CN(C(=O)C[C@H](N)Cc2cc(F)c(F)cc2F)CC3)cc1.Cl
CHEMBL1683994,Cl.N[C@@H](CC(=O)N1CCn2nnc(-c3ccncc3)c2C1)Cc1cc(F)c(F)cc1F
CHEMBL1683995,N[C@@H](CC(=O)N1CCn2nnc(-c3ccccn3)c2C1)Cc1cc(F)c(F)cc1F.O=C(O)/C=C/C(=O)O
CHEMBL1683996,Cl.N[C@@H](CC(=O)N1CCn2nnc(-c3ccco3)c2C1)Cc1cc(F)c(F)cc1F
CHEMBL1683997,N[C@@H](CC(=O)N1CCn2nnc(-c3ccoc3)c2C1)Cc1cc(F)c(F)cc1F.O=C(O)/C=C/C(=O)O
CHEMBL1683998,Cl.N[C@@H](CC(=O)N1CCn2nnc(-c3cccs3)c2C1)Cc1cc(F)c(F)cc1F
CHEMBL1683999,N[C@@H](CC(=O)N1CCn2nnc(-c3ccsc3)c2C1)Cc1cc(F)c(F)cc1F.O=C(O)/C=C/C(=O)O
CHEMBL1684000,N[C@@H](CC(=O)N1CCn2nnc(-c3cnco3)c2C1)Cc1cc(F)c(F)cc1F.O=C(O)/C=C/C(=O)O
CHEMBL1688415,Cc1nc(C(=O)NC2CC2)cc(-c2ccc(F)cc2)c1CN
CHEMBL1688416,Cc1nc(C(=O)N2CCCC2)cc(-c2ccc(F)cc2)c1CN
CHEMBL1688418,CCOC(=O)C1CCN(C(=O)c2cc(-c3ccc(F)cc3)c(CN)c(C)n2)CC1
CHEMBL1688419,Cc1nc(C(=O)NC2CC2)cc(-c2ccc(F)cc2F)c1CN
CHEMBL1688423,Cc1cc(NC(=O)c2cc(-c3ccc(F)cc3F)c(CN)c(C)n2)no1
CHEMBL1688425,Cc1nc(C(N)=O)cc(-c2ccc(Cl)cc2Cl)c1CN
CHEMBL1688426,CNC(=O)c1cc(-c2ccc(Cl)cc2Cl)c(CN)c(C)n1
CHEMBL1688428,Cc1nc(C(=O)N2CCCC2)cc(-c2ccc(Cl)cc2Cl)c1CN
CHEMBL1688431,Cc1nc(C(=O)NCC#N)cc(-c2ccc(Cl)cc2Cl)c1CN
CHEMBL1761683,CC(=O)O[C@H]1CC[C@@]2(C)C(=CC[C@@H]3[C@@H]2CC[C@]2(C)C(C(C)=O)=CC[C@@H]32)C1
CHEMBL1761684,CC(=O)[C@H]1C(NCc2ccccc2)C[C@H]2[C@@H]3CC=C4C[C@@H](O)CC[C@]4(C)[C@H]3CC[C@]12C
CHEMBL1761685,COc1ccc(/C=C/C(=O)C2=CC[C@H]3[C@@H]4CC=C5C[C@@H](O)CC[C@]5(C)[C@H]4CC[C@]23C)cc1OC
CHEMBL1761686,CCCN1C(c2ccc(OC)cc2)CC(=O)[C@H]2C1C[C@H]1[C@@H]3CC=C4C[C@@H](O)CC[C@]4(C)[C@H]3CC[C@]21C
CHEMBL1761687,CCCN1C(c2ccc(C(C)C)cc2)CC(=O)[C@H]2C1C[C@H]1[C@@H]3CC=C4C[C@@H](O)CC[C@]4(C)[C@H]3CC[C@]21C
CHEMBL1765234,CC(C)[C@H](NC(=O)[C@@H]1CCCN1C(=O)[C@@H](N)C1CCCCC1)C(=O)N1CCC[C@H]1B(O)O
CHEMBL1765235,C[C@H](NC(=O)[C@@H]1CCCN1C(=O)[C@@H](N)Cc1ccccc1)C(=O)N1CCC[C@H]1B(O)O
CHEMBL1765236,C[C@H](NC(=O)CCC(=O)O)C(=O)N[C@@H](C)C(=O)N1CCC[C@H]1C(=O)N[C@@H](Cc1ccccc1)C(=O)N[C@@H](C)C(=O)N1CCC[C@H]1B(O)O
CHEMBL1771583,O=C1c2c(Cl)c(Cl)c(Cl)c(Cl)c2C(=O)N1c1cccc(CCc2cccc(C(F)(F)F)c2)c1
CHEMBL1771584,O=C1c2c(Cl)c(Cl)c(Cl)c(Cl)c2C(=O)N1c1cccc(CCc2ccccc2C(F)(F)F)c1
CHEMBL1779688,CN1CCN(C(=O)C[C@H](N)Cc2cc(F)c(F)cc2F)CC1=O
CHEMBL1779689,N[C@@H](CC(=O)N1CCN(c2ccccn2)C(=O)C1)Cc1cc(F)c(F)cc1F
CHEMBL1779690,N[C@@H](CC(=O)N1CCN(Cc2ccc(-c3ccccc3)cc2)C(=O)C1)Cc1cc(F)c(F)cc1F
CHEMBL1779691,N[C@@H](CC(=O)N1CCN(Cn2nnc3ccccc32)C(=O)C1)Cc1cc(F)c(F)cc1F
CHEMBL1779692,N[C@@H](CC(=O)N1CCN(CCN2CCOCC2)C(=O)C1)Cc1cc(F)c(F)cc1F
CHEMBL1779693,N[C@@H](CC(=O)N1CCN(Cc2ccccc2)C(=O)C1)Cc1cc(F)c(F)cc1F
CHEMBL1779694,N[C@@H](CC(=O)N1CCN(Cc2ccc([N+](=O)[O-])cc2)C(=O)C1)Cc1cc(F)c(F)cc1F
CHEMBL1779695,N[C@@H](CC(=O)N1CCN(Cc2ccccc2[N+](=O)[O-])C(=O)C1)Cc1cc(F)c(F)cc1F
CHEMBL1779696,N#Cc1ccccc1CN1CCN(C(=O)C[C@H](N)Cc2cc(F)c(F)cc2F)CC1=O
CHEMBL1779697,N[C@@H](CC(=O)N1CCN(Cc2ccccc2C(F)(F)F)C(=O)C1)Cc1cc(F)c(F)cc1F
CHEMBL1779698,CCc1ccc(CN2CCN(C(=O)C[C@H](N)Cc3cc(F)c(F)cc3F)CC2=O)cc1
CHEMBL1779699,COc1ccc(CN2CCN(C(=O)C[C@H](N)Cc3cc(F)c(F)cc3F)CC2=O)cc1
CHEMBL1779700,N[C@@H](CC(=O)N1CCN(Cc2ccc(F)cc2)C(=O)C1)Cc1cc(F)c(F)cc1F
CHEMBL1779701,N[C@@H](CC(=O)N1CCN(Cc2ccc(I)cc2)C(=O)C1)Cc1cc(F)c(F)cc1F
CHEMBL1779702,N[C@@H](CC(=O)N1CCN(Cc2cccc(Cl)c2)C(=O)C1)Cc1cc(F)c(F)cc1F
CHEMBL1779703,N[C@@H](CC(=O)N1CCN(Cc2ccccc2Cl)C(=O)C1)Cc1cc(F)c(F)cc1F
CHEMBL1779704,COc1cc(CN2CCN(C(=O)C[C@H](N)Cc3cc(F)c(F)cc3F)CC2=O)c([N+](=O)[O-])cc1OC
CHEMBL1779705,N[C@@H](CC(=O)N1CCNC(=O)[C@H]1CO)Cc1cc(F)c(F)cc1F
CHEMBL1779706,COC[C@@H]1C(=O)NCCN1C(=O)C[C@H](N)Cc1cc(F)c(F)cc1F
CHEMBL1779707,CCOC[C@@H]1C(=O)NCCN1C(=O)C[C@H](N)Cc1cc(F)c(F)cc1F
CHEMBL1779708,N[C@@H](CC(=O)N1CCNC(=O)[C@H]1COC1CCCC1)Cc1cc(F)c(F)cc1F
CHEMBL1779709,CC(C)OC[C@@H]1C(=O)NCCN1C(=O)C[C@H](N)Cc1cc(F)c(F)cc1F
CHEMBL1779710,CC(C)(C)OC[C@@H]1C(=O)NCCN1C(=O)C[C@H](N)Cc1cc(F)c(F)cc1F
CHEMBL1779711,CCN(C)C[C@@H]1C(=O)NCCN1C(=O)C[C@H](N)Cc1cc(F)c(F)cc1F
CHEMBL1779712,CCN(CC)C[C@@H]1C(=O)NCCN1C(=O)C[C@H](N)Cc1cc(F)c(F)cc1F
CHEMBL1779713,N[C@@H](CC(=O)N1CCNC(=O)[C@H]1CN1CCOCC1)Cc1cc(F)c(F)cc1F
CHEMBL1779714,CC(C)(C)SC[C@@H]1C(=O)NCCN1C(=O)C[C@H](N)Cc1cc(F)c(F)cc1F
CHEMBL1808463,CC(C)Cc1nc2ccc(OCC(N)=O)cc2c(-c2ccc(F)cc2)c1CN
CHEMBL1808464,Cc1ccc(-c2c(CN)c(CC(C)C)nc3ccc(OCC(N)=O)cc23)cc1
CHEMBL1808468,Cc1ccc(-c2c(CN)c(CC(C)C)nc3ccc(/C=C/C(N)=O)cc23)cc1
CHEMBL1808473,Cc1ccc(-c2c(CN)c(CC(C)C)nc3ccc(N4CCNC(=O)C4)cc23)cc1
CHEMBL1808474,Cc1ccc(-c2c(CN)c(CC(C)C)nc3ccc(N4CCNC(=O)C4=O)cc23)cc1
CHEMBL1808475,CC(C)Cn1c(CN)c(-c2ccccc2)c2cc(OCC(N)=O)ccc2c1=O.Cl
CHEMBL1809262,CC(C)Cc1nc2ccc(OCC(N)=O)cc2c(-c2ccccc2)c1CN
CHEMBL1809263,CC(C)Cc1nc2ccc(OCC(N)=O)cc2c(-c2cccc(F)c2)c1CN
CHEMBL1809264,Cc1cccc(-c2c(CN)c(CC(C)C)nc3ccc(OCC(N)=O)cc23)c1
CHEMBL1812728,Cn1c(CN)c(-c2ccccc2)c2cc(Cl)ccc2c1=O
CHEMBL1812729,Cl.Cn1c(CCN)c(-c2ccccc2)c2cc(Cl)ccc2c1=O
CHEMBL1812733,CCn1c(CN)c(-c2ccccc2)c2cc(Cl)ccc2c1=O
CHEMBL1812734,CCCn1c(CN)c(-c2ccccc2)c2cc(Cl)ccc2c1=O
CHEMBL1812735,CCCCn1c(CN)c(-c2ccccc2)c2cc(Cl)ccc2c1=O
CHEMBL1812736,CC(C)Cn1c(CN)c(-c2ccccc2)c2cc(Cl)ccc2c1=O
CHEMBL1814760,Cl.O=C([C@@H]1C[C@H](NCc2ccnc3ccccc23)CN1)N1Cc2ccccc2C1
CHEMBL3215633,CNC(=O)COc1ccc2nc(CC(C)C)c(CN)c(-c3ccc(C)cc3)c2c1.Cl.Cl
CHEMBL3215634,Cc1ccc(-c2c(CN)c(CC(C)C)nc3ccc(-c4nn[nH]n4)cc23)cc1.Cl.Cl
CHEMBL3215858,Cc1ccc(-c2c(CN)c(CC(C)C)nc3ccc(C(=O)O)cc23)cc1.Cl.Cl
CHEMBL3215859,Cc1ccc(-c2c(CN)c(CC(C)C)nc3ccc(-c4noc(=O)[nH]4)cc23)cc1.Cl.Cl
CHEMBL3216514,COC(=O)COc1ccc2nc(CC(C)C)c(CN)c(-c3ccc(C)cc3)c2c1.Cl.Cl
CHEMBL3216748,Cc1ccc(-c2c(CN)c(CC(C)C)nc3ccc(CCC(N)=O)cc23)cc1.Cl.Cl
CHEMBL3216749,Cc1ccc(-c2c(CN)c(CC(C)C)nc3ccc(C(N)=O)cc23)cc1.Cl.Cl
CHEMBL331950,NCc1c(-c2ccc(Cl)cc2Cl)cc(-c2ccccc2)nc1N
CHEMBL122206,COc1cc2c(cc1OC)-c1nc(N)c(CN)c(-c3ccc(Cl)cc3Cl)c1C2
CHEMBL1812737,CCCCCn1c(CN)c(-c2ccccc2)c2cc(Cl)ccc2c1=O
CHEMBL1812738,CC(C)(C)Cn1c(CN)c(-c2ccccc2)c2cc(Cl)ccc2c1=O
CHEMBL1812900,CC(C)Cn1c(CN)c(-c2ccccc2)c2cc(C(=O)O)ccc2c1=O.Cl
CHEMBL1812901,CC(C)Cn1c(CN)c(-c2ccccc2)c2cc(C(N)=O)ccc2c1=O.Cl
CHEMBL1812902,CC(C)Cn1c(CN)c(-c2ccccc2)c2cc(C#N)ccc2c1=O.Cl
CHEMBL1812903,CC(C)Cn1c(CN)c(-c2ccccc2)c2ccc(C(N)=O)cc2c1=O.Cl
CHEMBL1812904,CNC(=O)c1ccc2c(=O)n(CC(C)C)c(CN)c(-c3ccccc3)c2c1.Cl
CHEMBL1812905,CC(C)Cn1c(CN)c(-c2ccccc2)c2cc(C(=O)N(C)C)ccc2c1=O.Cl
CHEMBL1812906,CC(C)Cn1c(CN)c(-c2ccccc2)c2cc(O)ccc2c1=O.Cl
CHEMBL1812907,COc1ccc2c(=O)n(CC(C)C)c(CN)c(-c3ccccc3)c2c1
CHEMBL1812909,CC(C)Cn1c(CN)c(-c2ccccc2)c2ccc(OCC(N)=O)cc2c1=O.Cl
CHEMBL1812910,CC(C)Cn1c(CN)c(-c2ccccc2)c2cc(/C=C/C(N)=O)ccc2c1=O.Cl
CHEMBL1812911,CC(C)Cn1c(CN)c(-c2ccccc2)c2cc(CCC(N)=O)ccc2c1=O.Cl
CHEMBL1819089,Cl.Cn1c(=O)c2c(cc(N3CCC[C@@H](N)C3)n2Cc2cc(F)ccc2C#N)n(C)c1=O
CHEMBL1819090,Cn1c(=O)c2c(cc(N3CCC[C@@](C)(N)C3)n2Cc2cc(F)ccc2C#N)n(C)c1=O
CHEMBL1819091,CC[C@@]1(N)CCCN(c2cc3c(c(=O)n(C)c(=O)n3C)n2Cc2cc(F)ccc2C#N)C1
CHEMBL1909975,NCc1c(N)nc(-c2cc(F)cc(F)c2)nc1-c1ccc(Cl)cc1Cl
CHEMBL1929387,Cc1cc2ncc(C(=O)NCC(C)(C)NCC(=O)N3CCC[C@H]3C#N)cn2n1.Cl
CHEMBL1929388,Cc1cc2ncc(C(=O)NCC(C)(C)NCC(=O)N3CCC[C@H]3C#N)c(C)n2n1.Cl
CHEMBL1929389,Cc1cc2ncc(C(=O)NCC(C)(C)NCC(=O)N3CCC[C@H]3C#N)c(C(F)(F)F)n2n1.Cl
CHEMBL1929390,Cc1cc2ncc(C(=O)NCC(C)(C)NCC(=O)N3CCC[C@H]3C#N)c(O)n2n1.Cl
CHEMBL1929391,Cc1c(C(=O)NCC(C)(C)NCC(=O)N2CCC[C@H]2C#N)cnc2cc(C(C)(C)C)nn12.Cl
CHEMBL1929392,Cc1c(C(=O)NCC(C)(C)NCC(=O)N2CCC[C@H]2C#N)cnc2cc(-c3ccccc3)nn12.Cl
CHEMBL1929393,Cc1nc2cc(C(C)(C)C)nn2c(C)c1C(=O)NCC(C)(C)NCC(=O)N1CCC[C@H]1C#N.Cl
CHEMBL1929394,Cc1nc2cc(-c3ccccc3)nn2c(C)c1C(=O)NCC(C)(C)NCC(=O)N1CCC[C@H]1C#N.Cl
CHEMBL1929395,Cc1cc2nc(C)c(C(=O)NCC(C)(C)NCC(=O)N3CCC[C@H]3C#N)c(C)n2n1.Cl
CHEMBL1951417,Cn1cnc2c(C#N)c(N3CCNCC3)n(Cc3ccccc3)c2c1=O
CHEMBL1951418,COc1cccc(C(=O)Cn2cnc3c(C#N)c(N4CCNCC4)n(Cc4ccccc4)c3c2=O)c1
CHEMBL1951419,CC#CCn1c(N2CCNCC2)c(C#N)c2ncn(CC(=O)c3cccc(OC)c3)c(=O)c21
CHEMBL1951420,COc1cccc(C(=O)Cn2cnc3c(C#N)c(N4CCNCC4)n(CC=C(C)C)c3c2=O)c1
CHEMBL1951421,Cn1cnc2c(C#N)c(N3CCC[C@H](N)C3)n(Cc3ccccc3)c2c1=O
CHEMBL1951422,COc1cccc(C(=O)Cn2cnc3c(C#N)c(N4CCC[C@@H](N)C4)n(Cc4ccccc4)c3c2=O)c1
CHEMBL1951423,COc1cccc(C(=O)Cn2cnc3c(C#N)c(N4CCC[C@H](N)C4)n(Cc4ccccc4)c3c2=O)c1
CHEMBL1951424,N#Cc1c(N2CCC[C@H](N)C2)n(Cc2ccccc2)c2c(=O)n(Cc3ccnc4ccccc34)cnc12
CHEMBL1951425,CC#CCn1c(N2CCC[C@@H](N)C2)c(C#N)c2ncn(CC(=O)c3cccc(OC)c3)c(=O)c21
CHEMBL1951426,CC#CCn1c(N2CCC[C@H](N)C2)c(C#N)c2ncn(CC(=O)c3cccc(OC)c3)c(=O)c21
CHEMBL1951427,CC#CCn1c(N2CCC[C@H](N)C2)c(C#N)c2ncn(Cc3ccnc4ccccc34)c(=O)c21
CHEMBL1951428,CC#CCn1c(N2CCC[C@H](N)C2)c(C#N)c2ncn(Cc3nccc4ccccc34)c(=O)c21
CHEMBL1951429,COc1cccc(C(=O)Cn2cnc3c(C#N)c(N4CCC[C@@H](N)C4)n(CC=C(C)C)c3c2=O)c1
CHEMBL1951430,COc1cccc(C(=O)Cn2cnc3c(C#N)c(N4CCC[C@H](N)C4)n(CC=C(C)C)c3c2=O)c1
CHEMBL1951431,CC(C)=CCn1c(N2CCC[C@H](N)C2)c(C#N)c2ncn(Cc3ccnc4ccccc34)c(=O)c21
CHEMBL1951432,CC(C)=CCn1c(N2CCC[C@H](N)C2)c(C#N)c2ncn(Cc3nccc4ccccc34)c(=O)c21
CHEMBL1951433,CC(C)=CCn1c(N2CCC[C@H](N)C2)c(C#N)c2ncn(Cc3nc(C)c4ccccc4n3)c(=O)c21
CHEMBL1951434,CC(C)=CCn1c(N2CCC[C@H](N)C2)c(C#N)c2ncn(Cc3ncc4ccccc4n3)c(=O)c21
CHEMBL1951435,CC(C)=CCn1c(N2CCC[C@H](N)C2)c(C#N)c2ncn(C)c(=O)c21
CHEMBL1951436,N#Cc1c(N2CCCNCC2)n(Cc2ccccc2)c2c(=O)n(Cc3nccc4ccccc34)cnc12
CHEMBL1951437,CC(C)=CCn1c(N2CCCNCC2)c(C#N)c2ncn(Cc3nccc4ccccc34)c(=O)c21
CHEMBL1951438,CC#CCn1c(N2CCCNCC2)c(C#N)c2ncn(Cc3nccc4ccccc34)c(=O)c21
CHEMBL1951416,CC#CCn1c(N2CCCNCC2)c(C#N)c2c1c(=O)n(Cc1ncc3ccccc3c1C#N)c(=O)n2C
CHEMBL1951439,CC#CCn1c(N2CCCNCC2)c(C#N)c2ncn(Cc3nc(C)c4ccccc4n3)c(=O)c21
CHEMBL1951440,CC#CCn1c(N2CCCNCC2)c(C#N)c2ncn(Cc3ncc4ccccc4n3)c(=O)c21
CHEMBL1951595,COc1cccc(C(=O)Cn2c(=O)c3c(c(C#N)c(N4CCC[C@H](N)C4)n3Cc3ccccc3)n(C)c2=O)c1
CHEMBL1951596,Cn1c(=O)n(Cc2nccc3ccccc23)c(=O)c2c1c(C#N)c(N1CCC[C@H](N)C1)n2Cc1ccccc1
CHEMBL1951597,Cn1c(=O)c2c(c(C#N)c(N3CCC[C@H](N)C3)n2Cc2ccccc2)n(C)c1=O
CHEMBL1951598,COc1cccc(C(=O)Cn2c(=O)c3c(c(C#N)c(N4CCC[C@H](N)C4)n3CC=C(C)C)n(C)c2=O)c1
CHEMBL1951599,CC(C)=CCn1c(N2CCC[C@H](N)C2)c(C#N)c2c1c(=O)n(Cc1nccc3ccccc13)c(=O)n2C
CHEMBL1951600,CC(C)=CCn1c(N2CCC[C@H](N)C2)c(C#N)c2c1c(=O)n(Cc1nc(C)c3ccccc3n1)c(=O)n2C
CHEMBL1951601,CC(C)=CCn1c(N2CCC[C@H](N)C2)c(C#N)c2c1c(=O)n(Cc1cnc3ccccc3n1)c(=O)n2C
CHEMBL1951602,CC(C)=CCn1c(N2CCC[C@H](N)C2)c(C#N)c2c1c(=O)n(Cc1ncccc1C#N)c(=O)n2C
CHEMBL1951603,CC#CCn1c(N2CCC[C@H](N)C2)c(C#N)c2c1c(=O)n(CC(=O)c1cccc(OC)c1)c(=O)n2C
CHEMBL1951604,CC#CCn1c(N2CCC[C@H](N)C2)c(C#N)c2c1c(=O)n(Cc1nccc3ccccc13)c(=O)n2C
CHEMBL1951605,CC#CCn1c(N2CCC[C@@H](N)C2)c(C#N)c2c1c(=O)n(Cc1nc(C)c3ccccc3n1)c(=O)n2C
CHEMBL1951606,CC#CCn1c(N2CCC[C@H](N)C2)c(C#N)c2c1c(=O)n(Cc1nc(C)c3ccccc3n1)c(=O)n2C
CHEMBL1951607,COc1cccc(C(=O)Cn2c(=O)c3c(c(C#N)c(N4CCCNCC4)n3CC=C(C)C)n(C)c2=O)c1
CHEMBL1951608,CC(C)=CCn1c(N2CCCNCC2)c(C#N)c2c1c(=O)n(Cc1nccc3ccccc13)c(=O)n2C
CHEMBL1951609,CC(C)=CCn1c(N2CCCNCC2)c(C#N)c2c1c(=O)n(Cc1nc(C)c3ccccc3n1)c(=O)n2C
CHEMBL1951610,CC(C)=CCn1c(N2CCCNCC2)c(C#N)c2c1c(=O)n(Cc1cn3ccccc3n1)c(=O)n2C
CHEMBL1951611,CC(C)=CCn1c(N2CCCNCC2)c(C#N)c2c1c(=O)n(Cc1ncc3ccccc3c1C#N)c(=O)n2C
CHEMBL1949693,CC(C)=CCn1c(N2CCCNCC2)c(C#N)c2c1c(=O)n(Cc1c(C#N)cnc3ccccc13)c(=O)n2C
CHEMBL1951612,CC#CCn1c(N2CCCNCC2)c(C#N)c2c1c(=O)n(Cc1nccc3ccccc13)c(=O)n2C
CHEMBL1951613,CC#CCn1c(N2CCCNCC2)c(C#N)c2c1c(=O)n(Cc1nc(C)c3ccccc3n1)c(=O)n2C
CHEMBL1951614,CC#CCn1c(N2CCCNCC2)c(C#N)c2c1c(=O)n(Cc1c(C#N)cnc3ccccc13)c(=O)n2C
CHEMBL2011528,N[C@H]1CN(c2ccc(-n3ccc(OCc4ccccc4)cc3=O)cn2)C[C@@H]1c1cc(F)ccc1F
CHEMBL2011534,N[C@H]1CN(c2ccc(-n3ccc(OCc4ccccc4)cc3=O)cn2)C[C@@H]1c1cc(F)c(F)cc1F
CHEMBL2011535,N[C@H]1CN(c2ccc(-n3ccc(OCc4ccccc4)cc3=O)cn2)CC[C@@H]1c1cc(F)c(F)cc1F
CHEMBL2022464,Cc1cc2c(=O)n(Cc3ccccc3C#N)c(N3CCC[C@@H](N)C3)nc2[nH]1
CHEMBL2022467,N#Cc1ccccc1Cn1c(N2CCC[C@@H](N)C2)nc2[nH]c(Br)cc2c1=O
CHEMBL2022512,N#C[C@@H]1CCCN1C(=O)CNC(=O)c1ccc(-c2cccs2)cc1
CHEMBL2023066,N#Cc1ccccc1Cn1c(N2CCC[C@@H](N)C2)nc2[nH]c(-c3cccnc3)cc2c1=O
CHEMBL2023067,N#Cc1ccccc1Cn1c(N2CCC[C@@H](N)C2)nc2c(Br)c[nH]c2c1=O
CHEMBL2058756,N#Cc1ccc2oc(N3CCN([C@@H]4CN[C@H](C(=O)N5CCSC5)C4)CC3)nc2c1
CHEMBL2058757,O=C([C@@H]1C[C@H](N2CCN(c3nc4ccccc4s3)CC2)CN1)N1CCSC1
CHEMBL2058758,N#Cc1ccc2sc(N3CCN([C@@H]4CN[C@H](C(=O)N5CCSC5)C4)CC3)nc2c1
CHEMBL2058759,O=C([C@@H]1C[C@H](N2CCN(c3ccnc4cc(C(F)(F)F)ccc34)CC2)CN1)N1CCSC1
CHEMBL2058760,O=C([C@@H]1C[C@H](N2CCN(c3nc4ccccc4[nH]3)CC2)CN1)N1CCSC1
CHEMBL2058761,O=C([C@@H]1C[C@H](N2CCN(c3nc4cc(Cl)ccc4[nH]3)CC2)CN1)N1CCSC1
CHEMBL2058762,N#Cc1ccc2[nH]c(N3CCN([C@@H]4CN[C@H](C(=O)N5CCSC5)C4)CC3)nc2c1
CHEMBL2058967,O=C([C@@H]1C[C@H](N2CCN(c3nc4ccccc4o3)CC2)CN1)N1CCSC1
CHEMBL2058968,O=C([C@@H]1C[C@H](N2CCN(c3ccc4ccccc4n3)CC2)CN1)N1CCSC1
CHEMBL2058969,O=C([C@@H]1C[C@H](N2CCN(c3ccnc4ccccc34)CC2)CN1)N1CCSC1
CHEMBL2058970,Cc1cc(N2CCN([C@@H]3CN[C@H](C(=O)N4CCSC4)C3)CC2)c2ccccc2n1
CHEMBL2058971,O=C([C@@H]1C[C@H](N2CCN(c3cc(C(F)(F)F)nc4ccccc34)CC2)CN1)N1CCSC1
CHEMBL2058972,O=C([C@@H]1C[C@H](N2CCN(c3ccnc4cc(Cl)ccc34)CC2)CN1)N1CCSC1
CHEMBL2058973,O=C([C@@H]1C[C@H](N2CCN(c3nccc4ccccc34)CC2)CN1)N1CCSC1
CHEMBL2058974,O=C([C@@H]1C[C@H](N2CCN(c3ncc(Cl)c4ccccc34)CC2)CN1)N1CCSC1
CHEMBL2058975,N#Cc1cnc(N2CCN([C@@H]3CN[C@H](C(=O)N4CCSC4)C3)CC2)c2ccccc12
CHEMBL2063024,C[C@H](N)C(=O)N1C[C@@H](O)C[C@H]1B(O)O
CHEMBL2063025,C[C@H](N)C(=O)N1C[C@H](O)C[C@H]1B(O)O
CHEMBL2063026,C[C@H](N)C(=O)N1C[C@H](F)C[C@H]1B(O)O
CHEMBL2063027,C[C@H](N)C(=O)N1CC(=O)C[C@H]1B(O)O
CHEMBL2063028,C[C@H](N)C(=O)N1C[C@@H](Cl)C[C@H]1B(O)O
CHEMBL2063029,N[C@@H](CCC(=O)O)C(=O)N1C[C@@H](O)C[C@H]1B(O)O
CHEMBL2063030,N[C@@H](CCC(=O)O)C(=O)N1C[C@H](O)C[C@H]1B(O)O
CHEMBL2063031,CC(C)(C)[C@H](N)C(=O)N1C[C@@H](O)C[C@H]1B(O)O
CHEMBL2063032,CC(C)(C)[C@H](N)C(=O)N1C[C@H](O)C[C@H]1B(O)O
CHEMBL2063033,O=C([C@@H]1CCCN1)N1C[C@@H](O)C[C@H]1B(O)O
CHEMBL2063034,O=C([C@@H]1CCCN1)N1C[C@H](O)C[C@H]1B(O)O
CHEMBL2063035,O=C([C@@H]1C[C@@H](O)CN1)N1C[C@@H](O)C[C@H]1B(O)O
CHEMBL2063036,O=C([C@@H]1C[C@@H](O)CN1)N1C[C@H](O)C[C@H]1B(O)O
CHEMBL2063037,O=C([C@@H]1C[C@H](O)CN1)N1C[C@@H](O)C[C@H]1B(O)O
CHEMBL2063038,O=C([C@@H]1C[C@H](O)CN1)N1C[C@H](O)C[C@H]1B(O)O
CHEMBL2063039,N[C@@H](CCCC(=O)O)C(=O)N1C[C@H](O)C[C@H]1B(O)O
CHEMBL2063040,N=C(N)NCCC[C@H](N)C(=O)N1C[C@@H](O)C[C@H]1B(O)O
CHEMBL2069828,N[C@@H](CC(=O)N1CCN(c2ccc([N+](=O)[O-])cc2)CC1)Cc1cc(F)c(F)cc1F
CHEMBL2069829,N[C@@H](CC(=O)N1CCN(c2ccc([N+](=O)[O-])cc2F)CC1)Cc1cc(F)c(F)cc1F
CHEMBL2069830,N[C@@H](CC(=O)N1CCN(c2ccc(F)cc2F)CC1)Cc1cc(F)c(F)cc1F
CHEMBL2069831,CC(O)c1ccc(N2CCN(C(=O)C[C@H](N)Cc3cc(F)c(F)cc3F)CC2)cc1
CHEMBL2069832,CC(=O)c1ccc(N2CCN(C(=O)C[C@H](N)Cc3cc(F)c(F)cc3F)CC2)cc1
CHEMBL2069833,N[C@@H](CC(=O)N1CCN(c2ccccc2-c2ccccc2)CC1)Cc1cc(F)c(F)cc1F
CHEMBL2069834,N#Cc1ccccc1N1CCN(C(=O)C[C@H](N)Cc2cc(F)c(F)cc2F)CC1
CHEMBL2069835,N#Cc1ccc(N2CCN(C(=O)C[C@H](N)Cc3cc(F)c(F)cc3F)CC2)cc1
CHEMBL2069836,COc1cc(CN2CCN(C(=O)C[C@H](N)Cc3cc(F)c(F)cc3F)CC2)cc(OC)c1
CHEMBL2069837,N[C@@H](CC(=O)N1CCN(C(c2ccc(F)cc2)c2ccc(F)cc2)CC1)Cc1cc(F)c(F)cc1F
CHEMBL2069838,N[C@@H](CC(=O)N1CCN(C(=O)c2ccccc2)CC1)Cc1cc(F)c(F)cc1F
CHEMBL2069839,N[C@@H](CC(=O)N1CCN(C(=O)c2ccc(F)cc2)CC1)Cc1cc(F)c(F)cc1F
CHEMBL2069840,N[C@@H](CC(=O)N1CCN(C(=O)c2ccc(O)cc2)CC1)Cc1cc(F)c(F)cc1F
CHEMBL2069841,N[C@@H](CC(=O)N1CCN(C(=O)c2ccc(OC(F)(F)F)cc2)CC1)Cc1cc(F)c(F)cc1F
CHEMBL2069842,N[C@@H](CC(=O)N1CCN(C(=O)c2ccc(C(F)(F)F)cc2)CC1)Cc1cc(F)c(F)cc1F
CHEMBL2069843,N[C@@H](CC(=O)N1CCN(C(=O)c2ccc(S(N)(=O)=O)cc2)CC1)Cc1cc(F)c(F)cc1F
CHEMBL2069844,N[C@@H](CC(=O)N1CCN(C(=O)c2ccc(C(=O)O)cc2)CC1)Cc1cc(F)c(F)cc1F
CHEMBL2069845,N[C@@H](CC(=O)N1CCN(C(=O)c2cccc(C(=O)O)c2)CC1)Cc1cc(F)c(F)cc1F
CHEMBL2069846,CN1CCN(c2ccc(C(=O)N3CCN(C(=O)C[C@H](N)Cc4cc(F)c(F)cc4F)CC3)cc2)CC1
CHEMBL2069847,N[C@@H](CC(=O)N1CCN(C(=O)c2ccco2)CC1)Cc1cc(F)c(F)cc1F
CHEMBL2069848,N[C@@H](CC(=O)N1CCN(C(=O)c2ccc3ccccc3n2)CC1)Cc1cc(F)c(F)cc1F
CHEMBL2069849,COc1cccc2cc(C(=O)N3CCN(C(=O)C[C@H](N)Cc4cc(F)c(F)cc4F)CC3)oc12
CHEMBL2069850,N[C@@H](CC(=O)N1CCN(C(=O)c2ccccn2)CC1)Cc1cc(F)c(F)cc1F
CHEMBL2069851,N[C@@H](CC(=O)N1CCN(C(=O)c2cnccn2)CC1)Cc1cc(F)c(F)cc1F
CHEMBL2069852,N[C@@H](CC(=O)N1CCN(C(=O)c2ccc(O)nc2)CC1)Cc1cc(F)c(F)cc1F
CHEMBL2069853,N[C@@H](CC(=O)N1CCN(C(=O)c2cc(O)c3cccc(O)c3n2)CC1)Cc1cc(F)c(F)cc1F
CHEMBL2069854,N[C@@H](CC(=O)N1CCN(C(=O)c2cc3ccccc3s2)CC1)Cc1cc(F)c(F)cc1F
CHEMBL2069855,Cn1c(C(=O)N2CCN(C(=O)C[C@H](N)Cc3cc(F)c(F)cc3F)CC2)cc2ccccc21
CHEMBL2069856,N[C@@H](CC(=O)N1CCN(C(=O)c2cc3ccccc3o2)CC1)Cc1cc(F)c(F)cc1F
CHEMBL2069308,N[C@@H](CC(=O)N1CCN(C(=O)c2ccc3cccnc3n2)CC1)Cc1cc(F)c(F)cc1F
CHEMBL2069857,N[C@@H](CC(=O)N1CCN(C(=O)c2cc(Cl)ccn2)CC1)Cc1cc(F)c(F)cc1F
CHEMBL2069858,N[C@@H](CC(=O)N1CCN(C(=O)c2cccc(-c3ccc(F)cc3)n2)CC1)Cc1cc(F)c(F)cc1F
CHEMBL2069859,N[C@@H](CC(=O)N1CCN(C(=O)c2cccc(F)n2)CC1)Cc1cc(F)c(F)cc1F
CHEMBL2069860,N[C@@H](CC(=O)N1CCN(C(=O)c2ncc(F)cc2F)CC1)Cc1cc(F)c(F)cc1F
CHEMBL2086587,NC(=O)[C@@H]1CCCN1C(=O)CCNC(=O)c1ccccc1
CHEMBL2086588,COc1ccc(C(=O)NCCC(=O)N2CCC[C@H]2C(N)=O)cc1
CHEMBL2086589,NC(=O)[C@@H]1CCCN1C(=O)CCNC(=O)c1ccc(O)cc1
CHEMBL2086590,NC(=O)[C@@H]1CCCN1C(=O)CCNC(=O)c1ccc(F)cc1
CHEMBL2086591,N#Cc1ccc(C(=O)NCCC(=O)N2CCC[C@H]2C(N)=O)cc1
CHEMBL2086592,NC(=O)[C@@H]1CCCN1C(=O)CCNC(=O)c1ccc(C(F)(F)F)cc1
CHEMBL2086593,Cc1ccc(C(=O)NCCC(=O)N2CCC[C@H]2C(N)=O)cc1
CHEMBL2086594,NC(=O)[C@@H]1CCCN1C(=O)CCNC(=O)c1ccc(-c2ccccc2)cc1
CHEMBL2086595,NC(=O)[C@@H]1CCCN1C(=O)CCCNC(=O)c1ccccc1
CHEMBL2086596,COc1ccc(C(=O)NCCCC(=O)N2CCC[C@H]2C(N)=O)cc1
CHEMBL2086597,NC(=O)[C@@H]1CCCN1C(=O)CCCNC(=O)c1ccc(O)cc1
CHEMBL2086598,NC(=O)[C@@H]1CCCN1C(=O)CCCNC(=O)c1ccc(F)cc1
CHEMBL2086599,N#Cc1ccc(C(=O)NCCCC(=O)N2CCC[C@H]2C(N)=O)cc1
CHEMBL2086600,NC(=O)[C@@H]1CCCN1C(=O)CCCNC(=O)c1ccc(C(F)(F)F)cc1
CHEMBL2086601,Cc1ccc(C(=O)NCCCC(=O)N2CCC[C@H]2C(N)=O)cc1
CHEMBL2086602,NC(=O)[C@@H]1CCCN1C(=O)CCCNC(=O)c1ccc(-c2ccccc2)cc1
CHEMBL2086603,NC(=O)[C@@H]1CCCN1C(=O)c1ccc(NC(=O)c2ccccc2)cc1
CHEMBL2086604,COc1ccc(C(=O)Nc2ccc(C(=O)N3CCC[C@H]3C(N)=O)cc2)cc1
CHEMBL2086605,NC(=O)[C@@H]1CCCN1C(=O)c1ccc(NC(=O)c2ccc(O)cc2)cc1
CHEMBL2086606,NC(=O)[C@@H]1CCCN1C(=O)c1ccc(NC(=O)c2ccc(F)cc2)cc1
CHEMBL2086607,N#Cc1ccc(C(=O)Nc2ccc(C(=O)N3CCC[C@H]3C(N)=O)cc2)cc1
CHEMBL2086608,NC(=O)[C@@H]1CCCN1C(=O)c1ccc(NC(=O)c2ccc(C(F)(F)F)cc2)cc1
CHEMBL2086609,Cc1ccc(C(=O)Nc2ccc(C(=O)N3CCC[C@H]3C(N)=O)cc2)cc1
CHEMBL2086610,NC(=O)[C@@H]1CCCN1C(=O)c1ccc(NC(=O)c2ccc(-c3ccccc3)cc2)cc1
CHEMBL2086611,N#Cc1ccc(C(=O)NCCC(=O)N2CCC[C@H]2C#N)cc1
CHEMBL2086612,N#C[C@@H]1CCCN1C(=O)CCNC(=O)c1ccc(C(F)(F)F)cc1
CHEMBL2086613,N#Cc1ccc(C(=O)NCCCC(=O)N2CCC[C@H]2C#N)cc1
CHEMBL2086614,N#C[C@@H]1CCCN1C(=O)CCCNC(=O)c1ccc(C(F)(F)F)cc1
CHEMBL2086615,N#Cc1ccc(C(=O)Nc2ccc(C(=O)N3CCC[C@H]3C#N)cc2)cc1
CHEMBL2086616,N#C[C@@H]1CCCN1C(=O)c1ccc(NC(=O)c2ccc(C(F)(F)F)cc2)cc1
CHEMBL2147057,Cl.N[C@@H]1CCCN(c2nc3c4ccccc4[nH]c(=O)c3n2Cc2ccccc2Cl)C1
CHEMBL2147070,Cl.Cn1c(=O)c2c(nc(N3CCC[C@@H](N)C3)n2Cc2cc(F)ccc2Cl)c2ccc(C(=O)O)cc21
CHEMBL2147702,O=C([C@@H]1C[C@H](N2CCN(c3nc(-c4ccccc4)cs3)CC2)CN1)N1CCSC1
CHEMBL2147703,O=C([C@@H]1C[C@H](N2CCN(c3nccn3-c3ccccc3)CC2)CN1)N1CCSC1
CHEMBL2147704,O=C([C@@H]1C[C@H](N2CCN(c3nnnn3-c3ccccc3)CC2)CN1)N1CCSC1
CHEMBL2147705,O=C([C@@H]1C[C@H](N2CCC(c3nnnn3-c3ccccc3)CC2)CN1)N1CCSC1
CHEMBL2147706,O=C([C@@H]1C[C@H](N2CCN(c3nnnn3C3CCCCC3)CC2)CN1)N1CCSC1
CHEMBL2147707,O=C([C@@H]1C[C@H](N2CCN(c3ccnn3-c3ccccc3)CC2)CN1)N1CCSC1
CHEMBL2147709,O=C([C@@H]1C[C@H](N2CCN(c3cc(C(F)(F)F)nn3-c3ccccc3)CC2)CN1)N1CCSC1
CHEMBL2147710,O=C([C@@H]1C[C@H](N2CCC(c3cc(C(F)(F)F)nn3-c3ccccc3)CC2)CN1)N1CCSC1
CHEMBL2147711,Cc1cc(N2CCN([C@@H]3CN[C@H](C(=O)N4CCSC4)C3)CC2)n(-c2ccc(F)cc2)n1
CHEMBL2147712,Cc1cc(N2CCN([C@@H]3CN[C@H](C(=O)N4CCSC4)C3)CC2)n(-c2cccc(F)c2)n1
CHEMBL2147713,Cc1cc(N2CCN([C@@H]3CN[C@H](C(=O)N4CCSC4)C3)CC2)n(-c2ccccc2F)n1
CHEMBL2147714,Cc1cc(N2CCN([C@@H]3CN[C@H](C(=O)N4CCSC4)C3)CC2)n(-c2ccc(Cl)cc2)n1
CHEMBL2147715,Cc1cc(N2CCN([C@@H]3CN[C@H](C(=O)N4CCSC4)C3)CC2)n(-c2ccc(C#N)cc2)n1
CHEMBL2147771,Cc1cc(N2CCN([C@@H]3CN[C@H](C(=O)N4CCSC4)C3)CC2)n(-c2ccccn2)n1
CHEMBL2147772,Cc1cc(N2CCN([C@@H]3CN[C@H](C(=O)N4CCSC4)C3)CC2)n(-c2ccncc2)n1
CHEMBL2147773,Cc1cc(N2CCN([C@@H]3CN[C@H](C(=O)N4CCSC4)C3)CC2)n(-c2cccnc2)n1
CHEMBL2147774,Cc1cc(N2CCN([C@@H]3CN[C@H](C(=O)N4CCSC4)C3)CC2)n(-c2ccc(C#N)cn2)n1
CHEMBL2147775,Cc1cc(N2CCN([C@H]3CN[C@H](C(=O)N4CCSC4)C3)CC2)n(-c2ccccc2)n1
CHEMBL2147777,Cc1cc(N2CCN([C@@H]3CN[C@H](C(=O)N4CCSC4)C3)CC2)n(-c2ccccc2)n1
CHEMBL2147049,Cl.Cn1c(=O)c2c(nc(N3CCC[C@@H](N)C3)n2Cc2cccc(Cl)c2)c2cc(C(=O)O)ccc21
CHEMBL2147056,Cc1ccc(F)cc1Cn1c(N2CCC[C@@H](N)C2)nc2c3ccc(C(=O)O)cc3n(C)c(=O)c21.Cl
CHEMBL2147058,Cc1ccccc1Cn1c(N2CCC[C@@H](N)C2)nc2c3cc(C(=O)O)ccc3n(C)c(=O)c21.Cl
CHEMBL2147059,COc1ccccc1Cn1c(N2CCC[C@@H](N)C2)nc2c3cc(C(=O)O)ccc3n(C)c(=O)c21.Cl
CHEMBL2147060,Cl.Cn1c(=O)c2c(nc(N3CCC[C@@H](N)C3)n2Cc2ccccc2F)c2cc(C(=O)O)ccc21
CHEMBL2147062,COc1cccc(Cn2c(N3CCC[C@@H](N)C3)nc3c4cc(C(=O)O)ccc4n(C)c(=O)c32)c1.Cl
CHEMBL2147063,COc1ccc(Cn2c(N3CCC[C@@H](N)C3)nc3c4cc(C(=O)O)ccc4n(C)c(=O)c32)cc1.Cl
CHEMBL2147064,Cl.Cn1c(=O)c2c(nc(N3CCC[C@@H](N)C3)n2CCc2ccccc2Cl)c2cc(C(=O)O)ccc21
CHEMBL2147065,Cl.Cn1c(=O)c2c(nc(N3CCC[C@@H](N)C3)n2CC2CCCCC2)c2cc(C(=O)O)ccc21
CHEMBL2147066,CC(C)=CCn1c(N2CCC[C@@H](N)C2)nc2c3cc(C(=O)O)ccc3n(C)c(=O)c21.Cl
CHEMBL2147067,CC#CCn1c(N2CCC[C@@H](N)C2)nc2c3cc(C(=O)O)ccc3n(C)c(=O)c21.Cl
CHEMBL2147068,Cl.Cn1c(=O)c2c(nc(N3CCC[C@@H](N)C3)n2Cc2cc(Cl)ccc2Cl)c2cc(C(=O)O)ccc21
CHEMBL2147069,Cl.Cn1c(=O)c2c(nc(N3CCC[C@@H](N)C3)n2Cc2cc(F)ccc2Cl)c2cc(C(=O)O)ccc21
CHEMBL2147071,CN(C)C(=O)c1ccc2c3nc(N4CCC[C@@H](N)C4)n(Cc4ccccc4Cl)c3c(=O)n(C)c2c1.Cl
CHEMBL2147072,Cn1c(=O)c2c(nc(N3CCC[C@@H](N)C3)n2Cc2ccccc2Cl)c2ccc(C#N)cc21
CHEMBL2147073,Cl.Cn1c(=O)c2c(nc(N3CCC[C@@H](N)C3)n2Cc2ccccc2Cl)c2ccc(C(=O)O)cc21
CHEMBL2147074,Cl.Cn1c(=O)c2c(nc(N3CCC[C@@H](N)C3)n2Cc2ccccc2Cl)c2ccc(CC(=O)O)cc21
CHEMBL2147075,COc1ccc2c(c1)c1nc(N3CCC[C@@H](N)C3)n(Cc3ccccc3Cl)c1c(=O)n2C.Cl
CHEMBL2147076,Cc1ccc2c(c1)c1nc(N3CCC[C@@H](N)C3)n(Cc3ccccc3Cl)c1c(=O)n2C.Cl
CHEMBL2147077,Cl.Cn1c(=O)c2c(nc(N3CCC[C@@H](N)C3)n2Cc2ccccc2Cl)c2cc(F)ccc21
CHEMBL2147078,Cl.Cn1c(=O)c2c(nc(N3CCC[C@@H](N)C3)n2Cc2ccccc2Cl)c2cc(OC(F)F)ccc21
CHEMBL2147079,COC(=O)c1ccc2c(c1)c1nc(N3CCC[C@@H](N)C3)n(Cc3ccccc3Cl)c1c(=O)n2C.Cl
CHEMBL2147080,Cl.Cn1c(=O)c2c(nc(N3CCC[C@@H](N)C3)n2Cc2ccccc2Cl)c2cc(C(N)=O)ccc21
CHEMBL2147081,CN(C)C(=O)c1ccc2c(c1)c1nc(N3CCC[C@@H](N)C3)n(Cc3ccccc3Cl)c1c(=O)n2C.Cl
CHEMBL2147082,Cl.Cn1c(=O)c2c(nc(N3CCC[C@@H](N)C3)n2Cc2ccccc2Cl)c2cc(C(=O)O)ccc21
CHEMBL2147083,Cl.Cn1c(=O)c2c(nc(N3CCC[C@@H](N)C3)n2Cc2ccccc2Cl)c2cc(CC(=O)O)ccc21
CHEMBL2147084,Cl.Cn1c(=O)c2c(nc(N3CCC[C@@H](N)C3)n2Cc2ccccc2Cl)c2c(C(=O)O)cccc21
CHEMBL2147085,Cl.Cn1c(=O)c2c(nc(N3CCC[C@@H](N)C3)n2Cc2ccccc2Cl)c2c(CC(=O)O)cccc21
CHEMBL2147086,Cl.Cn1c(=O)c2c(nc(N3CCC[C@@H](N)C3)n2Cc2ccccc2)c2cc(C(=O)O)ccc21
CHEMBL2147087,Cl.Cn1c(=O)c2c(nc(N3CCC[C@@H](N)C3)n2Cc2ccccc2Cl)c2ccccc21
CHEMBL2147183,Cn1c(=O)c2c(nc(N3CCC[C@@H](N)C3)n2Cc2ccccc2Cl)c2ccc(CO)cc21
CHEMBL2147184,CCn1c(=O)c2c(nc(N3CCC[C@@H](N)C3)n2Cc2ccccc2Cl)c2ccccc21.Cl
CHEMBL2147185,CCCn1c(=O)c2c(nc(N3CCC[C@@H](N)C3)n2Cc2ccccc2Cl)c2ccccc21.Cl
CHEMBL2147187,COc1cccc2c3nc(N4CCC[C@@H](N)C4)n(Cc4ccccc4Cl)c3c(=O)n(C)c12.Cl
CHEMBL2147188,COC(=O)c1cccc2c3nc(N4CCC[C@@H](N)C4)n(Cc4ccccc4Cl)c3c(=O)n(C)c12.Cl
CHEMBL2147189,Cl.Cn1c(=O)c2c(nc(N3CCC[C@@H](N)C3)n2Cc2ccccc2Cl)c2cccc(C(=O)O)c21
CHEMBL2147190,Cl.Cn1c(=O)c2c(nc(N3CCC[C@@H](N)C3)n2Cc2ccccc2Cl)c2ccc(F)cc21
CHEMBL2147191,Cl.Cn1c(=O)c2c(nc(N3CCC[C@@H](N)C3)n2Cc2ccccc2Cl)c2ccc(-c3ccccc3)cc21
CHEMBL2147192,Cc1ccc2c3nc(N4CCC[C@@H](N)C4)n(Cc4ccccc4Cl)c3c(=O)n(C)c2c1
CHEMBL2147193,COc1ccc2c3nc(N4CCC[C@@H](N)C4)n(Cc4ccccc4Cl)c3c(=O)n(C)c2c1.Cl
CHEMBL2147194,COCc1ccc2c3nc(N4CCC[C@@H](N)C4)n(Cc4ccccc4Cl)c3c(=O)n(C)c2c1.Cl
CHEMBL2147195,COC(=O)c1ccc2c3nc(N4CCC[C@@H](N)C4)n(Cc4ccccc4Cl)c3c(=O)n(C)c2c1.Cl
CHEMBL2147196,Cl.Cn1c(=O)c2c(nc(N3CCC[C@@H](N)C3)n2Cc2ccccc2Cl)c2ccc(C(N)=O)cc21
CHEMBL2153742,CC(=O)Nc1ccc(OP(=O)(Oc2ccc(NC(C)=O)cc2)C2CCCN2C(=O)[C@@H]2CCCN2)cc1
CHEMBL2153743,COC(=O)c1ccc(OP(=O)(Oc2ccc(C(=O)OC)cc2)C2CCCN2C(=O)[C@@H]2CCCN2)cc1
CHEMBL2153744,CCOC(=O)CNC(=O)c1ccc(OP(=O)(Oc2ccc(C(=O)NCC(=O)OCC)cc2)C2CCCN2C(=O)[C@@H]2CCCN2)cc1
CHEMBL2159175,Cn1c(=O)c2c(-c3ccccc3)c(CN)c(N)nc2n(C)c1=O
CHEMBL2159176,Cn1c(=O)c2c(-c3ccc(F)cc3)c(CN)c(N)nc2n(C)c1=O
CHEMBL2159177,Cn1c(=O)c2c(-c3ccc(Br)cc3)c(CN)c(N)nc2n(C)c1=O
CHEMBL2159178,COc1cccc(-c2c(CN)c(N)nc3c2c(=O)n(C)c(=O)n3C)c1
CHEMBL1185242,CS(=O)(=O)c1ccc(-c2noc([C@@H](CC3CC3)[C@H](N)C(F)=C3CCCC3)n2)c(Cl)c1
CHEMBL1186902,N[C@@H](CC(=O)N1CCCN(C(=O)c2ccc(C(=O)O)cc2)CC1)Cc1cc(F)c(F)cc1F
CHEMBL1194345,N[C@H]1Cn2c(nc3cnccc32)C[C@@H]1c1cc(F)c(F)cc1F
CHEMBL1197118,CS(=O)(=O)c1ccc2c(c1)nc1n2C[C@H](N)[C@@H](c2cc(F)c(F)cc2F)C1
CHEMBL1229644,CC(C)(CO)NCC(=O)N1C[C@@H](F)C[C@H]1[C@@H](O)c1nnc(C(C)(C)C)o1
CHEMBL1229820,COc1cc2c(cc1OC)[C@@H]1C[C@H](N)[C@@H](c3cccc(CF)c3)CN1CC2
CHEMBL1229855,CC(=O)N(C)[C@H]1CC[C@H]([C@H](C)[C@H](N)C(=O)N2CC[C@H](F)C2)CC1
CHEMBL1230015,CS(=O)(=O)c1ccc([C@H]2NO[C@H]([C@@H](CC3CC3)[C@H](N)C(=O)N3CC[C@H](F)C3)N2)c(F)c1
CHEMBL1230044,N[C@H]1CN(C(=O)c2cnc3ccccc3n2)C[C@H]1C(=O)N1CCCC1
CHEMBL2159179,COc1ccccc1-c1c(CN)c(N)nc2c1c(=O)n(C)c(=O)n2C
CHEMBL2159180,Cn1c(=O)c2c(-c3ccccc3C#N)c(CN)c(N)nc2n(C)c1=O
CHEMBL2159181,Cn1c(=O)c2c(-c3ccccc3Cl)c(CN)c(N)nc2n(C)c1=O
CHEMBL2159182,Cn1c(=O)c2c(-c3ccccc3Br)c(CN)c(N)nc2n(C)c1=O
CHEMBL2159183,Cn1c(=O)c2c(-c3cccc(Cl)c3Cl)c(CN)c(N)nc2n(C)c1=O
CHEMBL2159184,Cn1c(=O)c2c(-c3ccc(Cl)cc3Cl)c(CN)c(N)nc2n(C)c1=O
CHEMBL2159185,Cn1c(=O)c2c(-c3cc(Cl)ccc3Cl)c(CN)c(N)nc2n(C)c1=O
CHEMBL2159186,COc1ccc(F)cc1-c1c(CN)c(N)nc2c1c(=O)n(C)c(=O)n2C
CHEMBL2159187,Cn1c(=O)c2c(-c3cc(F)ccc3Cl)c(CN)c(N)nc2n(C)c1=O
CHEMBL2159188,Cn1c(=O)c2c(-c3cc(F)ccc3Br)c(CN)c(N)nc2n(C)c1=O
CHEMBL2159189,Cn1c(=O)c2c(-c3cc(F)ccc3Br)c(CN)c(O)nc2n(C)c1=O
CHEMBL2159190,CNc1nc2c(c(-c3cc(F)ccc3Br)c1CN)c(=O)n(C)c(=O)n2C
CHEMBL2159191,CCNc1nc2c(c(-c3cc(F)ccc3Br)c1CN)c(=O)n(C)c(=O)n2C
CHEMBL2159192,CCN(CC)c1nc2c(c(-c3cc(F)ccc3Br)c1CN)c(=O)n(C)c(=O)n2C
CHEMBL2159193,Cn1c(=O)c2c(-c3cc(F)ccc3Br)c(CN)c(N3CCOCC3)nc2n(C)c1=O
CHEMBL2159194,CN1CCN(c2nc3c(c(-c4cc(F)ccc4Br)c2CN)c(=O)n(C)c(=O)n3C)CC1
CHEMBL2203319,N[C@@H](CC(=O)NC1(c2cccc(-n3ccnc3)c2)CCS(=O)(=O)CC1)Cc1cc(F)c(F)cc1F
CHEMBL2206466,N[C@@H](CC(=O)NC1(c2cccc(-c3ccncc3)c2)CCS(=O)(=O)CC1)Cc1ccccc1F
CHEMBL2206467,N[C@@H](CC(=O)NC1(c2cccc(-c3nccs3)c2)CCS(=O)(=O)CC1)Cc1ccccc1F
CHEMBL2206468,N[C@@H](CC(=O)NC1(c2cccc(-c3cncs3)c2)CCS(=O)(=O)CC1)Cc1ccccc1F
CHEMBL2206469,N[C@@H](CC(=O)NC1(c2cccc(-c3cncs3)c2)CCS(=O)(=O)CC1)Cc1cc(F)c(F)cc1F
CHEMBL2206470,N[C@@H](CC(=O)NC1(c2cccc(-c3cn[nH]c3)c2)CCS(=O)(=O)CC1)Cc1ccccc1F
CHEMBL2206471,Cn1cncc1-c1cccc(C2(NC(=O)C[C@H](N)Cc3ccccc3F)CCS(=O)(=O)CC2)c1
CHEMBL2206472,Cc1ncc(-c2cccc(C3(NC(=O)C[C@H](N)Cc4ccccc4F)CCS(=O)(=O)CC3)c2)s1
CHEMBL2206473,N[C@@H](CC(=O)NC1(c2cccc(-c3cnc(C4CCCCN4)s3)c2)CCS(=O)(=O)CC1)Cc1ccccc1F
CHEMBL2206474,N[C@@H](CC(=O)NC1(c2nc(-c3ccccc3)cs2)CCS(=O)(=O)CC1)Cc1ccccc1F
CHEMBL2206475,N[C@@H](CC(=O)NC1(c2nc(-c3ccccc3)cs2)CCS(=O)(=O)CC1)Cc1cc(F)c(F)cc1F
CHEMBL2206476,COc1cccc(-c2csc(C3(NC(=O)C[C@H](N)Cc4ccccc4F)CCS(=O)(=O)CC3)n2)c1
CHEMBL2206477,COc1ccc(-c2csc(C3(NC(=O)C[C@H](N)Cc4ccccc4F)CCS(=O)(=O)CC3)n2)cc1
CHEMBL2206478,COc1ccccc1-c1csc(C2(NC(=O)C[C@H](N)Cc3cc(F)c(F)cc3F)CCS(=O)(=O)CC2)n1
CHEMBL2206479,N[C@@H](CC(=O)NC1(c2nc(-c3ccc(Cl)cc3)cs2)CCS(=O)(=O)CC1)Cc1cc(F)c(F)cc1F
CHEMBL2206480,N[C@@H](CC(=O)NC1(c2nc(-c3ccc(C(F)(F)F)cc3)cs2)CCS(=O)(=O)CC1)Cc1cc(F)c(F)cc1F
CHEMBL2206481,N[C@@H](CC(=O)NC1(c2nc(-c3cccc(C(F)(F)F)c3)cs2)CCS(=O)(=O)CC1)Cc1cc(F)c(F)cc1F
CHEMBL2206482,N[C@@H](CC(=O)NC1(c2nc(-c3ccc(F)cc3)cs2)CCS(=O)(=O)CC1)Cc1ccccc1F
CHEMBL2206483,N[C@@H](CC(=O)NC1(c2nnc(-c3ccccc3)o2)CCS(=O)(=O)CC1)Cc1cc(F)c(F)cc1F
CHEMBL2206484,N[C@@H](CC(=O)NC1(c2nnc(-c3cccc(F)c3)o2)CCS(=O)(=O)CC1)Cc1cc(F)c(F)cc1F
CHEMBL2206485,COc1cccc(-c2nnc(C3(NC(=O)C[C@H](N)Cc4cc(F)c(F)cc4F)CCS(=O)(=O)CC3)o2)c1
CHEMBL2206486,Cn1cc(-c2ccccc2)nc1C1(NC(=O)C[C@H](N)Cc2cc(F)c(F)cc2F)CCS(=O)(=O)CC1
CHEMBL2206487,Cc1sc(C2(NC(=O)C[C@H](N)Cc3ccccc3F)CCS(=O)(=O)CC2)nc1-c1ccccc1
CHEMBL2206488,N[C@@H](CC(=O)NC1(c2ccccc2)CCS(=O)(=O)CC1)Cc1cc(F)c(F)cc1F
CHEMBL2298396,N#C[C@@H]1C[C@@H]2C[C@@H]2N1C(=O)[C@@H](N)C12C[C@H]3C[C@@H](C1)C[C@](O)(C3)C2
CHEMBL226396,Nc1nc(Cl)c2nc[nH]c2n1
CHEMBL1233461,O=C(O)c1c(Cl)ccc(Cl)c1O
CHEMBL1236897,OCCC(CCO)C(CO)(CO)CO
CHEMBL2333023,O=C(NCC(=O)N1CCC[C@H]1B(O)O)c1cccnc1
CHEMBL2333025,O=C(NCC(=O)N1CCC[C@H]1B(O)O)c1ccncc1
CHEMBL2346919,CC#CCn1c(N2CCC[C@@H](N)C2)nc2ccn(C)c2c1=O
CHEMBL2346920,CC#CCn1c(N2CCC[C@@H](N)C2)nc2c(Br)c[nH]c2c1=O
CHEMBL2346921,CC#CCn1c(N2CCC[C@@H](N)C2)nc2cc[nH]c2c1=O
CHEMBL2346922,CC#CCn1c(N2CCC[C@@H](N)C2)nc2ccn(Cc3ncccn3)c2c1=O
CHEMBL2346923,CC#CCn1c(N2CCC[C@@H](N)C2)nc2ccn(Cc3c[nH]c4ccccc34)c2c1=O
CHEMBL2346924,CC#CCn1c(N2CCC[C@@H](N)C2)nc2ccn(Cc3nc4ccccc4[nH]3)c2c1=O
CHEMBL2346925,CC#CCn1c(N2CCC[C@@H](N)C2)nc2ccn(Cc3ccnc4ccccc34)c2c1=O
CHEMBL2346926,CC#CCn1c(N2CCC[C@@H](N)C2)nc2ccn(Cc3ccc4ccccc4n3)c2c1=O
CHEMBL2346927,CC#CCn1c(N2CCC[C@@H](N)C2)nc2ccn(Cc3ccc4cc(Br)ccc4n3)c2c1=O
CHEMBL2346928,CC#CCn1c(N2CCC[C@@H](N)C2)nc2ccn(Cc3ccc4cc(Cl)ccc4n3)c2c1=O
CHEMBL2346929,CC#CCn1c(N2CCC[C@@H](N)C2)nc2ccn(Cc3ccc4cc(F)ccc4n3)c2c1=O
CHEMBL2346930,CC#CCn1c(N2CCC[C@@H](N)C2)nc2ccn(Cc3ccc4cc(C)ccc4n3)c2c1=O
CHEMBL2347035,CC#CCn1c(N2CCC[C@@H](N)C2)nc2ccn(Cc3ccc4ccc(Cl)cc4n3)c2c1=O
CHEMBL2347036,CC#CCn1c(N2CCC[C@@H](N)C2)nc2ccn(Cc3ccc4ccc(F)cc4n3)c2c1=O
CHEMBL2347037,CC#CCn1c(N2CCC[C@@H](N)C2)nc2ccn(Cc3cnc4ccccc4n3)c2c1=O
CHEMBL2347038,CC#CCn1c(N2CCC[C@@H](N)C2)nc2ccn(Cc3nc4ccccc4nc3C)c2c1=O
CHEMBL2347039,CC#CCn1c(N2CCC[C@@H](N)C2)nc2ccn(Cc3nc(C)c4ccccc4n3)c2c1=O
CHEMBL2408638,CC(C)=CCn1c(OCC(C)(C)CN)nc2c1c(=O)n(CC(=O)c1ccccc1)c(=O)n2C
CHEMBL2408639,CC(C)=CCn1c(OCC(C)(C)N)nc2c1c(=O)n(CC(=O)c1ccccc1)c(=O)n2C
CHEMBL2408642,CC(C)=CCn1c(N2CCC3CNCC32)nc2c1c(=O)n(C)c(=O)n2C
CHEMBL2408644,CC(C)=CCn1c(O[C@H]2CCNC2)nc2c1c(=O)n(CC(=O)c1ccccc1)c(=O)n2C
CHEMBL2408646,CC(C)=CCn1c(O[C@@H]2CCNC2)nc2c1c(=O)n(CC(=O)c1ccccc1)c(=O)n2C
CHEMBL2408651,CC(C)=CCn1c(OC[C@@H]2CCCN2)nc2c1c(=O)n(CC(=O)c1ccccc1)c(=O)n2C
CHEMBL2408655,CC(C)=CCn1c(N2CCC3CNCC32)nc2c1c(=O)n(CC(=O)c1ccccc1)c(=O)n2C
CHEMBL2408771,CC(C)=CCn1c(N2CC3CCCNC3C2)nc2c1c(=O)n(CC(=O)c1ccccc1)c(=O)n2C
CHEMBL2408774,CC(C)=CCn1c(N2CC3CCNC3C2)nc2c1c(=O)n(CC(=O)c1ccccc1)c(=O)n2C
CHEMBL2418624,Cl.N#C[C@@H]1CCCN1C(=O)[C@@H](N)Cc1ccc(-c2cn(Cc3ccccc3F)nn2)cc1
CHEMBL2418625,Cl.N#C[C@@H]1CCCN1C(=O)[C@@H](N)Cc1ccc(-c2cn(Cc3cccc(F)c3)nn2)cc1
CHEMBL2418626,Cl.N#C[C@@H]1CCCN1C(=O)[C@@H](N)Cc1ccc(-c2cn(Cc3ccc(F)cc3)nn2)cc1
CHEMBL2418627,Cl.N#C[C@@H]1CCCN1C(=O)[C@@H](N)Cc1ccc(-c2cn(Cc3ccccc3Cl)nn2)cc1
CHEMBL2417563,Cl.N#C[C@@H]1CCCN1C(=O)[C@@H](N)Cc1ccc(-c2cn(Cc3cccc(Cl)c3)nn2)cc1
CHEMBL2418628,Cl.N#C[C@@H]1CCCN1C(=O)[C@@H](N)Cc1ccc(-c2cn(Cc3ccc(Cl)cc3)nn2)cc1
CHEMBL2418629,COc1ccccc1Cn1cc(-c2ccc(C[C@H](N)C(=O)N3CCC[C@H]3C#N)cc2)nn1.Cl
CHEMBL2418630,COc1cccc(Cn2cc(-c3ccc(C[C@H](N)C(=O)N4CCC[C@H]4C#N)cc3)nn2)c1.Cl
CHEMBL2418631,COc1ccc(Cn2cc(-c3ccc(C[C@H](N)C(=O)N4CCC[C@H]4C#N)cc3)nn2)cc1.Cl
CHEMBL2418632,Cl.N#C[C@@H]1CCCN1C(=O)[C@@H](N)Cc1ccc(-c2cn(Cc3ccc(F)c(F)c3)nn2)cc1
CHEMBL2418633,Cl.N#C[C@@H]1CCCN1C(=O)[C@@H](N)Cc1ccc(-c2cn(Cc3ccc(Cl)c(Cl)c3)nn2)cc1
CHEMBL2418634,COc1ccc(Cn2cc(-c3ccc(C[C@H](N)C(=O)N4CCC[C@H]4C#N)cc3)nn2)cc1OC.Cl
CHEMBL2418635,Cl.Cn1cc(-c2ccc(C[C@H](N)C(=O)N3CCC[C@H]3C#N)cc2)nn1
CHEMBL2418636,Cl.N#C[C@@H]1CCCN1C(=O)[C@@H](N)Cc1ccc(-c2cn(Cc3ccccc3)nn2)cc1
CHEMBL2418637,Cl.N#C[C@@H]1CCCN1C(=O)[C@@H](N)Cc1ccc(-c2cn(CCc3ccccc3)nn2)cc1
CHEMBL2418638,Cl.N#C[C@@H]1CCCN1C(=O)[C@@H](N)Cc1ccc(-c2cn(Cc3ccncc3)nn2)cc1
CHEMBL2418639,Cl.N#C[C@@H]1CCCN1C(=O)[C@@H](N)Cc1ccc(-c2cn(Cc3cccs3)nn2)cc1
CHEMBL2424672,CC#CCn1c(N2CCC[C@@H](N)C2)cc(=O)n(C)c1=O
CHEMBL2425882,CC#CCn1c(N2CCC[C@@H](N)C2)cc(=O)n(CC#CC)c1=O
CHEMBL200347,N#C[C@@H]1CCCN1C(=O)[C@@H](N)Cc1ccc(-c2ccccc2)cc1
CHEMBL2425059,N[C@H]1C[C@@H](N2Cc3cnc(C(F)(F)F)nc3C2)CC[C@@H]1c1cc(F)c(F)cc1F
CHEMBL2425060,N[C@H]1C[C@@H](N2Cc3cnc(C(F)(F)F)nc3C2)CO[C@@H]1c1cc(F)c(F)cc1F
CHEMBL2425061,N[C@H]1C[C@@H](N2Cc3cnc(C4CC4)nc3C2)CO[C@@H]1c1cc(F)c(F)cc1F
CHEMBL2425062,N[C@H]1C[C@@H](n2cc3cnc(C4CC4)nc3c2)CO[C@@H]1c1cc(F)c(F)cc1F
CHEMBL2425063,N[C@H]1C[C@@H](N2CCn3c(nnc3C(F)(F)F)C2)CO[C@@H]1c1cc(F)ccc1F
CHEMBL2425064,CC1(C)c2nc(C3CC3)ncc2CN1[C@H]1CO[C@H](c2cc(F)ccc2F)[C@@H](N)C1
CHEMBL2425065,CC1(C)c2cnc(C3CC3)nc2CN1[C@H]1CO[C@H](c2cc(F)ccc2F)[C@@H](N)C1
CHEMBL2425066,N[C@H]1C[C@@H](N2Cc3ccccc3C2=O)CO[C@@H]1c1cc(F)ccc1F
CHEMBL2425067,N[C@H]1C[C@@H](N2Cc3ccccc3O2)CO[C@@H]1c1cc(F)ccc1F
CHEMBL2425068,Cc1nc2c(o1)CN([C@H]1CO[C@H](c3cc(F)ccc3F)[C@@H](N)C1)C2
CHEMBL2425069,N[C@H]1C[C@@H](N2Cc3nc(C(F)(F)F)[nH]c3C2)CO[C@@H]1c1cc(F)ccc1F
CHEMBL2425070,N[C@H]1C[C@@H](N2Cc3cn[nH]c3C2)CO[C@@H]1c1cc(F)ccc1F
CHEMBL2425071,N[C@H]1C[C@@H](N2Cc3cn[nH]c3C2)CO[C@@H]1c1ccccc1Cl
CHEMBL2425072,N[C@H]1C[C@@H](N2Cc3cn[nH]c3C2)CO[C@@H]1c1ccc(F)cc1F
CHEMBL2425073,N[C@H]1C[C@@H](N2Cc3cn[nH]c3C2)CO[C@@H]1c1cc(F)c(Cl)cc1F
CHEMBL2425074,N[C@H]1C[C@@H](N2Cc3cn[nH]c3C2)CO[C@@H]1c1cc(F)ccc1Cl
CHEMBL2425075,N[C@H]1C[C@@H](N2Cc3cn[nH]c3C2)CO[C@@H]1c1cc(F)c(F)cc1F
CHEMBL2425076,N[C@H]1C[C@H](N2Cc3cn[nH]c3C2)CO[C@@H]1c1cc(F)ccc1F
CHEMBL2425077,N[C@@H]1C[C@H](N2Cc3cn[nH]c3C2)CO[C@H]1c1cc(F)ccc1F
CHEMBL2425078,N[C@@H]1C[C@@H](N2Cc3cn[nH]c3C2)CO[C@H]1c1cc(F)ccc1F
CHEMBL2425079,N[C@H]1C[C@@H](N2Cc3cn[nH]c3C2)CO[C@H]1c1cc(F)ccc1F
CHEMBL2425080,N[C@H]1C[C@H](N2Cc3cn[nH]c3C2)CO[C@H]1c1cc(F)ccc1F
CHEMBL2425081,N[C@@H]1C[C@H](N2Cc3cn[nH]c3C2)CO[C@@H]1c1cc(F)ccc1F
CHEMBL2425884,CC#CCn1c(N2CCC[C@@H](N)C2)cc(=O)n(Cc2ncccn2)c1=O
CHEMBL2425885,CC#CCn1c(N2CCC[C@@H](N)C2)cc(=O)n(Cc2nc3ccccc3[nH]2)c1=O
CHEMBL2425886,CC#CCn1c(N2CCC[C@@H](N)C2)cc(=O)n(Cc2ccc3ccccc3n2)c1=O
CHEMBL2425887,CC#CCn1c(N2CCC[C@@H](N)C2)cc(=O)n(Cc2ccc3c(ccc4ccccc43)n2)c1=O
CHEMBL2425888,CC#CCn1c(N2CCC[C@@H](N)C2)cc(=O)n(Cc2ccc3cc(Br)ccc3n2)c1=O
CHEMBL2425889,CC#CCn1c(N2CCC[C@@H](N)C2)cc(=O)n(Cc2ccc3cc(Cl)ccc3n2)c1=O
CHEMBL2425890,CC#CCn1c(N2CCC[C@@H](N)C2)cc(=O)n(Cc2ccc3cc(F)ccc3n2)c1=O
CHEMBL2425891,CC#CCn1c(N2CCC[C@@H](N)C2)cc(=O)n(Cc2ccc3cc(C)ccc3n2)c1=O
CHEMBL2425892,CC#CCn1c(N2CCC[C@@H](N)C2)cc(=O)n(Cc2ccc3cc(OC)ccc3n2)c1=O
CHEMBL2425893,CC#CCn1c(N2CCC[C@@H](N)C2)cc(=O)n(Cc2ccc3ccc(Cl)cc3n2)c1=O
CHEMBL2425894,CC#CCn1c(N2CCC[C@@H](N)C2)cc(=O)n(Cc2ccc3ccc(F)cc3n2)c1=O
CHEMBL2425895,CC#CCn1c(N2CCC[C@@H](N)C2)cc(=O)n(Cc2cc(Cl)c3ccccc3n2)c1=O
CHEMBL3093896,N#C[C@@H]1CCCN1C(=O)[C@@H](N)Cc1ccc(Br)cc1
CHEMBL3093897,Cc1ccccc1C[C@H](N)C(=O)N1CCC[C@H]1C#N
CHEMBL3093898,N#Cc1ccccc1C[C@H](N)C(=O)N1CCC[C@H]1C#N
CHEMBL3093899,N#C[C@@H]1CCCN1C(=O)[C@@H](N)Cc1ccccc1C(F)(F)F
CHEMBL3093900,N#Cc1cccc(C[C@H](N)C(=O)N2CCC[C@H]2C#N)c1
CHEMBL3093901,N#C[C@@H]1CCCN1C(=O)[C@@H](N)Cc1cccc(C(F)(F)F)c1
CHEMBL3093918,N#C[C@@H]1CCCN1C(=O)[C@@H](N)Cc1ccc(F)cc1
CHEMBL3093919,Cc1ccc(C[C@H](N)C(=O)N2CCC[C@H]2C#N)cc1
CHEMBL3093920,COc1ccc(C[C@H](N)C(=O)N2CCC[C@H]2C#N)cc1
CHEMBL3093921,N#C[C@@H]1CCCN1C(=O)[C@@H](N)Cc1ccc(N)cc1
CHEMBL3093922,N#C[C@@H]1CCCN1C(=O)[C@@H](N)Cc1ccc([N+](=O)[O-])cc1
CHEMBL3093923,N#Cc1ccc(C[C@H](N)C(=O)N2CCC[C@H]2C#N)cc1
CHEMBL3093924,N#C[C@@H]1CCCN1C(=O)[C@@H](N)Cc1ccc(C(F)(F)F)cc1
CHEMBL3093925,N#C[C@@H]1CCCN1C(=O)[C@@H](N)Cc1ccc(Cl)cc1
CHEMBL201268,N#C[C@@H]1CCCN1C(=O)[C@@H](N)Cc1ccccc1
CHEMBL251958,COc1cc(O)c(C(=O)/C=C/c2ccc(O)cc2)c(OC)c1
CHEMBL3093902,N#C[C@@H]1C[C@H](F)CN1C(=O)[C@@H](N)Cc1ccccc1
CHEMBL3093903,N#C[C@@H]1C[C@H](F)CN1C(=O)[C@@H](N)Cc1ccc(F)cc1
CHEMBL3093904,Cc1ccc(C[C@H](N)C(=O)N2C[C@@H](F)C[C@H]2C#N)cc1
CHEMBL3093905,COc1ccc(C[C@H](N)C(=O)N2C[C@@H](F)C[C@H]2C#N)cc1
CHEMBL3093906,N#C[C@@H]1C[C@H](F)CN1C(=O)[C@@H](N)Cc1ccc([N+](=O)[O-])cc1
CHEMBL3093907,N#Cc1ccc(C[C@H](N)C(=O)N2C[C@@H](F)C[C@H]2C#N)cc1
CHEMBL3093908,N#C[C@@H]1C[C@H](F)CN1C(=O)[C@@H](N)Cc1ccc(C(F)(F)F)cc1
CHEMBL3093909,CC(C)(C)c1ccc(C[C@H](N)C(=O)N2C[C@@H](F)C[C@H]2C#N)cc1
CHEMBL3093910,N#C[C@@H]1C[C@H](F)CN1C(=O)[C@@H](N)Cc1ccc(OCc2ccccc2)cc1
CHEMBL3093911,N#Cc1ccccc1C[C@H](N)C(=O)N1C[C@@H](F)C[C@H]1C#N
CHEMBL3093912,N#C[C@@H]1C[C@H](F)CN1C(=O)[C@@H](N)Cc1ccccc1C(F)(F)F
CHEMBL3093913,N#C[C@@H]1C[C@H](F)CN1C(=O)[C@@H](N)Cc1ccc(F)cc1F
CHEMBL3093914,N#C[C@@H]1C[C@H](F)CN1C(=O)[C@@H](N)Cc1cc(F)c(F)cc1F
CHEMBL3091488,N#C[C@@H]1C[C@H](F)CN1C(=O)[C@@H](N)Cc1ccc(F)c(F)c1F
CHEMBL3093915,N#C[C@@H]1C[C@H](F)CN1C(=O)[C@@H](N)Cc1cc(F)cc(F)c1F
CHEMBL3093916,N#C[C@@H]1CCCN1C(=O)[C@@H](N)Cc1ccccc1F
CHEMBL3093917,N#C[C@@H]1CCCN1C(=O)[C@@H](N)Cc1cccc(F)c1
CHEMBL3112957,NC[C@]1(c2cccc(Cl)c2)CC[C@H](n2ncccc2=O)CC1
CHEMBL3112958,Cc1ccc(=O)n([C@H]2CC[C@](CN)(c3cccc(Cl)c3)CC2)n1
CHEMBL3112959,NC[C@]1(c2cccc(Cl)c2)CC[C@H](n2nc(-c3ccccc3)ccc2=O)CC1
CHEMBL3112960,NC[C@]1(c2cccc(Cl)c2)CC[C@H](n2nc(-c3cccnc3)ccc2=O)CC1
CHEMBL3112961,NC[C@]1(c2ccccc2)CC[C@H](OC/C=C/c2ccccc2)CC1
CHEMBL3112962,NC[C@]1(c2ccccc2)CC[C@H](OCc2ccccc2)CC1
CHEMBL3112963,CO[C@H]1CC[C@](CN)(c2ccccc2)CC1
CHEMBL3112964,CO[C@H]1CC[C@](CN)(c2cccc(Cl)c2)CC1
CHEMBL3112965,CO[C@H]1CC[C@](CN)(c2cc(F)c(F)cc2F)CC1
CHEMBL3112966,NC[C@]1(c2cccc(Cl)c2)CC[C@H](N2CCCCC2=O)CC1
CHEMBL3112967,NC[C@]1(c2cccc(Cl)c2)CC[C@H](N2CCn3c(nnc3C(F)(F)F)C2=O)CC1
CHEMBL3112968,NC[C@]1(c2cccc(Cl)c2)CC[C@H](N2CCc3c(nc(C(F)(F)F)nc3C3CC3)C2=O)CC1
CHEMBL3112969,NC[C@]1(c2cccc(Cl)c2)CC[C@H](N2CCCCC2)CC1
CHEMBL3112970,NC[C@]1(c2cccc(Cl)c2)CC[C@H](N2CCn3c(nnc3C(F)(F)F)C2)CC1
CHEMBL3112971,NC[C@]1(c2cccc(Cl)c2)CC[C@H](N2CCc3c(nc(C(F)(F)F)nc3C3CC3)C2)CC1
CHEMBL3114069,N#C[C@@H]1C[C@H]2C[C@H]2N1C(=O)[C@@H](N)C12CC3CC(CC(O)(C3)C1)C2
CHEMBL3121246,CCOC(=O)c1c(O)cc(O)c2c1OC(c1ccc(O)cc1)CC2
CHEMBL3127979,N#C[C@@H]1CCCN1C(=O)[C@@H](N)Cc1ccoc1
CHEMBL3127980,N#C[C@@H]1CCCN1C(=O)[C@@H](N)Cc1ccsc1
CHEMBL3127981,N#C[C@@H]1CCCN1C(=O)[C@@H](N)Cc1csc2ccccc12
CHEMBL3127982,N#C[C@@H]1CCCN1C(=O)[C@@H](N)Cc1cscn1
CHEMBL3127983,N#C[C@@H]1CCCN1C(=O)[C@@H](N)Cc1ccccn1
CHEMBL3127984,N#C[C@@H]1C[C@H](F)CN1C(=O)[C@@H](N)Cc1cccs1
CHEMBL3127985,N#C[C@@H]1C[C@H](F)CN1C(=O)[C@@H](N)Cc1csc2ccccc12
CHEMBL3127986,N#C[C@@H]1C[C@H](F)CN1C(=O)[C@@H](N)Cc1cscn1
CHEMBL3127987,Cc1nc(C[C@H](N)C(=O)N2C[C@@H](F)C[C@H]2C#N)cs1
CHEMBL3127988,N#C[C@@H]1C[C@H](F)CN1C(=O)[C@@H](N)Cc1csc(-c2ccccc2)n1
CHEMBL3127989,N#C[C@@H]1C[C@H](F)CN1C(=O)[C@@H](N)Cc1csc(-c2ccc(Cl)cc2)n1
CHEMBL3127990,N#C[C@@H]1C[C@H](F)CN1C(=O)[C@@H](N)Cc1csc(-c2ccc(C(F)(F)F)cc2)n1
CHEMBL3127991,N#C[C@@H]1C[C@H](F)CN1C(=O)[C@@H](N)Cc1csc(-c2cccs2)n1
CHEMBL3127992,N#C[C@@H]1C[C@H](F)CN1C(=O)[C@@H](N)Cc1cc2c(cc1Br)OCO2
CHEMBL17347,CCOC(=O)/C=C/c1ccc(O)c(O)c1
CHEMBL66879,O=C(O)/C=C/c1ccc(O)cc1
CHEMBL75589,COc1cc(O)c2c(=O)c(O)c(-c3ccc(OC)c(O)c3)oc2c1
CHEMBL91933,O=Cc1ccc(-c2ccc(-c3cccs3)s2)s1
CHEMBL221542,CC[C@H](CC[C@@H](C)[C@H]1CC[C@H]2[C@@H]3CC=C4C[C@@H](O)CC[C@]4(C)[C@H]3CC[C@]12C)C(C)C
CHEMBL400359,COc1ccc2c(c1OC)CN(C)c1c-2ccc2cc3c(cc12)OCO3
CHEMBL508494,COc1cc2cc(Oc3ccc4ccc(=O)oc4c3)c(=O)oc2cc1O
CHEMBL574038,COc1cc([C@@H]2Oc3ccc4ccc(=O)oc4c3O[C@H]2CO)ccc1O
CHEMBL599763,O=C(/C=C/c1ccc(O[C@@H]2O[C@H](CO)[C@@H](O)[C@H](O)[C@H]2O)cc1)c1ccc(O)cc1O
CHEMBL1724888,O=C(CC(O)CCc1ccccc1)c1ccc(O)cc1
CHEMBL2048503,COC(=O)C1(O)CC(O)C(O)C(OC(=O)/C=C/c2ccc(O)c(O)c2)C1
CHEMBL2105762,CS(=O)(=O)n1cc2c(n1)CN([C@H]1CO[C@H](c3cc(F)ccc3F)[C@@H](N)C1)C2
CHEMBL3220151,O=C(CCCCc1ccccc1)c1ccc(O)cc1
CHEMBL3220152,COc1ccc2c(c1OC)C(O)N(C)c1c-2ccc2cc3c(cc12)OCO3
CHEMBL3220153,CCCCCCCCCCCCCCCCC(=O)OC[C@H]1O[C@@H](O[C@H]2CC[C@@]3(C)C(=CC[C@H]4[C@@H]5CC[C@H]([C@H](C)/C=C/[C@@H](CC)C(C)C)[C@@]5(C)CC[C@@H]43)C2)[C@H](O)[C@@H](O)[C@@H]1O
CHEMBL3233843,COc1ccc2nccc(C(=O)NCC(=O)N3CC(F)(F)C[C@H]3C#N)c2c1
CHEMBL3236100,NC[C@H]1CN(c2ccccc2)C(=O)C[C@@H]1c1cc(F)ccc1F
CHEMBL3236101,N#Cc1ccc(N2C[C@H](CN)[C@@H](c3cc(F)ccc3F)CC2=O)cc1
CHEMBL3236102,NC[C@H]1CN(c2ccc(F)cc2)C(=O)C[C@@H]1c1cc(F)ccc1F
CHEMBL3236103,NC[C@H]1CN(c2ccc(C(F)(F)F)cc2)C(=O)C[C@@H]1c1cc(F)ccc1F
CHEMBL3236104,COc1ccc(N2C[C@H](CN)[C@@H](c3cc(F)ccc3F)CC2=O)cc1
CHEMBL3236105,CS(=O)(=O)c1ccc(N2C[C@H](CN)[C@@H](c3cc(F)ccc3F)CC2=O)cc1
CHEMBL3236106,NC[C@H]1CN(c2cccnc2)C(=O)C[C@@H]1c1cc(F)ccc1F
CHEMBL3236107,COc1ccc(N2C[C@H](CN)[C@@H](c3cc(F)ccc3F)CC2=O)cn1
CHEMBL3236108,NC[C@H]1CN(c2ccc(C(F)(F)F)nc2)C(=O)C[C@@H]1c1cc(F)ccc1F
CHEMBL3236109,N#Cc1ccc(N2C[C@H](CN)[C@@H](c3cc(F)ccc3F)CC2=O)cn1
CHEMBL3236110,NC[C@H]1CN(Cc2ccccc2)C(=O)C[C@@H]1c1cc(F)ccc1F
CHEMBL3236111,NC[C@H]1CN(Cc2ccc(C(F)(F)F)cc2)C(=O)C[C@@H]1c1cc(F)ccc1F
CHEMBL3236112,NC[C@H]1CN(c2ccc3ccccc3n2)C(=O)C[C@@H]1c1cc(F)ccc1F
CHEMBL3236113,NC[C@H]1CN(c2nccn3cnnc23)C(=O)C[C@@H]1c1cc(F)ccc1F
CHEMBL3236114,Cc1cc(=O)n2nc(N3C[C@H](CN)[C@@H](c4cc(F)ccc4F)CC3=O)ccc2n1
CHEMBL3236115,NC[C@H]1CN(CCc2ccccc2)C(=O)C[C@@H]1c1cc(F)ccc1F
CHEMBL3236116,NC[C@H]1CN(CCc2ccncc2)C(=O)C[C@@H]1c1cc(F)ccc1F
CHEMBL3236117,Cc1cc2ncc(N3C[C@H](CN)[C@@H](c4cc(F)ccc4F)CC3=O)c(C)n2n1
CHEMBL3236118,Cc1nnc2ccc(N3C[C@H](CN)[C@@H](c4cc(F)ccc4F)CC3=O)nn12
CHEMBL3236119,NC[C@H]1CN(c2ccc3nnc(C(F)(F)F)n3n2)C(=O)C[C@@H]1c1cc(F)ccc1F
CHEMBL3236120,NC[C@H]1CN(c2ccc3nc(C(F)(F)F)nn3n2)C(=O)C[C@@H]1c1cc(F)ccc1F
CHEMBL3236121,NC[C@H]1CN(CCc2ccc3c(c2)OCO3)C(=O)C[C@@H]1c1cc(F)ccc1F
CHEMBL3236122,NC[C@H]1CN(CCc2ccncc2)C(=O)C[C@@H]1c1cc(F)c(F)cc1F
CHEMBL3236123,Cc1cc2ncc(N3C[C@H](CN)[C@@H](c4cc(F)c(F)cc4F)CC3=O)c(C)n2n1
CHEMBL3236124,NC[C@H]1CN(c2ccc3nnc(C(F)(F)F)n3n2)C(=O)C[C@@H]1c1cc(F)c(F)cc1F
CHEMBL3236125,NC[C@H]1CN(c2ccc3nc(C(F)(F)F)nn3n2)C(=O)C[C@@H]1c1cc(F)c(F)cc1F
CHEMBL3236126,NC[C@H]1CN(CCc2ccc3c(c2)OCO3)C(=O)C[C@@H]1c1cc(F)c(F)cc1F
CHEMBL3236127,NC[C@H]1CN(CCc2ccncc2)C(=O)C[C@@H]1c1ccc(Cl)cc1Cl
CHEMBL3236128,Cc1cc2ncc(N3C[C@H](CN)[C@@H](c4ccc(Cl)cc4Cl)CC3=O)c(C)n2n1
CHEMBL3236129,NC[C@H]1CN(c2ccc3nnc(C(F)(F)F)n3n2)C(=O)C[C@@H]1c1ccc(Cl)cc1Cl
CHEMBL3236130,NC[C@H]1CN(c2ccc3nc(C(F)(F)F)nn3n2)C(=O)C[C@@H]1c1ccc(Cl)cc1Cl
CHEMBL3236131,NC[C@H]1CN(CCc2ccc3c(c2)OCO3)C(=O)C[C@@H]1c1ccc(Cl)cc1Cl
CHEMBL3343902,COCc1ccc(-c2ccc(-c3cccs3)s2)s1
CHEMBL3343903,CCOCc1ccc(-c2ccc(-c3cccs3)s2)s1
CHEMBL90170,OCc1ccc(-c2ccc(-c3cccs3)s2)s1
CHEMBL3310986,Cn1c(=O)c(C(C)(NN)Nc2ccccc2)c(O)c2ccccc21
CHEMBL3310987,CCn1c(=O)c(C(C)(NN)Nc2ccc(C)cc2)c(O)c2ccccc21
CHEMBL3310988,Br.Cc1ccc(=N)n(Cc2cccc(F)c2)c1
CHEMBL3329624,N#Cc1ccccc1Cn1c(=O)oc2nccc(N3CCC[C@@H](N)C3)c21
CHEMBL3329625,CC1(C)C(=O)N(Cc2ccccc2C#N)c2c(N3CCC[C@@H](N)C3)ccnc21
CHEMBL3329626,N#Cc1ccccc1Cn1c(=O)[nH]c2nccc(N3CCC[C@@H](N)C3)c21
CHEMBL3329627,Cn1c(=O)n(Cc2ccccc2C#N)c2c(N3CCC[C@@H](N)C3)ccnc21
CHEMBL3329628,CC(C)n1c(=O)n(Cc2ccccc2C#N)c2c(N3CCC[C@@H](N)C3)ccnc21
CHEMBL3329629,Cn1c(=S)n(Cc2ccccc2C#N)c2c(N3CCC[C@@H](N)C3)ccnc21
CHEMBL3329630,Cn1c(=O)c(=O)n(Cc2ccccc2C#N)c2c(N3CCC[C@@H](N)C3)ccnc21
CHEMBL3329631,Cn1c(=O)n(Cc2ccccc2C#N)c2c(N3CCC[C@@H](N)C3)c3ccccc3nc21
CHEMBL3329632,Cn1c(=O)n(Cc2ccccc2C#N)c2c(N3CCC[C@@H](N)C3)ncnc21
CHEMBL3329633,Cn1c(=O)n(Cc2ccccc2C#N)c2c(N3CCC[C@@H](N)C3)cccc21
CHEMBL3329634,Cn1c(=O)n(Cc2cccc(C#N)c2)c2c(N3CCC[C@@H](N)C3)ccnc21
CHEMBL3329636,Cn1c(=O)n(Cc2ccccc2Cl)c2c(N3CCC[C@@H](N)C3)ccnc21
CHEMBL3329637,Cn1c(=O)n(Cc2ccccc2F)c2c(N3CCC[C@@H](N)C3)ccnc21
CHEMBL3329638,Cn1c(=O)n(Cc2ccc(Cl)cc2C#N)c2c(N3CCC[C@@H](N)C3)ccnc21
CHEMBL3329639,Cn1c(=O)n(Cc2ccc3ccccc3c2C#N)c2c(N3CCC[C@@H](N)C3)ccnc21
CHEMBL3329641,Cn1c(=O)n(Cc2ccccc2C#N)c2c(N3CC[C@@H](N)C3)ccnc21
CHEMBL3329688,Cn1c(=O)n(Cc2ccccc2C#N)c2c(N3CCCCC(N)C3)ccnc21
CHEMBL3329689,Cn1c(=O)n(Cc2ccccc2C#N)c2c(N3CCNCC3)ccnc21
CHEMBL3329691,Cn1c(=O)n(Cc2ccccc2C#N)c2c(N3CCCNCC3)ccnc21
CHEMBL3329692,CN[C@@H]1CCCN(c2ccnc3c2n(Cc2ccccc2C#N)c(=O)n3C)C1
CHEMBL3330054,N#C[C@@H]1C[C@H](F)CN1C(=O)C[C@H](N)Cc1ccc(I)cc1
CHEMBL3330055,N#C[C@@H]1C[C@H](F)CN1C(=O)C[C@H](N)Cc1ccc(C(F)(F)F)cc1
CHEMBL3343899,CC#CC#Cc1ccc(C#CC(O)CO)s1
CHEMBL3343900,OCc1ccc(-c2ccc(C#CC(O)CO)s2)s1
CHEMBL3343901,CC(C)CC(=O)OCCC#Cc1ccc(-c2ccc(COC(=O)CC(C)C)s2)s1
CHEMBL3357763,N[C@@H](CC(=O)N1[C@H](C(=O)Nc2ccccc2)C[C@@H]2CCCC[C@@H]21)Cc1cc(F)c(F)cc1F
CHEMBL3357764,N[C@@H](CC(=O)N1[C@H](C(=O)NCc2ccccc2)C[C@@H]2CCCC[C@@H]21)Cc1cc(F)c(F)cc1F
CHEMBL3357765,N[C@@H](CC(=O)N1[C@H](C(=O)NC2CC2)C[C@@H]2CCCC[C@@H]21)Cc1cc(F)c(F)cc1F
CHEMBL3357766,N[C@@H](CC(=O)N1[C@H](C(=O)NCC2CC2)C[C@@H]2CCCC[C@@H]21)Cc1cc(F)c(F)cc1F
CHEMBL3357767,CCOC(=O)[C@@H]1C[C@@H]2CCCC[C@@H]2N1C(=O)C[C@H](N)Cc1cc(F)c(F)cc1F
CHEMBL3357768,N[C@@H](CC(=O)N1[C@H](C(=O)O)C[C@@H]2CCCC[C@@H]21)Cc1cc(F)c(F)cc1F
CHEMBL3357769,CC(=O)OC[C@@H]1C[C@@H]2CCCC[C@@H]2N1C(=O)C[C@H](N)Cc1cc(F)c(F)cc1F
CHEMBL3357770,N[C@@H](CC(=O)N1[C@H](COC(=O)C2CC2)C[C@@H]2CCCC[C@@H]21)Cc1cc(F)c(F)cc1F
CHEMBL3357771,N[C@@H](CC(=O)N1[C@H](COC(=O)C2CCC2)C[C@@H]2CCCC[C@@H]21)Cc1cc(F)c(F)cc1F
CHEMBL3357772,N[C@@H](CC(=O)N1[C@H](COC(=O)C2CCCC2)C[C@@H]2CCCC[C@@H]21)Cc1cc(F)c(F)cc1F
CHEMBL3357773,N[C@@H](CC(=O)N1[C@H](COC(=O)c2ccccc2)C[C@@H]2CCCC[C@@H]21)Cc1cc(F)c(F)cc1F
CHEMBL3357774,N[C@@H](CC(=O)N1[C@H](CO)C[C@@H]2CCCC[C@@H]21)Cc1cc(F)c(F)cc1F
CHEMBL3357775,CC(=O)NC[C@@H]1C[C@@H]2CCCC[C@@H]2N1C(=O)C[C@H](N)Cc1cc(F)c(F)cc1F
CHEMBL3357776,N[C@@H](CC(=O)N1[C@H](CNC(=O)C2CC2)C[C@@H]2CCCC[C@@H]21)Cc1cc(F)c(F)cc1F
CHEMBL3357777,N[C@@H](CC(=O)N1[C@H](CNC(=O)C2CCC2)C[C@@H]2CCCC[C@@H]21)Cc1cc(F)c(F)cc1F
CHEMBL3357778,N[C@@H](CC(=O)N1[C@H](CNC(=O)C2CCCC2)C[C@@H]2CCCC[C@@H]21)Cc1cc(F)c(F)cc1F
CHEMBL3357779,N[C@@H](CC(=O)N1[C@H](CNC(=O)c2ccccc2)C[C@@H]2CCCC[C@@H]21)Cc1cc(F)c(F)cc1F
CHEMBL3357780,Cc1ccc(S(=O)(=O)NC[C@@H]2C[C@@H]3CCCC[C@@H]3N2C(=O)C[C@H](N)Cc2cc(F)c(F)cc2F)cc1
CHEMBL3357781,CS(=O)(=O)NC[C@@H]1C[C@@H]2CCCC[C@@H]2N1C(=O)C[C@H](N)Cc1cc(F)c(F)cc1F
CHEMBL3357782,N[C@@H](CC(=O)N1[C@H](CNS(=O)(=O)C(F)(F)F)C[C@@H]2CCCC[C@@H]21)Cc1cc(F)c(F)cc1F
CHEMBL3330049,N#C[C@@H]1C[C@H](F)CN1C(=O)C[C@H](N)Cc1ccccc1
CHEMBL3330050,N#C[C@@H]1C[C@H](F)CN1C(=O)C[C@H](N)Cc1ccccc1Cl
CHEMBL3330051,Cc1ccccc1C[C@@H](N)CC(=O)N1C[C@@H](F)C[C@H]1C#N
CHEMBL3330052,N#C[C@@H]1C[C@H](F)CN1C(=O)C[C@H](N)Cc1cccc(F)c1
CHEMBL3330053,N#C[C@@H]1C[C@H](F)CN1C(=O)C[C@H](N)Cc1ccc(F)cc1
CHEMBL3330056,COc1ccc(C[C@@H](N)CC(=O)N2C[C@@H](F)C[C@H]2C#N)cc1
CHEMBL3330057,N#C[C@@H]1C[C@H](F)CN1C(=O)C[C@H](N)Cc1ccc(Cl)cc1Cl
CHEMBL3330058,N#C[C@@H]1C[C@H](F)CN1C(=O)C[C@H](N)Cc1ccc(Cl)c(Cl)c1
CHEMBL3330059,N#C[C@@H]1C[C@H](F)CN1C(=O)C[C@H](N)Cc1cc(F)cc(F)c1
CHEMBL3330060,N#C[C@@H]1C[C@H](F)CN1C(=O)C[C@H](N)Cc1cc(F)c(F)cc1F
CHEMBL3330061,N#C[C@@H]1C[C@H](F)CN1C(=O)C[C@@H](N)Cc1ccccc1
CHEMBL3330062,N#C[C@@H]1C[C@@H]2CCC[C@@H]2N1C(=O)C[C@H](N)Cc1ccccc1
CHEMBL3330063,N#C[C@@H]1C[C@@H]2CCC[C@@H]2N1C(=O)C[C@H](N)Cc1ccccc1Cl
CHEMBL3330064,Cc1ccccc1C[C@@H](N)CC(=O)N1[C@H](C#N)C[C@@H]2CCC[C@@H]21
CHEMBL3330065,N#C[C@@H]1C[C@@H]2CCC[C@@H]2N1C(=O)C[C@H](N)Cc1cccc(F)c1
CHEMBL3330066,N#C[C@@H]1C[C@@H]2CCC[C@@H]2N1C(=O)C[C@H](N)Cc1ccc(F)cc1
CHEMBL3330067,N#C[C@@H]1C[C@@H]2CCC[C@@H]2N1C(=O)C[C@H](N)Cc1ccc(I)cc1
CHEMBL3330068,N#C[C@@H]1C[C@@H]2CCC[C@@H]2N1C(=O)C[C@H](N)Cc1ccc(C(F)(F)F)cc1
CHEMBL3330070,N#C[C@@H]1C[C@@H]2CCC[C@@H]2N1C(=O)C[C@H](N)Cc1ccc(Cl)cc1Cl
CHEMBL3330071,N#C[C@@H]1C[C@@H]2CCC[C@@H]2N1C(=O)C[C@H](N)Cc1ccc(Cl)c(Cl)c1
CHEMBL3330072,N#C[C@@H]1C[C@@H]2CCC[C@@H]2N1C(=O)C[C@H](N)Cc1cc(F)cc(F)c1
CHEMBL3330073,N#C[C@@H]1C[C@@H]2CCC[C@@H]2N1C(=O)C[C@H](N)Cc1cc(F)c(F)cc1F
CHEMBL3400963,Cc1oc(=O)oc1COC(=O)c1ccc2c(c1)c1nc(N3CCC[C@@H](N)C3)n(Cc3ccccc3Cl)c1c(=O)n2C.Cl
CHEMBL3400964,Cc1oc(=O)oc1COC(=O)c1ccc2c(c1)c1nc(N3CCC[C@@H](N)C3)n(Cc3cc(F)ccc3Cl)c1c(=O)n2C.Cl
CHEMBL3400965,Cc1oc(=O)oc1COC(=O)c1ccc2c3nc(N4CCC[C@@H](N)C4)n(Cc4ccccc4Cl)c3c(=O)n(C)c2c1.Cl
CHEMBL3400966,Cc1oc(=O)oc1COC(=O)c1ccc2c3nc(N4CCC[C@@H](N)C4)n(Cc4cc(F)ccc4Cl)c3c(=O)n(C)c2c1.Cl
CHEMBL3402118,Cn1c(=O)n(Cc2cc(C(=O)O)cc(C(=O)O)c2)c(=O)c2c1nc(N1CCC[C@@H](N)C1)n2Cc1ccccc1Cl
CHEMBL3402120,Cn1c(=O)n(Cc2cccc(C(=O)O)c2)c(=O)c2c1nc(N1CCC[C@@H](N)C1)n2Cc1ccccc1Cl
CHEMBL3402125,Cn1c(=O)n(Cc2ccc(F)c(C(=O)O)c2)c(=O)c2c1nc(N1CCC[C@@H](N)C1)n2Cc1ccccc1Cl
CHEMBL3402129,COc1ccc(Cn2c(=O)c3c(nc(N4CCC[C@@H](N)C4)n3Cc3ccccc3Cl)n(C)c2=O)cc1C(=O)O
CHEMBL3425745,N[C@@H](CC(=O)N1CC[C@@H]2[C@@H](CCc3nnc(C(F)(F)F)n32)C1)Cc1ccccc1
CHEMBL3425746,N[C@@H](CC(=O)N1CC[C@@H]2[C@H](CCc3nnc(C(F)(F)F)n32)C1)Cc1ccccc1
CHEMBL3425747,N[C@@H](CC(=O)N1CC[C@@H]2[C@@H](CCc3nnc(C(F)(F)F)n32)C1)Cc1cc(F)c(F)cc1F
CHEMBL3425748,N[C@@H](CC(=O)N1CC[C@@H]2[C@H](CCc3nnc(C(F)(F)F)n32)C1)Cc1cc(F)c(F)cc1F
CHEMBL3425749,CCc1nnc2n1[C@@H]1CCN(C(=O)C[C@H](N)Cc3cc(F)c(F)cc3F)C[C@@H]1CC2
CHEMBL3425750,CCc1nnc2n1[C@@H]1CCN(C(=O)C[C@H](N)Cc3cc(F)c(F)cc3F)C[C@H]1CC2
CHEMBL3425751,N[C@@H](CC(=O)N1CC[C@@H]2[C@@H](CCc3nnc(C(F)(F)C(F)(F)F)n32)C1)Cc1cc(F)c(F)cc1F
CHEMBL3425752,N[C@@H](CC(=O)N1CC[C@@H]2[C@H](CCc3nnc(C(F)(F)C(F)(F)F)n32)C1)Cc1cc(F)c(F)cc1F
CHEMBL3425753,Cc1nnc(C(F)(F)F)n1C1CCN(C(=O)C[C@H](N)Cc2cc(F)c(F)cc2F)CC1.Cl
CHEMBL3425754,Cl.N[C@@H](CC(=O)N1CC[C@@H]2[C@@H](Cc3nnc(C(F)(F)F)n32)C1)Cc1cc(F)c(F)cc1F
CHEMBL3580775,N[C@@H](CC(=O)N1CCn2c(nnc2C(F)(F)F)C1)[C@H]1CCc2cc(F)c(F)cc21
CHEMBL3580776,N[C@@H](CC(=O)N1CC(=O)Nc2ccccc2C1)[C@H]1CCc2cc(F)c(F)cc21
CHEMBL3580777,N[C@@H](CC(=O)N1CC(=O)Nc2cccnc2C1)[C@H]1CCc2cc(F)c(F)cc21
CHEMBL3580778,N[C@@H](CC(=O)N1CC(=O)Nc2nccnc2C1)[C@H]1CCc2cc(F)c(F)cc21
CHEMBL3580779,N[C@@H](CC(=O)N1CC(=O)Nc2cc(F)ccc2C1)[C@H]1CCc2cc(F)c(F)cc21
CHEMBL3580780,COc1ccc2c(c1)NC(=O)CN(C(=O)C[C@H](N)[C@H]1CCc3cc(F)c(F)cc31)C2
CHEMBL3580781,N[C@@H](CC(=O)N1CC(=O)Nc2cc(C(F)(F)F)ccc2C1)[C@H]1CCc2cc(F)c(F)cc21
CHEMBL3580782,N[C@@H](CC(=O)N1CC(=O)Nc2cc(Br)ccc2C1)[C@H]1CCc2cc(F)c(F)cc21
CHEMBL3580783,N#Cc1ccc2c(c1)NC(=O)CN(C(=O)C[C@H](N)[C@H]1CCc3cc(F)c(F)cc31)C2
CHEMBL3580784,N[C@@H](CC(=O)N1CC(=O)Nc2cc(F)c(F)cc2C1)[C@H]1CCc2cc(F)c(F)cc21
CHEMBL537586,CC(C)N(C)C(=O)n1cnc(S(=O)(=O)C2CC3CCC2C3)n1
CHEMBL3580785,N[C@@H](CC(=O)N1CCNc2ccccc2C1)[C@H]1CCc2cc(F)c(F)cc21
CHEMBL3580786,N[C@@H](CC(=O)N1CCNc2cc(F)ccc2C1)[C@H]1CCc2cc(F)c(F)cc21
CHEMBL3580787,N[C@@H](CC(=O)N1CCNc2cc(C(F)(F)F)ccc2C1)[C@H]1CCc2cc(F)c(F)cc21
CHEMBL3580788,CN1C(=O)CN(C(=O)C[C@H](N)[C@H]2CCc3cc(F)c(F)cc32)Cc2ccccc21
CHEMBL3580789,CN1C(=O)CN(C(=O)C[C@H](N)[C@H]2CCc3cc(F)c(F)cc32)Cc2ccc(F)cc21
CHEMBL3580790,CCN1C(=O)CN(C(=O)C[C@H](N)[C@H]2CCc3cc(F)c(F)cc32)Cc2ccccc21
CHEMBL3580791,CC(C)N1C(=O)CN(C(=O)C[C@H](N)[C@H]2CCc3cc(F)c(F)cc32)Cc2ccccc21
CHEMBL3580792,CCOC(=O)CN1C(=O)CN(C(=O)C[C@H](N)[C@H]2CCc3cc(F)c(F)cc32)Cc2ccccc21
CHEMBL3616888,CC#CCn1c(N2CCNCC2)nc2c1c(=O)n(Cc1csc(CO)n1)c(=O)n2C
CHEMBL3616890,CC#CCn1c(N2CCNCC2)nc2c1c(=O)n(Cc1nc(C)c3ccccc3n1)c(=O)n2C
CHEMBL3616891,CC#CCn1c(N2CCN3CCC[C@H]3C2)nc2c1c(=O)n(Cc1nc(C)c3ccccc3n1)c(=O)n2C
CHEMBL3616894,CC#CCn1c(N2CCC[C@@H](NC(C)=O)C2)nc2c1c(=O)n(Cc1nc(C)c3ccccc3n1)c(=O)n2C
CHEMBL3616896,CC#CCn1c(N2CC(=O)N[C@H](CO)C2)nc2c1c(=O)n(Cc1nc(C)c3ccccc3n1)c(=O)n2C
CHEMBL3616900,CC#CCn1c(N2CCNCC2)nc2c1c(=O)n(Cc1ncc3ccccc3n1)c(=O)n2C
CHEMBL3616901,CC#CCn1c(N2CCNCC2)nc2c1c(=O)n(Cc1nc(OC)c3ccccc3n1)c(=O)n2C
CHEMBL3616902,CC#CCn1c(N2CCNCC2)nc2c1c(=O)n(Cc1ccc3ccccc3n1)c(=O)n2C
CHEMBL3616903,CC#CCn1c(N2CCNCC2)nc2c1c(=O)n(Cc1ccc3ccccc3c1)c(=O)n2C
CHEMBL3616904,CC#CCn1c(N2CCNCC2)nc2c1c(=O)n(Cc1ccccc1)c(=O)n2C
CHEMBL3616905,CC#CCn1c(N2CCNCC2)nc2c1c(=O)n(Cc1cccc(C#N)c1)c(=O)n2C
CHEMBL3616906,CC#CCn1c(N2CCNCC2)nc2c1c(=O)n(Cc1ccc(-c3ccccc3C#N)cc1)c(=O)n2C
CHEMBL3616907,CC#CCn1c(N2CCNCC2)nc2c1c(=O)n(Cc1nn(-c3ccccc3)nc1C)c(=O)n2C
CHEMBL3616908,CC#CCn1c(N2CCNCC2)nc2c1c(=O)n(Cc1ccc(-n3cccn3)cc1)c(=O)n2C
CHEMBL3616909,CC#CCn1c(N2CCNCC2)nc2c1c(=O)n(Cc1ccc(-n3cncn3)cc1)c(=O)n2C
CHEMBL3616913,CC#CCn1c(N2CCC[C@@H](N)C2)nc2c1c(=O)n(C(C)C)c(=O)n2C
CHEMBL3618032,Cc1cc(C)c(-n2c(C)nc3c(cnn3-c3ccccc3)c2=O)c(C)c1
CHEMBL3618036,Cc1nc2c(cnn2-c2ccccc2)c(=O)n1-c1ccccn1
CHEMBL3618037,Cc1nc2c(cnn2-c2ccccc2)c(=O)n1-c1ncccn1
CHEMBL3618038,Cc1ccnc(-n2c(C)nc3c(cnn3-c3ccccc3)c2=O)c1
CHEMBL3618039,Cc1nc2c(cnn2-c2ccccc2)c(=O)n1-c1ccc(Br)cn1
CHEMBL3618134,COc1ccc(-n2ncc3c(=O)n(-c4cc(C)ccn4)c(C)nc32)cc1
CHEMBL3618137,COc1ccc(-n2ncc3c(=O)n(-c4nc(-c5ccc(Cl)cc5)cs4)c(C)nc32)cc1
CHEMBL3618140,O=C(Nc1ccc(F)cc1)c1cnn(-c2ccccc2)c1NC(=O)C(F)(F)F
CHEMBL3632864,CC[C@@H](C)[C@H](N)C(=O)N1CCC[C@H]1C#N
CHEMBL3632865,CC[C@@H](C)[C@H](N)C(=O)N1C[C@@H](F)C[C@H]1C#N
CHEMBL3632866,CC[C@@H](C)[C@H](N)C(=O)N1C[C@H](F)C[C@H]1C#N
CHEMBL3632867,CC[C@@H](C)[C@H](N)C(=O)N1CC(F)(F)C[C@H]1C#N
CHEMBL3644782,N[C@@H](CC(=O)N1CCc2c(nc(C(F)(F)F)nc2C(F)(F)F)C1)CN1C(=O)CCC(F)(F)[C@H]1O
CHEMBL3644783,N[C@@H](CC(=O)N1CCc2c(nc(C(F)(F)F)nc2C(F)(F)F)C1)CN1C(=O)CCC(F)(F)[C@@H]1O
CHEMBL3644785,CC(C)(C)c1nc2c(c(C(F)(F)F)n1)CCN(C(=O)C[C@H](N)CN1C(=O)CCC(F)(F)C1O)C2
CHEMBL3644786,N[C@@H](CC(=O)N1CCc2c(nc(C3CCC3)nc2C(F)(F)F)C1)CN1C(=O)CCC(F)(F)C1O
CHEMBL3644787,N[C@@H](CC(=O)N1CCc2c(nc(-c3ccncc3)nc2C(F)(F)F)C1)CN1C(=O)CCC(F)(F)[C@@H]1O
CHEMBL3644788,N[C@@H](CC(=O)N1CCc2c(nc(-c3ccco3)nc2C(F)(F)F)C1)CN1C(=O)CCC(F)(F)[C@@H]1O
CHEMBL3644790,COCCc1nc2c(c(C(F)(F)F)n1)CCN(C(=O)C[C@H](N)CN1C(=O)CCC(F)(F)[C@@H]1O)C2
CHEMBL3644791,COCCc1nc2c(c(C(F)(F)F)n1)CCN(C(=O)C[C@H](N)CN1C(=O)CCC(F)(F)[C@H]1O)C2
CHEMBL3644793,N[C@@H](CC(=O)N1CCc2c(nc(-c3cccs3)nc2C(F)(F)F)C1)CN1C(=O)CCC(F)(F)[C@H]1O
CHEMBL3644794,N[C@@H](CC(=O)N1CCc2c(nc(-c3ccc(F)cc3)nc2C(F)(F)F)C1)CN1C(=O)CCC(F)(F)[C@H]1O
CHEMBL3644798,N[C@@H](CC(=O)N1CCc2c(nc(-c3cccs3)nc2C(F)(F)F)C1)CN1C(=O)CCC(F)C1O
CHEMBL3644799,CCCc1nc2c(c(C(F)(F)F)n1)CCN(C(=O)C[C@H](N)CN1C(=O)CCC(F)C1O)C2
CHEMBL4296719,O=C(CN[C@@H]1CCNC1)N1CCC[C@H]1B(O)O
CHEMBL3644784,CCCc1nc2c(c(C(F)(F)F)n1)CCN(C(=O)C[C@H](N)CN1C(=O)CCC(F)(F)C1O)C2
CHEMBL3644789,N[C@@H](CC(=O)N1CCc2c(nc(-c3ccco3)nc2C(F)(F)F)C1)CN1C(=O)CCC(F)(F)[C@H]1O
CHEMBL3644792,N[C@@H](CC(=O)N1CCc2c(nc(-c3cccs3)nc2C(F)(F)F)C1)CN1C(=O)CCC(F)(F)[C@@H]1O
CHEMBL3644795,N[C@@H](CC(=O)N1CCc2c(nc(C(F)(F)F)nc2C(F)(F)F)C1)CN1C(=O)CCC(F)(F)C1=O
CHEMBL3644796,CC(C)(C)c1nc2c(c(C(F)(F)F)n1)CCN(C(=O)C[C@H](N)CN1C(=O)CCC(F)C1O)C2
CHEMBL3644797,N[C@@H](CC(=O)N1CCc2c(nc(-c3ccco3)nc2C(F)(F)F)C1)CN1C(=O)CCC(F)C1O
CHEMBL3644800,N[C@@H](CC(=O)N1CCc2c(nc(-c3ccncc3)nc2C(F)(F)F)C1)CN1C(=O)CCC(F)C1O
CHEMBL3644803,N[C@@H](CC(=O)N1CCc2c(nc(-c3ccncc3)nc2C(F)(F)F)C1)CN1C(=O)CCC(F)(F)[C@H]1O
CHEMBL3645492,N[C@H]1C[C@@H](N2Cc3cnn(S(=O)(=O)C4CCCC4)c3C2)CO[C@@H]1c1cc(F)ccc1F
CHEMBL3736188,N[C@H]1C[C@@H](N2Cc3cn(S(=O)(=O)C(F)(F)F)nc3C2)CO[C@@H]1c1cc(F)ccc1F
CHEMBL3735281,CCS(=O)(=O)n1cc2c(n1)CN([C@H]1CO[C@H](c3cc(F)ccc3F)[C@@H](N)C1)C2
CHEMBL3734912,CCCS(=O)(=O)n1cc2c(n1)CN([C@H]1CO[C@H](c3cc(F)ccc3F)[C@@H](N)C1)C2
CHEMBL3735865,CC(C)S(=O)(=O)n1cc2c(n1)CN([C@H]1CO[C@H](c3cc(F)ccc3F)[C@@H](N)C1)C2
CHEMBL3736190,N[C@H]1C[C@@H](N2Cc3cnn(S(=O)(=O)C4CC4)c3C2)CO[C@@H]1c1cc(F)ccc1F
CHEMBL3735329,N[C@H]1C[C@@H](N2Cc3cn(S(=O)(=O)C4CC4)nc3C2)CO[C@@H]1c1cc(F)ccc1F
CHEMBL3736085,N[C@H]1C[C@@H](N2Cc3cn(S(=O)(=O)C4CCCC4)nc3C2)CO[C@@H]1c1cc(F)ccc1F
CHEMBL3735852,Cn1cnc(S(=O)(=O)n2ncc3c2CN([C@H]2CO[C@H](c4cc(F)ccc4F)[C@@H](N)C2)C3)c1
CHEMBL3736423,Cn1cnc(S(=O)(=O)n2cc3c(n2)CN([C@H]2CO[C@H](c4cc(F)ccc4F)[C@@H](N)C2)C3)c1
CHEMBL3736511,N[C@H]1C[C@@H](N2Cc3cn(S(=O)(=O)c4ccccc4)nc3C2)CO[C@@H]1c1cc(F)ccc1F
CHEMBL3736067,N[C@H]1C[C@@H](N2Cc3cn(S(=O)(=O)c4cccc(C(F)(F)F)c4)nc3C2)CO[C@@H]1c1cc(F)ccc1F
CHEMBL3736135,CCC(=O)Nc1n[nH]c2c1CN([C@H]1CO[C@H](c3cc(F)ccc3F)[C@@H](N)C1)C2
CHEMBL3734964,N[C@H]1C[C@@H](N2Cc3[nH]nc(NC(=O)C4CC4)c3C2)CO[C@@H]1c1cc(F)ccc1F
CHEMBL3735129,N[C@H]1C[C@@H](N2Cc3[nH]nc(NC(=O)c4nccs4)c3C2)CO[C@@H]1c1cc(F)ccc1F
CHEMBL3735925,N[C@H]1C[C@@H](N2Cc3[nH]nc(NC(=O)c4ccncc4)c3C2)CO[C@@H]1c1cc(F)ccc1F
CHEMBL3734769,CS(=O)(=O)Nc1n[nH]c2c1CN([C@H]1CO[C@H](c3cc(F)ccc3F)[C@@H](N)C1)C2
CHEMBL3734828,CCS(=O)(=O)Nc1n[nH]c2c1CN([C@H]1CO[C@H](c3cc(F)ccc3F)[C@@H](N)C1)C2
CHEMBL3735461,N[C@H]1C[C@@H](N2Cc3[nH]nc(NS(=O)(=O)CC(F)(F)F)c3C2)CO[C@@H]1c1cc(F)ccc1F
CHEMBL3734999,N[C@H]1C[C@@H](N2Cc3[nH]nc(NS(=O)(=O)C4CC4)c3C2)CO[C@@H]1c1cc(F)ccc1F
CHEMBL3735433,N[C@H]1C[C@@H](N2Cc3[nH]nc(NS(=O)(=O)Cc4ccncc4)c3C2)CO[C@@H]1c1cc(F)ccc1F
CHEMBL3736137,N[C@H]1C[C@@H](N2Cc3[nH]nc(NS(=O)(=O)c4c[nH]cn4)c3C2)CO[C@@H]1c1cc(F)ccc1F
CHEMBL3735917,CS(=O)(=O)c1n[nH]c2c1CN([C@H]1CO[C@H](c3cc(F)ccc3F)[C@@H](N)C1)C2
CHEMBL3735694,CC(C)S(=O)(=O)c1n[nH]c2c1CN([C@H]1CO[C@H](c3cc(F)ccc3F)[C@@H](N)C1)C2
CHEMBL3735843,N[C@H]1C[C@@H](N2Cc3[nH]nc(S(=O)(=O)c4ccccc4)c3C2)CO[C@@H]1c1cc(F)ccc1F
CHEMBL3798441,C[C@H]1C[C@@H](C#N)N(C(=O)[C@@H](N)CC(=O)N2CCN(C(c3ccc(F)cc3)c3ccc(F)cc3)CC2)C1.O=C(O)C(F)(F)F.O=C(O)C(F)(F)F
CHEMBL3799388,CC1CCN(C(=O)[C@@H](N)CC(=O)N2CCN(C(c3ccc(F)cc3)c3ccc(F)cc3)CC2)C1.O=C(O)C(F)(F)F
CHEMBL3798777,CC[C@@H](C)[C@H](N)C(=O)N1CCC(C)C1.O=C(O)C(F)(F)F
CHEMBL3797842,C=C1C[C@@H](C#N)N(C(=O)[C@@H](N)CC(=O)N2CCN(C(c3ccc(F)cc3)c3ccc(F)cc3)CC2)C1.O=C(O)C(F)(F)F.O=C(O)C(F)(F)F
CHEMBL3800113,C=C1CCN(C(=O)[C@@H](N)CC(=O)N2CCN(C(c3ccc(F)cc3)c3ccc(F)cc3)CC2)C1.O=C(O)C(F)(F)F.O=C(O)C(F)(F)F
CHEMBL3800380,CC[C@@H](C)[C@H](N)C(=O)N1Cc2conc2C1.O=C(O)C(F)(F)F
CHEMBL3797299,N#C[C@@H]1[C@@H]2C[C@@H]2CN1C(=O)[C@@H](N)CC(=O)N1CCN(C(c2ccc(F)cc2)c2ccc(F)cc2)CC1.O=C(O)C(F)(F)F
CHEMBL3799074,CC[C@@H](C)[C@H](N)C(=O)N1C[C@H]2C[C@H]2[C@H]1C#N.O=C(O)C(F)(F)F
CHEMBL3805154,Cc1cc(O)n2nc3c(c2n1)CN([C@H]1CO[C@H](c2cc(F)c(F)cc2F)[C@@H](N)C1)C3
CHEMBL3806310,Cc1cc(O)nc2c3c(nn12)CN([C@H]1CO[C@H](c2cc(F)c(F)cc2F)[C@@H](N)C1)C3
CHEMBL3805353,N[C@H]1C[C@@H](N2Cc3nn4cncnc4c3C2)CO[C@@H]1c1cc(F)ccc1F
CHEMBL3806052,N[C@H]1C[C@@H](N2Cc3nn4nccnc4c3C2)CO[C@@H]1c1cc(F)ccc1F
CHEMBL3806164,N[C@H]1C[C@H](N2Cc3nn4cccnc4c3C2)CC[C@@H]1c1cc(F)ccc1F
CHEMBL3804854,Cc1ccn2nc3c(c2n1)CN([C@@H]1CC[C@H](c2cc(F)c(F)cc2F)[C@@H](N)C1)C3
CHEMBL3804940,Cc1ccn2nc3c(c2n1)CN([C@@H]1CO[C@H](c2cc(F)c(F)cc2F)[C@@H](N)C1)C3
CHEMBL3805696,Cc1ccnc2c3c(nn12)CN([C@@H]1CC[C@H](c2cc(F)c(F)cc2F)[C@@H](N)C1)C3
CHEMBL3805235,Cc1ccnc2c3c(nn12)CN([C@@H]1CO[C@H](c2cc(F)c(F)cc2F)[C@@H](N)C1)C3
CHEMBL584162,COc1cc([C@H]2Oc3ccc4ccc(=O)oc4c3O[C@@H]2CO)cc(OC)c1O
CHEMBL3687977,CN1C(=O)Cn2c1nc1nc(N3CCC[C@@H](N)C3)n(Cc3cc(F)ccc3C(F)(F)F)c1c2=O
CHEMBL3687978,CN1C(=O)Cn2c1nc1nc(N3CCC[C@@H](N)C3)n(Cc3ccccc3C#N)c1c2=O
CHEMBL3687979,CN1C(=O)Cn2c1nc1nc(N3CCC[C@@H](N)C3)n(Cc3cc(F)ccc3F)c1c2=O
CHEMBL3687980,CC#CCn1c(N2CCC[C@@H](N)C2)nc2nc3n(c(=O)c21)CC(=O)N3C
CHEMBL3687982,CCN1C(=O)Cn2c1nc1nc(N3CCC[C@@H](N)C3)n(Cc3cc(F)ccc3F)c1c2=O
CHEMBL3687983,CCN1C(=O)Cn2c1nc1nc(N3CCC[C@@H](N)C3)n(Cc3cc(F)ccc3C(F)(F)F)c1c2=O
CHEMBL3687984,CN1C(=O)Cn2c1nc1nc(N3CCC[C@@H](N)C3)n(Cc3cc(F)ccc3C#N)c1c2=O
CHEMBL3805226,Cc1cc2nc3c(cn2n1)CN([C@H]1CC[C@H](c2cc(F)ccc2F)[C@@H](N)C1)C3
CHEMBL3804982,Cc1cc2nc3c(cn2n1)CN([C@@H]1CC[C@H](c2cc(F)ccc2F)[C@@H](N)C1)C3
CHEMBL3806157,Cc1cc2ncc3c(n2n1)CN([C@H]1CC[C@H](c2cc(F)ccc2F)[C@@H](N)C1)C3
CHEMBL3805294,Cc1cc2ncc3c(n2n1)CN([C@H]1CO[C@H](c2cc(F)ccc2F)[C@@H](N)C1)C3
CHEMBL3806179,Cc1cc2ncc3c(n2n1)CN([C@@H]1CC[C@H](c2cc(F)ccc2F)[C@@H](N)C1)C3
CHEMBL3805966,Cc1cc2ncc3c(n2n1)CN([C@H]1CC[C@H](c2cc(F)c(F)cc2F)[C@@H](N)C1)C3
CHEMBL3806029,Cc1cc2ncc3c(n2n1)CN([C@H]1CO[C@H](c2cc(F)c(F)cc2F)[C@@H](N)C1)C3
CHEMBL3806023,Cc1nnc2ncc3c(n12)CN([C@H]1CC[C@H](c2cc(F)c(F)cc2F)[C@@H](N)C1)C3
CHEMBL3805629,Cc1nc2ncc3c(n2n1)CN([C@H]1CC[C@H](c2cc(F)c(F)cc2F)[C@@H](N)C1)C3
CHEMBL3806041,N[C@H]1C[C@@H](N2Cc3cnc4nnc(C5CC5)n4c3C2)CC[C@@H]1c1cc(F)c(F)cc1F
CHEMBL3805346,N[C@H]1C[C@@H](N2Cc3cnc4nc(C5CC5)nn4c3C2)CC[C@@H]1c1cc(F)c(F)cc1F
CHEMBL3806026,N[C@H]1C[C@@H](N2Cc3nn4cccnc4c3C2)CC[C@@H]1c1cc(F)ccc1F
CHEMBL3806003,N[C@H]1C[C@@H](N2Cc3nn4cccnc4c3C2)CC[C@@H]1c1cc(F)c(F)cc1F
CHEMBL3806216,N[C@H]1C[C@@H](N2Cc3nn4cccnc4c3C2)CO[C@@H]1c1cc(F)ccc1F
CHEMBL3806239,Cc1ccn2nc3c(c2n1)CN([C@H]1CC[C@H](c2cc(F)c(F)cc2F)[C@@H](N)C1)C3
CHEMBL3805751,Cc1ccn2nc3c(c2n1)CN([C@H]1CO[C@H](c2cc(F)c(F)cc2F)[C@@H](N)C1)C3
CHEMBL3805400,Cc1ccn2nc3c(c2n1)CN([C@H]1CO[C@H](c2cc(F)ccc2F)[C@@H](N)C1)C3
CHEMBL3805871,N[C@H]1C[C@@H](N2Cc3nn4ccc(C(F)(F)F)nc4c3C2)CC[C@@H]1c1cc(F)c(F)cc1F
CHEMBL3805502,N[C@H]1C[C@@H](N2Cc3nn4ccc(C(F)(F)F)nc4c3C2)CO[C@@H]1c1cc(F)c(F)cc1F
CHEMBL3804994,Cc1ccnc2c3c(nn12)CN([C@H]1CC[C@H](c2cc(F)c(F)cc2F)[C@@H](N)C1)C3
CHEMBL3806021,Cc1ccnc2c3c(nn12)CN([C@H]1CO[C@H](c2cc(F)c(F)cc2F)[C@@H](N)C1)C3
CHEMBL3804950,Cc1ccnc2c3c(nn12)CN([C@H]1CO[C@H](c2cc(F)ccc2F)[C@@H](N)C1)C3
CHEMBL3805179,N[C@H]1C[C@@H](N2Cc3nn4c(C(F)(F)F)ccnc4c3C2)CC[C@@H]1c1cc(F)c(F)cc1F
CHEMBL3805937,N[C@H]1C[C@@H](N2Cc3nn4c(C(F)(F)F)ccnc4c3C2)CO[C@@H]1c1cc(F)c(F)cc1F
CHEMBL3804996,Cc1cc(C(F)(F)F)nc2c3c(nn12)CN([C@H]1CC[C@H](c2cc(F)c(F)cc2F)[C@@H](N)C1)C3
CHEMBL3813856,CCN1C(=O)Cn2c1nc1nc(N3CCC[C@@H](N)C3)n(Cc3cc(F)ccc3C#N)c1c2=O
CHEMBL3890161,N[C@H]1Cc2c(ccc3cc(N4CCOCC4)ccc23)O[C@@H]1c1cc(F)c(F)cc1F
CHEMBL3892233,N[C@@H]1Cc2c(ccc3cc(Br)ccc23)O[C@H]1c1cc(F)c(F)cc1F
CHEMBL3910262,CS(=O)(=O)c1cccc(-c2ccc3ccc4c(c3c2)C[C@@H](N)[C@H](c2cc(F)c(F)cc2F)O4)c1
CHEMBL3919178,N[C@@H]1Cc2c(ccc3ccc(Br)cc23)O[C@H]1c1cc(F)c(F)cc1F
CHEMBL3920234,N#Cc1ccc2c3c(ccc2c1)O[C@@H](c1cc(F)c(F)cc1F)[C@H](N)C3
CHEMBL3926320,N[C@@H]1Cc2c(ccc3ccccc23)O[C@H]1c1cc(F)c(F)cc1F
CHEMBL3928073,COc1ccc2ccc3c(c2c1)C[C@H](N)[C@@H](c1cc(F)c(F)cc1F)O3
CHEMBL3929146,COc1ccc2c3c(ccc2c1)O[C@@H](c1cc(F)c(F)cc1F)[C@H](N)C3
CHEMBL3932825,CS(=O)(=O)c1ccc2c3c(ccc2c1)O[C@H](c1cc(F)c(F)cc1F)[C@@H](N)C3
CHEMBL3934008,COc1ccc2ccc3c(c2c1)C[C@H](N)[C@@H](c1cc(F)ccc1F)O3
CHEMBL3942715,N#Cc1ccc2ccc3c(c2c1)C[C@@H](N)[C@H](c1cc(F)c(F)cc1F)O3
CHEMBL3950517,N[C@H]1Cc2c(ccc3cc(C(=O)O)ccc23)O[C@@H]1c1cc(F)c(F)cc1F
CHEMBL3952691,COc1ccc2ccc3c(c2c1)C[C@H](N)[C@@H](c1ccc(F)cc1F)O3
CHEMBL3952716,N[C@@H]1Cc2c(ccc3ccc(=O)oc23)O[C@H]1c1cc(F)c(F)cc1F
CHEMBL3959221,CS(=O)(=O)Nc1ccc2c3c(ccc2c1)O[C@H](c1cc(F)c(F)cc1F)[C@@H](N)C3
CHEMBL3981442,COc1ccc2ccc3c(c2c1)C[C@H](N)[C@@H](c1ccccc1F)O3
CHEMBL3645490,CS(=O)(=O)n1cc2c(n1)CN([C@H]1COC(c3cc(F)ccc3F)[C@@H](N)C1)C2
CHEMBL3645491,CS(=O)(=O)n1cc2c(n1)CN([C@H]1COC(c3cc(F)c(F)cc3F)[C@@H](N)C1)C2
CHEMBL3645493,N[C@H]1C[C@@H](N2Cc3cn(S(=O)(=O)C4CCCC4)nc3C2)COC1c1cc(F)ccc1F
CHEMBL3645494,N[C@H]1C[C@@H](N2Cc3cn(S(=O)(=O)C4CCCC4)nc3C2)COC1c1cc(F)c(F)cc1F
CHEMBL3645495,N[C@H]1C[C@@H](N2Cc3cnn(S(=O)(=O)C4CC4)c3C2)COC1c1cc(F)ccc1F
CHEMBL3645496,N[C@H]1C[C@@H](N2Cc3cn(S(=O)(=O)C4CC4)nc3C2)COC1c1cc(F)c(F)cc1F
CHEMBL3645497,N[C@H]1C[C@@H](N2Cc3cn(S(=O)(=O)C4CC4)nc3C2)COC1c1cc(F)ccc1F
CHEMBL3675618,CC#CCn1c(N2CCC[C@@H](N)C2)nc2c1C(=O)N(Cc1nc(C)c3ccccc3n1)C1=NCCN12
CHEMBL3675619,[C-]#[N+]c1ccc(CN2C(=O)c3c(nc(N4CCC[C@@H](N)C4)n3CC#CC)N3CCN=C23)cc1
CHEMBL3675620,Cc1nc(CN2C(=O)c3c(nc(N4CCC[C@@H](N)C4)n3Cc3cc(F)ccc3F)N3CCN=C23)nc2ccccc12
CHEMBL3704833,N#CC1CCCN1C(=O)CNCC(O)COc1ccccc1
CHEMBL3892398,COc1ccc2ccc3c(c2c1)C[C@H](N)[C@@H](c1cccc(F)c1)O3
CHEMBL3892718,CC#CCn1c(N2CCC[C@@H](N)C2)nc2c1c(=O)n(CCCN1CCC(C(=O)OC(C)C)CC1)c(=O)n2C
CHEMBL3896047,CC#CCn1c(N2CCC[C@@H](N)C2)nc2c1c(=O)n(CCCN1CCC(C(=O)Nc3ccc(Cl)cc3)CC1)c(=O)n2C
CHEMBL3897118,CC#CCn1c(N2CCC[C@@H](N)C2)nc2c1c(=O)n(CCCN1CCC(C(=O)N(C)C)CC1)c(=O)n2C
CHEMBL3898220,CC#CCn1c(N2CCC[C@@H](N)C2)nc2c1c(=O)n(CCCN1CCC(C(=O)Nc3ccc(C)cc3)CC1)c(=O)n2C
CHEMBL3899590,CC#CCn1c(N2CCC[C@@H](N)C2)nc2c1c(=O)n(CCCN1CCC(C(=O)OC3CCCC3)CC1)c(=O)n2C
CHEMBL3901191,COc1ccc2c3c(ccc2c1)O[C@H](c1cc(F)c(F)cc1F)[C@@H](N)C3
CHEMBL3901674,CC#CCn1c(N2CCC[C@@H](N)C2)nc2c1c(=O)n(CCCCC1CCN(C(=O)OC(C)C)CC1)c(=O)n2C
CHEMBL3902771,CC#CCn1c(N2CCC[C@@H](N)C2)nc2c1c(=O)n(CCCC1CCN(C(=O)OC(C)C)CC1)c(=O)n2C
CHEMBL3909049,CC#CCn1c(N2CCNCC2)nc2c1c(=O)n(CCCN1CCC(C(=O)OC(C)C)CC1)c(=O)n2C
CHEMBL3910158,CC#CCn1c(N2CCC[C@@H](N)C2)nc2c1c(=O)n(CCCN1CCC(C(=O)OC)CC1)c(=O)n2C
CHEMBL3911786,CC#CCn1c(N2CCC[C@@H](N)C2)nc2c1c(=O)n(CC1CCN(C(=O)OC(C)C)CC1)c(=O)n2C
CHEMBL3915044,CC#CCn1c(N2CCC[C@@H](N)C2)nc2c1c(=O)n(CCCN1CCC(C(=O)Nc3ccc(F)cc3)CC1)c(=O)n2C
CHEMBL3920718,CC#CCn1c(N2CCC[C@@H](N)C2)nc2c1c(=O)n(CCCCN1CCC(C(=O)OC(C)C)CC1)c(=O)n2C
CHEMBL3924059,CC#CCn1c(N2CCC[C@@H](N)C2)nc2c1c(=O)n(CCCN1CCC(C(=O)Nc3ccc(Br)cc3)CC1)c(=O)n2C
CHEMBL3927979,CC#CCn1c(N2CCCNCC2)nc2c1c(=O)n(CCCN1CCC(C(=O)OC(C)C)CC1)c(=O)n2C
CHEMBL3929627,CC#CCn1c(N2CCC[C@@H](N)C2)nc2c1c(=O)n(CCN1CCC(C(=O)OC(C)C)CC1)c(=O)n2C
CHEMBL3929764,Cc1cc(=O)oc2c3c(ccc12)O[C@H](c1cc(F)c(F)cc1F)[C@H](N)C3
CHEMBL3933623,CC#CCn1c(N2CCC[C@@H](N)C2)nc2c1c(=O)n(CCCN1CCC(C(=O)OCCC)CC1)c(=O)n2C
CHEMBL3941804,COc1cc2ccc3c(c2cc1OC)C[C@H](N)[C@@H](c1cc(F)c(F)cc1F)O3
CHEMBL3942843,COc1cc2c3c(ccc2cc1NS(C)(=O)=O)O[C@H](c1cc(F)c(F)cc1F)[C@@H](N)C3
CHEMBL3944427,COc1cc2c3c(ccc2cc1S(C)(=O)=O)O[C@H](c1cc(F)c(F)cc1F)[C@@H](N)C3
CHEMBL3945617,CC#CCn1c(N2CCC[C@@H](N)C2)nc2c1c(=O)n(CCCN1CCC(C(=O)Nc3ccc(C#N)cc3)CC1)c(=O)n2C
CHEMBL3955701,COc1ccc2ccc3c(c2c1)C[C@@H](N)[C@H](c1cc(F)c(F)cc1F)O3
CHEMBL3959577,Cc1cc(=O)oc2c3c(ccc12)O[C@H](c1cc(F)c(F)cc1F)[C@@H](N)C3
CHEMBL3968249,CC#CCn1c(N2CCC[C@@H](N)C2)nc2c1c(=O)n(CCCN1CCC(C(=O)Oc3ccccc3)CC1)c(=O)n2C
CHEMBL3968332,Cc1cc(=O)oc2c3c(ccc12)O[C@@H](c1cc(F)c(F)cc1F)[C@@H](N)C3
CHEMBL3971196,Cc1cc(=O)oc2c3c(ccc12)O[C@@H](c1cc(F)c(F)cc1F)[C@H](N)C3
CHEMBL3972227,CC#CCn1c(N2CCC[C@@H](N)C2)nc2c1c(=O)n(CCCN1CCC(C(=O)OC3CCC3)CC1)c(=O)n2C
CHEMBL3972474,COc1ccc2ccc3c(c2c1)C[C@H](N)[C@@H](c1ccccc1Cl)O3
CHEMBL3973741,CC#CCn1c(N2CCC[C@@H](N)C2)nc2c1c(=O)n(CCC1CCN(C(=O)OC(C)C)CC1)c(=O)n2C
CHEMBL3976778,CC#CCn1c(N2CCC[C@@H](N)C2)nc2c1c(=O)n(CCCN1CCC(C(=O)Nc3ccccc3)CC1)c(=O)n2C
CHEMBL3979508,N[C@H]1Cc2c(ccc3cc(Br)ccc23)O[C@@H]1c1cc(F)c(F)cc1F
CHEMBL3979866,CC#CCn1c(N2CCC[C@@H](N)C2)nc2c1c(=O)n(CCCN1CCC(C(=O)OC3CCCCC3)CC1)c(=O)n2C
CHEMBL3980269,CC#CCn1c(N2CCC[C@@H](N)C2)nc2c1c(=O)n(CCCN1CCC(C(=O)OCC)CC1)c(=O)n2C
CHEMBL3984849,CC#CCn1c(N2CCC[C@@H](N)C2)nc2c1c(=O)n(CCCN1CCC(C(=O)Nc3ccc(OC)cc3)CC1)c(=O)n2C
CHEMBL3644451,N[C@H]1C[C@@H](N2Cc3c[nH]nc3C2)CSC1c1cc(F)ccc1F
CHEMBL3644452,N[C@H]1C[C@@H](N2Cc3c[nH]nc3C2)CSC1c1cc(F)cc(F)c1F
CHEMBL3644453,N[C@H]1C[C@@H](N2Cc3c[nH]nc3C2)C[S+]([O-])C1c1cc(F)cc(F)c1F
CHEMBL3644454,N[C@H]1C[C@@H](N2Cc3c[nH]nc3C2)CS(=O)(=O)C1c1cc(F)cc(F)c1F
CHEMBL3644455,CC(C)(O)Cn1cc2c(n1)CN([C@H]1CSC(c3cc(F)cc(F)c3F)[C@@H](N)C1)C2
CHEMBL3644456,CS(=O)(=O)n1cc2c(n1)CN([C@H]1CSC(c3cc(F)cc(F)c3F)[C@@H](N)C1)C2
CHEMBL3675621,Cc1nc(CN2C(=O)c3c(nc(N4CCC[C@@H](N)C4)n3Cc3cc(F)ccc3C#N)N3CCCN=C23)nc2ccccc12
CHEMBL3675622,CC#CCn1c(N2CCC[C@@H](N)C2)nc2c1C(=O)N(Cc1nc(C)c3ccccc3n1)C1=NCCCN12
CHEMBL3675623,Cc1nc(CN2C(=O)c3c(nc(N4CCC[C@@H](N)C4)n3C)N3CCN=C23)nc2ccccc12
CHEMBL3675624,CC(C)=CCn1c(N2CCC[C@@H](N)C2)nc2c1C(=O)N(Cc1nc(C)c3ccccc3n1)C1=NCCN12
CHEMBL3675625,Cc1nc(CN2C(=O)c3c(nc(N4CCC[C@@H](N)C4)n3Cc3cccc(F)c3)N3CCN=C23)nc2ccccc12
CHEMBL3675626,Cc1nc(CN2C(=O)c3c(nc(N4CCC[C@@H](N)C4)n3Cc3ccccc3)N3CCN=C23)nc2ccccc12
CHEMBL3675627,Cc1nc(CN2C(=O)c3c(nc(N4CCC[C@@H](N)C4)n3CC3CC3)N3CCN=C23)nc2ccccc12
CHEMBL3675628,CC#CCn1c(N2CCC[C@@H](N)C2)nc2c1C(=O)N(Cc1ccc(OC)cc1)C1=NCCCN12
CHEMBL3675629,CC#CCn1c(N2CCC[C@@H](N)C2)nc2c1C(=O)NC1=NCCCN12
CHEMBL3675630,CC#CCn1c(N2CCC[C@@H](N)C2)nc2c1C(=O)N(Cc1cccc3ccccc13)C1=NCCCN12
CHEMBL3675631,CC#CCn1c(N2CCC[C@@H](N)C2)nc2c1C(=O)N(Cc1nccc(C#N)n1)C1=NCCN12
CHEMBL3675632,CC#CCn1c(N2CCC[C@@H](N)C2)nc2c1C(=O)N(Cc1ccccc1C#N)C1=NCCN12
CHEMBL3675633,Cc1nc(CN2C(=O)c3c(nc(N4CCC[C@@H](N)C4)n3Cc3sccc3F)N3CCN=C23)nc2ccccc12
CHEMBL3675634,Cc1nc(CN2C(=O)c3c(nc(N4CCC[C@@H](N)C4)n3CC3CC3(F)F)N3CCN=C23)nc2ccccc12
CHEMBL3675635,Cc1nc(CN2C(=O)c3c(nc(N4CCC[C@@H](N)C4)n3CC3CCC3)N3CCN=C23)nc2ccccc12
CHEMBL3675636,Cc1nc(CN2C(=O)c3c(nc(N4CCC[C@@H](N)C4)n3Cc3ccccc3C#N)N3CCN=C23)nc2ccccc12
CHEMBL3675637,CC#CCn1c(N2CCC[C@@H](N)C2)nc2c1C(=O)N(Cc1nc(C)c3ccccc3n1)C1=N[C@@H](C)CN12
CHEMBL3680628,CC#CCn1c(N2CCCC(NC(=O)OC(C)(C)C)C2)nc2c1c(=O)n(Cc1nc(NCc3ccccc3)c3ccccc3n1)c(=O)n2C
CHEMBL3680629,CC#CCn1c(N2CCC[C@@H](NC(=O)OC(C)(C)C)C2)nc2c1c(=O)n(Cc1cc(C#N)cc3ccccc13)c(=O)n2C
CHEMBL3680630,CC#CCn1c(N2CCC[C@@H](NC(=O)OC(C)(C)C)C2)nc2c1c(=O)n(Cc1nc(-c3ccccc3)nc3ccccc13)c(=O)n2C
CHEMBL3680631,CC#CCn1c(N2CCC[C@@H](NC(=O)OC(C)(C)C)C2)nc2c1c(=O)n(Cc1cc(C#N)c3ccccc3n1)c(=O)n2C
CHEMBL3680632,CC#CCn1c(N2CCC[C@@H](NC(=O)OC(C)(C)C)C2)nc2c1c(=O)n(CC(=O)c1cccc(OC3CC3)c1)c(=O)n2C
CHEMBL3680633,CC#CCn1c(N2CCC[C@@H](NC(=O)OC(C)(C)C)C2)nc2c1c(=O)n(Cc1ccc3nc(C)c(C)nc3c1)c(=O)n2C
CHEMBL3680634,CC#CCn1c(N2CCC[C@@H](NC(=O)OC(C)(C)C)C2)nc2c1c(=O)n(CC(=O)c1ccccc1Br)c(=O)n2C
CHEMBL3680635,CC#CCn1c(N2CCC[C@@H](NC(=O)OC(C)(C)C)C2)nc2c1c(=O)n(Cc1nc3ccccc3c(C)c1C#N)c(=O)n2C
CHEMBL3680636,CC#CCn1c(N2CCC[C@@H](NC(=O)OC(C)(C)C)C2)nc2c1c(=O)n(Cc1nccc(-c3ccccc3)n1)c(=O)n2C
CHEMBL3680637,CC#CCn1c(N2CCC[C@@H](NC(=O)OC(C)(C)C)C2)nc2c1c(=O)n(CC(=O)c1ccccc1[N+](=O)[O-])c(=O)n2C
CHEMBL3694421,CS(=O)(=O)n1cc2c(n1)CN([C@H]1CNC(c3cc(F)ccc3F)[C@@H](N)C1)C2
CHEMBL3694422,N[C@H]1C[C@@H](N2Cc3cn(S(=O)(=O)C4CC4)nc3C2)CNC1c1cc(F)c(F)cc1F
CHEMBL3694423,CS(=O)(=O)n1cc2c(n1)CN([C@@H]1C[C@H](N)C(c3cc(F)ccc3F)N(CC(N)=O)C1)C2
CHEMBL3694424,N[C@H]1C[C@@H](N2Cc3cn[nH]c3C2)CN(CC(=O)N2CC[C@@H](F)C2)C1c1cc(F)ccc1F
CHEMBL3697938,CN1C[C@H](N2Cc3cn(S(C)(=O)=O)nc3C2)C[C@H](N)C1c1cc(F)c(F)cc1F
CHEMBL3697939,CS(=O)(=O)n1cc2c(n1)CN([C@@H]1C[C@H](N)C(c3cc(F)ccc3F)N(C(=O)C(F)(F)F)C1)C2
CHEMBL3697940,CS(=O)(=O)n1cc2c(n1)CN([C@@H]1C[C@H](N)C(c3cc(F)ccc3F)N(CCO)C1)C2
CHEMBL3697941,CS(=O)(=O)n1cc2c(n1)CN([C@@H]1C[C@H](N)C(c3cc(F)ccc3F)N(CC3CC3)C1)C2
CHEMBL3697942,C[C@H](F)CN1C[C@H](N2Cc3cn(S(C)(=O)=O)nc3C2)C[C@H](N)C1c1cc(F)ccc1F
CHEMBL3697943,N[C@H]1C[C@@H](N2Cc3cn[nH]c3C2)CN(CCN2CCC(F)(F)C2)C1c1cc(F)ccc1F
CHEMBL3697944,Cn1cc(CCN2C[C@H](N3Cc4cn[nH]c4C3)C[C@H](N)C2c2cc(F)ccc2F)cn1
CHEMBL3697945,N[C@H]1C[C@@H](N2Cc3cn[nH]c3C2)CN(Cc2cnccn2)C1c1cc(F)ccc1F
CHEMBL3697946,CS(=O)(=O)n1cc2c(n1)CN([C@@H]1C[C@H](N)C(c3cc(F)ccc3F)N(Cc3cncnc3)C1)C2
CHEMBL3697947,N[C@H]1C[C@@H](N2Cc3cn[nH]c3C2)CN(Cc2cn[nH]c2)C1c1cc(F)ccc1F
CHEMBL3697948,CS(=O)(=O)N1C[C@@H](N2Cc3cn(S(C)(=O)=O)nc3C2)C[C@H](N)C1c1cc(F)ccc1F
CHEMBL3697949,CS(=O)(=O)n1cc2c(n1)CN([C@H]1C[C@H](N)C(c3cc(F)ccc3F)N(Cc3cn[nH]c3)C1)C2
CHEMBL3697950,CS(=O)(=O)n1cc2c(n1)CN([C@H]1C[C@H](N)C(c3cc(F)ccc3F)N(Cc3cncc4cccnc34)C1)C2
CHEMBL494497,N[C@@H](CCC(=O)O)C(=O)N1CCC[C@H]1B(O)O
CHEMBL3644457,CC(C)(F)Cn1cc2c(n1)CN([C@H]1CSC(c3cc(F)cc(F)c3F)[C@@H](N)C1)C2
CHEMBL3644458,CS(=O)(=O)n1cc2c(n1)CN([C@H]1CSC(c3cc(F)ccc3F)[C@@H](N)C1)C2
CHEMBL3644459,NC(=O)c1[nH]nc2c1CN([C@H]1CSC(c3cc(F)ccc3F)[C@@H](N)C1)C2
CHEMBL3644460,N#Cc1[nH]nc2c1CN([C@H]1CSC(c3cc(F)ccc3F)[C@@H](N)C1)C2
CHEMBL3644461,N[C@H]1C[C@@H](N2Cc3nc(C(F)(F)F)[nH]c3C2)CSC1c1cc(F)ccc1F
CHEMBL3639433,N[C@H]1C[C@@H](N2Cc3cnc(C(F)(F)F)nc3C2)CSC1c1cc(F)ccc1F
CHEMBL3644462,N[C@H]1C[C@@H](N2Cc3nc(-c4ccccc4)[nH]c3C2)CSC1c1cc(F)ccc1F
CHEMBL3644463,NC(=O)Cn1cc2c(n1)CN([C@H]1CSC(c3cc(F)cc(F)c3F)[C@@H](N)C1)C2
CHEMBL3644464,Cc1nc2c([nH]1)CN([C@H]1CSC(c3cc(F)ccc3F)[C@@H](N)C1)C2
CHEMBL3644465,Cc1nc2c(o1)CN([C@H]1CSC(c3cc(F)ccc3F)[C@@H](N)C1)C2
CHEMBL3650433,Cn1c2nccc-2c(N2CCC[C@@H](N)C2)n(Cc2cc(F)ccc2C#N)c1=O
CHEMBL3650434,Cn1c2ncnc-2c(N2CCC[C@@H](N)C2)n(Cc2ccccc2C#N)c1=O
CHEMBL3650435,Cn1c2nccc-2c(N2CCC[C@@H](N)C2)n(Cc2cc(F)ccc2F)c1=O
CHEMBL3650436,Cn1c2nccc-2c(N2CCC[C@@H](N)C2)n(Cc2cccc(F)c2)c1=O
CHEMBL3650437,Cn1c2nc(C#N)cc-2c(N2CCC[C@@H](N)C2)n(Cc2cc(F)ccc2C#N)c1=O
CHEMBL3650438,Cc1nc(Cn2c3nccc-3c(N3CCCC(N)C3)n(Cc3cc(F)ccc3C#N)c2=O)nc2ccccc12
CHEMBL3650439,Cn1c2nc(Cl)cc-2c(N2CCC[C@@H](N)C2)n(Cc2cc(F)ccc2C#N)c1=O
CHEMBL3650440,Cn1c2nccc-2c(N2CCC[C@@H](N)C2)n(Cc2ccccc2C#N)c1=O
CHEMBL3654418,CS(=O)(=O)n1cc2c(n1)CN([C@H]1CCO[C@H](c3cc(F)ccc3F)[C@@H](N)C1)C2
CHEMBL3654419,N[C@H]1C[C@@H](N2Cc3cnn(-c4ncccn4)c3C2)CCO[C@@H]1c1cc(F)ccc1F
CHEMBL3654420,N[C@H]1C[C@@H](N2Cc3cnn(-c4ccccc4)c3C2)CCO[C@@H]1c1cc(F)ccc1F
CHEMBL3654421,N#Cc1n[nH]c2c1CN([C@H]1CCO[C@H](c3cc(F)ccc3F)[C@@H](N)C1)C2
CHEMBL3654422,NC(=O)c1n[nH]c2c1CN([C@H]1CCO[C@H](c3cc(F)ccc3F)[C@@H](N)C1)C2
CHEMBL3654423,N[C@H]1C[C@@H](N2Cc3cn(S(=O)(=O)C4CC4)nc3C2)CCO[C@@H]1c1cc(F)ccc1F
CHEMBL3654424,Cc1c2c(nn1S(=O)(=O)C1(C)CC1)CN([C@H]1CCO[C@H](c3cc(F)ccc3F)[C@@H](N)C1)C2
CHEMBL3654425,CC1(S(=O)(=O)n2cc3c(n2)CN([C@H]2CCO[C@H](c4cc(F)c(F)cc4F)[C@@H](N)C2)C3)CC1
CHEMBL3654426,N[C@H]1C[C@@H](N2Cc3cnc(C4CC4)nc3C2)CCO[C@@H]1c1cc(F)ccc1F
CHEMBL3654427,CS(=O)(=O)n1cc2c(n1)CN([C@H]1CCS[C@H](c3cc(F)ccc3F)[C@@H](N)C1)C2
CHEMBL3686733,C[C@H](N)C(=S)N1CCC[C@H]1B(O)O
CHEMBL3686734,CC(C)[C@H](N)C(=S)N[C@@H](C)B(O)O
CHEMBL3639856,C[C@H](NC(=O)[C@H](C)N)B(O)O
CHEMBL3686735,C[C@H](NC(=S)[C@H](C)N)B(O)O
CHEMBL3686736,CC(C)[C@H](N)C(=S)N1CCC[C@H]1B(O)O
CHEMBL3686737,N[C@H](C(=O)N1CCC[C@H]1B(O)O)C1CCCCC1
CHEMBL3686738,NCC(=S)N1CCC[C@H]1B(O)O
CHEMBL3686739,O=C(CNC12CC3CC(CC(O)(C3)C1)C2)N1CCC[C@H]1B(O)O
CHEMBL3686740,OB(O)[C@@H]1CCCN1C(=S)CNC12CC3CC(CC(O)(C3)C1)C2
CHEMBL3686741,O=C(CNCc1ccccc1)N1CCC[C@H]1B(O)O
CHEMBL3686742,OB(O)[C@@H]1CCCN1C(=S)CNCc1ccccc1
CHEMBL3686743,N[C@@H](CC(=O)O)C(=S)N1CCC[C@H]1B(O)O
CHEMBL3686744,N[C@@H](CCC(=O)O)C(=S)N1CCC[C@H]1B(O)O
CHEMBL3686745,CCC[C@H](N)C(=O)N1CCC[C@H]1B(O)O
CHEMBL3686746,CCC[C@H](N)C(=S)N1CCC[C@H]1B(O)O
CHEMBL3686747,N[C@@H](Cc1c[nH]c2ccccc12)C(=O)N1CCC[C@H]1B(O)O
CHEMBL3686748,N[C@@H](Cc1c[nH]c2ccccc12)C(=S)N1CCC[C@H]1B(O)O
CHEMBL3686749,N=C(N)NCCC[C@H](N)C(=O)N1CCC[C@H]1B(O)O
CHEMBL3686750,N=C(N)NCCC[C@H](N)C(=S)N1CCC[C@H]1B(O)O
CHEMBL3686751,OB(O)[C@@H]1CCCN1C(=S)[C@@H]1CCCN1
CHEMBL3686752,N[C@@H](CC(=O)O)C(=O)N1CCC[C@H]1B(O)O
CHEMBL17041,CCC(C)C(N)C(=O)N1CCCC1
CHEMBL16709,CC(C)C(N)C(=O)N1CCCC1
CHEMBL3654428,CC(C)(O)Cn1cc2c(n1)CN([C@H]1CCO[C@H](c3cc(F)ccc3F)[C@@H](N)C1)C2
CHEMBL3654429,N[C@H]1C[C@@H](N2Cc3cnn(-c4ccc(C(F)(F)F)cn4)c3C2)CCO[C@@H]1c1cc(F)ccc1F
CHEMBL3654430,CC1(S(=O)(=O)n2cc3c(n2)CN([C@H]2CCO[C@H](c4cc(F)ccc4F)[C@@H](N)C2)C3)CC1
CHEMBL3687981,CCN1C(=O)Cn2c1nc1nc(N3CCC[C@@H](NC(=O)OC(C)(C)C)C3)n(Cc3cc(F)ccc3C#N)c1c2=O
CHEMBL3704834,O=C(CNCC(O)COc1ccccc1)N1CCCC1
CHEMBL3704835,CC(C)C(NCC(O)COc1ccccc1)C(=O)N1CCCC1
CHEMBL3704836,CCC(C)C(NCC(O)COc1ccccc1)C(=O)N1CCCC1
CHEMBL3889902,C/C=C/Cn1c(N2CCCC(N)C2)nc2c1c(=O)n(CC(=O)c1ccccc1NC(C)=O)c(=O)n2C
CHEMBL3893759,C/C=C/Cn1c(N2CCC[C@H](N)C2)nc2c1c(=O)n(CC(=O)c1ccccc1OCC(=O)NC)c(=O)n2C
CHEMBL3896302,CS(=O)(=O)n1cc2c(n1)CN([C@@H]1C[C@H](N)[C@@H](c3cc(F)ccc3F)[C@H]3CC13)C2
CHEMBL3897624,CNC(=O)c1cccc(C(=O)Cn2c(=O)c3c(nc(N4CCCC(N)C4)n3CC=C(C)C)n(C)c2=O)c1
CHEMBL3898310,CC#CCn1c(N2CCC[C@H](N)C2)nc2c1c(=O)n(Cc1nc(C)cc3ccccc13)c(=O)n2C
CHEMBL3903110,CC#CCn1c(N2CCC[C@@H](N)C2)nc2c1c(=O)n(Cc1ncc3ccccc3n1)c(=O)n2C
CHEMBL3903674,CC#CCn1c(N2CCC[C@@H](N)C2)nc2c1c(=O)n(CC(=O)c1ccccc1NC(=O)C(C)C)c(=O)n2C
CHEMBL3903787,CC#CCn1c(N2CCC[C@@H](N)C2)nc2c1c(=O)n(Cc1ncc(C)c3ccccc13)c(=O)n2C
CHEMBL3904065,CC(C)=CCn1c(N2CCCC(N)C2)nc2c1c(=O)n(Cc1ccc3ccccc3n1)c(=O)n2C
CHEMBL3912125,CC(C)=CCn1c(N2CCCC(N)C2)nc2c1c(=O)n(CC(=O)N1CCCCC1)c(=O)n2C
CHEMBL3912809,CC#CCn1c(N2CCC[C@H](N)C2)nc2c1c(=O)n(Cc1ccc(OC)c3ccccc13)c(=O)n2C
CHEMBL3913618,C#CCn1c(=O)n(C)c(=O)c2c1nc(N1CCCC(N)C1)n2Cc1ccccc1C#N
CHEMBL3913689,Cn1c(=O)c2c(nc(N3CCCC(N)C3)n2Cc2ccccc2C#N)n(-c2ccccc2)c1=O
CHEMBL3922613,CC(C)=CCn1c(N2CCCC(N)C2)nc2c1c(=O)n(C(C)C(=O)c1ccccc1)c(=O)n2C
CHEMBL3926493,C/C=C/Cn1c(N2CCC[C@@H](N)C2)nc2c1c(=O)n(CC(=O)c1ccccc1NC(=O)C(C)C)c(=O)n2C
CHEMBL3926627,CS(=O)(=O)n1cc2c(n1)CN([C@@H]1C[C@H](N)[C@@H](c3cc(F)ccc3F)[C@@H]3C[C@@H]31)C2
CHEMBL3931183,C[C@]1(N2Cc3c[nH]nc3C2)CO[C@H](c2cc(F)ccc2F)[C@@H](N)C1
CHEMBL3934913,CC(C)=CCn1c(N2CCCC(N)C2)nc2c1c(=O)n(Cc1ncnc3ccccc13)c(=O)n2C
CHEMBL3935335,N[C@H]1C[C@@H](N2Cc3cnn(S(=O)(=O)C4CCCC4)c3C2)COC1c1cc(F)c(F)cc1F
CHEMBL3940772,C[C@]1(N2Cc3cn(S(C)(=O)=O)nc3C2)CO[C@H](c2cc(F)ccc2F)[C@@H](N)C1
CHEMBL3942798,CC(C)=CCn1c(N2CCCC(N)C2)nc2c1c(=O)n(Cc1cc3ccccc3cn1)c(=O)n2C
CHEMBL3945052,COCCn1c(=O)c2c(nc(N3CCCC(N)C3)n2Cc2ccccc2C#N)n(C)c1=O
CHEMBL3950914,C/C=C/Cn1c(N2CCC[C@H](N)C2)nc2c1c(=O)n(CC(=O)c1ccccc1NC(=O)C(C)C)c(=O)n2C
CHEMBL3955534,CC#CCn1c(N2CCC[C@@H](N)C2)nc2c1c(=O)n(CC(=O)c1ccccc1OCC(=O)NCC)c(=O)n2C
CHEMBL3957746,CC(C)=CCn1c(N2CCCC(N)C2)nc2c1c(=O)n(CC(=O)c1ccccc1C(=O)N1CCOCC1)c(=O)n2C
CHEMBL3958450,C/C=C/Cn1c(N2CCC[C@@H](N)C2)nc2c1c(=O)n(CC(=O)c1ccccc1)c(=O)n2C
CHEMBL3965610,CC(C)=CCn1c(N2CCCC(N)C2)nc2c1c(=O)n(CC(=O)c1cccc(C(=O)O)c1)c(=O)n2C
CHEMBL3965981,C/C=C/Cn1c(N2CCC[C@@H](N)C2)nc2c1c(=O)n(CC(=O)c1ccccc1OCC(=O)NC)c(=O)n2C
CHEMBL3966199,CC#CCn1c(N2CCC[C@H](N)C2)nc2c1c(=O)n(Cc1ncc(C)c3ccccc13)c(=O)n2C
CHEMBL3970322,C[C@]1(N2Cc3cn(S(=O)(=O)NC(=O)OCc4ccccc4)nc3C2)CO[C@H](c2cc(F)ccc2F)[C@@H](N)C1
CHEMBL3974068,COc1cccc(C(=O)Cn2c(=O)c3c(nc(N4CCCC(N)C4)n3CC=C(C)C)n(C)c2=O)c1OC
CHEMBL3974699,CC#CCn1c(N2CCC[C@@H](N)C2)nc2c1c(=O)n(CC(=O)c1cccc3c1OCCO3)c(=O)n2C
CHEMBL3979864,CC#CCn1c(N2CCC[C@@H](N)C2)nc2c1c(=O)n(CC(=O)c1cccc3c1OCO3)c(=O)n2C
CHEMBL3985360,CC#CCn1c(N2CCCC(N)C2)nc2c1c(=O)n(Cc1ccnc3ccccc13)c(=O)n2C
CHEMBL3986074,CC#CCn1c(N2CCC[C@@H](N)C2)nc2c1c(=O)n(Cc1ccc(OC)c3ccccc13)c(=O)n2C
CHEMBL3986470,CC#CCn1c(N2CCCC(N)C2)nc2c1c(=O)n(Cc1cc(=O)n(C)c3ccccc13)c(=O)n2C
CHEMBL3987141,C/C=C/Cn1c(N2CCCC(N)C2)nc2c1c(=O)n(CC(=O)c1ccccc1NC(=O)C(C)C)c(=O)n2C
CHEMBL4106669,Cc1ccc(S(=O)(=O)N=S(C)(=O)n2cc3c(n2)CN([C@H]2CO[C@H](c4cc(F)ccc4F)[C@@H](N)C2)C3)cc1
CHEMBL4109453,CC#CCn1c(N2CCC[C@@H](N)C2)nc2c1c(=O)n(Cc1nc3cc(Cl)ccc3s1)c(=O)n2C
CHEMBL4111229,CC#CCn1c(N2CCC[C@@H](N)C2)nc2c1c(=O)n(Cc1nc3ccccc3s1)c(=O)n2C
CHEMBL4113723,CC#CCn1c(N2CCC[C@@H](N)C2)nc2c1c(=O)n(Cc1nc3cc(F)ccc3s1)c(=O)n2C
CHEMBL1852708,CC(C)Cn1c(CN)c(-c2ccccc2)c2cc(C(N)=O)ccc2c1=O
CHEMBL3911930,CC#CCn1c(N2CCC[C@@H](N)C2)nc2c1c(=O)n(Cc1nc(C)cc3ccccc13)c(=O)n2C1CC1
CHEMBL3917354,CC#CCn1c(N2CCC[C@@H](N)C2)nc2c1c(=O)n(Cc1nc(C(F)F)cc3ccccc13)c(=O)n2C
CHEMBL3931178,CC#CCn1c(N2CCC[C@@H](N)C2)nc2c1c(=O)n(Cc1nc(C(F)(F)F)cc3ccccc13)c(=O)n2C
CHEMBL3938646,CC#CCn1c(N2CCC[C@@H](N)C2)nc2c1c(=O)n(Cc1cc(C)c3nccnc3c1)c(=O)n2C
CHEMBL3938789,Cc1cc2ccccc2c(Cn2c(=O)c3c(nc(N4CCC[C@@H](N)C4)n3Cc3ccccc3Cl)n(C)c2=O)n1
CHEMBL3939916,CC#CCn1c(N2CCC[C@@H](N)C2)nc2c1c(=O)n(CC(=O)c1cccc(OC)c1)c(=O)n2C
CHEMBL3948679,CC#CCn1c(N2CCC[C@@H](N)C2)nc2c1c(=O)n(CC(=O)c1ccccc1-c1ccccc1)c(=O)n2C
CHEMBL3953094,CC#CCn1c(N2CCC[C@@H](N)C2)nc2c1c(=O)n(Cc1nc(-c3ccccc3)c3ccccc3n1)c(=O)n2C
CHEMBL3957200,CC#CCn1c(N2CCC[C@@H](N)C2)nc2c1c(=O)n(Cc1ccc(F)c3ccccc13)c(=O)n2C
CHEMBL3958670,CC#CCn1c(N2CCC[C@@H](N)C2)nc2c1c(=O)n(C/C=C/c1c(F)c(F)c(F)c(F)c1F)c(=O)n2C
CHEMBL3962719,Cc1cc2ccccc2c(Cn2c(=O)c3c(nc(N4CCC[C@@H](N)C4)n3Cc3ccccc3Br)n(C)c2=O)n1
CHEMBL3981831,CC#CCn1c(N2CCC[C@@H](N)C2)nc2c1c(=O)n(Cc1ccc(C#N)c3ccccc13)c(=O)n2C
CHEMBL4059789,Cc1ccc(-c2c(CN)c(CC(C)C)nc(C)c2C(=O)OC[C@H]2CC[C@H](C(=O)O)CC2)cc1.Cl.Cl
CHEMBL4059815,Cc1ccc(-c2c(COCc3ccc(C(=O)O)cc3)c(C)nc(CC(C)C)c2CN)cc1.Cl.Cl
CHEMBL4063983,Cc1nnc2n1[C@@H]1CCN(C(=O)C[C@H](N)Cc3cc(F)c(F)cc3F)C[C@@H]1CC2.Cl
CHEMBL4064424,NCc1c(Cc2ccccc2)nc2ccc(OCC(N)=O)cc2c1-c1ccccc1
CHEMBL4066703,N[C@@H](CC(=O)N1CC[C@H]2[C@H](CCc3nnc(C(F)(F)F)n32)C1)Cc1cc(F)c(F)cc1F
CHEMBL4067185,C[C@H](N[C@@H](CCc1ccccc1)C(=O)O)C(=O)N1C[C@@H](NC(=O)C[C@H](N)Cc2cc(F)c(F)cc2F)C[C@H]1C(=O)O
CHEMBL4068446,Cc1ccc(-c2c(CN)c(CC(C)C)nc3ccc(-c4nc(C(=O)O)cs4)cc23)cc1.Cl.Cl
CHEMBL4068477,Cc1ccc(-c2c(-c3nc(C(N)=O)cs3)cnc(CC(C)C)c2CN)cc1.Cl.Cl
CHEMBL4071166,Cc1ccc(-c2c(CN)c(CC(C)C)nc(C)c2C(=O)OCCCC(=O)O)cc1.Cl.Cl
CHEMBL4071958,Cc1ccc(-c2c(CN)c(CC(C)C)nc3ccc(OCCCC(=O)O)cc23)cc1.Cl.Cl
CHEMBL4072218,CC(C)Cc1nc2ccc(Br)cc2c(-c2ccccc2)c1CN
CHEMBL4072939,CCCCCc1nc2ccc(OCC(N)=O)cc2c(-c2ccccc2)c1CN
CHEMBL4075351,Cc1ccc(-c2c(CN)c(CC(C)C)nc3ccc(OCCC(=O)O)cc23)cc1.Cl.Cl
CHEMBL4077696,N[C@@H](CC(=O)N1CC[C@H]2[C@@H](CCc3nnc(C(F)(F)F)n32)C1)Cc1cc(F)c(F)cc1F
CHEMBL4078049,Cc1ccc(-c2c(CN)c(CC(C)C)nc3ccc(OCCCCCC(=O)O)cc23)cc1.Cl.Cl
CHEMBL4078112,CCC[C@H](N[C@@H](CCc1ccccc1)C(=O)O)C(=O)N1C[C@@H](NC(=O)C[C@H](N)Cc2cc(F)c(F)cc2F)C[C@H]1C(=O)O
CHEMBL4079304,CC(C)Cn1c(CN)c(-c2ccccc2)c2cc(Br)ccc2c1=O
CHEMBL4081713,Cc1ccc(-c2c(CN)c(CC(C)C)nc(C)c2C(=O)OCc2ccccc2C(=O)O)cc1.Cl.Cl
CHEMBL4081741,Cc1ccc(-c2c(CN)c(CC(C)C)nc3ccc(OCCCCC(N)=O)cc23)cc1
CHEMBL4082445,Cc1ccc(-c2c(CN)c(CC(C)C)nc3ccc(OCC(=O)O)cc23)cc1.Cl.Cl
CHEMBL4082680,Cc1ccc(-c2c(CN)c(CC(C)C)nc(C)c2C(=O)OCc2cccc(C(=O)O)c2)cc1.Cl.Cl
CHEMBL4083433,CCCCc1nc2ccc(OCC(N)=O)cc2c(-c2ccccc2)c1CN
CHEMBL4085490,Cc1ccc(-c2c(CN)c(CC(C)C)nc3ccc(-c4ccc(C(=O)O)o4)cc23)cc1.Cl.Cl
CHEMBL4085958,CC(C)(C)Cc1nc2ccc(OCC(N)=O)cc2c(-c2ccccc2)c1CN
CHEMBL4086264,CC[C@H](N[C@@H](CCc1ccccc1)C(=O)O)C(=O)N1C[C@@H](NC(=O)C[C@H](N)Cc2cc(F)c(F)cc2F)C[C@H]1C(=O)O
CHEMBL4087191,CC(C)Cn1c(CN)c(-c2ccccc2)c2cc(Br)cnc2c1=O
CHEMBL4089584,Cc1ccc(-c2c(CN)n(CC(C)C)c(=O)c3ccc(OCC(N)=O)cc23)cc1
CHEMBL4089615,Cc1ccc(-c2c(CCc3nc(C(N)=O)cs3)c(C)nc(CC(C)C)c2CN)cc1.Cl.Cl
CHEMBL4090635,CCCC[C@H](N[C@@H](CCc1ccccc1)C(=O)O)C(=O)N1C[C@@H](NC(=O)C[C@H](N)Cc2cc(F)c(F)cc2F)C[C@H]1C(=O)O
CHEMBL4092983,CC(C)Cc1nc2ccc(C(N)=O)cc2c(-c2ccccc2)c1CN
CHEMBL4096274,CC(=O)c1csc(-c2cnc(CC(C)C)c(CN)c2-c2ccc(C)cc2)n1.Cl.Cl
CHEMBL4097306,Cc1ccc(-c2c(/C=C/c3nc(C(=O)O)cs3)c(C)nc(CC(C)C)c2CN)cc1.Cl.Cl
CHEMBL4098218,Cc1ccc(-c2c(CCc3nc(C(=O)O)cs3)c(C)nc(CC(C)C)c2CN)cc1.Cl.Cl
CHEMBL4098936,Cc1ccc(-c2c(CN)c(CC(C)C)nc3ccc(OCCCCC(=O)O)cc23)cc1.Cl.Cl
CHEMBL4100667,Cc1ccc(-c2c(CN)c(CC(C)C)nc(C)c2C(=O)OCc2ccc(C(=O)O)cc2)cc1.Cl.Cl
CHEMBL4101425,CCCc1nc2ccc(OCC(N)=O)cc2c(-c2ccccc2)c1CN
CHEMBL4105034,CC(C)Cn1c(CN)c(-c2ccccc2)c2cc(C(N)=O)cnc2c1=O.Cl.Cl
CHEMBL288114,O=C(O)c1cc(O)c(O)c(O)c1
CHEMBL297453,O=C(O[C@@H]1Cc2c(O)cc(O)cc2O[C@@H]1c1cc(O)c(O)c(O)c1)c1cc(O)c(O)c(O)c1
CHEMBL91777,CC(C)[C@H](N)C(=O)N[C@@H](Cc1c[nH]c2ccccc12)C(=O)O
CHEMBL257839,OC[C@H]1O[C@@H](Oc2cc3c(O)cc(O)cc3[o+]c2-c2ccc(O)c(O)c2)[C@H](O)[C@@H](O)[C@@H]1O
CHEMBL592005,COc1cc(-c2[o+]c3cc(O)cc(O)c3cc2O)cc(OC)c1O.[Cl-]
CHEMBL2165586,C[C@@H]1O[C@@H](OC[C@H]2O[C@@H](Oc3cc(O)c4c(c3)O[C@H](c3ccc(O)c(O)c3)CC4=O)[C@H](O)[C@@H](O)[C@@H]2O)[C@H](O)[C@H](O)[C@H]1O
CHEMBL4062977,Cl.N[C@@H](CC(=O)N1CC[C@@H]2[C@@H](CCc3nnc(-c4ccccn4)n32)C1)Cc1cc(F)c(F)cc1F
CHEMBL4071607,Cc1nc(-c2nnc3n2[C@@H]2CCN(C(=O)C[C@H](N)Cc4cc(F)c(F)cc4F)C[C@@H]2CC3)cs1.Cl
CHEMBL4077174,Cl.N[C@@H](CC(=O)N1CC[C@@H]2[C@@H](CCc3nnc(Cc4ccccc4)n32)C1)Cc1cc(F)c(F)cc1F
CHEMBL4085550,CC(C)c1nnc2n1[C@@H]1CCN(C(=O)C[C@H](N)Cc3cc(F)c(F)cc3F)C[C@@H]1CC2.Cl
CHEMBL4090906,Cl.N[C@@H](CC(=O)N1CC[C@@H]2[C@@H](CCc3nnc(-c4cnccn4)n32)C1)Cc1cc(F)c(F)cc1F
CHEMBL4093298,CCOc1cccc(-c2nnc3n2[C@@H]2CCN(C(=O)C[C@H](N)Cc4cc(F)c(F)cc4F)C[C@@H]2CC3)n1.Cl
CHEMBL4098632,CC(C)c1nnc2n1[C@@H]1CCN(C(=O)C[C@H](N)Cc3cc(F)c(F)cc3F)C[C@H]1CC2.Cl
CHEMBL4128052,COc1ccc(Cn2c(=O)cc(N3CCC[C@@H](N)C3)n(Cc3cc(F)ccc3C#N)c2=O)cc1OC
CHEMBL4128601,N#Cc1ccc(F)cc1Cn1c(N2CCC[C@@H](N)C2)cc(=O)n(Cc2cc(F)cc(F)c2)c1=O
CHEMBL4129968,Cc1cc(C)cc(Cn2c(=O)cc(N3CCC[C@@H](N)C3)n(Cc3cc(F)ccc3C#N)c2=O)c1
CHEMBL4161474,N#Cc1ccc(F)cc1Cn1c(N2CCC[C@@H](N)C2)nc2c(Br)c(Br)[nH]c2c1=O
CHEMBL4161924,CS(=O)(=O)c1ccccc1-c1c[nH]c2c(=O)n(Cc3cc(F)ccc3C#N)c(N3CCC[C@@H](N)C3)nc12
CHEMBL4162340,N#Cc1ccc(F)cc1Cn1c(N2CCC[C@@H](N)C2)nc2cc[nH]c2c1=O
CHEMBL4162532,CS(=O)(=O)n1ccc2nc(N3CCC[C@@H](N)C3)n(Cc3cc(F)ccc3C#N)c(=O)c21
CHEMBL4162971,CS(=O)(=O)c1ccc(-c2c[nH]c3c(=O)n(Cc4cc(F)ccc4C#N)c(N4CCC[C@@H](N)C4)nc23)c(F)c1
CHEMBL4164470,N#Cc1ccc(F)cc1Cn1c(N2CCC[C@@H](N)C2)nc2c(-c3ccc(F)cc3)c[nH]c2c1=O
CHEMBL4164893,N#Cc1ccc(F)cc1Cn1c(N2CCC[C@@H](N)C2)nc2c(F)c(F)[nH]c2c1=O
CHEMBL4165359,CC(C)S(=O)(=O)c1ccc(-c2c[nH]c3c(=O)n(Cc4cc(F)ccc4C#N)c(N4CCC[C@@H](N)C4)nc23)cc1
CHEMBL4165967,N#Cc1ccc(F)cc1Cn1c(N2CCC[C@@H](N)C2)nc2c(-c3ccsc3)c[nH]c2c1=O
CHEMBL4169403,N#Cc1ccc(F)cc1Cn1c(N2CCC[C@@H](N)C2)nc2c(Br)c[nH]c2c1=O
CHEMBL4169618,N#Cc1ccc(F)cc1Cn1c(N2CCC[C@@H](N)C2)nc2[nH]ccc2c1=O
CHEMBL4169845,CS(=O)(=O)c1cccc(-c2c[nH]c3c(=O)n(Cc4cc(F)ccc4C#N)c(N4CCC[C@@H](N)C4)nc23)c1
CHEMBL4172793,N#Cc1ccc(F)cc1Cn1c(N2CCC[C@@H](N)C2)nc2c(F)c[nH]c2c1=O
CHEMBL4173215,N#Cc1ccc(F)cc1Cn1c(N2CCC[C@@H](N)C2)nc2ccn(Cc3cc(F)ccc3C#N)c2c1=O
CHEMBL4173272,N#Cc1ccc(F)cc1Cn1c(N2CCC[C@@H](N)C2)nc2c(-c3ccc(S(N)(=O)=O)cc3)c[nH]c2c1=O
CHEMBL4173673,CS(=O)(=O)c1ccc(-c2c[nH]c3c(=O)n(Cc4cc(F)ccc4C#N)c(N4CCC[C@@H](N)C4)nc23)cc1F
CHEMBL4174924,Cn1cnc2nc(N3CCC[C@@H](N)C3)n(Cc3cc(F)ccc3C#N)c(=O)c21
CHEMBL4175111,CS(=O)(=O)c1ccc(-c2c[nH]c3c(=O)n(Cc4cc(F)ccc4C#N)c(N4CCC[C@@H](N)C4)nc23)cc1
CHEMBL4176189,CC(C)[C@H](N)C(=O)N1CCCC1B(O)O
CHEMBL4176578,N#Cc1ccc(F)cc1Cn1c(N2CCC[C@@H](N)C2)nc2c(-c3cccs3)c[nH]c2c1=O
CHEMBL4177478,N#Cc1ccc(F)cc1Cn1c(N2CCC[C@@H](N)C2)nc2scnc2c1=O
CHEMBL4203639,N[C@@H]1CCCN(c2cc(=O)n3nccc3n2Cc2ccccc2)C1
CHEMBL4204176,N#Cc1ccccc1Cn1c(N2CCNCC2)cc(=O)n2nccc12
CHEMBL4205100,N[C@@H]1CCCN(c2cc(=O)n3nccc3n2Cc2ccc(C(=O)O)cc2)C1
CHEMBL4205581,N#Cc1ccccc1Cc1c(Cl)nc2ccnn2c1N1CCC[C@@H](N)C1
CHEMBL4207996,Cc1ccc(Cn2c(N3CCC[C@@H](N)C3)cc(=O)n3nccc23)cc1
CHEMBL4208513,O=c1cc(N2CCNCC2)n(Cc2ccccc2)c2ccnn12
CHEMBL4210635,N[C@@H]1CCCN(c2cc(=O)n3nccc3n2Cc2ccccc2F)C1
CHEMBL4212367,N[C@@H]1CCCN(c2cc(=O)n3nccc3n2Cc2ccc([N+](=O)[O-])cc2)C1
CHEMBL4212894,Cc1ccc(Cn2c(N3CCNCC3)cc(=O)n3nccc23)cc1
CHEMBL4213950,O=c1cc(N2CCNCC2)n(Cc2ccccc2[N+](=O)[O-])c2ccnn12
CHEMBL4215849,N#Cc1ccccc1Cn1c(N2CCC[C@@H](N)C2)cc(=O)n2nccc12
CHEMBL4216792,CCOC(=O)c1ccc(Cn2c(N3CCC[C@@H](N)C3)cc(=O)n3nccc23)cc1
CHEMBL4217326,O=c1cc(N2CCNCC2)n(Cc2ccc([N+](=O)[O-])cc2)c2ccnn12
CHEMBL44,O=c1c(-c2ccc(O)cc2)coc2cc(O)cc(O)c12
CHEMBL399121,COc1ccc([C@@H]2CC(=O)c3c(O)cc(O)cc3O2)cc1O
CHEMBL511367,Oc1cc(O)c2cc(O)c(-c3ccc(O)c(O)c3)[o+]c2c1.[Cl-]
CHEMBL1976036,O=C(N/N=C/c1cccc2ccccc12)c1[nH]nc2c1CCCC2
CHEMBL4238169,CC1(C)[C@H]2CC[C@]1(C)C(=O)[C@H]2NCC(=O)N1CCC[C@H]1C#N
CHEMBL4238607,CC1(C)[C@H]2CC[C@]1(C)[C@@H](O)[C@H]2NCC(=O)N1CCC[C@H]1C#N
CHEMBL4238698,Cc1csc(NC2c3cc(I)ccc3N=C(c3ccccc3)N2/N=C/c2cccc([N+](=O)[O-])c2)n1
CHEMBL4239107,O=[N+]([O-])c1cccc(/C=N/N2C(c3ccccc3)=Nc3ccc(I)cc3C2Nc2nccs2)c1
CHEMBL4240687,Cc1cc(-c2cn([C@@H]3CN[C@H](C(=O)N4CCC(F)(F)C4)C3)nn2)ccc1F
CHEMBL4241199,COC(=O)c1cn([C@@H]2CN[C@H](C(=O)N3CCC(F)(F)C3)C2)nn1
CHEMBL4241283,CC(C)(C)[C@H](N)C(=O)N1CCSCC1
CHEMBL4241366,CCC(C)[C@H](N)C(=O)N1CCSCC1
CHEMBL4242321,CC1(C)[C@H]2CC[C@]1(C)[C@@H](NCC(=O)N1CCC[C@H]1C#N)C2
CHEMBL4242883,COc1ccc(/C=N/N2C(c3ccccc3)=Nc3ccc(I)cc3C2Nc2nccs2)cc1
CHEMBL4245414,O=C(CN1CCN(c2ccnc3cc(Cl)ccc23)CC1)N1CCCC1
CHEMBL4246222,NCc1c(-c2ccc(Cl)cc2Cl)n(C[SH](=O)=O)c2ccccc12
CHEMBL4246674,CC(C)=CCn1c(N2CCCC(N)C2)nc2c1c(=O)n(Cc1ccccc1C#N)c(=O)n2C
CHEMBL4246951,Brc1nc2n(n1)CC(c1cc3ccccc3o1)=NN2
CHEMBL4247286,O=C(N/N=C/c1c(O)ccc2ccccc12)c1n[nH]c2c1CCCC2
CHEMBL4247480,Cc1ccc2nc(CNc3nc(C)cs3)n(/N=C/c3ccc(O)cc3)c(=O)c2c1
CHEMBL4247814,CC1(C)[C@@H]2CC[C@@]1(C)[C@H](NCC(=O)N1CCC[C@H]1C#N)C2
CHEMBL4249193,O=[N+]([O-])c1cccc(/C=N/N2C(c3ccccc3)=Nc3ccccc3C2Nc2nccs2)c1
CHEMBL4249750,O=C([C@@H]1C[C@H](n2cc(-c3ccccc3)nn2)CN1)N1CCC(F)(F)C1
CHEMBL4250492,N[C@@H](CCn1cc(-c2ccncc2)nn1)Cc1cc(F)c(F)cc1F
CHEMBL4250558,O=C(CNC(=O)C1CCCN(S(=O)(=O)c2ccccc2)C1)Nc1ccc(Cl)cc1
CHEMBL4250956,CC(C)C[C@H](N)C(=O)N1CCSCC1
CHEMBL4434648,O=C(CO[N+](=O)[O-])N[C@@H](CC(=O)N1CCn2c(nnc2C(F)(F)F)C1)Cc1cc(F)c(F)cc1F
CHEMBL4437841,O=C(CCCO[N+](=O)[O-])N[C@@H](CC(=O)N1CCn2c(nnc2C(F)(F)F)C1)Cc1cc(F)c(F)cc1F
CHEMBL4441220,CC#CCn1c(N2CCC[C@@H](N)C2)nc2c1c(=O)n(Cc1cccc(F)c1C(=O)O)c(=O)n2C
CHEMBL4446618,CC#CCn1c(N2CCC[C@@H](N)C2)cc(=O)n(Cc2cccc(F)c2C(=O)O)c1=O
CHEMBL4448186,CC#CCn1c(N2CCC[C@@H](N)C2)nc2c1c(=O)n(Cc1ccc(Cl)cc1C(=O)O)c(=O)n2C
CHEMBL4452518,CC#CCn1c(N2CCC[C@@H](N)C2)nc2c1c(=O)n(Cc1ccccc1C(=O)O)c(=O)n2C
CHEMBL4458307,O=C(CCCO)N[C@@H](CC(=O)N1CCn2c(nnc2C(F)(F)F)C1)Cc1cc(F)c(F)cc1F
CHEMBL4458832,CC#CCn1c(N2CCC[C@@H](N)C2)nc2c1c(=O)n(Cc1c(OC)cccc1C(=O)O)c(=O)n2C
CHEMBL4458949,CC#CCn1c(N2CCC[C@@H](N)C2)nc2c1c(=O)n(Cc1c(Cl)cccc1C(=O)O)c(=O)n2C
CHEMBL4461587,CC#CCn1c(N2CCC[C@@H](N)C2)nc2c1c(=O)n(Cc1ccc(Br)cc1C(=O)O)c(=O)n2C
CHEMBL4464592,O=C(CCCCO)N[C@@H](CC(=O)N1CCn2c(nnc2C(F)(F)F)C1)Cc1cc(F)c(F)cc1F
CHEMBL4465482,CC#CCn1c(N2CCC[C@@H](N)C2)nc2c1c(=O)n(Cc1cc(Cl)ccc1C(=O)O)c(=O)n2C
CHEMBL4516388,O=C(CCCCCO)N[C@@H](CC(=O)N1CCn2c(nnc2C(F)(F)F)C1)Cc1cc(F)c(F)cc1F
CHEMBL4524414,O=C(CCCCCO[N+](=O)[O-])N[C@@H](CC(=O)N1CCn2c(nnc2C(F)(F)F)C1)Cc1cc(F)c(F)cc1F
CHEMBL4525051,O=c1c([N+](=O)[O-])c(NCCO)nc2scnn12
CHEMBL4528994,CC#CCn1c(N2CCC[C@@H](N)C2)nc2c1c(=O)n(Cc1ccc(F)cc1C(=O)O)c(=O)n2C
CHEMBL4535549,CC[C@H](C)[C@H](NC(=O)[C@H](CC(C)C)NC(=O)[C@@H]1CCCN1C(=O)[C@H](CC(C)C)NC(=O)[C@@H]1CCCN1C(=O)[C@@H](NC(=O)CN)[C@@H](C)CC)C(=O)O
CHEMBL4535561,CC(C)Nc1nc2scnn2c(=O)c1[N+](=O)[O-]
CHEMBL4536341,CC#CCn1c(N2CCC[C@@H](N)C2)nc2c1c(=O)n(Cc1cc(Br)ccc1C(=O)O)c(=O)n2C
CHEMBL4537702,O=C(CO)N[C@@H](CC(=O)N1CCn2c(nnc2C(F)(F)F)C1)Cc1cc(F)c(F)cc1F
CHEMBL4544024,CC#CCn1c(N2CCC[C@@H](N)C2)nc2c1c(=O)n(Cc1c(Br)cccc1C(=O)O)c(=O)n2C
CHEMBL4554062,CC(C)CNc1nc2scnn2c(=O)c1[N+](=O)[O-]
CHEMBL4571225,O=c1c([N+](=O)[O-])c(NCCc2ccc(Cl)cc2)nc2scnn12
CHEMBL4577865,O=C(CCCCO[N+](=O)[O-])N[C@@H](CC(=O)N1CCn2c(nnc2C(F)(F)F)C1)Cc1cc(F)c(F)cc1F
CHEMBL4435383,CC#CCn1c(N2CCC[C@@H](N)C2)nc2c1c(=O)n(Cc1ccccc1C(=O)OC)c(=O)n2C
CHEMBL4436620,CC#CCn1c(N2CCC[C@@H](N)C2)cc(=O)n(Cc2ccccc2C(=O)OC)c1=O
CHEMBL4438210,CC#CCn1c(N2CCC[C@@H](N)C2)cc(=O)n(Cc2ccc(F)cc2C(=O)O)c1=O
CHEMBL4443070,Cc1nc(CN2C(=O)c3c(nc(N4CCC[C@@H](N)C4)n3CC#N)N3CCN=C23)nc2ccccc12
CHEMBL4445783,CC#CCn1c(N2CCC[C@@H](N)C2)cc(=O)n(Cc2cc(Br)ccc2C(=O)OC)c1=O
CHEMBL4453917,CC#CCn1c(N2CCC[C@@H](N)C2)cc(=O)n(Cc2cccc(F)c2C(=O)OC)c1=O
CHEMBL4454091,CCOC(=O)N1CCN(c2ccc3nnc(-c4cccc(C)c4)n3n2)CC1
CHEMBL4456228,O=c1[nH]c(=O)c2c(nc(N3CCNCC3)n2Cc2ccccc2)[nH]1
CHEMBL4458152,CC#CCn1c(N2CCC[C@@H](N)C2)nc2c1c(=O)n(Cc1cc(Cl)ccc1C(=O)OC)c(=O)n2C
CHEMBL4460852,Cc1cccc(-c2nnc3ccc(N4CCN(C(c5ccccc5)c5ccccc5)CC4)nn23)c1
CHEMBL4464069,CC#CCn1c(N2CCC[C@@H](N)C2)nc2c1c(=O)n(Cc1cc(C#N)ccc1C(=O)O)c(=O)n2C
CHEMBL4464819,Cc1nc(CN2C(=O)c3c(nc(N4CCC[C@@H](N)C4)n3CC(=O)C3CC3)N3CCN=C23)nc2ccccc12
CHEMBL4465057,CC#CCn1c(N2CCC[C@@H](N)C2)nc2c1c(=O)nc1n2CCCN1Cc1ccc(OC)cc1
CHEMBL4465374,CC#CCn1c(N2CCC[C@@H](N)C2)nc2c1c(=O)n(Cc1ccc(Br)cc1C(=O)OC)c(=O)n2C
CHEMBL4465448,CC#CCn1c(N2CCC[C@@H](N)C2)nc2c1c(=O)n(Cc1c(Cl)cccc1C(=O)OC)c(=O)n2C
CHEMBL4468423,CC#CCn1c(N2CCC[C@@H](N)C2)cc(=O)n(Cc2ccccc2CC(=O)O)c1=O
CHEMBL4468590,CC#CCn1c(N2CCC[C@@H](N)C2)nc2c1c(=O)n(Cc1ccc(Cl)cc1C(=O)OCC)c(=O)n2C
CHEMBL4516443,CC#CCn1c(N2CCC[C@@H](N)C2)nc2c1C(=O)N(Cc1cccc(C#N)c1)C1=NCCN12
CHEMBL4516959,CC#CCn1c(N2CCC[C@@H](N)C2)cc(=O)n(Cc2cc(C#N)ccc2C(=O)O)c1=O
CHEMBL4527363,CC#CCn1c(N2CCC[C@@H](N)C2)cc(=O)n(Cc2ccc(Br)cc2C(=O)O)c1=O
CHEMBL4528149,CC#CCn1c(N2CCC[C@@H](N)C2)nc2c1c(=O)n(Cc1ccc(Br)cc1C(=O)OCC)c(=O)n2C
CHEMBL4529301,Cc1cccc(-c2nnc3ccc(N4CCN(C(=O)c5ccccc5)CC4)nn23)c1
CHEMBL4530011,CC#CCn1c(N2CCC[C@@H](N)C2)cc(=O)n(Cc2ccccc2CC(=O)OC)c1=O
CHEMBL4537708,CC#CCn1c(N2CCC[C@@H](N)C2)nc2c1c(=O)nc1n2CCCN1Cc1cccc2ccccc12
CHEMBL4538597,CC#CCn1c(N2CCC[C@@H](N)C2)cc(=O)n(Cc2ccccc2C(=O)O)c1=O
CHEMBL4547171,Cc1cccc(-c2nnc3ccc(N4CCN(Cc5ccc(F)cc5)CC4)nn23)c1
CHEMBL4557196,CC#CCn1c(N2CCC[C@@H](N)C2)nc2c1c(=O)nc1n2CCCN1Cc1nc(C)c2ccccc2n1
CHEMBL4558007,CC#CCn1c(N2CCC[C@@H](N)C2)cc(=O)n(Cc2cc(Br)ccc2C(=O)O)c1=O
CHEMBL4562685,CC#CCn1c(N2CCC[C@@H](N)C2)cc(=O)n(Cc2ccc(Cl)cc2C(=O)O)c1=O
CHEMBL4563476,Cc1nc(CN2C(=O)c3c(nc(N4CCC[C@@H](N)C4)n3Cc3cc(F)cs3)N3CCN=C23)nc2ccccc12
CHEMBL4567320,CC#CCn1c(N2CCC[C@@H](N)C2)nc2c1c(=O)n(Cc1ccc(Cl)cc1C(=O)OC)c(=O)n2C
CHEMBL4568895,CC#CCn1c(N2CCC[C@@H](N)C2)nc2c1C(=O)N(Cc1ccc(C#N)cc1)C1=NCCN12
CHEMBL4581959,CC#CCn1c(N2CCC[C@@H](N)C2)cc(=O)n(Cc2cc(OC)ccc2C(=O)O)c1=O
CHEMBL4588692,CC#CCn1c(N2CCC[C@@H](N)C2)nc2c1c(=O)n(Cc1cc(OC)ccc1C(=O)O)c(=O)n2C
CHEMBL4590999,CC#CCn1c(N2CCC[C@@H](N)C2)nc2c1c(=O)n(Cc1cccc(F)c1C(=O)OC)c(=O)n2C
CHEMBL4591675,CC#CCn1c(N2CCC[C@@H](N)C2)nc2c1c(=O)nc1n2CCCN1CC(=O)c1ccccc1
CHEMBL4634272,CCOC(=O)c1nc2c(n1C)CN([C@@H]1C[C@H](N)[C@@H](c3cc(F)ccc3F)O[C@@H]1C(F)(F)F)C2
CHEMBL4634474,N[C@H]1C[C@@H](N2Cc3cn(S(=O)(=O)C4CCCC4)nc3C2)[C@@H](C(F)(F)F)O[C@@H]1c1cc(F)ccc1F
CHEMBL4635433,N[C@H]1C[C@@H](N2CCC(F)(F)C2)[C@@H](C(F)(F)F)O[C@@H]1c1cc(F)ccc1F
CHEMBL4636081,CC#CCn1c(N2CCC[C@@H](N)C2)cc(=O)n(Cc2cn(CC(=O)N(C)C)nn2)c1=O
CHEMBL4636223,N[C@H]1C[C@@H](N2Cc3cn(S(=O)(=O)C4CC4)nc3C2)[C@@H](C(F)(F)F)O[C@@H]1c1cc(F)ccc1F
CHEMBL4640183,N[C@H]1C[C@@H](N2Cc3c[nH]nc3C2)[C@@H](C(F)(F)F)O[C@@H]1c1cc(F)ccc1F
CHEMBL4640418,CS(=O)(=O)n1cc2c(n1)CN([C@H]1CO[C@H](c3cc(F)ccc3F)[C@@H](N)[C@H]1F)C2
CHEMBL4641140,Cc1ccc(NS(=O)(=O)c2ccc3c(c2)CCCC3)cc1
CHEMBL4641763,CS(=O)(=O)n1cc2c(n1)CN([C@@H]1C[C@H](N)[C@@H](c3cc(F)c(F)cc3F)O[C@@H]1C(F)(F)F)C2
CHEMBL4642801,N[C@@H]1CN(c2ncc(Oc3c[nH]nc3C3=CCC(F)(F)CC3)cn2)C[C@@H]1c1cc(F)c(F)cc1F
CHEMBL4644314,Cn1c(C(N)=O)nc2c1CN([C@@H]1C[C@H](N)[C@@H](c3cc(F)ccc3F)O[C@@H]1C(F)(F)F)C2
CHEMBL4646510,CS(=O)(=O)n1cc2c(n1)CN([C@@H]1C[C@H](N)[C@@H](c3cc(F)ccc3F)O[C@@H]1C(F)(F)F)C2
CHEMBL4647761,CC#CCn1c(N2CCC[C@H](N)C2)cc(=O)n(Cc2nc(C)c3cc(C)ccc3n2)c1=O
CHEMBL4649110,CCS(=O)(=O)n1cc2c(n1)CN([C@@H]1C[C@H](N)[C@@H](c3cc(F)ccc3F)O[C@@H]1C(F)(F)F)C2
CHEMBL4632896,CCOC(=O)c1c(C(C)C)cc(C(C)C)c(C(=O)OCC)c1-c1cc2ccc(-c3ccc4c(C)cccc4c3)cc2[nH]1
CHEMBL4638352,N#C[C@@H]1CCCN1C(=O)CN(C(=O)CCCCCl)C12CC3CC(CC(O)(C3)C1)C2
CHEMBL4638480,O=[N+]([O-])c1cccc(/C=N/N2C(c3ccccc3)=Nc3ccc(I)cc3C2NC2NC=CS2)c1
CHEMBL4647956,Cl.N#C[C@@H]1CCCN1C(=O)[C@@H](N)Cc1ccc(-c2cn(C3CC3)nn2)cc1
CHEMBL4649180,CC#CCN1C(N2CCC[C@H](N)C2)=NC2C1C(=O)N(C(C)c1nc(C)c3ccccc3n1)C(=O)N2C
CHEMBL4740282,CC#CCn1c(N2CCC[C@@H](N)C2)nc2c1c(=O)n(CCCN1CCN(c3nc(-c4ccccc4)cs3)CC1)c(=O)n2C
CHEMBL4742337,CC#CCn1c(N2CCC[C@@H](N)C2)nc2c1c(=O)n(CCCN1CCN(c3nnc(-c4ccccc4)[nH]3)CC1)c(=O)n2C
CHEMBL4743350,CC#CCn1c(N2CCC[C@@H](N)C2)nc2c1c(=O)n(CCCN1CCC(c3nc(-c4ccccc4)cs3)CC1)c(=O)n2C
CHEMBL4743490,N[C@@H]1CCCN(c2cc(NCc3ccccc3)n3nccc3n2)C1
CHEMBL4743516,Cc1ccnc(Nc2cc(N3CCC[C@@H](N)C3)nc3ccnn23)c1
CHEMBL4744389,CC#CCn1c(N2CCC[C@@H](N)C2)nc2c1c(=O)n(CCCN1CCC(c3nc(-c4ccccc4)c[nH]3)CC1)c(=O)n2C
CHEMBL4745231,N[C@@H](Cc1cn(-c2cccc3ncccc23)nn1)Cc1cc(F)c(F)cc1F
CHEMBL4745258,CC#CCn1c(N2CCC[C@@H](N)C2)nc2c1c(=O)n(CCCN1CCN(c3ncc(CC)cn3)CC1)c(=O)n2C
CHEMBL4745889,N[C@@H]1CCCN(c2cc(Nc3ccccc3[N+](=O)[O-])n3nccc3n2)C1
CHEMBL4746458,N[C@H]1C[C@@H](N2Cc3cn(S(=O)(=O)NC(=O)c4ccccc4)nc3C2)CO[C@@H]1c1cc(F)ccc1F
CHEMBL4747721,Cc1cn(CC[C@H](N)Cc2cc(F)c(F)cc2F)nn1
CHEMBL4749117,CC#CCn1c(N2CCC[C@@H](N)C2)nc2c1c(=O)n(CCCN1CCN(c3ncc(F)cn3)CC1)c(=O)n2C
CHEMBL4750352,N[C@@H](CCn1cc(-c2ccccn2)nn1)Cc1cc(F)c(F)cc1F
CHEMBL4750433,CC#CCn1c(N2CCC[C@@H](N)C2)nc2c1c(=O)n(CCCN1CCC(c3ncc(-c4ccccc4)o3)CC1)c(=O)n2C
CHEMBL4751384,CC#CCn1c(N2CCC[C@@H](N)C2)nc2c1c(=O)n(CCCN1CCN(c3ncc(C(F)(F)F)cn3)CC1)c(=O)n2C
CHEMBL4751895,N[C@@H]1CCCN(c2cc(Nc3ccccc3Cl)n3nccc3n2)C1
CHEMBL4753503,N[C@@H]1CCCN(c2cc(Nc3ccc(Cl)cc3Cl)n3nccc3n2)C1
CHEMBL4754343,N[C@@H]1CCCN(c2cc(NCCc3ccc(Cl)cc3Cl)n3nccc3n2)C1
CHEMBL4760965,N[C@@H]1CCCN(c2cc(Nc3ccc(F)cc3F)n3nccc3n2)C1
CHEMBL4761281,CC#CCn1c(N2CCC[C@@H](N)C2)nc2c1c(=O)n(CCCN1CCC(c3nc(-c4ccccc4)no3)CC1)c(=O)n2C
CHEMBL4762199,CC#CCn1c(N2CCC[C@@H](N)C2)nc2c1c(=O)n(CCCN1CCC(n3cc(-c4ccccc4)nn3)CC1)c(=O)n2C
CHEMBL4763110,N[C@@H](Cc1cn(-c2ccncc2)nn1)Cc1cc(F)c(F)cc1F
CHEMBL4763718,N[C@@H]1CCCN(c2cc(NCc3ccc(O)cc3)n3nccc3n2)C1
CHEMBL4764779,CC#CCn1c(N2CCC[C@@H](N)C2)nc2c1c(=O)n(CCCN1CCN(c3ncc(OC)cn3)CC1)c(=O)n2C
CHEMBL4764894,Cc1ccc(Nc2cc(N3CCNCC3)nc3ccnn23)c(N)c1
CHEMBL4776485,CC#CCn1c(N2CCC[C@@H](N)C2)nc2c1c(=O)n(CCCN1CCN(c3ncc(CCC)cn3)CC1)c(=O)n2C
CHEMBL4776573,CS(=O)(=NS(=O)(=O)c1ccccc1)n1cc2c(n1)CN([C@H]1CO[C@H](c3cc(F)ccc3F)[C@@H](N)C1)C2
CHEMBL4779718,N[C@@H]1CCCN(c2cc(Nc3cc[nH]n3)n3nccc3n2)C1
CHEMBL4782382,CC#CCn1c(N2CCC[C@@H](N)C2)nc2c1c(=O)n(CCCN1CCN(c3noc(-c4ccccc4)n3)CC1)c(=O)n2C
CHEMBL4783756,CC#CCn1c(N2CCC[C@@H](N)C2)nc2c1c(=O)n(CCCN1CCC(c3cc(-c4ccccc4)on3)CC1)c(=O)n2C
CHEMBL4784857,CC#CCn1c(N2CCC[C@@H](N)C2)nc2c1c(=O)n(CCCN1CCN(c3nc(-c4ccccc4)no3)CC1)c(=O)n2C
CHEMBL4785060,CC#CCn1c(N2CCC[C@@H](N)C2)nc2c1c(=O)n(CCCN1CCN(c3ncc(C)cn3)CC1)c(=O)n2C
CHEMBL4786137,N[C@@H]1CCCN(c2cc(Nc3cc(F)ccn3)n3nccc3n2)C1
CHEMBL4787437,Cc1ccc(Nc2cc(N3CCC[C@@H](N)C3)nc3ccnn23)c(C)c1
CHEMBL4789426,CC(C)(C)c1cn(CC[C@H](N)Cc2cc(F)c(F)cc2F)nn1
CHEMBL4790735,N[C@@H](CCn1cc(-c2cccnc2)nn1)Cc1cc(F)c(F)cc1F
CHEMBL4790799,N[C@@H](Cc1cn(-c2cccnc2)nn1)Cc1cc(F)c(F)cc1F
CHEMBL4791597,N[C@@H]1CCCN(c2cc(NCc3ccc(Cl)cc3Cl)n3nccc3n2)C1
CHEMBL4792546,N[C@@H](CCn1ccnn1)Cc1cc(F)c(F)cc1F
CHEMBL4794801,N[C@@H]1CCCN(c2cc(Nc3cc(Cl)ccn3)n3nccc3n2)C1
CHEMBL4795875,CC#CCn1c(N2CCC[C@@H](N)C2)nc2c1c(=O)n(CCCN1CCN(c3nc(-c4ccccc4)ns3)CC1)c(=O)n2C
CHEMBL4796411,CC#CCn1c(N2CCC[C@@H](N)C2)nc2c1c(=O)n(CCCN1CCC(c3nnnn3-c3ccccc3)CC1)c(=O)n2C
CHEMBL4798053,Cc1ccc(Nc2cc(N3CCC[C@@H](N)C3)nc3ccnn23)c(N)c1
CHEMBL4798357,N[C@@H](Cc1cn(-c2ccc3ncccc3c2)nn1)Cc1cc(F)c(F)cc1F
CHEMBL4799779,CC#CCn1c(N2CCC[C@@H](N)C2)nc2c1c(=O)n(CCCN1CCN(c3cc(C)nn3-c3ccccc3)CC1)c(=O)n2C
CHEMBL2425883,CC#CCn1c(N2CCC[C@@H](N)C2)cc(=O)n(Cc2ccccc2)c1=O
CHEMBL4747683,CC#CCn1c(N2CCC[C@@H](N)C2)nc2c1c(=O)n(CC1=NC3C=CC=CC3C(C)=N1)c(=O)n2C
CHEMBL4748662,C[S+]([O-])c1ccc(Cc2nc(C(=O)NCC(=O)N3CC(F)(F)C[C@H]3C#N)cs2)cc1
CHEMBL4748680,N#Cc1ccc(SCc2nc(C(=O)NCC(=O)N3CC(F)(F)C[C@H]3C#N)cs2)cc1
CHEMBL4749086,O=[N+]([O-])c1ccccc1Nc1cc(N2CCNCC2)nc2ccnn12
CHEMBL4751873,N#C[C@@H]1CC(F)(F)CN1C(=O)CNC(=O)c1csc(Cc2ccccc2Br)n1
CHEMBL4752835,Cc1ccc(Nc2cc(N3CCNCC3)nc3ccnn23)c(C)c1
CHEMBL4754461,Cc1ccnc(Nc2cc(N3CCNCC3)nc3ccnn23)c1
CHEMBL4755802,N#C[C@@H]1CC(F)(F)CN1C(=O)CNC(=O)c1csc(Cc2cccc(Br)c2)n1
CHEMBL4761499,N#C[C@@H]1CC(F)(F)CN1C(=O)CNC(=O)c1csc(Cc2ccc(-n3cncn3)cc2)n1
CHEMBL4764120,Clc1ccc(CCNc2cc(N3CCNCC3)nc3ccnn23)c(Cl)c1
CHEMBL4765147,Clc1ccc(Nc2cc(N3CCNCC3)nc3ccnn23)c(Cl)c1
CHEMBL4776878,CN(c1ccccc1)c1cc(N2CCNCC2)nc2ccnn12
CHEMBL4779526,Cc1ccc(Cc2nc(C(=O)NCC(=O)N3CC(F)(F)C[C@H]3C#N)cs2)cc1
CHEMBL4781018,N#Cc1ccc(CCCc2nc(C(=O)NCC(=O)N3CC(F)(F)C[C@H]3C#N)cs2)cc1
CHEMBL4782865,Clc1ccccc1Nc1cc(N2CCNCC2)nc2ccnn12
CHEMBL4784434,Fc1ccc(CNc2cc(N3CCNCC3)nc3ccnn23)c(F)c1
CHEMBL4789965,N#Cc1ccc(S(=O)(=O)Cc2nc(C(=O)NCC(=O)N3CC(F)(F)C[C@H]3C#N)cs2)cc1
CHEMBL4797479,CS(=O)(=O)c1ccc(Cc2nc(C(=O)NCC(=O)N3CC(F)(F)C[C@H]3C#N)cs2)cc1
CHEMBL4798418,Fc1ccc(Nc2cc(N3CCNCC3)nc3ccnn23)c(F)c1
CHEMBL4845890,CC#CCn1c(N2CCC[C@@H](N)C2)cc(=O)n(Cc2ccc(Cl)c(C(=O)OC)c2)c1=O
CHEMBL4846335,CC#CCn1c(N2CCC[C@@H](N)C2)cc(=O)n(Cc2ccc(F)c(C(=O)OC)c2)c1=O
CHEMBL4851477,CC#CCn1c(N2CCC[C@@H](N)C2)cc(=O)n(Cc2ccc(Br)c(C(=O)OC)c2)c1=O
CHEMBL4852700,CC#CCn1c(N2CCC[C@@H](N)C2)cc(=O)n(Cc2cccc(C(=O)OC)c2Br)c1=O
CHEMBL4853464,N#Cc1ccccc1Cn1c(N2CCC[C@@H](N)C2)cc(=O)n(Cc2ccccc2)c1=O
CHEMBL4856255,CC#CCn1c(N2CCC[C@@H](N)C2)cc(=O)n(Cc2cc(C(=O)OC)ccc2Br)c1=O
CHEMBL4856337,CC#CCn1c(N2CCC[C@@H](N)C2)cc(=O)n(Cc2ccc(Br)c(C(=O)O)c2)c1=O
CHEMBL4856604,COC(=O)c1cccc(Cn2c(=O)cc(N3CCC[C@@H](N)C3)n(Cc3ccccc3C#N)c2=O)c1
CHEMBL4857729,CC#CCn1c(N2CCC[C@@H](N)C2)cc(=O)n(Cc2cc(C(=O)O)ccc2F)c1=O
CHEMBL4858093,CC#CCn1c(N2CCC[C@@H](N)C2)cc(=O)n(Cc2cccc(C(=O)N[C@@H](C)C(=O)OC)c2)c1=O
CHEMBL4858682,CC#CCn1c(N2CCC[C@@H](N)C2)cc(=O)n(Cc2cccc(C(=O)N[C@@H](C)C(=O)O)c2)c1=O
CHEMBL4859630,CC#CCn1c(N2CCC[C@@H](N)C2)cc(=O)n(Cc2cccc(C(=O)N3CCC[C@H]3C(=O)O)c2)c1=O
CHEMBL4860737,CC#CCn1c(N2CCC[C@@H](N)C2)cc(=O)n(Cc2cc(Br)cc(C(=O)O)c2)c1=O
CHEMBL4862579,CC#CCn1c(N2CCC[C@@H](N)C2)cc(=O)n(Cc2ccc(C(=O)OC)cc2)c1=O
CHEMBL4863102,CC#CCn1c(N2CCC[C@@H](N)C2)cc(=O)n(Cc2ccc(F)c(C(=O)O)c2)c1=O
CHEMBL4863369,CC#CCn1c(N2CCC[C@@H](N)C2)cc(=O)n(Cc2cc(Br)cc(C(=O)OC)c2)c1=O
CHEMBL4864734,COC(=O)c1ccc(Cn2c(=O)cc(N3CCC[C@@H](N)C3)n(Cc3ccccc3C#N)c2=O)cc1
CHEMBL4865204,CC#CCn1c(N2CCC[C@@H](N)C2)cc(=O)n(Cc2ccc(Cl)c(C(=O)O)c2)c1=O
CHEMBL4867117,CC#CCn1c(N2CCC[C@@H](N)C2)cc(=O)n(Cc2cccc(C(=O)N3CCC[C@@H]3C(=O)OC)c2)c1=O
CHEMBL4869930,CC#CCn1c(N2CCC[C@@H](N)C2)cc(=O)n(Cc2cccc(C(=O)NCC(=O)O)c2)c1=O
CHEMBL4871141,CC#CCn1c(N2CCC[C@@H](N)C2)cc(=O)n(Cc2cccc(C(=O)OC)c2F)c1=O
CHEMBL4871197,CC#CCn1c(N2CCC[C@@H](N)C2)cc(=O)n(Cc2cccc(C(=O)N3CCC[C@@H]3C(=O)O)c2)c1=O
CHEMBL4873862,CC#CCn1c(N2CCC[C@@H](N)C2)cc(=O)n(Cc2cc(C(=O)O)ccc2Br)c1=O
CHEMBL4874467,CC#CCn1c(N2CCC[C@@H](N)C2)cc(=O)n(Cc2cccc(C(=O)NCC(=O)OC)c2)c1=O
CHEMBL4876894,CC#CCn1c(N2CCC[C@@H](N)C2)cc(=O)n(Cc2cc(C(=O)OC)ccc2F)c1=O
CHEMBL5176469,CC(C)CS(=O)(=O)Nc1ccc(OCCNCC2COc3ccccc3O2)cc1.Cl
CHEMBL5191973,[N-]=[N+]=NC(CCOc1ccc(S(N)(=O)=O)cc1)C1COc2ccccc2O1
CHEMBL5194237,CS(=O)(=O)Nc1ccc(OCCNCC2COc3ccccc3O2)cc1.Cl
CHEMBL5198237,COc1cc(S(N)(=O)=O)cc(OC)c1OCCC(N=[N+]=[N-])C1COc2ccccc2O1
CHEMBL5206696,COc1cc(S(N)(=O)=O)ccc1OCCC(N=[N+]=[N-])C1COc2ccccc2O1
CHEMBL1186023,CC(C)[C@H](Oc1ccc(CNC(=O)[C@@H]2CCCN2C(=O)C[C@H](N)Cc2cc(F)ccc2F)cc1)C(=O)O
CHEMBL1929396,Cc1cc2ncc(C(=O)NCC(C)(C)NCC(=O)N3CCC[C@H]3C#N)cn2n1
CHEMBL3185489,NC(CC(=O)N1CCn2c(nnc2C(F)(F)F)C1)Cc1cc(F)c(F)cc1F
CHEMBL5177166,NC(CCOc1ccc(S(N)(=O)=O)cc1)C1COc2ccccc2O1
CHEMBL5193531,COc1cc(S(N)(=O)=O)ccc1OCCC(N)C1COc2ccccc2O1
CHEMBL5205289,COc1cc(S(N)(=O)=O)cc(OC)c1OCCC(N)C1COc2ccccc2O1
CHEMBL5218500,C/C=C/OC(=O)[C@@H]1CCCN1C(=O)[C@@H](N)CCCCN
CHEMBL5219299,C=COC(=O)[C@@H]1CCCN1C(=O)CN
CHEMBL5219451,NCC(=O)N1CCC[C@H]1C(=O)O/C=C/c1ccccc1
CHEMBL5219532,CC(C)=CCC/C(C)=C/OC(=O)[C@@H]1CCCN1C(=O)[C@H](CCCCNC(=O)OC(C)(C)C)NC(=O)OC(C)(C)C
CHEMBL5219735,CCOC(=O)/C=C/OC(=O)[C@@H]1CCCN1C(=O)CN
CHEMBL5219761,C/C=C/OC(=O)[C@@H]1CCCN1C(=O)[C@H](CCCCNC(=O)OC(C)(C)C)NC(=O)OC(C)(C)C
CHEMBL5219939,CC(C)(C)OC(=O)NCC(=O)N1CCC[C@H]1C(=O)O/C=C/c1ccccc1
CHEMBL5219966,COC(=O)C(Cc1ccccc1)NC(=O)[C@@H]1CCCN1C(=O)[C@H](Cc1ccccc1)NC(=O)OCc1ccccc1
CHEMBL5219996,CC(C)(C)OC(=O)NCCCC[C@H](NC(=O)OC(C)(C)C)C(=O)N1CCC[C@H]1C(=O)O/C=C/c1ccccc1
CHEMBL5220053,C=COC(=O)[C@@H]1CCCN1C(=O)CNC(=O)OC(C)(C)C
CHEMBL5220348,CC(C)=CCC/C(C)=C/OC(=O)[C@@H]1CCCN1C(=O)[C@@H](N)CCCCN
CHEMBL5220415,CCOC(=O)/C=C/OC(=O)[C@@H]1CCCN1C(=O)CNC(=O)OC(C)(C)C
CHEMBL5220474,COC(=O)[C@@H]1CCCN1C(=O)[C@H](Cc1ccccc1)NC(=O)OCc1ccccc1
CHEMBL5220594,C=COC(=O)[C@@H]1CCCN1C(=O)[C@H](CCCCNC(=O)OC(C)(C)C)NC(=O)OC(C)(C)C
CHEMBL5220613,CCOC(=O)/C=C/OC(=O)[C@@H]1CCCN1C(=O)[C@H](CCCCNC(=O)OC(C)(C)C)NC(=O)OC(C)(C)C
CHEMBL5220657,C=COC(=O)[C@@H]1CCCN1C(=O)[C@@H](N)CCCCN
CHEMBL5220750,NCCCC[C@H](N)C(=O)N1CCC[C@H]1C(=O)O/C=C/c1ccccc1
CHEMBL5266321,N#C[C@@H]1C[C@H](c2ccc3c(c2Br)OCO3)CN1C(=O)[C@@H](N)CF
CHEMBL5267474,N#C[C@@H]1C[C@H](F)CN1C(=O)[C@@H](N)Cc1ccccc1F
CHEMBL5267798,CC(C)[C@H](Nc1ccc(CNC(=O)[C@@H]2CSCN2C(=O)C[C@H](N)Cc2cc(F)ccc2F)cc1)C(=O)O
CHEMBL5268023,N#C[C@@H]1CCCN1C(=O)C[C@@H](N)Cc1ccc(-c2cn(C3CCCCC3)nn2)cc1
CHEMBL5269668,CC#CCN1C(N2CCC[C@@H](N)C2)=NC2C1C(=O)N(Cc1cccnc1C#N)C(=O)N2Cc1cccnc1C#N
CHEMBL5269848,N#C[C@@H]1[C@@H]2CCC[C@@H]2CN1C(=O)[C@@H](N)Cc1cc(F)c(F)cc1F
CHEMBL5270099,N#C[C@@H]1C[C@H](F)CN1C(=O)[C@@H](N)Cc1ccc(N)cc1
CHEMBL5270313,CC#CCN1C(N2CCC[C@@H](NC(=O)OC(C)(C)C)C2)=NC2N=C3N(C)C(=O)CN3C(=O)C21
CHEMBL5272450,N#C[C@@H]1C[C@H](F)CN1C(=O)[C@@H](N)Cc1ccc(Br)cc1
CHEMBL5273757,N/C(=N\O)c1cnn2c(=O)c([N+](=O)[O-])n[nH]c12.[NaH]
CHEMBL5274564,N#C[C@@H]1C[C@H](F)CN1C(=O)[C@@H](N)Cc1ccc(Cl)cc1
CHEMBL5275453,O=C(CNc1nc(Nc2ccc(S(=O)(=O)Nc3nccs3)cc2)nc(N2CCOCC2)n1)Nc1ccc(F)cc1
CHEMBL5275487,N#C[C@@H]1C[C@H](c2cscn2)CN1C(=O)[C@@H](N)CF
CHEMBL5278252,CC#CCn1c(N2CCC[C@@H](N)C2)nc2c(C)c(=O)n(Cc3nc(C)c4c(F)cccc4n3)c(=O)n21
CHEMBL5278621,CC#CCn1c(N2CCC[C@@H](N)C2)nc2c(C)c(=O)n(Cc3nc(C)c4c(Cl)cccc4n3)c(=O)n21
CHEMBL5279581,N#C[C@@H]1C[C@H](F)CN1C(=O)[C@@H](N)Cc1cccc(F)c1
CHEMBL5280469,N#C[C@@H]1C[C@H](F)CN1C(=O)[C@@H](N)Cc1cc(Cl)c(Cl)cc1Cl
CHEMBL5280972,CCOC(=O)c1n[nH]c2c(C(=O)OCC)cnn2c1=O.[NaH]
CHEMBL5282739,N#C[C@@H]1CCCN1C(=O)C[C@@H](N)Cc1ccc(-c2cn(C3CC3)nn2)cc1
CHEMBL5284943,N#Cc1cnn2c(=O)c([N+](=O)[O-])n[nH]c12.[NaH]
CHEMBL5285902,N#C[C@@H]1C[C@H](c2cccs2)CN1C(=O)[C@@H](N)CF
CHEMBL5285907,CCOC(=O)c1cnn2c(=O)c(C(=O)NC(C)(C)C)n[nH]c12.[NaH]
CHEMBL5285955,CCOC(=O)c1cnn2c(=O)c([N+](=O)[O-])n[nH]c12.[NaH]
CHEMBL5287917,CC(C)[C@H](Nc1ccc(CNC(=O)[C@@H]2CCCN2C(=O)C[C@H](N)Cc2cc(F)ccc2F)cc1)C(=O)O
CHEMBL5288458,N#C[C@@H]1C[C@H](F)CN1C(=O)[C@@H](N)Cc1ccc(Cl)cc1Cl
CHEMBL5289102,CC#CCn1c(N2CCC[C@@H](N)C2)cc(=O)n(Cc2nc(C)c3cc(C)ccc3n2)c1=O
CHEMBL5291433,NNc1nc(NN)nc(N2C(=O)CSC2=O)n1
CHEMBL430,CO/N=C1\CN(c2nc3c(cc2F)c(=O)c(C(=O)O)cn3C2CC2)CC1CN
CHEMBL5265910,N[C@@H](CC(=O)N1CCC[C@H]1CNC(=O)c1ccc(F)c(S(N)(=O)=O)c1)[C@H]1CCc2cc(F)c(F)cc21
CHEMBL5266197,CC1c2nnc(C(F)(F)F)n2CCN1C(=O)C[C@H](N)Cc1cc(F)c(F)cc1F.Cl
CHEMBL5266542,Cn1cc(-c2ccc(C[C@H](N)CC(=O)N3CCC[C@H]3C#N)cc2)nn1
CHEMBL5266987,CO[C@@H]1CCCN1C(=O)CC(C)(C)[C@H](N)C(=O)N1CCC[C@H]1C#N.O=C(O)C(F)(F)F
CHEMBL5267229,N[C@@H](CCn1cc(C2CCCCC2)nn1)Cc1cc(F)c(F)cc1F
CHEMBL5267534,COc1ccc(-c2cnnn2CC[C@H](N)Cc2cc(F)c(F)cc2F)cc1
CHEMBL5267753,Cn1ccnc1S(=O)(=O)n1ncc2c1CN([C@H]1CO[C@H](c3cc(F)ccc3F)[C@@H](N)C1)C2
CHEMBL5268418,N[C@H]1C[C@@H](N2Cc3cnn(S(=O)(=O)C(F)(F)F)c3C2)CO[C@@H]1c1cc(F)ccc1F
CHEMBL5268865,Cn1c(=O)n(CC(=O)N2CCN(c3ccccn3)CC2)c(=O)c2sc(N)nc21
CHEMBL5269746,N[C@@H](CC(=O)N1CCC[C@H]1CNC(=O)c1cc(S(N)(=O)=O)c(F)cc1F)[C@H]1CCc2cc(F)c(F)cc21
CHEMBL5269884,CCN(CC)S(=O)(=O)c1cc(C(=O)NC[C@@H]2CCCN2C(=O)C[C@H](N)[C@H]2CCc3cc(F)c(F)cc32)ccc1F
CHEMBL5270627,Cn1c(=O)n(CC(=O)N2CCN(c3ccc(Cl)cc3)CC2)c(=O)c2sc(N)nc21
CHEMBL5270959,Cn1c(=O)n(CC(=O)N2CCN(c3ncccn3)CC2)c(=O)c2sc(N)nc21
CHEMBL5271401,O=C(CNc1nc(Nc2ccc(S(=O)(=O)Nc3cncs3)cc2)nc(N2CCOCC2)n1)Nc1ccc(F)cc1
CHEMBL5272644,CS(=O)(=O)c1cccc(C(=O)NC[C@@H]2CCCN2C(=O)C[C@H](N)[C@H]2CCc3cc(F)c(F)cc32)c1
CHEMBL5273218,CCS(=O)(=O)n1ncc2c1CN([C@H]1CO[C@H](c3cc(F)ccc3F)[C@@H](N)C1)C2
CHEMBL5273793,CCN(CC)S(=O)(=O)c1cc(C(=O)NC[C@@H]2CCCN2C(=O)C[C@H](N)[C@H]2CCc3cc(F)c(F)cc32)c(F)cc1F
CHEMBL5273881,COC1C[C@@H]2C[C@H](NCC(=O)N3CCC[C@H]3C#N)C[C@@H]2C1
CHEMBL5274068,COC(=O)c1cn([C@@H]2CC[C@H](C(=O)N3CCC(F)(F)C3)C2)nn1
CHEMBL5274129,N[C@@H](CC(=O)N1CCC[C@H]1CNC(=O)c1cccnc1)[C@H]1CCc2cc(F)c(F)cc21
CHEMBL5274711,Cc1c(-c2c(S(=O)(=O)c3ccccc3)cnc3ncnn23)c(=O)n(-c2ccccc2)n1C
CHEMBL5274894,N#C[C@@H]1CCCN1C(=O)CNC1C[C@H]2CC(O)C[C@H]2C1
CHEMBL5274971,Cn1c(=O)n(CC(=O)N2CCC(N)CC2)c(=O)c2sc(N)nc21
CHEMBL5275046,CN1CCN(S(=O)(=O)c2cccc(C(=O)NC[C@@H]3CCCN3C(=O)C[C@H](N)[C@H]3CCc4cc(F)c(F)cc43)c2)CC1
CHEMBL5275162,CCCS(=O)(=O)n1ncc2c1CN([C@H]1CO[C@H](c3cc(F)ccc3F)[C@@H](N)C1)C2
CHEMBL5275234,Cc1c(-c2c(S(=O)(=O)c3ccccc3)cnc3nnnn23)c(=O)n(-c2ccccc2)n1C
CHEMBL5276287,N#CC1CCCN1C(=O)[C@@H](N)Cc1ccc(-c2cn(Cc3ccc(F)cc3)nn2)cc1
CHEMBL5276298,N[C@@H](CC(=O)N1CCC[C@H]1CNC(=O)c1cc(S(=O)(=O)N2CCCCC2)c(F)cc1F)[C@H]1CCc2cc(F)c(F)cc21
CHEMBL5276657,N[C@@H](CC(=O)N1CCC[C@H]1CNC(=O)c1cccc(S(N)(=O)=O)c1)[C@H]1CCc2cc(F)c(F)cc21
CHEMBL5276887,N[C@H]1C[C@@H](N2Cc3cnn(S(=O)(=O)c4ccc(C(F)(F)F)cc4)c3C2)CO[C@@H]1c1cc(F)ccc1F
CHEMBL5276961,COc1ccc(S(=O)(=O)Nc2nc(N3CCOCC3)nc(N3CCOCC3)n2)cc1
CHEMBL5277064,CC(C)S(=O)(=O)n1ncc2c1CN([C@H]1CO[C@H](c3cc(F)ccc3F)[C@@H](N)C1)C2
CHEMBL5277115,Cc1c(C(=O)CS(=O)(=O)c2ccccc2)c(=O)n(-c2ccccc2)n1C
CHEMBL5277490,C#CCn1c(N2CCC[C@H](N)C2)nc2c1c(=O)n(Cc1nc(C)c3ccccc3n1)c(=O)n2C
CHEMBL5277626,Cn1ccnc1-c1cn(CC[C@H](N)Cc2cc(F)c(F)cc2F)nn1
CHEMBL5277828,CCN(CC)S(=O)(=O)c1cccc(C(=O)NC[C@@H]2CCCN2C(=O)C[C@H](N)[C@H]2CCc3cc(F)c(F)cc32)c1
CHEMBL5278390,O=C([C@H]1CC[C@@H](n2cc(-c3ccc(-c4ccccc4)cc3)nn2)C1)N1CCC(F)(F)C1
CHEMBL5279548,N#C[C@@H]1C[C@H]2[C@H](CC2(F)F)N1C(=O)[C@@H](N)C12CC3CC(CC(O)(C3)C1)C2
CHEMBL5279910,CS(=O)(=O)n1ncc2c1CN([C@H]1CO[C@H](c3cc(F)ccc3F)[C@@H](N)C1)C2
CHEMBL5282009,Cc1ccc(-c2cn(CC[C@H](N)Cc3cc(F)c(F)cc3F)nn2)cc1
CHEMBL5282933,N[C@@H](CCNC(=O)N1CCn2c(nnc2C(F)(F)F)C1)Cc1cc(F)c(F)cc1F
CHEMBL5283277,N[C@H]1C[C@@H](N2Cc3cnn(S(=O)(=O)c4ccccc4)c3C2)CO[C@@H]1c1cc(F)ccc1F
CHEMBL5283569,O=C(CNC(=O)C1CCCN(S(=O)(=O)c2ccccc2)C1)Nc1ccc(F)cc1
CHEMBL5285297,COc1ccc(-c2cn(CC[C@H](N)Cc3cc(F)c(F)cc3F)nn2)cc1
CHEMBL5285764,O=C([C@H]1CC[C@@H](n2cc(-c3ccccc3O)nn2)C1)N1CCC(F)(F)C1
CHEMBL5288509,N[C@@H](CCn1cc(C(=O)O)nn1)Cc1cc(F)c(F)cc1F
CHEMBL5289336,O=C(O)Cc1ccccc1C(=O)Nc1ccc(S(=O)(=O)Nc2ncccn2)cc1
CHEMBL5290009,N[C@@H](CCn1cc(-c2ccccc2)nn1)Cc1cc(F)c(F)cc1F
CHEMBL5290055,N[C@@H](CCn1cc(CO)nn1)Cc1cc(F)c(F)cc1F
CHEMBL1235760,Cn1c(=O)c2c(nc(N3CCNCC3)n2Cc2ccccc2Cl)n(C)c1=O
CHEMBL4242416,CC#CCn1c(N2CCC[C@@H](N)C2)cc(=O)n(Cc2cn(CCC(=O)OC)nn2)c1=O
CHEMBL4297435,COC(=O)c1nc(C(F)(F)F)n2c1CN(C(=O)C[C@H](N)Cc1cc(F)c(F)cc1F)CC2
CHEMBL5265966,Cc1ccccc1-c1nc2ccccn2c1CN
CHEMBL5268983,CC#CCn1c(N2CCC[C@@H](N)C2)cc(=O)n(Cc2cccc(C(=O)NCC)c2)c1=O
CHEMBL5275484,CC#CCn1c(N2CCC[C@@H](N)C2)cc(=O)n(Cc2ccc(Br)cc2C(=O)OC)c1=O
CHEMBL5279474,N[C@@H](CC(=O)N1CCC[C@H]1CNC(=O)c1cc(S(=O)(=O)N2CCC2)c(F)cc1F)[C@H]1CCc2cc(F)c(F)cc21
CHEMBL5279728,CC#CCn1c(N2CCC[C@@H](N)C2)cc(=O)n(Cc2ccc(Cl)c(C(=O)N(C)C)c2)c1=O
CHEMBL5283810,CC#CCn1c(N2CCC[C@@H](N)C2)cc(=O)n(Cc2cn(CCC(=O)O)nn2)c1=O
CHEMBL5285191,C[C@H]1CCN(C(=O)CNc2cc3cc(-c4ccccc4)c(-c4ccccc4)cc3oc2=O)C1
CHEMBL5286666,CC#CCn1c(N2CCC[C@@H](N)C2)cc(=O)n(Cc2cccc(C(=O)NC)c2)c1=O
CHEMBL5287906,CC#CCn1c(N2CCC[C@@H](N)C2)cc(=O)n(Cc2cn(-c3ccccc3)nn2)c1=O
CHEMBL5288974,Cc1ccc2cc(CNc3nc(C)cs3)n(/N=C/c3ccc(O)cc3)c(=O)c2c1
CHEMBL5289049,NCc1c(-c2ccc(Cl)cc2Cl)nc2ccccn12
CHEMBL5289339,N[C@@H](CC(=O)N1CCC[C@H]1CNC(=O)c1cc(S(=O)(=O)N2CCOCC2)c(F)cc1F)[C@H]1CCc2cc(F)c(F)cc21
CHEMBL5289984,CC#CCn1c(N2CCC[C@@H](N)C2)cc(=O)n(Cc2cn(C/C=C/C(=O)O)nn2)c1=O
CHEMBL5397277,COc1ccc(C(=O)/C=C/c2cc(Cl)c(O)cc2OC)cc1
CHEMBL5398811,COc1cc(O)c(Cl)cc1/C=C/C(=O)c1ccc(O)c(C)c1
CHEMBL5399740,Nc1nc(NC2=NC(c3ccccc3)=CC(c3cccc([N+](=O)[O-])c3)O2)nc(N2CCOCC2)n1
CHEMBL5402568,Nc1nc(NC2=NC(c3ccccc3)=CC(c3cccc(O)c3)O2)nc(N2CCOCC2)n1
CHEMBL5404677,COc1cc(O)c(Cl)cc1/C=C/C(=O)c1ccc(O)c(O)c1
CHEMBL5405820,Nc1nc(NC2=NC(c3ccccc3)=CC(c3ccc([N+](=O)[O-])cc3)O2)nc(N2CCOCC2)n1
CHEMBL5405870,CCOc1ccc(C(=O)/C=C/c2cc(Cl)c(O)cc2OC)cc1
CHEMBL5407794,COc1cc(O)c(Cl)cc1/C=C/C(=O)c1ccc(O)c([N+](=O)[O-])c1
CHEMBL5408495,Cc1nnc(N2CCC[C@@H](N)C2)n(Cc2cc(F)ccc2C#N)c1=O
CHEMBL5408749,CCOc1ccc(C(=O)/C=C/c2cc(Br)c(O)cc2OC)cc1
CHEMBL5409066,Cc1ccccc1C1C=C(c2ccccc2)N=C(Nc2nc(N)nc(N3CCOCC3)n2)O1
CHEMBL5410220,CCCCOc1ccc(C(=O)/C=C/c2cc(Cl)c(O)cc2OC)cc1
CHEMBL5411710,COc1cc(C(=O)/C=C/c2cc(Cl)c(O)cc2OC)ccc1O
CHEMBL5412386,CCCOc1ccc(C(=O)/C=C/c2cc(Br)c(O)cc2OC)cc1
CHEMBL5413637,COc1ccc(C(=O)/C=C/c2cc(Cl)c(O)cc2OC)cc1O
CHEMBL5414025,CCOC(=O)C1=C(C)NC(C)=C(C(=O)OCC)C1c1cccc2c1OCO2
CHEMBL5414115,COc1cc(O)c(Cl)cc1/C=C/C(=O)c1ccc(C(F)(F)F)cc1
CHEMBL5414427,Nc1nc(NC2=NC(c3ccccc3)=CC(c3cccc(Cl)c3)O2)nc(N2CCOCC2)n1
CHEMBL5414816,Cc1ccc(C2C=C(c3ccccc3)N=C(Nc3nc(N)nc(N4CCOCC4)n3)O2)cc1
CHEMBL5416545,COc1cc(O)c(Cl)cc1/C=C/C(=O)c1ccc(O)cc1
CHEMBL5418259,N[C@H]1C[C@@H](N2Cc3nn4c(C(F)(F)F)cc(C(F)(F)F)nc4c3C2)CO[C@@H]1c1cc(F)ccc1F
CHEMBL5418532,Cc1cccc(C2C=C(c3ccccc3)N=C(Nc3nc(N)nc(N4CCOCC4)n3)O2)c1
CHEMBL5422010,COc1cc(O)c(Cl)cc1/C=C/C(=O)c1cccc(O)c1
CHEMBL5423189,COc1cc(OC)c(/C=C/C(=O)c2ccc(O)cc2)cc1Cl
CHEMBL5424118,CCCOc1ccc(C(=O)/C=C/c2cc(Cl)c(O)cc2OC)cc1
CHEMBL5424574,Nc1nc(NC2=NC(c3ccccc3)=CC(c3ccc(Cl)cc3)O2)nc(N2CCOCC2)n1
CHEMBL5424840,Nc1nc(NC2=NC(c3ccccc3)=CC(c3ccccc3Cl)O2)nc(N2CCOCC2)n1
CHEMBL5429047,COc1cc(O)c(Cl)cc1/C=C/C(=O)c1ccc(Br)cc1
CHEMBL5430453,Cc1ccc2c(c1)CN(C(=O)CC(C)(C)NCC(=O)N1CCC[C@H]1C#N)C2
CHEMBL5430588,Nc1nc(NC2=NC(c3ccccc3)=CC(c3ccccc3)O2)nc(N2CCOCC2)n1
CHEMBL5432172,N#C[C@@H]1CCCN1C(=O)CNC12CC3CC(CC(C3)C1)C2
CHEMBL5433150,Nc1nc(NC2=NC(c3ccccc3)=CC(c3ccccc3O)O2)nc(N2CCOCC2)n1
CHEMBL5435542,Nc1nc(NC2=NC(c3ccccc3)=CC(c3ccc(O)cc3)O2)nc(N2CCOCC2)n1
CHEMBL5435689,Nc1nc(NC2=NC(c3ccccc3)=CC(c3ccccc3[N+](=O)[O-])O2)nc(N2CCOCC2)n1
CHEMBL1201174,N[C@@H](CC(=O)N1CCn2c(nnc2C(F)(F)F)C1)Cc1cc(F)c(F)cc1F.O.O=P(O)(O)O
CHEMBL2105754,Cn1c(=O)cc(N2CCC[C@@H](N)C2)n(Cc2cc(F)ccc2C#N)c1=O.O=C(O)CCC(=O)O
CHEMBL4550812,COc1cc2c3c(ccc2cc1C#N)O[C@H](c1cc(F)c(F)cc1F)[C@@H](N)C3
CHEMBL5425473,N[C@H](C(=O)N1Cc2ccccc2C1)C1CCC(O)CC1
CHEMBL5434074,N#Cc1ccc(F)cc1Cn1c(N2CCC[C@@H](N)C2)nc2cc(-c3cccnc3)sc2c1=O
CHEMBL5523593,O=C(NC12CC3CC(CC(NCC(=O)N4Cc5ccc(F)cc5C4)(C3)C1)C2)OCCOCCNc1ccc([N+](=O)[O-])c2nonc12
CHEMBL5527979,O=C(NC12CC3CC(CC(NCC(=O)N4Cc5cc(F)c(F)cc5C4)(C3)C1)C2)OCCOCCNc1ccc([N+](=O)[O-])c2nonc12
CHEMBL5596356,Br.Cc1cc(N2CCN([C@@H]3CN[C@H](C(=O)N4CCSC4)C3)CC2)n(-c2ccccc2)n1.O
CHEMBL5597715,Cc1nnc(N2CCC[C@@H](N)C2)n(Cc2cc(F)ccc2C#N)c1=O.O=C(O)c1ccccc1
CHEMBL5598215,N[C@@H](CC(=O)N1CCc2c(nc(C(F)(F)F)nc2C(F)(F)F)C1)CN1CC(F)(F)CCC1=O.N[C@@H](CC(=O)N1CCc2c(nc(C(F)(F)F)nc2C(F)(F)F)C1)CN1CC(F)(F)CCC1=O.O.O.O.O=C(O)[C@H](O)[C@@H](O)C(=O)O.O=C(O)[C@H](O)[C@@H](O)C(=O)O
CHEMBL5749167,NC1Cc2c(ccc3cc(N4CCOCC4)ccc23)OC1c1cc(F)c(F)cc1F
CHEMBL5750623,CS(=O)(=O)c1ccc(-c2ccc3ccc4c(c3c2)CC(N)C(c2cc(F)c(F)cc2F)O4)cc1
CHEMBL5756206,NC1Cc2cc(O)ccc2OC1c1cc(F)c(F)cc1F
CHEMBL5763347,N[C@H]1C[C@@H](N2Cc3ccc(S(N)(=O)=O)cc3C2)CO[C@@H]1c1cc(F)ccc1F
CHEMBL5786497,COc1ccc2ccc3c(c2c1)CC(N)C(c1ccc(F)cc1F)O3
CHEMBL5790948,Cc1nn(S(C)(=O)=O)c2c1CN([C@H]1CO[C@H](c3cc(F)ccc3F)[C@@H](N)C1)C2
CHEMBL5791601,N[C@H]1C[C@@H](N2Cc3ccc(Br)cc3C2)CO[C@@H]1c1cc(F)ccc1F
CHEMBL5814595,COc1ccc2ccc3c(c2c1)CC(N)C(c1ccc(F)cc1)O3
CHEMBL5826806,COc1cc2ccc3c(c2cc1OC)CC(N)C(c1ccc(F)cc1F)O3
CHEMBL5828032,CS(=O)(=O)c1ccc2c(c1)CN([C@H]1CO[C@H](c3cc(F)ccc3F)[C@@H](N)C1)C2
CHEMBL5829004,NC1Cc2c(ccc3ccccc23)OC1c1cc(F)c(F)cc1F
CHEMBL5834108,CC#CCn1c(N2CCC[C@@H](N)C2)nc2c1c(=O)n(Cc1ncccc1C(=O)OC)c(=O)n2C
CHEMBL5857197,NC1Cc2c(ccc3cc(OC=O)ccc23)OC1c1cc(F)c(F)cc1F
CHEMBL5881243,N[C@H]1C[C@@H](N2CCN(c3ncc(N4CCC(O)(C(=O)NCc5cccc(F)c5F)C4=O)cn3)CC2)CO[C@@H]1c1cc(F)ccc1F
CHEMBL5882105,CS(=O)(=O)Nc1ccc2c3c(ccc2c1)OC(c1cc(F)c(F)cc1F)C(N)C3
CHEMBL5888255,N[C@H]1C[C@@H](N2Cc3ccc(N4CCC(O)(C(=O)NCc5cc(F)cc(F)c5F)C4=O)cc3C2)CO[C@@H]1c1cc(F)ccc1F
CHEMBL5891902,N[C@H]1C[C@@H](N2Cc3nn4c(c3C2)CCCS4(=O)=O)CO[C@@H]1c1cc(F)ccc1F
CHEMBL5894572,N[C@H]1C[C@@H](N2Cc3ccc(S(=O)(=O)C4CC4)cc3C2)CO[C@@H]1c1cc(F)ccc1F
CHEMBL5896005,CC#CCn1c(N2CCC[C@@H](N)C2)nc2c1c(=O)n(Cc1cc(F)c(F)cc1C#N)c(=O)n2C
CHEMBL5902002,COc1ccc2ccc3c(c2c1)CC(N)C(c1ccc(Cl)cc1Cl)O3
CHEMBL5903124,N[C@H]1C[C@@H](N2CCN(c3ccc(N4CC[C@](O)(C(=O)NCc5cc(F)cc(Cl)c5)C4=O)cn3)CC2)CO[C@@H]1c1cc(F)ccc1F
CHEMBL5914058,CC#CCn1c(N2CCC[C@@H](N)C2)nc2c1c(=O)n(Cc1nccnc1C#N)c(=O)n2C
CHEMBL5914704,COc1cc2ccc3c(c2cc1OC)C[C@H](N)C(c1cc(F)c(F)cc1F)O3
CHEMBL5916381,COc1ccc2ccc3c(c2c1)CC(N)C(c1ccccc1Cl)O3
CHEMBL5939140,CC=CCn1c(N2CCC[C@H](N)C2)nc2c1c(=O)n(CC(=O)c1ccccc1NC(=O)C(C)C)c(=O)n2C
CHEMBL5944167,N#Cc1ccc2c3c(ccc2c1)O[C@H](c1cc(F)c(F)cc1F)[C@@H](N)C3
CHEMBL5958101,COc1ccc2ccc3c(c2c1)CC(N)C(c1ccccc1F)O3
CHEMBL5964362,N[C@H]1C[C@@H](N2CCN(c3ncc(N4CCC(O)(C(=O)NCc5cc(F)cc(F)c5F)C4=O)cn3)CC2)CO[C@@H]1c1cc(F)ccc1F
CHEMBL5964811,COc1cc2ccc3c(c2cc1OC)CC(N)C(c1ccccc1)O3
CHEMBL5976169,COc1ccc2ccc3c(c2c1)CC(N)C(c1cc(F)ccc1F)O3
CHEMBL5980526,N[C@H]1Cc2c(ccc3ccc(-c4cccc(C[SH](=O)=O)c4)cc23)O[C@@H]1c1cc(F)c(F)cc1F
CHEMBL6000557,N[C@H]1C[C@@H](N2Cc3ccc(N4CCC(O)(C(=O)NCc5cccc(F)c5F)C4=O)cc3C2)CO[C@@H]1c1cc(F)ccc1F
CHEMBL6011250,NC1Cc2c(ccc3ccc(=O)oc23)OC1c1cc(F)c(F)cc1F
CHEMBL6013719,NC1Cc2c(ccc3ccc(Br)cc23)OC1c1cc(F)c(F)cc1F
CHEMBL6033013,CC#CCn1c(N2CCCC(N)C2)nc2c1c(=O)n(Cc1nc(-c3ccccc3)c3ccccc3n1)c(=O)n2C1CC1
CHEMBL6033078,N#Cc1ccc2ccc3c(c2c1)CC(N)C(c1cc(F)c(F)cc1F)O3
CHEMBL6043018,N[C@H]1C[C@@H](N2Cc3cc(C(=O)O)sc3C2)CO[C@@H]1c1cc(F)ccc1F
CHEMBL6051249,NC1Cc2c(O)cccc2OC1c1cc(F)c(F)cc1F
CHEMBL6057630,COc1cc2ccc3c(c2cc1OC)CC(N)C(c1ccc(Cl)cc1Cl)O3
CHEMBL6057823,CC#CCn1c(N2CCC[C@@H](N)C2)nc2c1c(=O)n(Cc1cccc(F)c1C#N)c(=O)n2C
CHEMBL502153,CC[C@@H](C)[C@H](N)C(=O)N1Cc2ccc(F)cc2C1
CHEMBL1814633,N[C@@H](CC(=O)N1CCN(C(c2ccc(F)cc2)c2ccc(F)cc2)CC1)C(=O)N1Cc2ccccc2C1
CHEMBL5745532,CC(C)(C)[C@H](N)C(=O)N1Cc2ccc(F)cc2[C@H]1B(O)O
CHEMBL5759838,O=C(CN1CCn2c(nnc2C(F)(F)F)C1)NC1CCCCC1
CHEMBL5766821,O=C([C@@H]1CCCCN1)N1Cc2ccc(F)cc2C1
CHEMBL5768759,N[C@H](C(=O)N1Cc2ccc(F)cc2C1)C1CCCC1
CHEMBL5778991,CC1(C)CCN[C@@H]1C(=O)N1CCC[C@H]1B(O)O
CHEMBL5790536,CC[C@H](C)[C@H](N)C(=O)N1Cc2ccccc2[C@H]1B(O)O
CHEMBL5791516,NC1(C(=O)N2Cc3ccc(F)cc3C2)CCNCC1
CHEMBL5795763,N#C[C@@H]1CC(F)(F)CN1C(=O)CNC(=O)c1ccnc2ccc(-c3ccc4c(c3)CCC(=O)N4)cc12
CHEMBL5804725,CN(CB(O)O)C(=O)[C@@H](N)CCC(=O)O
CHEMBL5809136,CC1([C@H](N)C(=O)N2CCC[C@H]2B(O)O)CC1
CHEMBL5817549,CC1(C)CCCN[C@@H]1C(=O)N1CCC[C@H]1B(O)O
CHEMBL5818540,N[C@H]1C[C@@H](n2ncc(N3CCC(O)(C(=O)NCc4cc(F)cc(F)c4F)C3=O)n2)CO[C@@H]1c1cc(F)ccc1F
CHEMBL5824868,CC[C@@H](C)[C@H](N)C(=O)N1CCC[C@H]1B(O)O
CHEMBL5837755,CC(C)[C@H](N)C(=O)N1Cc2ccc(F)cc2[C@H]1B(O)O
CHEMBL5848496,CC1(C)CN[C@@H]1C(=O)N1CCC[C@H]1B(O)O
CHEMBL5855171,CC[C@@H](C)[C@H](N)C(=O)N1Cc2ccccc2[C@H]1B(O)O
CHEMBL5857344,COc1ccc(-c2ccc3nccc(C(=O)NCC(=O)N4CC(F)(F)C[C@H]4C#N)c3c2)cc1
CHEMBL5858632,N[C@H]1C[C@@H](n2ccc(N3CCC(O)(C(=O)NCc4cc(F)cc(F)c4F)C3=O)n2)CO[C@@H]1c1cc(F)ccc1F
CHEMBL5859631,N[C@H]1C[C@@H](n2cc(N3CCC(O)(C(=O)NCc4cc(Cl)cc(Cl)c4)C3=O)cn2)CO[C@@H]1c1cc(F)ccc1F
CHEMBL5861052,N[C@H]1C[C@@H](N2CC=C(c3ncc(N4CC[C@](O)(C(=O)NCc5cc(F)cc(Cl)c5)C4=O)cn3)CC2)CO[C@@H]1c1cc(F)ccc1F
CHEMBL5863326,Cn1ccc2cc(-c3ccc4nccc(C(=O)NCC(=O)N5CC(F)(F)C[C@H]5C#N)c4c3)ccc21
CHEMBL5870057,C[C@H](NC(=O)c1cccc(Cl)c1)C(=O)N1CCn2c(nnc2C(F)(F)F)C1
CHEMBL5874851,CC(C)[C@H](NC(=O)c1ccnc2ccc(-c3ccc(Cl)cc3)cc12)C(=O)N1CC(F)(F)C[C@H]1C#N
CHEMBL5884216,N[C@H]1C[C@@H](n2ccc(N3CCC(O)(C(=O)NCc4cccc(F)c4)C3=O)n2)CO[C@@H]1c1cc(F)ccc1F
CHEMBL5892398,CC(C)[C@H](N)C(=O)N1C[C@H](O)C[C@H]1B(O)O
CHEMBL5893114,N#C[C@@H]1CC(F)(F)CN1C(=O)CNC(=O)c1ccnc2ccc(-c3ccc4cc(Cl)ccc4c3)cc12
CHEMBL5914544,N[C@H]1C[C@@H](n2ccc(N3CCC(O)(C(=O)NCc4cc(Cl)cc(Cl)c4F)C3=O)n2)CO[C@@H]1c1cc(F)ccc1F
CHEMBL5918829,N[C@@H](CC(=O)N1CCN(C(c2ccc(F)cc2)c2ccc(F)cc2)CC1)C(=O)N1Cc2ccccc2[C@H]1B(O)O
CHEMBL5925037,N[C@H](C(=O)N1CCC[C@H]1B(O)O)C1(C(F)(F)F)CC1
CHEMBL5951803,N#Cc1cccc(NC(=O)CN2CCn3c(nnc3C(F)(F)F)C2)c1
CHEMBL5957037,N[C@H](C(=O)N1CCC[C@H]1B(O)O)C12CC3CC(CC(O)(C3)C1)C2
CHEMBL5961410,N[C@H]1C[C@@H](n2ccc(N3CCC(O)(C(=O)NCc4cc(F)cc(F)c4)C3=O)n2)CO[C@@H]1c1cc(F)ccc1F
CHEMBL5968328,CC1([C@H](N)C(=O)N2CCC[C@H]2B(O)O)CCCC1
CHEMBL5968423,CN(C)C(=O)C[C@H](N)C(=O)N1Cc2ccc(F)cc2C1
CHEMBL5968543,N[C@H]1C[C@@H](n2cc(N3CCC(O)(C(=O)NCc4cc(Cl)cc(Cl)c4F)C3=O)cn2)CO[C@@H]1c1cc(F)ccc1F
CHEMBL5980162,CC(C)[C@H](N)C(=O)N1CCC[C@H]1C(=O)CO
CHEMBL5981431,CC1([C@H](N)C(=O)N2CCC[C@H]2B(O)O)CCCCC1
CHEMBL5993643,N[C@H](C(=O)N1CCC[C@H]1B(O)O)C12CC3CC(CC(F)(C3)C1)C2
CHEMBL5993878,N[C@H]1C[C@@H](n2ncc(N3CC[C@](O)(C(=O)NCc4cc(F)cc(Cl)c4)C3=O)n2)CO[C@@H]1c1cc(F)ccc1F
CHEMBL5996478,N#C[C@@H]1CC(F)(F)CN1C(=O)CNC(=O)c1ccnc2ccc(/C=C/c3ccncc3)cc12
CHEMBL5998893,N[C@H]1C[C@@H](n2ncc(N3CCC(O)(C(=O)NCc4cccc(F)c4F)C3=O)n2)CO[C@@H]1c1cc(F)ccc1F
CHEMBL6004569,CC(C)(F)[C@H](N)C(=O)N1CCC[C@H]1B(O)O
CHEMBL6020304,N[C@H](C(=O)N1CCC[C@H]1B(O)O)C12CC3CC(CC(Cl)(C3)C1)C2
CHEMBL6039540,CC1([C@H](N)C(=O)N2Cc3ccc(F)cc3C2)CCCCC1
CHEMBL6054858,N[C@H]1C[C@@H](n2ccc(N3CC[C@](O)(C(=O)NCc4cc(F)cc(Cl)c4)C3=O)n2)CO[C@@H]1c1cc(F)ccc1F
CHEMBL6055810,CC(C)[C@H](N)C(=O)N1C[C@@H](O)C[C@H]1B(O)O
CHEMBL6059875,N[C@H](C(=O)N1CCC[C@H]1B(O)O)C12CC3CC(CC(C3)C1)C2
CHEMBL6061339,N#C[C@@H]1CC(F)(F)CN1C(=O)CNC(=O)c1ccnc2ccc(-c3cnn(C4CC4)c3)cc12
CHEMBL1894963,Cn1c(=O)c2c(nc(N3CCOCC3)n2Cc2ccccc2)n(C)c1=O
CHEMBL5411258,COc1cccc(Cn2c(N3CCOCC3)nc3c2c(=O)n(C)c(=O)n3C)c1
CHEMBL5764368,N#C[C@@H]1CC(F)(F)CN1C(=O)CNC(=O)c1ccnc2ccc(-c3ccc4c(c3)C(=O)NCC4)cc12
CHEMBL5843472,CN1CCc2cc(-c3ccc4nccc(C(=O)NCC(=O)N5CC(F)(F)C[C@H]5C#N)c4c3)ccc2C1=O
CHEMBL5846428,CC(C)[C@@H](C(=O)N1CCC[C@H]1B(O)O)N(C)C
CHEMBL5874480,CC(C)[C@H](N)C(=O)N1Cc2ccc(F)cc2C1
CHEMBL5963388,N#C[C@@H]1CC(F)(F)CN1C(=O)CNC(=O)c1ccnc2ccc(-c3ccc4c(c3)CCCN4)cc12
CHEMBL6014809,CC[C@@H](C)C(N)C(=O)N1Cc2ccc(F)cc2C1
CHEMBL6060914,CC(C)(C)[C@H](N)C(=O)N1Cc2ccc(F)cc2C1
CHEMBL6091758,Cc1ccc(Cn2cnc3c2c(=O)n(Cc2ccc(C#N)cc2)c(=O)n3C)cc1
CHEMBL6091879,Cn1c(=O)c2c(nc(Oc3ccc(Br)cc3)n2CC(=O)c2ccc(-c3ccccc3)cc2)n(C)c1=O
CHEMBL6102689,C=CCn1c(=O)c2c(ncn2Cc2ccc(C#N)cc2)n(Cc2ccccc2)c1=O
CHEMBL6132632,Cn1c(=O)[nH]c(=O)c2c1nc(Oc1ccc([N+](=O)[O-])cc1)n2Cc1ccc(C#N)cc1
CHEMBL6133561,Cn1c(=O)c2c(nc(N3CCOCC3)n2Cc2cccc([N+](=O)[O-])c2)n(C)c1=O
CHEMBL6133644,Cn1c(=O)c2c(nc(Oc3ccc([N+](=O)[O-])cc3)n2CC(=O)c2ccc(-c3ccccc3)cc2)n(C)c1=O
CHEMBL6133793,Cn1c(=O)[nH]c(=O)c2c1nc(N1CCOCC1)n2Cc1ccc(Cl)cc1
CHEMBL6134099,CC1=C([N+](=O)[O-])C(c2ccc(F)c(F)c2)N=C(N)N1C(=O)CN1Cc2cn(S(C)(=O)=O)nc2C1
CHEMBL6142442,CC1=C(CC(=O)N2CCn3c(nnc3C(F)(F)F)C2)C(c2ccc(F)c(F)c2)NC(=O)N1
CHEMBL6142483,Nc1nc(NC2=NC(c3ccccc3)=CC(c3cccc([N+](=O)[O-])c3)N2)nc(N2CCOCC2)n1
CHEMBL6143955,C=CCn1c(Oc2ccc([N+](=O)[O-])cc2)nc2c1c(=O)n(Cc1nc(C)c3ccccc3n1)c(=O)n2C
CHEMBL6146224,CC1=C([N+](=O)[O-])C(c2ccc(F)c(F)c2)N=C(N)N1C(=O)CN1CCC[C@H]1C(=O)O
CHEMBL6146627,Cn1c(=O)c2c(nc(Oc3ccc(C=O)cc3)n2Cc2ccc(F)cc2)n(C)c1=O
CHEMBL6146956,Cn1c(=O)c2c(nc(Oc3ccc(C=O)cc3)n2Cc2ccc(Cl)cc2Cl)n(C)c1=O
CHEMBL6147355,CC1=C([N+](=O)[O-])C(c2ccc(F)c(F)c2)N=C(N)N1C(=O)CN1CCCC(N)C1
CHEMBL6147781,Cn1c(=O)c2c(nc(Oc3ccc4ccc(=O)oc4c3)n2CC(=O)c2ccc(-c3ccccc3)cc2)n(C)c1=O
CHEMBL6148404,Cn1c(=O)c2c(nc(N3CCOCC3)n2Cc2ccc(F)cc2)n(C)c1=O
CHEMBL6148637,CC1=C(CC(=O)N2Cc3cn(S(C)(=O)=O)nc3C2)C(c2ccc(F)c(F)c2)NC(=O)N1
CHEMBL6150022,Cn1c(=O)n(Cc2ccccc2)c(=O)c2c1nc(Oc1ccc([N+](=O)[O-])cc1)n2Cc1ccc(C#N)cc1
CHEMBL6160468,CC1=C(CC(=O)N2CCCC2C#N)C(C)NC(=O)N1
CHEMBL6160472,Cn1c(=O)c2c(nc(Oc3ccc([N+](=O)[O-])cc3)n2Cc2ccc(Cl)cc2Cl)n(C)c1=O
CHEMBL6162166,Cc1nc(N2CCn3c(nnc3C(F)(F)F)C2)nc(C)c1CC(=O)O
CHEMBL6162308,Cc1nc(N2CCCC(N)C2)nc(C)c1CC(=O)O
CHEMBL6162422,CC1=C(CC(=O)N2CCn3c(nnc3C(F)(F)F)C2)C(C)NC(=O)N1
CHEMBL6162868,CC1=C(C(=O)O)C(c2ccc(F)c(F)c2)N=C(N)N1C(=O)CN1CCn2c(nnc2C(F)(F)F)C1
CHEMBL6164012,CC1=C(C(=O)O)C(c2ccc(F)c(F)c2)N=C(N)N1C(=O)CN1CCCC1C#N
CHEMBL6164347,CC1=C(C(=O)O)C(c2ccc(F)c(F)c2)N=C(N)N1C(=O)CN1Cc2cn(S(C)(=O)=O)nc2C1
CHEMBL6164548,O=C(SC1=NC(c2ccc(Cl)cc2)=CC(c2ccc([N+](=O)[O-])cc2)N1)c1ccccc1CN1C(=O)c2ccccc2C1=O
CHEMBL6164601,Cc1nc(N2CCCC2C#N)nc(C)c1CC(=O)O
CHEMBL6167214,CC1=C(CC(=O)N2CCCC(N)C2)C(C)NC(=O)N1
CHEMBL6167668,CC1=C(CC(=O)N2CCCC(N)C2)C(c2ccc(F)c(F)c2)NC(=O)N1
CHEMBL6167712,CC1=C(CC(=O)N2CCCC2C#N)C(c2ccc(F)c(F)c2)NC(=O)N1
CHEMBL6168838,CC1=C(C(=O)O)C(c2ccc(F)c(F)c2)N=C(N)N1C(=O)CN1CCC[C@H]1C(=O)O
CHEMBL6169485,CC1=C(C(=O)O)C(c2ccc(F)c(F)c2)N=C(N)N1C(=O)CN1CCCC(N)C1
CHEMBL6170772,CC1=C(CC(=O)N2Cc3cn(S(C)(=O)=O)nc3C2)C(C)NC(=O)N1
CHEMBL6170809,CC1=C([N+](=O)[O-])C(c2ccc(F)c(F)c2)N=C(N)N1C(=O)CN1CCCC1C#N
CHEMBL6171671,Cc1nc(N2Cc3cn(S(C)(=O)=O)nc3C2)nc(C)c1CC(=O)O
CHEMBL6173511,CC1=C([N+](=O)[O-])C(c2ccc(F)c(F)c2)N=C(N)N1C(=O)CN1CCn2c(nnc2C(F)(F)F)C1
CHEMBL6188802,Cc1cc(C[C@@H](N)Cn2nncc2-c2ccccc2)c(F)cc1F
CHEMBL6191350,COc1ccc(-c2cnnn2CC[C@H](N)Cc2cc(C)c(F)cc2F)cc1
CHEMBL6192039,Cc1cc(C[C@@H](N)Cn2nncc2CO)c(F)cc1F
CHEMBL6189534,COc1ccc(-c2cnnn2C[C@H](N)Cc2cc(C)c(F)cc2F)cc1
CHEMBL6190034,N[C@H](Cc1cc(F)c(F)cc1F)Cn1cc(-c2ccccc2)nn1
CHEMBL6190892,N[C@H](Cc1cc(F)c(F)cc1F)Cn1cc(CO)nn1
CHEMBL6192284,COc1ccc(-c2cn(C[C@H](N)Cc3cc(F)c(F)cc3F)nn2)cc1
